,week_start,week_end,hour,item,quantity,percent,price
0,2026-08-17,2026-08-21,6:00:00 AM,1.SOLO.PANQUEY,3.0,0.016,6.75
1,2026-08-17,2026-08-21,6:00:00 AM,Bananas.3 $ 1.50,1.0,0.004,1.5
2,2026-08-17,2026-08-21,6:00:00 AM,BISTEC A CABALLO,1.0,0.035,14.69
3,2026-08-17,2026-08-21,6:00:00 AM,CAF.LEC.EVAP.CHICO,1.0,0.007,3.0
4,2026-08-17,2026-08-21,6:00:00 AM,CAFE CON LECHE PEQUENO,7.0,0.042,17.5
5,2026-08-17,2026-08-21,6:00:00 AM,CAFE CUBANO.,5.0,0.018,7.5
6,2026-08-17,2026-08-21,6:00:00 AM,COLADA.,4.0,0.026,11.0
7,2026-08-17,2026-08-21,6:00:00 AM,Cortadito Evaporada,4.0,0.024,10.0
8,2026-08-17,2026-08-21,6:00:00 AM,"Cortadito,.",1.0,0.005,2.25
9,2026-08-17,2026-08-21,6:00:00 AM,croqueta jamon.,7.0,0.029,12.25
10,2026-08-17,2026-08-21,6:00:00 AM,CUBANO REGULAR.,1.0,0.024,10.19
11,2026-08-17,2026-08-21,6:00:00 AM,Deditos De Queso.,2.0,0.009,3.98
12,2026-08-17,2026-08-21,6:00:00 AM,deditos Queso/Guayaba,1.0,0.005,1.99
13,2026-08-17,2026-08-21,6:00:00 AM,DESALLUNOS..,1.0,0.029,11.99
14,2026-08-17,2026-08-21,6:00:00 AM,Empanada Pollo,1.0,0.007,2.99
15,2026-08-17,2026-08-21,6:00:00 AM,ENSALA POLLO 2 CROQUET,1.0,0.03,12.49
16,2026-08-17,2026-08-21,6:00:00 AM,HUEVO FRITO,5.0,0.017,7.0
17,2026-08-17,2026-08-21,6:00:00 AM,JUGO PINA,1.0,0.011,4.5
18,2026-08-17,2026-08-21,6:00:00 AM,LIMONADA,1.0,0.011,4.5
19,2026-08-17,2026-08-21,6:00:00 AM,MELON..SANDIA,1.0,0.011,4.5
20,2026-08-17,2026-08-21,6:00:00 AM,PAN DE BONO..,2.0,0.009,3.98
21,2026-08-17,2026-08-21,6:00:00 AM,PAN JAMAICA,2.0,0.008,3.2
22,2026-08-17,2026-08-21,6:00:00 AM,Pasteles Guayaba,1.0,0.004,1.5
23,2026-08-17,2026-08-21,6:00:00 AM,PEPSI.,1.0,0.006,2.5
24,2026-08-17,2026-08-21,6:00:00 AM,To Go.,1.0,0.0,0.2
25,2026-08-17,2026-08-21,6:00:00 AM,To Go..,1.0,0.0,0.2
26,2026-08-17,2026-08-21,6:00:00 AM,TORTILLA.,3.0,0.085,35.87
27,2026-08-17,2026-08-21,6:00:00 AM,TOSTADA,5.0,0.024,9.95
28,2026-08-17,2026-08-21,6:00:00 AM,RESUMEN DE LA HORA,65.0,0.495,207.97
29,2026-08-17,2026-08-21,7:00:00 AM,"1,,WAFLE,,",1.0,0.006,2.5
30,2026-08-17,2026-08-21,7:00:00 AM,1.SOLO.PANQUEY,1.0,0.005,2.25
31,2026-08-17,2026-08-21,7:00:00 AM,BATIDO MANGO,1.0,0.012,4.99
32,2026-08-17,2026-08-21,7:00:00 AM,Best Mango,1.0,0.007,2.99
33,2026-08-17,2026-08-21,7:00:00 AM,BISTEC A CABALLO,1.0,0.038,15.99
34,2026-08-17,2026-08-21,7:00:00 AM,BOLSA DE HIELO,1.0,0.007,3.0
35,2026-08-17,2026-08-21,7:00:00 AM,CAFE CON LECHE GRANDE,2.0,0.021,9.0
36,2026-08-17,2026-08-21,7:00:00 AM,CAFE CON LECHE MEDIANO,2.0,0.018,7.5
37,2026-08-17,2026-08-21,7:00:00 AM,CAFE CON LECHE PEQUENO,10.0,0.06,25.0
38,2026-08-17,2026-08-21,7:00:00 AM,CAFE CUBANO.,21.0,0.075,31.5
39,2026-08-17,2026-08-21,7:00:00 AM,COKE.,2.0,0.012,5.0
40,2026-08-17,2026-08-21,7:00:00 AM,COLADA.,4.0,0.026,11.0
41,2026-08-17,2026-08-21,7:00:00 AM,"Cortadito,.",3.0,0.015,6.49
42,2026-08-17,2026-08-21,7:00:00 AM,croqueta bacalao.,11.0,0.052,21.89
43,2026-08-17,2026-08-21,7:00:00 AM,croqueta jamon.,13.0,0.054,22.75
44,2026-08-17,2026-08-21,7:00:00 AM,Deditos De Queso.,1.0,0.005,1.99
45,2026-08-17,2026-08-21,7:00:00 AM,DESALLUNOS..,6.0,0.178,74.84
46,2026-08-17,2026-08-21,7:00:00 AM,Empanada carne,2.0,0.014,5.98
47,2026-08-17,2026-08-21,7:00:00 AM,Empanada Jamon/Queso,1.0,0.007,2.99
48,2026-08-17,2026-08-21,7:00:00 AM,Ensalada Small,1.0,0.007,2.75
49,2026-08-17,2026-08-21,7:00:00 AM,FELITOS,34.0,0.121,50.66
50,2026-08-17,2026-08-21,7:00:00 AM,GUARAPO.,1.0,0.013,5.25
51,2026-08-17,2026-08-21,7:00:00 AM,HARINA MEDIANA,1.0,0.015,6.25
52,2026-08-17,2026-08-21,7:00:00 AM,HUEVO FRITO,1.0,0.004,1.5
53,2026-08-17,2026-08-21,7:00:00 AM,JUGO PINA,1.0,0.011,4.5
54,2026-08-17,2026-08-21,7:00:00 AM,JUGO.NARANJA.,2.0,0.025,10.5
55,2026-08-17,2026-08-21,7:00:00 AM,MALBORO LIGHT,1.0,0.029,12.0
56,2026-08-17,2026-08-21,7:00:00 AM,NEWPORT,2.0,0.061,25.5
57,2026-08-17,2026-08-21,7:00:00 AM,PAN DE BONO..,5.0,0.024,9.95
58,2026-08-17,2026-08-21,7:00:00 AM,Pasteles Guayaba,9.0,0.032,13.5
59,2026-08-17,2026-08-21,7:00:00 AM,Pasteles Queso,2.0,0.007,3.0
60,2026-08-17,2026-08-21,7:00:00 AM,PEPSI.,1.0,0.006,2.5
61,2026-08-17,2026-08-21,7:00:00 AM,PERICO RIPIADO.,3.0,0.086,35.97
62,2026-08-17,2026-08-21,7:00:00 AM,QUESO SUIZO,2.0,0.009,3.98
63,2026-08-17,2026-08-21,7:00:00 AM,TAMAL.CAZUELA GRANDE.,1.0,0.027,11.19
64,2026-08-17,2026-08-21,7:00:00 AM,To Go..,1.0,0.0,0.2
65,2026-08-17,2026-08-21,7:00:00 AM,TORTILLA.,2.0,0.053,22.18
66,2026-08-17,2026-08-21,7:00:00 AM,TOSTADA,15.0,0.071,29.85
67,2026-08-17,2026-08-21,7:00:00 AM,TOSTADA 2 CROQUETAS.,1.0,0.012,5.19
68,2026-08-17,2026-08-21,7:00:00 AM,RESUMEN DE LA HORA,170.0,1.225,514.07
69,2026-08-17,2026-08-21,8:00:00 AM,== TO GO ==,4.0,0.002,0.8
70,2026-08-17,2026-08-21,8:00:00 AM,1.SOLO.PANQUEY,1.0,0.005,2.25
71,2026-08-17,2026-08-21,8:00:00 AM,AJIACO..GRANDE,2.0,0.051,21.38
72,2026-08-17,2026-08-21,8:00:00 AM,BATIDO MAMEY,1.0,0.013,5.49
73,2026-08-17,2026-08-21,8:00:00 AM,BISTEC A CABALLO,5.0,0.173,72.45
74,2026-08-17,2026-08-21,8:00:00 AM,BISTEC DE POLLO..,1.0,0.032,13.49
75,2026-08-17,2026-08-21,8:00:00 AM,CAFE CON LECHE GRANDE,1.0,0.011,4.5
76,2026-08-17,2026-08-21,8:00:00 AM,CAFE CON LECHE MEDIANO,3.0,0.027,11.25
77,2026-08-17,2026-08-21,8:00:00 AM,CAFE CON LECHE PEQUENO,11.0,0.066,27.5
78,2026-08-17,2026-08-21,8:00:00 AM,CAFE CUBANO.,13.0,0.046,19.5
79,2026-08-17,2026-08-21,8:00:00 AM,CANT 5 DELIVER,1.0,0.167,70.0
80,2026-08-17,2026-08-21,8:00:00 AM,cholcolate chico,1.0,0.007,2.89
81,2026-08-17,2026-08-21,8:00:00 AM,COKE.,1.0,0.006,2.5
82,2026-08-17,2026-08-21,8:00:00 AM,COLADA.,8.0,0.052,22.0
83,2026-08-17,2026-08-21,8:00:00 AM,Cortadito Evaporada,1.0,0.006,2.5
84,2026-08-17,2026-08-21,8:00:00 AM,"Cortadito,.",3.0,0.015,6.23
85,2026-08-17,2026-08-21,8:00:00 AM,CREMA MALANGA MEDIANA.,2.0,0.033,13.98
86,2026-08-17,2026-08-21,8:00:00 AM,croqueta bacalao.,4.0,0.019,7.96
87,2026-08-17,2026-08-21,8:00:00 AM,croqueta jamon.,16.0,0.067,28.0
88,2026-08-17,2026-08-21,8:00:00 AM,Deditos De Queso.,2.0,0.009,3.98
89,2026-08-17,2026-08-21,8:00:00 AM,DESALLUNOS..,31.0,0.905,380.09
90,2026-08-17,2026-08-21,8:00:00 AM,desayuno baby,1.0,0.021,8.99
91,2026-08-17,2026-08-21,8:00:00 AM,DULCE DE LECHE,1.0,0.013,5.49
92,2026-08-17,2026-08-21,8:00:00 AM,Empanada Jamon/Queso,2.0,0.014,5.98
93,2026-08-17,2026-08-21,8:00:00 AM,Empnda Espinaca/Queso,1.0,0.007,2.99
94,2026-08-17,2026-08-21,8:00:00 AM,ENPANADA COLONBIANA..,2.0,0.012,4.98
95,2026-08-17,2026-08-21,8:00:00 AM,GARBANZO.MEDIANO.,1.0,0.017,6.99
96,2026-08-17,2026-08-21,8:00:00 AM,GUISO.MAIZ MEDIANO.,1.0,0.017,6.99
97,2026-08-17,2026-08-21,8:00:00 AM,HARINA MEDIANA,2.0,0.031,12.9
98,2026-08-17,2026-08-21,8:00:00 AM,HUEVO CON BUTIFARA.,1.0,0.029,11.99
99,2026-08-17,2026-08-21,8:00:00 AM,HUEVO FRITO,1.0,0.004,1.5
100,2026-08-17,2026-08-21,8:00:00 AM,HUEVOS AL PORCH,5.0,0.157,65.95
101,2026-08-17,2026-08-21,8:00:00 AM,JUGO.NARANJA.,6.0,0.075,31.5
102,2026-08-17,2026-08-21,8:00:00 AM,MEDIA NOCHE.,1.0,0.024,10.19
103,2026-08-17,2026-08-21,8:00:00 AM,MELON..SANDIA,1.0,0.011,4.5
104,2026-08-17,2026-08-21,8:00:00 AM,MILANESA RES.,1.0,0.05,21.19
105,2026-08-17,2026-08-21,8:00:00 AM,PAN DE BONO..,2.0,0.009,3.98
106,2026-08-17,2026-08-21,8:00:00 AM,PAPA RELLENA,3.0,0.021,8.97
107,2026-08-17,2026-08-21,8:00:00 AM,Pasteles Guayaba,3.0,0.011,4.5
108,2026-08-17,2026-08-21,8:00:00 AM,PERICO RIPIADO.,5.0,0.144,60.35
109,2026-08-17,2026-08-21,8:00:00 AM,QUESO SUIZO,1.0,0.005,1.99
110,2026-08-17,2026-08-21,8:00:00 AM,Rinconcito BREAKFAST,1.0,0.033,13.99
111,2026-08-17,2026-08-21,8:00:00 AM,Sopa Pollo Medina,1.0,0.013,5.49
112,2026-08-17,2026-08-21,8:00:00 AM,T0 GO MESA,1.0,0.001,0.35
113,2026-08-17,2026-08-21,8:00:00 AM,To Go..,4.0,0.002,0.8
114,2026-08-17,2026-08-21,8:00:00 AM,TORTILLA.,2.0,0.053,22.18
115,2026-08-17,2026-08-21,8:00:00 AM,TOSTADA,22.0,0.104,43.78
116,2026-08-17,2026-08-21,9:00:00 AM,== TO GO ==,5.0,0.002,1.0
117,2026-08-17,2026-08-21,9:00:00 AM,======================,1.0,0.0,0.0
118,2026-08-17,2026-08-21,9:00:00 AM,AGUA NATURAL,1.0,0.005,1.99
119,2026-08-17,2026-08-21,9:00:00 AM,AGUACATE DE 3.00,2.0,0.014,6.0
120,2026-08-17,2026-08-21,9:00:00 AM,AGUACATE$4.00,1.0,0.01,4.0
121,2026-08-17,2026-08-21,9:00:00 AM,AJIACO MEDIANO,1.0,0.017,7.19
122,2026-08-17,2026-08-21,9:00:00 AM,ARROZ BLANCO..,1.0,0.008,3.25
123,2026-08-17,2026-08-21,9:00:00 AM,BABY CHURRASCO,1.0,0.043,18.19
124,2026-08-17,2026-08-21,9:00:00 AM,BACALAO VISCAINA,1.0,0.048,20.19
125,2026-08-17,2026-08-21,9:00:00 AM,BATIDO FRUTA BONBA,2.0,0.024,9.98
126,2026-08-17,2026-08-21,9:00:00 AM,BATIDO MAMEY,2.0,0.026,10.98
127,2026-08-17,2026-08-21,9:00:00 AM,BISTEC A CABALLO,2.0,0.069,28.98
128,2026-08-17,2026-08-21,9:00:00 AM,BISTEC DE POLLO..,1.0,0.033,13.69
129,2026-08-17,2026-08-21,9:00:00 AM,-BISTEC DE PUERCO,1.0,0.037,15.69
130,2026-08-17,2026-08-21,9:00:00 AM,-BISTEC PALOMILLA,1.0,0.043,18.19
131,2026-08-17,2026-08-21,9:00:00 AM,-BOCADITO DE PAVO.,1.0,0.022,9.19
132,2026-08-17,2026-08-21,9:00:00 AM,BOLA ENSALADA POLLO,1.0,0.008,3.25
133,2026-08-17,2026-08-21,9:00:00 AM,CAF.LEC.EVAP.MEDIA,3.0,0.032,13.5
134,2026-08-17,2026-08-21,9:00:00 AM,CAFE AMERICAN GRANDE.,1.0,0.008,3.25
135,2026-08-17,2026-08-21,9:00:00 AM,CAFE AMERICAN MEDIANO,1.0,0.007,3.0
136,2026-08-17,2026-08-21,9:00:00 AM,CAFE CON LECHE GRANDE,1.0,0.011,4.5
137,2026-08-17,2026-08-21,9:00:00 AM,CAFE CON LECHE MEDIANO,3.0,0.027,11.25
138,2026-08-17,2026-08-21,9:00:00 AM,CAFE CON LECHE PEQUENO,5.0,0.03,12.5
139,2026-08-17,2026-08-21,9:00:00 AM,CAFE CUBANO.,6.0,0.021,9.0
140,2026-08-17,2026-08-21,9:00:00 AM,CARNE CON PAPAS.,1.0,0.039,16.19
141,2026-08-17,2026-08-21,9:00:00 AM,COKE.,3.0,0.018,7.5
142,2026-08-17,2026-08-21,9:00:00 AM,COLADA.,4.0,0.026,11.0
143,2026-08-17,2026-08-21,9:00:00 AM,COLORADOS GRANDE.,1.0,0.023,9.69
144,2026-08-17,2026-08-21,9:00:00 AM,con evaporada,1.0,0.004,1.5
145,2026-08-17,2026-08-21,9:00:00 AM,Cortadito Evaporada,2.0,0.012,5.0
146,2026-08-17,2026-08-21,9:00:00 AM,"Cortadito,.",7.0,0.033,13.93
147,2026-08-17,2026-08-21,9:00:00 AM,CREMA CALABAZA MEDIAN,2.0,0.033,13.98
148,2026-08-17,2026-08-21,9:00:00 AM,CREMA. MALANGA GRANDE.,3.0,0.075,31.47
149,2026-08-17,2026-08-21,9:00:00 AM,croqueta jamon.,19.0,0.079,33.25
150,2026-08-17,2026-08-21,9:00:00 AM,CUBANO REGULAR.,1.0,0.024,9.99
151,2026-08-17,2026-08-21,9:00:00 AM,Deditos De Queso.,2.0,0.009,3.98
152,2026-08-17,2026-08-21,9:00:00 AM,DESALLUNOS..,18.0,0.525,220.27
153,2026-08-17,2026-08-21,9:00:00 AM,DIET COKE.,1.0,0.005,2.25
154,2026-08-17,2026-08-21,9:00:00 AM,Empanada carne,2.0,0.014,5.98
155,2026-08-17,2026-08-21,9:00:00 AM,Empanada Jamon/Queso,5.0,0.036,14.95
156,2026-08-17,2026-08-21,9:00:00 AM,Empanada Pollo,3.0,0.021,8.97
157,2026-08-17,2026-08-21,9:00:00 AM,ENPANADA COLONBIANA..,3.0,0.018,7.47
158,2026-08-17,2026-08-21,9:00:00 AM,EXTRA AGUACATE.,1.0,0.004,1.75
159,2026-08-17,2026-08-21,9:00:00 AM,FILETE PESCADO EMPANI,3.0,0.126,53.07
160,2026-08-17,2026-08-21,9:00:00 AM,-FLAN.,3.0,0.036,14.97
161,2026-08-17,2026-08-21,9:00:00 AM,FRIJOL MEDIANO.,1.0,0.012,4.99
162,2026-08-17,2026-08-21,9:00:00 AM,GATORADE FRUIT PUNCH,1.0,0.01,3.99
163,2026-08-17,2026-08-21,9:00:00 AM,GUARAPO.,2.0,0.025,10.5
164,2026-08-17,2026-08-21,9:00:00 AM,HARINA GRANDE,2.0,0.049,20.38
165,2026-08-17,2026-08-21,9:00:00 AM,HARINA MEDIANA,1.0,0.015,6.25
166,2026-08-17,2026-08-21,9:00:00 AM,HUEVO FRITO,2.0,0.006,2.5
167,2026-08-17,2026-08-21,9:00:00 AM,JUGO MARACULLA,1.0,0.011,4.5
168,2026-08-17,2026-08-21,9:00:00 AM,JUGO.NARANJA.,4.0,0.05,21.0
169,2026-08-17,2026-08-21,9:00:00 AM,-MADUROS.,2.0,0.021,8.98
170,2026-08-17,2026-08-21,9:00:00 AM,-MASAS DE PUERCO,1.0,0.034,14.19
171,2026-08-17,2026-08-21,9:00:00 AM,MEDIA NOCHE.,3.0,0.072,30.37
172,2026-08-17,2026-08-21,9:00:00 AM,-PAN CON BISTEC.,1.0,0.028,11.74
173,2026-08-17,2026-08-21,9:00:00 AM,PAN CON TORTILLA.,1.0,0.026,10.99
174,2026-08-17,2026-08-21,9:00:00 AM,PAN DE BONO..,1.0,0.005,1.99
175,2026-08-17,2026-08-21,9:00:00 AM,PAPA CASA..,2.0,0.019,7.98
176,2026-08-17,2026-08-21,9:00:00 AM,Pasteles Guayaba,3.0,0.011,4.5
177,2026-08-17,2026-08-21,9:00:00 AM,PERICO DE CLARAS.,1.0,0.037,15.49
178,2026-08-17,2026-08-21,9:00:00 AM,PERICO RIPIADO.,3.0,0.086,35.97
179,2026-08-17,2026-08-21,9:00:00 AM,PUDIN DE PAN.,3.0,0.039,16.47
180,2026-08-17,2026-08-21,9:00:00 AM,Rinconcito BREAKFAST,2.0,0.068,28.38
181,2026-08-17,2026-08-21,9:00:00 AM,SANDWECHES POLLO..,1.0,0.028,11.69
182,2026-08-17,2026-08-21,9:00:00 AM,T0 GO MESA,2.0,0.002,0.7
183,2026-08-17,2026-08-21,9:00:00 AM,To Go..,7.0,0.004,1.55
184,2026-08-17,2026-08-21,9:00:00 AM,TORTILLA.,6.0,0.167,70.29
185,2026-08-17,2026-08-21,9:00:00 AM,TOSTADA,8.0,0.038,15.92
186,2026-08-17,2026-08-21,9:00:00 AM,TRES LECHES.,2.0,0.029,11.98
187,2026-08-17,2026-08-21,10:00:00 AM,== TO GO ==,12.0,0.006,2.4
188,2026-08-17,2026-08-21,10:00:00 AM,======================,5.0,0.0,0.0
189,2026-08-17,2026-08-21,10:00:00 AM,"1,,WAFLE,,",1.0,0.006,2.5
190,2026-08-17,2026-08-21,10:00:00 AM,1.SOLO.PANQUEY,1.0,0.005,2.25
191,2026-08-17,2026-08-21,10:00:00 AM,"3,,PANQUEQUES..",1.0,0.014,5.99
192,2026-08-17,2026-08-21,10:00:00 AM,305 Morados,1.0,0.015,6.25
193,2026-08-17,2026-08-21,10:00:00 AM,AGUA NATURAL,1.0,0.005,1.99
194,2026-08-17,2026-08-21,10:00:00 AM,AGUACATE $5.00,2.0,0.024,10.0
195,2026-08-17,2026-08-21,10:00:00 AM,AGUACATE DE 3.00,1.0,0.007,3.0
196,2026-08-17,2026-08-21,10:00:00 AM,AGUACATE$4.00,3.0,0.029,12.0
197,2026-08-17,2026-08-21,10:00:00 AM,AJIACO..GRANDE,5.0,0.127,53.25
198,2026-08-17,2026-08-21,10:00:00 AM,ARROS CON MARISCOS.,3.0,0.287,120.57
199,2026-08-17,2026-08-21,10:00:00 AM,ARROZ BLANCO..,1.0,0.008,3.25
200,2026-08-17,2026-08-21,10:00:00 AM,ARROZ IMPERIAL..,1.0,0.034,14.19
201,2026-08-17,2026-08-21,10:00:00 AM,BABY CHURRASCO,3.0,0.129,54.17
202,2026-08-17,2026-08-21,10:00:00 AM,BACON,2.0,0.024,9.98
203,2026-08-17,2026-08-21,10:00:00 AM,banana,1.0,0.001,0.5
204,2026-08-17,2026-08-21,10:00:00 AM,Bananas.3 $ 1.50,1.0,0.004,1.5
205,2026-08-17,2026-08-21,10:00:00 AM,BATIDO FRUTA BONBA,5.0,0.059,24.95
206,2026-08-17,2026-08-21,10:00:00 AM,BATIDO MAMEY,5.0,0.065,27.45
207,2026-08-17,2026-08-21,10:00:00 AM,BATIDO MANGO,1.0,0.012,4.99
208,2026-08-17,2026-08-21,10:00:00 AM,BISTEC A CABALLO,2.0,0.069,28.98
209,2026-08-17,2026-08-21,10:00:00 AM,BISTEC DE POLLO.,1.0,0.033,13.69
210,2026-08-17,2026-08-21,10:00:00 AM,BISTEC DE POLLO..,2.0,0.065,27.38
211,2026-08-17,2026-08-21,10:00:00 AM,-BISTEC PALOMILLA,1.0,0.043,18.19
212,2026-08-17,2026-08-21,10:00:00 AM,BISTEC POLLO PLANCHA,6.0,0.196,82.14
213,2026-08-17,2026-08-21,10:00:00 AM,CAFE AMERICANO CHIQUIT,1.0,0.007,2.99
214,2026-08-17,2026-08-21,10:00:00 AM,CAFE CON LECHE GRANDE,4.0,0.043,18.0
215,2026-08-17,2026-08-21,10:00:00 AM,CAFE CON LECHE PEQUENO,8.0,0.048,20.0
216,2026-08-17,2026-08-21,10:00:00 AM,CAFE CUBANO.,22.0,0.079,33.0
217,2026-08-17,2026-08-21,10:00:00 AM,CAFECITO.,5.0,0.012,4.95
218,2026-08-17,2026-08-21,10:00:00 AM,CANT 5 DELIVER,1.0,0.167,70.0
219,2026-08-17,2026-08-21,10:00:00 AM,CARNE CON PAPAS.,1.0,0.034,14.19
220,2026-08-17,2026-08-21,10:00:00 AM,chevere.,2.0,0.006,2.5
221,2026-08-17,2026-08-21,10:00:00 AM,CHICHARO MEDIANO.,1.0,0.017,6.99
222,2026-08-17,2026-08-21,10:00:00 AM,chimichurri,1.0,0.003,1.25
223,2026-08-17,2026-08-21,10:00:00 AM,chocolate med,1.0,0.007,2.99
224,2026-08-17,2026-08-21,10:00:00 AM,CLUB SANDWICH.,1.0,0.029,11.99
225,2026-08-17,2026-08-21,10:00:00 AM,COLADA.,9.0,0.059,24.75
226,2026-08-17,2026-08-21,10:00:00 AM,COLORADOS GRANDE.,1.0,0.023,9.69
227,2026-08-17,2026-08-21,10:00:00 AM,con evaporada,2.0,0.007,3.0
228,2026-08-17,2026-08-21,10:00:00 AM,Cortadito Evaporada,2.0,0.012,5.0
229,2026-08-17,2026-08-21,10:00:00 AM,"Cortadito,.",1.0,0.005,1.99
230,2026-08-17,2026-08-21,10:00:00 AM,CREMA CALABAZA MEDIAN,1.0,0.017,6.99
231,2026-08-17,2026-08-21,10:00:00 AM,CREMA MALANGA MEDIANA.,5.0,0.083,34.95
232,2026-08-17,2026-08-21,10:00:00 AM,CREMA VEGETAL MEDIANA,1.0,0.017,6.99
233,2026-08-17,2026-08-21,10:00:00 AM,CREMA. MALANGA GRANDE.,2.0,0.05,20.98
234,2026-08-17,2026-08-21,10:00:00 AM,croqueta bacalao.,4.0,0.019,7.96
235,2026-08-17,2026-08-21,10:00:00 AM,croqueta jamon.,20.0,0.083,35.0
236,2026-08-17,2026-08-21,10:00:00 AM,CROQUETA PREPARADA.,1.0,0.029,12.19
237,2026-08-17,2026-08-21,10:00:00 AM,CUBANO REGULAR.,2.0,0.049,20.38
238,2026-08-17,2026-08-21,10:00:00 AM,DEDITOS DE PESCADO,1.0,0.038,15.99
239,2026-08-17,2026-08-21,10:00:00 AM,DESALLUNOS..,24.0,0.704,295.56
240,2026-08-17,2026-08-21,10:00:00 AM,desayuno baby,1.0,0.021,8.99
241,2026-08-17,2026-08-21,10:00:00 AM,DIET COKE.,1.0,0.005,2.25
242,2026-08-17,2026-08-21,10:00:00 AM,Empanada carne,5.0,0.036,14.95
243,2026-08-17,2026-08-21,10:00:00 AM,Empanada Jamon/Queso,3.0,0.021,8.97
244,2026-08-17,2026-08-21,10:00:00 AM,Empanada Pollo,3.0,0.021,8.97
245,2026-08-17,2026-08-21,10:00:00 AM,Empnda Espinaca/Queso,1.0,0.007,2.99
246,2026-08-17,2026-08-21,10:00:00 AM,ENSALA AGUACAT PEQUE,4.0,0.043,18.0
247,2026-08-17,2026-08-21,10:00:00 AM,Ensalada Small,1.0,0.007,2.75
248,2026-08-17,2026-08-21,10:00:00 AM,FABADA GRANDE,1.0,0.025,10.69
249,2026-08-17,2026-08-21,10:00:00 AM,-FILETE PESCADO PLANCH,4.0,0.169,70.76
250,2026-08-17,2026-08-21,10:00:00 AM,FILETILLO RES PLANCHA.,1.0,0.036,15.19
251,2026-08-17,2026-08-21,10:00:00 AM,FRICASE PUERCO.,2.0,0.064,26.9
252,2026-08-17,2026-08-21,10:00:00 AM,FRIJOL GRANDE,2.0,0.038,15.98
253,2026-08-17,2026-08-21,10:00:00 AM,FRITA CUBANA,1.0,0.024,10.19
254,2026-08-17,2026-08-21,10:00:00 AM,FRITURAS DE MALANGA,1.0,0.015,6.5
255,2026-08-17,2026-08-21,10:00:00 AM,GARBANZO GRANDE.,1.0,0.025,10.49
256,2026-08-17,2026-08-21,10:00:00 AM,GARBANZO.MEDIANO.,1.0,0.017,6.99
257,2026-08-17,2026-08-21,10:00:00 AM,GUARAPO.,3.0,0.038,15.75
258,2026-08-17,2026-08-21,10:00:00 AM,HARINA PEQUEÑA,1.0,0.01,3.99
259,2026-08-17,2026-08-21,10:00:00 AM,HUEVO FRITO,4.0,0.012,5.0
260,2026-08-17,2026-08-21,10:00:00 AM,HUEVO HERVIDO.,4.0,0.017,7.0
261,2026-08-17,2026-08-21,10:00:00 AM,JUGO ZANAHORIA NARAJA,3.0,0.036,14.97
262,2026-08-17,2026-08-21,10:00:00 AM,JUGO.NARANJA.,8.0,0.1,42.0
263,2026-08-17,2026-08-21,10:00:00 AM,Juntas,2.0,0.0,0.0
264,2026-08-17,2026-08-21,10:00:00 AM,LENTEJAS GRANDE.,1.0,0.023,9.49
265,2026-08-17,2026-08-21,10:00:00 AM,LIMONADA,1.0,0.011,4.5
266,2026-08-17,2026-08-21,10:00:00 AM,-MADUROS.,1.0,0.011,4.49
267,2026-08-17,2026-08-21,10:00:00 AM,MEDIA NOCHE.,2.0,0.049,20.38
268,2026-08-17,2026-08-21,10:00:00 AM,-MEDIO POLLO FRITO,1.0,0.032,13.49
269,2026-08-17,2026-08-21,10:00:00 AM,MEDIO POLLO.ASADO.,1.0,0.035,14.69
270,2026-08-17,2026-08-21,10:00:00 AM,MIAMI SANDWICH.,1.0,0.029,11.99
271,2026-08-17,2026-08-21,10:00:00 AM,-MILANESA DE POLLO,2.0,0.077,32.38
272,2026-08-17,2026-08-21,10:00:00 AM,MISC COCINA,2.0,0.101,42.5
273,2026-08-17,2026-08-21,10:00:00 AM,MIXTO PAVO ESPINACA.,1.0,0.037,15.74
274,2026-08-17,2026-08-21,10:00:00 AM,palomilla baby,4.0,0.105,44.0
275,2026-08-17,2026-08-21,10:00:00 AM,PAN CON LECHON.,1.0,0.023,9.69
276,2026-08-17,2026-08-21,10:00:00 AM,PAN CON TORTILLA.,4.0,0.108,45.36
277,2026-08-17,2026-08-21,10:00:00 AM,PAN DE BONO..,1.0,0.005,1.99
278,2026-08-17,2026-08-21,10:00:00 AM,PAPA RELLENA,6.0,0.043,17.94
279,2026-08-17,2026-08-21,10:00:00 AM,PAPAS FRITAS,1.0,0.011,4.49
280,2026-08-17,2026-08-21,10:00:00 AM,-PARGO FRITO ENTERO.,2.0,0.124,51.98
281,2026-08-17,2026-08-21,10:00:00 AM,Pasteles Queso,2.0,0.007,3.0
282,2026-08-17,2026-08-21,10:00:00 AM,Pasteles Queso/Guayaba,1.0,0.004,1.5
283,2026-08-17,2026-08-21,10:00:00 AM,PERICO DE CLARAS.,1.0,0.031,12.99
284,2026-08-17,2026-08-21,10:00:00 AM,PERICO RIPIADO.,5.0,0.153,64.35
285,2026-08-17,2026-08-21,10:00:00 AM,-PICADILLO,1.0,0.035,14.69
286,2026-08-17,2026-08-21,10:00:00 AM,POTAJE COLORADOS MEDIA,1.0,0.017,7.19
287,2026-08-17,2026-08-21,10:00:00 AM,Rinconcito BREAKFAST,2.0,0.067,27.98
288,2026-08-17,2026-08-21,10:00:00 AM,-SDWC TUNA REGULAR.,1.0,0.025,10.69
289,2026-08-17,2026-08-21,10:00:00 AM,SOLO.TOMATE,1.0,0.006,2.5
290,2026-08-17,2026-08-21,10:00:00 AM,Sopa de Pollo Grande,3.0,0.061,25.47
291,2026-08-17,2026-08-21,10:00:00 AM,SOPA PESCADO GRANDE.,1.0,0.026,10.99
292,2026-08-17,2026-08-21,10:00:00 AM,Sopa Pollo Medina,3.0,0.039,16.47
293,2026-08-17,2026-08-21,10:00:00 AM,T0 GO MESA,3.0,0.003,1.05
294,2026-08-17,2026-08-21,10:00:00 AM,TAMA. CAZUELA CHIQUITO,1.0,0.011,4.5
295,2026-08-17,2026-08-21,10:00:00 AM,TAMAL.CAZUELA GRANDE.,1.0,0.027,11.19
296,2026-08-17,2026-08-21,10:00:00 AM,To Go.,6.0,0.003,1.2
297,2026-08-17,2026-08-21,10:00:00 AM,To Go..,16.0,0.008,3.2
298,2026-08-17,2026-08-21,10:00:00 AM,TORTILLA BASCA.,1.0,0.03,12.49
299,2026-08-17,2026-08-21,10:00:00 AM,TORTILLA.,6.0,0.173,72.69
300,2026-08-17,2026-08-21,10:00:00 AM,TOSTADA,5.0,0.024,9.95
301,2026-08-17,2026-08-21,10:00:00 AM,TOSTONES.,1.0,0.012,4.99
302,2026-08-17,2026-08-21,10:00:00 AM,Western Omlet reg,1.0,0.027,11.19
303,2026-08-17,2026-08-21,11:00:00 AM,.ARROZ FRITO,2.0,0.065,27.38
304,2026-08-17,2026-08-21,11:00:00 AM,== TO GO ==,26.0,0.012,5.2
305,2026-08-17,2026-08-21,11:00:00 AM,======================,11.0,0.0,0.0
306,2026-08-17,2026-08-21,11:00:00 AM,"1,,WAFLE,,",1.0,0.006,2.5
307,2026-08-17,2026-08-21,11:00:00 AM,AGUA NATURAL,3.0,0.014,5.97
308,2026-08-17,2026-08-21,11:00:00 AM,AGUA PERRIER,3.0,0.025,10.47
309,2026-08-17,2026-08-21,11:00:00 AM,AGUACATE $5.00,1.0,0.012,5.0
310,2026-08-17,2026-08-21,11:00:00 AM,AGUACATE$4.00,2.0,0.019,8.0
311,2026-08-17,2026-08-21,11:00:00 AM,AJIACO..GRANDE,2.0,0.05,21.18
312,2026-08-17,2026-08-21,11:00:00 AM,Arros con pollo pequen,1.0,0.119,50.0
313,2026-08-17,2026-08-21,11:00:00 AM,ARROZ CON LECHE,2.0,0.026,10.98
314,2026-08-17,2026-08-21,11:00:00 AM,ARROZ BLANCO..,6.0,0.046,19.5
315,2026-08-17,2026-08-21,11:00:00 AM,ARROZ IMPERIAL..,4.0,0.135,56.76
316,2026-08-17,2026-08-21,11:00:00 AM,BACALAO VISCAINA,3.0,0.144,60.37
317,2026-08-17,2026-08-21,11:00:00 AM,BATIDO CHOCOLATE.,1.0,0.012,4.99
318,2026-08-17,2026-08-21,11:00:00 AM,BATIDO MAMEY,4.0,0.052,21.96
319,2026-08-17,2026-08-21,11:00:00 AM,BATIDO MANGO,1.0,0.012,4.99
320,2026-08-17,2026-08-21,11:00:00 AM,BATIDO TRIGO,1.0,0.012,4.99
321,2026-08-17,2026-08-21,11:00:00 AM,Best Mango,1.0,0.007,2.99
322,2026-08-17,2026-08-21,11:00:00 AM,BISTEC A CABALLO,5.0,0.175,73.45
323,2026-08-17,2026-08-21,11:00:00 AM,BISTEC DE POLLO-,2.0,0.07,29.18
324,2026-08-17,2026-08-21,11:00:00 AM,BISTEC DE POLLO.,2.0,0.065,27.18
325,2026-08-17,2026-08-21,11:00:00 AM,-BISTEC DE POLLO.,2.0,0.065,27.38
326,2026-08-17,2026-08-21,11:00:00 AM,BISTEC DE POLLO..,3.0,0.098,41.07
327,2026-08-17,2026-08-21,11:00:00 AM,BISTEC DE POLLO...,1.0,0.033,13.69
328,2026-08-17,2026-08-21,11:00:00 AM,-BISTEC DE PUERCO,2.0,0.079,33.18
329,2026-08-17,2026-08-21,11:00:00 AM,BISTEC EN CAZUELA,1.0,0.035,14.49
330,2026-08-17,2026-08-21,11:00:00 AM,-BISTEC PALOMILLA,1.0,0.043,18.19
331,2026-08-17,2026-08-21,11:00:00 AM,BOLICHE ..,2.0,0.08,33.68
332,2026-08-17,2026-08-21,11:00:00 AM,CAF.LEC.EVAP.CHICO,2.0,0.014,6.0
333,2026-08-17,2026-08-21,11:00:00 AM,CAFE CON LECHE GRANDE,4.0,0.043,18.0
334,2026-08-17,2026-08-21,11:00:00 AM,CAFE CON LECHE MEDIANO,1.0,0.009,3.75
335,2026-08-17,2026-08-21,11:00:00 AM,CAFE CON LECHE PEQUENO,12.0,0.071,30.0
336,2026-08-17,2026-08-21,11:00:00 AM,CAFE CUBANO.,14.0,0.05,21.0
337,2026-08-17,2026-08-21,11:00:00 AM,CAFECITO.,1.0,0.002,0.99
338,2026-08-17,2026-08-21,11:00:00 AM,CANT 5 DELIVER,3.0,0.5,210.0
339,2026-08-17,2026-08-21,11:00:00 AM,CANT 5 RECOGER,1.0,0.143,60.0
340,2026-08-17,2026-08-21,11:00:00 AM,CARNE CON PAPAS.,4.0,0.139,58.26
341,2026-08-17,2026-08-21,11:00:00 AM,CHICHAR POLLO C HUESO.,1.0,0.037,15.69
342,2026-08-17,2026-08-21,11:00:00 AM,CHICHAR POLLO SIN HUES,1.0,0.033,13.69
343,2026-08-17,2026-08-21,11:00:00 AM,CHICHARO MEDIANO.,1.0,0.017,6.99
344,2026-08-17,2026-08-21,11:00:00 AM,CHILINDRON D CHIVO,2.0,0.105,43.98
345,2026-08-17,2026-08-21,11:00:00 AM,CHULETAS DE PUERCO.,2.0,0.068,28.38
346,2026-08-17,2026-08-21,11:00:00 AM,COKE.,4.0,0.024,10.0
347,2026-08-17,2026-08-21,11:00:00 AM,COLADA.,4.0,0.026,11.0
348,2026-08-17,2026-08-21,11:00:00 AM,COPA ..HELADO,1.0,0.012,4.99
349,2026-08-17,2026-08-21,11:00:00 AM,Cortadito Evaporada,2.0,0.012,5.0
350,2026-08-17,2026-08-21,11:00:00 AM,"Cortadito,.",8.0,0.039,16.44
351,2026-08-17,2026-08-21,11:00:00 AM,CREMA BROCOLY,1.0,0.022,9.25
352,2026-08-17,2026-08-21,11:00:00 AM,CREMA CALABAZA GRANDE,2.0,0.048,19.98
353,2026-08-17,2026-08-21,11:00:00 AM,CREMA CALABAZA MEDIAN,3.0,0.05,20.97
354,2026-08-17,2026-08-21,11:00:00 AM,CREMA CALABAZACHIQUIT,2.0,0.021,9.0
355,2026-08-17,2026-08-21,11:00:00 AM,CREMA MALANGA MEDIANA.,6.0,0.1,41.94
356,2026-08-17,2026-08-21,11:00:00 AM,CREMA VEGETAL GRANDE.,1.0,0.025,10.49
357,2026-08-17,2026-08-21,11:00:00 AM,CREMA. MALANGA GRANDE.,2.0,0.05,20.98
358,2026-08-17,2026-08-21,11:00:00 AM,croqueta bacalao.,4.0,0.019,7.96
359,2026-08-17,2026-08-21,11:00:00 AM,croqueta jamon.,8.0,0.033,14.0
360,2026-08-17,2026-08-21,11:00:00 AM,CROQUETA PREPARADA.,1.0,0.029,11.99
361,2026-08-17,2026-08-21,11:00:00 AM,CUBANO ESPECIAL..,1.0,0.029,12.19
362,2026-08-17,2026-08-21,11:00:00 AM,DEDITOS .PESCADO.,2.0,0.068,28.38
363,2026-08-17,2026-08-21,11:00:00 AM,DEDITOS DE PESCADO,2.0,0.077,32.18
364,2026-08-17,2026-08-21,11:00:00 AM,Deditos De Queso.,2.0,0.009,3.98
365,2026-08-17,2026-08-21,11:00:00 AM,DESALLUNOS..,13.0,0.377,158.22
366,2026-08-17,2026-08-21,11:00:00 AM,Empanada carne,3.0,0.021,8.97
367,2026-08-17,2026-08-21,11:00:00 AM,Empanada Pollo,1.0,0.007,2.99
368,2026-08-17,2026-08-21,11:00:00 AM,ENPANISADO. RES,1.0,0.043,18.19
369,2026-08-17,2026-08-21,11:00:00 AM,ENSALA AGUACAT PEQUE,6.0,0.064,27.0
370,2026-08-17,2026-08-21,11:00:00 AM,ENSALA POLLO 2 CROQUET,2.0,0.06,24.98
371,2026-08-17,2026-08-21,11:00:00 AM,ENSALADA AGUACAT GRAND,1.0,0.013,5.5
372,2026-08-17,2026-08-21,11:00:00 AM,Ensalada Small,1.0,0.007,2.75
373,2026-08-17,2026-08-21,11:00:00 AM,ENSALDA DE TUNA,1.0,0.029,11.99
374,2026-08-17,2026-08-21,11:00:00 AM,FABADA GRANDE,4.0,0.102,42.76
375,2026-08-17,2026-08-21,11:00:00 AM,FABADA MEDIANA.,1.0,0.017,7.19
376,2026-08-17,2026-08-21,11:00:00 AM,FILETE SALMON.,2.0,0.086,36.2
377,2026-08-17,2026-08-21,11:00:00 AM,FILETILLO DE CARNE.,1.0,0.033,13.69
378,2026-08-17,2026-08-21,11:00:00 AM,FILETILLO POLLO PLANCH,1.0,0.036,15.19
379,2026-08-17,2026-08-21,11:00:00 AM,-FLAN.,3.0,0.036,14.97
380,2026-08-17,2026-08-21,11:00:00 AM,FRIJOL GRANDE,2.0,0.038,15.98
381,2026-08-17,2026-08-21,11:00:00 AM,GARBANZO GRANDE.,3.0,0.075,31.47
382,2026-08-17,2026-08-21,11:00:00 AM,GARBANZO.MEDIANO.,1.0,0.017,6.99
383,2026-08-17,2026-08-21,11:00:00 AM,GUARAPO.,2.0,0.025,10.5
384,2026-08-17,2026-08-21,11:00:00 AM,GUISO MAIZ GRANDE.,1.0,0.025,10.49
385,2026-08-17,2026-08-21,11:00:00 AM,GUISO.MAIZ MEDIANO.,1.0,0.017,6.99
386,2026-08-17,2026-08-21,11:00:00 AM,HARINA MEDIANA,1.0,0.015,6.45
387,2026-08-17,2026-08-21,11:00:00 AM,HORDE DEPAN,1.0,0.004,1.5
388,2026-08-17,2026-08-21,11:00:00 AM,HUEVO CON BUTIFARA.,1.0,0.029,11.99
389,2026-08-17,2026-08-21,11:00:00 AM,HUEVO FRITO,6.0,0.02,8.25
390,2026-08-17,2026-08-21,11:00:00 AM,imperial grande.30.PER,1.0,0.381,160.0
391,2026-08-17,2026-08-21,11:00:00 AM,JUGO MARACULLA,3.0,0.032,13.5
392,2026-08-17,2026-08-21,11:00:00 AM,JUGO ZANAHORIA NARAJA,2.0,0.024,9.98
393,2026-08-17,2026-08-21,11:00:00 AM,JUGO.NARANJA.,12.0,0.15,63.0
394,2026-08-17,2026-08-21,11:00:00 AM,-LECHE MALTEADA,1.0,0.012,4.99
395,2026-08-17,2026-08-21,11:00:00 AM,-LECHON ASADO,2.0,0.067,28.18
396,2026-08-17,2026-08-21,11:00:00 AM,LENTEJAS GRANDE.,1.0,0.023,9.49
397,2026-08-17,2026-08-21,11:00:00 AM,LENTEJAS MEDIANA.,3.0,0.05,20.97
398,2026-08-17,2026-08-21,11:00:00 AM,MADIO.POLLO A la brasa,1.0,0.034,14.19
399,2026-08-17,2026-08-21,11:00:00 AM,MARIQUITAS DE MALANGA,1.0,0.014,5.99
400,2026-08-17,2026-08-21,11:00:00 AM,-MARIQUITAS.,2.0,0.029,11.98
401,2026-08-17,2026-08-21,11:00:00 AM,-MASAS DE PUERCO,6.0,0.206,86.34
402,2026-08-17,2026-08-21,11:00:00 AM,MASAS DE PUERCO.,2.0,0.065,27.18
403,2026-08-17,2026-08-21,11:00:00 AM,MEDIA NOCHE.,4.0,0.096,40.36
404,2026-08-17,2026-08-21,11:00:00 AM,-MEDIO POLLO A BRASA.,1.0,0.031,13.19
405,2026-08-17,2026-08-21,11:00:00 AM,MEDIO POLLO.ASADO.,2.0,0.063,26.38
406,2026-08-17,2026-08-21,11:00:00 AM,MELON..SANDIA,1.0,0.011,4.5
407,2026-08-17,2026-08-21,11:00:00 AM,MIXTO PAVO ESPINACA.,1.0,0.03,12.49
408,2026-08-17,2026-08-21,11:00:00 AM,-PAN CON BISTEC.,8.0,0.216,90.72
409,2026-08-17,2026-08-21,11:00:00 AM,PAN CON TORTILLA.,3.0,0.081,34.17
410,2026-08-17,2026-08-21,11:00:00 AM,PAPA RELLENA,2.0,0.014,5.98
411,2026-08-17,2026-08-21,11:00:00 AM,PAPAS FRITAS,3.0,0.032,13.47
412,2026-08-17,2026-08-21,11:00:00 AM,Pasteles Guayaba,3.0,0.011,4.5
413,2026-08-17,2026-08-21,11:00:00 AM,Pasteles Queso,2.0,0.007,3.0
414,2026-08-17,2026-08-21,11:00:00 AM,Pasteles Queso/Guayaba,1.0,0.004,1.5
415,2026-08-17,2026-08-21,11:00:00 AM,PERICO RIPIADO.,3.0,0.086,35.97
416,2026-08-17,2026-08-21,11:00:00 AM,-PICADILLO,1.0,0.035,14.69
417,2026-08-17,2026-08-21,11:00:00 AM,PIERNA LASQUIADA.,1.0,0.453,190.19
418,2026-08-17,2026-08-21,11:00:00 AM,POTAJE COLORADOS MEDIA,1.0,0.017,7.19
419,2026-08-17,2026-08-21,11:00:00 AM,PUDIN DIPLOMATICO.,4.0,0.052,21.96
420,2026-08-17,2026-08-21,11:00:00 AM,ROPA VIEJA..,2.0,0.072,30.38
421,2026-08-17,2026-08-21,11:00:00 AM,RUEDA DE SERRUCHO.,2.0,0.072,30.18
422,2026-08-17,2026-08-21,11:00:00 AM,SANDWECHES POLLO..,1.0,0.027,11.49
423,2026-08-17,2026-08-21,11:00:00 AM,Sopa de Pollo Grande,11.0,0.222,93.39
424,2026-08-17,2026-08-21,11:00:00 AM,SOPA PESCADO GRANDE.,3.0,0.079,32.97
425,2026-08-17,2026-08-21,11:00:00 AM,SOPA PESCADO MEDIANA.,2.0,0.033,13.98
426,2026-08-17,2026-08-21,11:00:00 AM,SOPA PLATANO GRANDE.,1.0,0.025,10.49
427,2026-08-17,2026-08-21,11:00:00 AM,SOPA PLATANO MEDIANA.,2.0,0.033,13.98
428,2026-08-17,2026-08-21,11:00:00 AM,Sopa Pollo Medina,1.0,0.013,5.49
429,2026-08-17,2026-08-21,11:00:00 AM,SOPA. POLLO CHIQUITA,1.0,0.008,3.5
430,2026-08-17,2026-08-21,11:00:00 AM,SPRIET.,1.0,0.006,2.5
431,2026-08-17,2026-08-21,11:00:00 AM,T0 GO MESA,10.0,0.008,3.5
432,2026-08-17,2026-08-21,11:00:00 AM,TAMAL,1.0,0.007,2.99
433,2026-08-17,2026-08-21,11:00:00 AM,TAMAL CAZUELA.MEDIANO.,1.0,0.017,6.99
434,2026-08-17,2026-08-21,11:00:00 AM,TAMAL.CAZUELA GRANDE.,3.0,0.08,33.57
435,2026-08-17,2026-08-21,11:00:00 AM,TE FRIO.,1.0,0.007,2.99
436,2026-08-17,2026-08-21,11:00:00 AM,To Go.,6.0,0.003,1.2
437,2026-08-17,2026-08-21,11:00:00 AM,To Go..,31.0,0.015,6.2
438,2026-08-17,2026-08-21,11:00:00 AM,TORTILLA.,3.0,0.079,33.17
439,2026-08-17,2026-08-21,11:00:00 AM,TOSTADA,11.0,0.052,21.89
440,2026-08-17,2026-08-21,11:00:00 AM,TOSTONES.,3.0,0.036,14.97
441,2026-08-17,2026-08-21,11:00:00 AM,-VACA FRITA,1.0,0.041,17.19
442,2026-08-17,2026-08-21,11:00:00 AM,vaca frita party,80.0,2.096,880.0
443,2026-08-17,2026-08-21,11:00:00 AM,Western Omlet reg - LATE,1.0,0.029,11.99
444,2026-08-17,2026-08-21,12:00:00 PM,.ARROZ FRITO,4.0,0.129,54.36
445,2026-08-17,2026-08-21,12:00:00 PM,_=====================,1.0,0.0,0.0
446,2026-08-17,2026-08-21,12:00:00 PM,== TO GO ==,36.0,0.017,7.2
447,2026-08-17,2026-08-21,12:00:00 PM,======================,8.0,0.0,0.0
448,2026-08-17,2026-08-21,12:00:00 PM,305 Morados,1.0,0.015,6.25
449,2026-08-17,2026-08-21,12:00:00 PM,AGUA NATURAL,3.0,0.014,5.97
450,2026-08-17,2026-08-21,12:00:00 PM,AGUA PERRIER,3.0,0.025,10.47
451,2026-08-17,2026-08-21,12:00:00 PM,AGUACATE $5.00,1.0,0.012,5.0
452,2026-08-17,2026-08-21,12:00:00 PM,AGUACATE DE 3.00,1.0,0.007,3.0
453,2026-08-17,2026-08-21,12:00:00 PM,AGUACATE$4.00,1.0,0.01,4.0
454,2026-08-17,2026-08-21,12:00:00 PM,AJIACO MEDIANO,3.0,0.051,21.37
455,2026-08-17,2026-08-21,12:00:00 PM,AJIACO..GRANDE,2.0,0.051,21.38
456,2026-08-17,2026-08-21,12:00:00 PM,ARROZ CON LECHE,7.0,0.092,38.43
457,2026-08-17,2026-08-21,12:00:00 PM,ARROZ BLANCO..,8.0,0.062,26.0
458,2026-08-17,2026-08-21,12:00:00 PM,ARROZ CHIQUITO,2.0,0.011,4.5
459,2026-08-17,2026-08-21,12:00:00 PM,ARROZ IMPERIAL..,1.0,0.034,14.19
460,2026-08-17,2026-08-21,12:00:00 PM,BABY CHURASCO,6.0,0.292,122.54
461,2026-08-17,2026-08-21,12:00:00 PM,BABY CHURRASCO,5.0,0.217,90.95
462,2026-08-17,2026-08-21,12:00:00 PM,BACALAO VISCAINA,2.0,0.096,40.38
463,2026-08-17,2026-08-21,12:00:00 PM,bandeja rinconcito 87,1.0,0.079,32.99
464,2026-08-17,2026-08-21,12:00:00 PM,BATIDO FRUTA BONBA,1.0,0.012,4.99
465,2026-08-17,2026-08-21,12:00:00 PM,BATIDO MAMEY,2.0,0.026,10.98
466,2026-08-17,2026-08-21,12:00:00 PM,BATIDO MANGO,1.0,0.012,4.99
467,2026-08-17,2026-08-21,12:00:00 PM,BISTEC A CABALLO,4.0,0.153,64.16
468,2026-08-17,2026-08-21,12:00:00 PM,BISTEC DE POLLO-,11.0,0.354,148.59
469,2026-08-17,2026-08-21,12:00:00 PM,BISTEC DE POLLO.,5.0,0.165,69.25
470,2026-08-17,2026-08-21,12:00:00 PM,-BISTEC DE POLLO.,9.0,0.294,123.41
471,2026-08-17,2026-08-21,12:00:00 PM,BISTEC DE POLLO..,6.0,0.199,83.34
472,2026-08-17,2026-08-21,12:00:00 PM,BISTEC DE POLLO...,6.0,0.195,81.94
473,2026-08-17,2026-08-21,12:00:00 PM,-BISTEC DE PUERCO,6.0,0.227,95.14
474,2026-08-17,2026-08-21,12:00:00 PM,BISTEC EN CAZUELA,3.0,0.105,44.07
475,2026-08-17,2026-08-21,12:00:00 PM,-BISTEC PALOMILLA,8.0,0.351,147.32
476,2026-08-17,2026-08-21,12:00:00 PM,BISTEC POLLO PLANCHA,1.0,0.033,13.69
477,2026-08-17,2026-08-21,12:00:00 PM,BOLICHE ..,4.0,0.144,60.36
478,2026-08-17,2026-08-21,12:00:00 PM,BONIATO FRITO..,2.0,0.024,9.98
479,2026-08-17,2026-08-21,12:00:00 PM,Bud Light,1.0,0.012,4.99
480,2026-08-17,2026-08-21,12:00:00 PM,Budweiser,1.0,0.012,4.99
481,2026-08-17,2026-08-21,12:00:00 PM,CAESAR /POLLO,1.0,0.031,12.99
482,2026-08-17,2026-08-21,12:00:00 PM,CAFE CON LECHE GRANDE,5.0,0.054,22.5
483,2026-08-17,2026-08-21,12:00:00 PM,CAFE CON LECHE PEQUENO,3.0,0.018,7.5
484,2026-08-17,2026-08-21,12:00:00 PM,CAFE CUBANO.,29.0,0.104,43.5
485,2026-08-17,2026-08-21,12:00:00 PM,CARNE CON PAPAS.,10.0,0.345,144.9
486,2026-08-17,2026-08-21,12:00:00 PM,CHICHAR POLLO SIN HUES,1.0,0.032,13.49
487,2026-08-17,2026-08-21,12:00:00 PM,CHICHARO GRANDE.,1.0,0.022,9.19
488,2026-08-17,2026-08-21,12:00:00 PM,CHICHARO MEDIANO.,3.0,0.05,20.97
489,2026-08-17,2026-08-21,12:00:00 PM,chichek wings,1.0,0.018,7.5
490,2026-08-17,2026-08-21,12:00:00 PM,CHILINDRON D CHIVO,1.0,0.052,21.99
491,2026-08-17,2026-08-21,12:00:00 PM,CHULETAS DE PUERCO.,1.0,0.032,13.49
492,2026-08-17,2026-08-21,12:00:00 PM,"CHURRASCO ,,,",3.0,0.196,82.47
493,2026-08-17,2026-08-21,12:00:00 PM,COKE CERO.,2.0,0.012,5.0
494,2026-08-17,2026-08-21,12:00:00 PM,COKE.,10.0,0.06,25.0
495,2026-08-17,2026-08-21,12:00:00 PM,COLADA.,7.0,0.046,19.25
496,2026-08-17,2026-08-21,12:00:00 PM,COLORADOS GRANDE.,2.0,0.046,19.38
497,2026-08-17,2026-08-21,12:00:00 PM,COPA VINO,2.0,0.043,17.98
498,2026-08-17,2026-08-21,12:00:00 PM,-CORONA.,2.0,0.026,10.98
499,2026-08-17,2026-08-21,12:00:00 PM,Cortadito Evaporada,5.0,0.03,12.5
500,2026-08-17,2026-08-21,12:00:00 PM,"Cortadito,.",10.0,0.054,22.5
501,2026-08-17,2026-08-21,12:00:00 PM,CREMA CALABAZA GRANDE,2.0,0.048,19.98
502,2026-08-17,2026-08-21,12:00:00 PM,CREMA CALABAZA MEDIAN,5.0,0.083,34.95
503,2026-08-17,2026-08-21,12:00:00 PM,CREMA CALABAZACHIQUIT,1.0,0.011,4.5
504,2026-08-17,2026-08-21,12:00:00 PM,CREMA GRANDE CALABAZA.,1.0,0.024,10.19
505,2026-08-17,2026-08-21,12:00:00 PM,CREMA MALANGA MEDIANA.,10.0,0.167,69.9
506,2026-08-17,2026-08-21,12:00:00 PM,CREMA VEGETAL MEDIANA,1.0,0.017,6.99
507,2026-08-17,2026-08-21,12:00:00 PM,CREMA VEGETALES MEDIAN,1.0,0.017,6.99
508,2026-08-17,2026-08-21,12:00:00 PM,CREMA. MALANGA CHIQUIT,4.0,0.043,18.0
509,2026-08-17,2026-08-21,12:00:00 PM,CREMA. MALANGA GRANDE.,6.0,0.15,62.94
510,2026-08-17,2026-08-21,12:00:00 PM,croqueta bacalao.,1.0,0.005,1.99
511,2026-08-17,2026-08-21,12:00:00 PM,croqueta jamon.,41.0,0.171,71.75
512,2026-08-17,2026-08-21,12:00:00 PM,croqueta pollo.,10.0,0.042,17.5
513,2026-08-17,2026-08-21,12:00:00 PM,CROQUETA PREPARADA.,3.0,0.087,36.57
514,2026-08-17,2026-08-21,12:00:00 PM,CUBANO REGULAR.,1.0,0.024,9.99
515,2026-08-17,2026-08-21,12:00:00 PM,CUBIERTO.....,2.0,0.0,0.0
516,2026-08-17,2026-08-21,12:00:00 PM,CUCHURA-----,1.0,0.0,0.0
517,2026-08-17,2026-08-21,12:00:00 PM,DEDITOS .PESCADO.,4.0,0.136,56.96
518,2026-08-17,2026-08-21,12:00:00 PM,DEDITOS DE PESCADO,3.0,0.115,48.37
519,2026-08-17,2026-08-21,12:00:00 PM,DESALLUNOS..,7.0,0.208,87.38
520,2026-08-17,2026-08-21,12:00:00 PM,DIET COKE.,3.0,0.016,6.75
521,2026-08-17,2026-08-21,12:00:00 PM,DOS HUEVO AROS PAPITAS,1.0,0.021,8.99
522,2026-08-17,2026-08-21,12:00:00 PM,ELENA RUZ.,2.0,0.048,20.18
523,2026-08-17,2026-08-21,12:00:00 PM,Empanada carne,6.0,0.043,17.94
524,2026-08-17,2026-08-21,12:00:00 PM,ENPANISADO. RES,5.0,0.191,80.35
525,2026-08-17,2026-08-21,12:00:00 PM,"ENPELLAS,chicharones.",1.0,0.014,6.0
526,2026-08-17,2026-08-21,12:00:00 PM,ENSALA AGUACAT PEQUE,12.0,0.129,54.0
527,2026-08-17,2026-08-21,12:00:00 PM,ENSALA POLLO 2 CROQUET,2.0,0.06,24.98
528,2026-08-17,2026-08-21,12:00:00 PM,ENSALADA AGUACAT GRAND,2.0,0.026,11.0
529,2026-08-17,2026-08-21,12:00:00 PM,Ensalada Small,1.0,0.007,2.75
530,2026-08-17,2026-08-21,12:00:00 PM,EXTRA AGUACATE.,1.0,0.004,1.75
531,2026-08-17,2026-08-21,12:00:00 PM,extra.coco,1.0,0.005,1.99
532,2026-08-17,2026-08-21,12:00:00 PM,FABADA GRANDE,1.0,0.025,10.69
533,2026-08-17,2026-08-21,12:00:00 PM,FABADA MEDIANA.,5.0,0.084,35.15
534,2026-08-17,2026-08-21,12:00:00 PM,FILETE CURVINA SALSA,1.0,0.05,21.0
535,2026-08-17,2026-08-21,12:00:00 PM,FILETE PARGO PLANCHA,1.0,0.05,21.19
536,2026-08-17,2026-08-21,12:00:00 PM,FILETE PESCADO EMPANI,3.0,0.126,52.87
537,2026-08-17,2026-08-21,12:00:00 PM,-FILETE PESCADO PLANCH,1.0,0.043,18.19
538,2026-08-17,2026-08-21,12:00:00 PM,FILETE SALMON.,1.0,0.043,18.2
539,2026-08-17,2026-08-21,12:00:00 PM,FILETILLO DE CARNE.,2.0,0.067,27.98
540,2026-08-17,2026-08-21,12:00:00 PM,FILETILLO POLLO PLANCH,3.0,0.109,45.57
541,2026-08-17,2026-08-21,12:00:00 PM,FILETILLO RES PLANCHA.,2.0,0.074,30.98
542,2026-08-17,2026-08-21,12:00:00 PM,FILETILLO RES SALSA.,1.0,0.036,15.19
543,2026-08-17,2026-08-21,12:00:00 PM,FLAN ESPECIAL.,5.0,0.071,29.95
544,2026-08-17,2026-08-21,12:00:00 PM,-FLAN.,4.0,0.048,19.96
545,2026-08-17,2026-08-21,12:00:00 PM,-FRICASE DE POLLO,4.0,0.111,46.56
546,2026-08-17,2026-08-21,12:00:00 PM,FRICASE PUERCO.,1.0,0.032,13.25
547,2026-08-17,2026-08-21,12:00:00 PM,FRIJOL MEDIANO.,1.0,0.012,4.99
548,2026-08-17,2026-08-21,12:00:00 PM,FRIJOL PEQUENO.,2.0,0.014,5.98
549,2026-08-17,2026-08-21,12:00:00 PM,FRITA CUBANA,1.0,0.024,9.99
550,2026-08-17,2026-08-21,12:00:00 PM,FRITURA VACALAO.,1.0,0.015,6.5
551,2026-08-17,2026-08-21,12:00:00 PM,FRITURAS DE MALANGA,2.0,0.031,13.0
552,2026-08-17,2026-08-21,12:00:00 PM,GARBANZO GRANDE.,3.0,0.075,31.47
553,2026-08-17,2026-08-21,12:00:00 PM,GARBANZO.FRITO.,1.0,0.036,14.99
554,2026-08-17,2026-08-21,12:00:00 PM,GARBANZO.MEDIANO.,4.0,0.067,27.96
555,2026-08-17,2026-08-21,12:00:00 PM,GUARAPO.,1.0,0.013,5.25
556,2026-08-17,2026-08-21,12:00:00 PM,GUISO MAIZ GRANDE.,2.0,0.05,20.98
557,2026-08-17,2026-08-21,12:00:00 PM,GUISO.MAIZ MEDIANO.,1.0,0.017,6.99
558,2026-08-17,2026-08-21,12:00:00 PM,HARINA PEQUEÑA,2.0,0.019,8.18
559,2026-08-17,2026-08-21,12:00:00 PM,HELADO CONO..,2.0,0.017,7.0
560,2026-08-17,2026-08-21,12:00:00 PM,IRON BEER.,4.0,0.024,10.0
561,2026-08-17,2026-08-21,12:00:00 PM,JUGO PINA,2.0,0.021,9.0
562,2026-08-17,2026-08-21,12:00:00 PM,JUGO ZANAHORIA NARAJA,2.0,0.024,9.98
563,2026-08-17,2026-08-21,12:00:00 PM,JUGO.NARANJA.,6.0,0.075,31.5
564,2026-08-17,2026-08-21,12:00:00 PM,Juntas,1.0,0.0,0.0
565,2026-08-17,2026-08-21,12:00:00 PM,JUPIÑA.,6.0,0.036,15.0
566,2026-08-17,2026-08-21,12:00:00 PM,-LECHON ASADO,2.0,0.067,28.18
567,2026-08-17,2026-08-21,12:00:00 PM,LENTEJAS GRANDE.,1.0,0.023,9.49
568,2026-08-17,2026-08-21,12:00:00 PM,LENTEJAS MEDIANA.,5.0,0.083,34.95
569,2026-08-17,2026-08-21,12:00:00 PM,LIMANADA COCO.,1.0,0.014,5.99
570,2026-08-17,2026-08-21,12:00:00 PM,LIMONADA,9.0,0.096,40.5
571,2026-08-17,2026-08-21,12:00:00 PM,MADIO.POLLO A la brasa,1.0,0.033,13.99
572,2026-08-17,2026-08-21,12:00:00 PM,-MADUROS.,2.0,0.021,8.98
573,2026-08-17,2026-08-21,12:00:00 PM,-MALTA,1.0,0.008,3.25
574,2026-08-17,2026-08-21,12:00:00 PM,MARIQUITAS DE MALANGA,1.0,0.014,5.99
575,2026-08-17,2026-08-21,12:00:00 PM,-MARIQUITAS.,7.0,0.1,41.93
576,2026-08-17,2026-08-21,12:00:00 PM,MARIQUITAS..MIXTA,1.0,0.013,5.49
577,2026-08-17,2026-08-21,12:00:00 PM,-MASAS DE PUERCO,10.0,0.343,143.9
578,2026-08-17,2026-08-21,12:00:00 PM,MASAS DE PUERCO.,2.0,0.065,27.18
579,2026-08-17,2026-08-21,12:00:00 PM,MATERVA.,1.0,0.006,2.5
580,2026-08-17,2026-08-21,12:00:00 PM,MEDIA NOCHE.,2.0,0.048,20.18
581,2026-08-17,2026-08-21,12:00:00 PM,-MEDIO POLLO A BRASA.,4.0,0.125,52.56
582,2026-08-17,2026-08-21,12:00:00 PM,MEDIO POLLO.ASADO.,2.0,0.065,27.18
583,2026-08-17,2026-08-21,12:00:00 PM,MELON..SANDIA,1.0,0.011,4.5
584,2026-08-17,2026-08-21,12:00:00 PM,-MILANESA DE POLLO,2.0,0.077,32.18
585,2026-08-17,2026-08-21,12:00:00 PM,MILANESA RES.,1.0,0.048,20.19
586,2026-08-17,2026-08-21,12:00:00 PM,MISC COCINA,1.0,0.004,1.5
587,2026-08-17,2026-08-21,12:00:00 PM,MOFONGO PUERCO.,1.0,0.04,16.99
588,2026-08-17,2026-08-21,12:00:00 PM,MOROS...,1.0,0.01,3.99
589,2026-08-17,2026-08-21,12:00:00 PM,NATILLA,1.0,0.012,4.99
590,2026-08-17,2026-08-21,12:00:00 PM,NATILLA CATALANA,2.0,0.03,12.5
591,2026-08-17,2026-08-21,12:00:00 PM,-PAN CON BISTEC.,5.0,0.137,57.35
592,2026-08-17,2026-08-21,12:00:00 PM,PAN CON LECHON.,2.0,0.046,19.18
593,2026-08-17,2026-08-21,12:00:00 PM,PAPA RELLENA,3.0,0.021,8.97
594,2026-08-17,2026-08-21,12:00:00 PM,PAPAS FRITAS,2.0,0.021,8.98
595,2026-08-17,2026-08-21,12:00:00 PM,Pasteles Guayaba,1.0,0.004,1.5
596,2026-08-17,2026-08-21,12:00:00 PM,Pasteles Queso/Guayaba,1.0,0.004,1.5
597,2026-08-17,2026-08-21,12:00:00 PM,PERICO RIPIADO.,2.0,0.058,24.38
598,2026-08-17,2026-08-21,12:00:00 PM,PICADILLO,1.0,0.032,13.49
599,2026-08-17,2026-08-21,12:00:00 PM,-PICADILLO,1.0,0.035,14.69
600,2026-08-17,2026-08-21,12:00:00 PM,pizza personal,1.0,0.026,10.99
601,2026-08-17,2026-08-21,12:00:00 PM,POLLO EMPANIZADO,2.0,0.074,30.88
602,2026-08-17,2026-08-21,12:00:00 PM,POTAJE COLORADOS MEDIA,1.0,0.017,6.99
603,2026-08-17,2026-08-21,12:00:00 PM,PRESIDENTE..,1.0,0.013,5.49
604,2026-08-17,2026-08-21,12:00:00 PM,PUDIN DE PAN.,1.0,0.013,5.49
605,2026-08-17,2026-08-21,12:00:00 PM,PUDIN DIPLOMATICO.,1.0,0.013,5.49
606,2026-08-17,2026-08-21,12:00:00 PM,PURE PAPAS.,1.0,0.011,4.49
607,2026-08-17,2026-08-21,12:00:00 PM,RABO ENCENDIDO.,3.0,0.172,72.37
608,2026-08-17,2026-08-21,12:00:00 PM,RINCONCITO APEI MASAS,2.0,0.081,33.98
609,2026-08-17,2026-08-21,12:00:00 PM,RIÑONADA.,1.0,0.055,23.19
610,2026-08-17,2026-08-21,12:00:00 PM,ROPA VIEJA..,1.0,0.036,14.99
611,2026-08-17,2026-08-21,12:00:00 PM,ROPA VIEJA...,1.0,0.04,16.69
612,2026-08-17,2026-08-21,12:00:00 PM,RUEDA DE SERRUCHO.,1.0,0.036,15.19
613,2026-08-17,2026-08-21,12:00:00 PM,RUEDA SERRUCO FRITA.,1.0,0.038,15.99
614,2026-08-17,2026-08-21,12:00:00 PM,S.PELLECRINO,1.0,0.008,3.49
615,2026-08-17,2026-08-21,12:00:00 PM,SANDWECHES POLLO..,2.0,0.055,22.98
616,2026-08-17,2026-08-21,12:00:00 PM,SM SOPA PESCADO,1.0,0.01,4.25
617,2026-08-17,2026-08-21,12:00:00 PM,SOLO.TOMATE,1.0,0.006,2.5
618,2026-08-17,2026-08-21,12:00:00 PM,Sopa de Pollo Grande,12.0,0.243,101.88
619,2026-08-17,2026-08-21,12:00:00 PM,SOPA PESCADO GRANDE.,1.0,0.026,10.99
620,2026-08-17,2026-08-21,12:00:00 PM,SOPA PESCADO MEDIANA.,5.0,0.083,34.95
621,2026-08-17,2026-08-21,12:00:00 PM,SOPA PLATANO CHIQUITA.,1.0,0.01,3.99
622,2026-08-17,2026-08-21,12:00:00 PM,SOPA PLATANO GRANDE.,3.0,0.075,31.47
623,2026-08-17,2026-08-21,12:00:00 PM,SOPA PLATANO MEDIANA.,3.0,0.05,20.97
624,2026-08-17,2026-08-21,12:00:00 PM,Sopa Pollo Medina,6.0,0.078,32.94
625,2026-08-17,2026-08-21,12:00:00 PM,SOPA. POLLO CHIQUITA,2.0,0.017,7.0
626,2026-08-17,2026-08-21,12:00:00 PM,SPRIET.,3.0,0.018,7.5
627,2026-08-17,2026-08-21,12:00:00 PM,stella ARTOIS,1.0,0.013,5.49
628,2026-08-17,2026-08-21,12:00:00 PM,T0 GO MESA,24.0,0.02,8.4
629,2026-08-17,2026-08-21,12:00:00 PM,TAMAL,4.0,0.028,11.96
630,2026-08-17,2026-08-21,12:00:00 PM,TAMAL CAZUELA.MEDIANO.,4.0,0.068,28.56
631,2026-08-17,2026-08-21,12:00:00 PM,TAMAL.CAZUELA GRANDE.,3.0,0.08,33.57
632,2026-08-17,2026-08-21,12:00:00 PM,To Go.,10.0,0.005,2.0
633,2026-08-17,2026-08-21,12:00:00 PM,To Go..,47.0,0.025,10.3
634,2026-08-17,2026-08-21,12:00:00 PM,TORTILLA.,4.0,0.105,44.16
635,2026-08-17,2026-08-21,12:00:00 PM,TOSTADA,2.0,0.009,3.98
636,2026-08-17,2026-08-21,12:00:00 PM,TOSTADA 2 CROQUETAS.,1.0,0.012,4.99
637,2026-08-17,2026-08-21,12:00:00 PM,TOSTONES.,4.0,0.048,19.96
638,2026-08-17,2026-08-21,12:00:00 PM,TRES LECHES.,2.0,0.029,11.98
639,2026-08-17,2026-08-21,12:00:00 PM,-VACA FRITA,4.0,0.173,72.56
640,2026-08-17,2026-08-21,12:00:00 PM,Vaso.hielo,2.0,0.001,0.5
641,2026-08-17,2026-08-21,12:00:00 PM,vegetal.salteado,1.0,0.013,5.49
642,2026-08-17,2026-08-21,1:00:00 PM,== TO GO ==,17.0,0.008,3.4
643,2026-08-17,2026-08-21,1:00:00 PM,======================,10.0,0.0,0.0
644,2026-08-17,2026-08-21,1:00:00 PM,3 TOSTONES CON CAMARON,1.0,0.038,15.99
645,2026-08-17,2026-08-21,1:00:00 PM,305 Morados,1.0,0.015,6.25
646,2026-08-17,2026-08-21,1:00:00 PM,AGUA NATURAL,3.0,0.014,5.97
647,2026-08-17,2026-08-21,1:00:00 PM,AGUA PERRIER,1.0,0.008,3.49
648,2026-08-17,2026-08-21,1:00:00 PM,AGUACATE$4.00,2.0,0.019,8.0
649,2026-08-17,2026-08-21,1:00:00 PM,AJIACO MEDIANO,4.0,0.067,28.16
650,2026-08-17,2026-08-21,1:00:00 PM,AJIACO..GRANDE,8.0,0.204,85.52
651,2026-08-17,2026-08-21,1:00:00 PM,ARROZ BLANCO..,4.0,0.031,13.0
652,2026-08-17,2026-08-21,1:00:00 PM,ARROZ CHIQUITO,3.0,0.023,9.75
653,2026-08-17,2026-08-21,1:00:00 PM,ARROZ CON POLLO,1.0,0.03,12.49
654,2026-08-17,2026-08-21,1:00:00 PM,BABY CHURASCO,6.0,0.291,122.34
655,2026-08-17,2026-08-21,1:00:00 PM,BABY CHURRASCO,2.0,0.086,35.98
656,2026-08-17,2026-08-21,1:00:00 PM,BACALAO VISCAINA,1.0,0.048,20.19
657,2026-08-17,2026-08-21,1:00:00 PM,bandeja rinconcito 87,1.0,0.079,32.99
658,2026-08-17,2026-08-21,1:00:00 PM,BATIDO MAMEY,5.0,0.065,27.45
659,2026-08-17,2026-08-21,1:00:00 PM,BATIDO MANGO,2.0,0.024,9.98
660,2026-08-17,2026-08-21,1:00:00 PM,BATIDO TRIGO,1.0,0.012,4.99
661,2026-08-17,2026-08-21,1:00:00 PM,BISTEC DE POLLO-,10.0,0.328,137.9
662,2026-08-17,2026-08-21,1:00:00 PM,BISTEC DE POLLO.,1.0,0.032,13.49
663,2026-08-17,2026-08-21,1:00:00 PM,-BISTEC DE POLLO.,5.0,0.161,67.65
664,2026-08-17,2026-08-21,1:00:00 PM,BISTEC DE POLLO..,5.0,0.161,67.45
665,2026-08-17,2026-08-21,1:00:00 PM,BISTEC DE POLLO...,1.0,0.033,13.69
666,2026-08-17,2026-08-21,1:00:00 PM,-BISTEC DE PUERCO,2.0,0.079,32.98
667,2026-08-17,2026-08-21,1:00:00 PM,BISTEC EN CAZUELA,2.0,0.069,28.98
668,2026-08-17,2026-08-21,1:00:00 PM,BISTEC JAMON,1.0,0.032,13.49
669,2026-08-17,2026-08-21,1:00:00 PM,-BISTEC PALOMILLA,3.0,0.131,54.97
670,2026-08-17,2026-08-21,1:00:00 PM,BOLICHE ..,1.0,0.036,14.99
671,2026-08-17,2026-08-21,1:00:00 PM,-BOLICHE ASADO,1.0,0.04,16.69
672,2026-08-17,2026-08-21,1:00:00 PM,BOLITA DE TUNA.,4.0,0.031,13.0
673,2026-08-17,2026-08-21,1:00:00 PM,BONIATO FRITO..,1.0,0.012,4.99
674,2026-08-17,2026-08-21,1:00:00 PM,BOÑUELOS.,1.0,0.013,5.49
675,2026-08-17,2026-08-21,1:00:00 PM,Bud Light,2.0,0.024,9.98
676,2026-08-17,2026-08-21,1:00:00 PM,CAFE CON LECHE GRANDE,4.0,0.043,18.0
677,2026-08-17,2026-08-21,1:00:00 PM,CAFE CON LECHE PEQUENO,4.0,0.024,10.0
678,2026-08-17,2026-08-21,1:00:00 PM,CAFE CUBANO.,32.0,0.114,48.0
679,2026-08-17,2026-08-21,1:00:00 PM,CAFECITO.,1.0,0.002,0.99
680,2026-08-17,2026-08-21,1:00:00 PM,CANT 4 DELIVER,1.0,0.133,56.0
681,2026-08-17,2026-08-21,1:00:00 PM,CARNE CON PAPAS.,7.0,0.24,100.93
682,2026-08-17,2026-08-21,1:00:00 PM,CEVICHE MIXTO,1.0,0.055,22.99
683,2026-08-17,2026-08-21,1:00:00 PM,CHICHARO CHIQUITO.,2.0,0.019,7.98
684,2026-08-17,2026-08-21,1:00:00 PM,CHICHARO MEDIANO.,2.0,0.033,13.98
685,2026-08-17,2026-08-21,1:00:00 PM,CHULETAS DE PUERCO,2.0,0.07,29.18
686,2026-08-17,2026-08-21,1:00:00 PM,CHULETAS DE PUERCO.,1.0,0.033,13.69
687,2026-08-17,2026-08-21,1:00:00 PM,CLUB SANDWICH.,1.0,0.029,12.19
688,2026-08-17,2026-08-21,1:00:00 PM,COKE.,4.0,0.024,10.0
689,2026-08-17,2026-08-21,1:00:00 PM,COLADA.,7.0,0.046,19.25
690,2026-08-17,2026-08-21,1:00:00 PM,COLORADOS GRANDE.,3.0,0.069,29.07
691,2026-08-17,2026-08-21,1:00:00 PM,COPA DE SANGRIA.,1.0,0.021,8.99
692,2026-08-17,2026-08-21,1:00:00 PM,-CORONA.,2.0,0.026,10.98
693,2026-08-17,2026-08-21,1:00:00 PM,Cortadito Evaporada,3.0,0.018,7.5
694,2026-08-17,2026-08-21,1:00:00 PM,"Cortadito,.",2.0,0.011,4.5
695,2026-08-17,2026-08-21,1:00:00 PM,CREMA CALABAZA GRANDE,2.0,0.048,19.98
696,2026-08-17,2026-08-21,1:00:00 PM,CREMA CALABAZACHIQUIT,3.0,0.032,13.5
697,2026-08-17,2026-08-21,1:00:00 PM,CREMA MALANGA MEDIANA.,4.0,0.067,27.96
698,2026-08-17,2026-08-21,1:00:00 PM,CREMA VEGETAL MEDIANA,2.0,0.033,13.98
699,2026-08-17,2026-08-21,1:00:00 PM,CREMA VEGETALES MEDIAN,1.0,0.017,6.99
700,2026-08-17,2026-08-21,1:00:00 PM,CREMA. MALANGA GRANDE.,1.0,0.025,10.49
701,2026-08-17,2026-08-21,1:00:00 PM,CREMA. VEGETALCHIQUITA,1.0,0.011,4.5
702,2026-08-17,2026-08-21,1:00:00 PM,CREMITA.,1.0,0.003,1.25
703,2026-08-17,2026-08-21,1:00:00 PM,croqueta bacalao.,2.0,0.009,3.98
704,2026-08-17,2026-08-21,1:00:00 PM,croqueta jamon.,27.0,0.113,47.25
705,2026-08-17,2026-08-21,1:00:00 PM,CROQUETA PREPARADA.,1.0,0.029,11.99
706,2026-08-17,2026-08-21,1:00:00 PM,CUBANO REGULAR.,2.0,0.048,20.18
707,2026-08-17,2026-08-21,1:00:00 PM,DEDITOS .PESCADO.,5.0,0.169,70.75
708,2026-08-17,2026-08-21,1:00:00 PM,DEDITOS DE PESCADO,1.0,0.039,16.19
709,2026-08-17,2026-08-21,1:00:00 PM,Deditos De Queso.,1.0,0.005,1.99
710,2026-08-17,2026-08-21,1:00:00 PM,deditos Queso/Guayaba,1.0,0.005,1.99
711,2026-08-17,2026-08-21,1:00:00 PM,DESALLUNOS..,6.0,0.183,76.84
712,2026-08-17,2026-08-21,1:00:00 PM,DIET COKE.,3.0,0.016,6.75
713,2026-08-17,2026-08-21,1:00:00 PM,DIET MATERVA.,2.0,0.012,5.0
714,2026-08-17,2026-08-21,1:00:00 PM,ELENA RUZ.,1.0,0.024,10.19
715,2026-08-17,2026-08-21,1:00:00 PM,Empanada carne,4.0,0.028,11.96
716,2026-08-17,2026-08-21,1:00:00 PM,Empanada Jamon/Queso,2.0,0.014,5.98
717,2026-08-17,2026-08-21,1:00:00 PM,Empanada Pollo,1.0,0.007,2.99
718,2026-08-17,2026-08-21,1:00:00 PM,ENSALA AGUACAT PEQUE,16.0,0.172,72.0
719,2026-08-17,2026-08-21,1:00:00 PM,ENSALA POLLO 2 CROQUET,1.0,0.03,12.49
720,2026-08-17,2026-08-21,1:00:00 PM,ENSALADA MIXTA,1.0,0.015,6.5
721,2026-08-17,2026-08-21,1:00:00 PM,Ensalada Small,1.0,0.007,2.75
722,2026-08-17,2026-08-21,1:00:00 PM,Espaguetti jamon,1.0,0.031,12.99
723,2026-08-17,2026-08-21,1:00:00 PM,FABADA MEDIANA.,1.0,0.017,7.19
724,2026-08-17,2026-08-21,1:00:00 PM,FILETE PARGO PLANCHA,1.0,0.05,20.99
725,2026-08-17,2026-08-21,1:00:00 PM,FILETE PESCADO EMPANI,3.0,0.125,52.47
726,2026-08-17,2026-08-21,1:00:00 PM,-FILETE PESCADO PLANCH,4.0,0.163,68.36
727,2026-08-17,2026-08-21,1:00:00 PM,FILETILL POLLO SALSA,1.0,0.036,14.99
728,2026-08-17,2026-08-21,1:00:00 PM,FILETILLO POLLO PLANCH,4.0,0.144,60.56
729,2026-08-17,2026-08-21,1:00:00 PM,FILETILLO RES PLANCHA.,2.0,0.072,30.18
730,2026-08-17,2026-08-21,1:00:00 PM,FILETILLO RES SALSA.,2.0,0.072,30.38
731,2026-08-17,2026-08-21,1:00:00 PM,FLAN ESPECIAL.,2.0,0.029,11.98
732,2026-08-17,2026-08-21,1:00:00 PM,-FLAN.,1.0,0.012,4.99
733,2026-08-17,2026-08-21,1:00:00 PM,-FRICASE DE POLLO,4.0,0.105,44.16
734,2026-08-17,2026-08-21,1:00:00 PM,FRICASE PUERCO.,4.0,0.136,57.2
735,2026-08-17,2026-08-21,1:00:00 PM,FRIJOL GRANDE,1.0,0.019,7.99
736,2026-08-17,2026-08-21,1:00:00 PM,FRIJOL MEDIANO.,1.0,0.012,4.99
737,2026-08-17,2026-08-21,1:00:00 PM,FRITA CUBANA,1.0,0.024,9.99
738,2026-08-17,2026-08-21,1:00:00 PM,FRITURAS DE MALANGA,1.0,0.015,6.5
739,2026-08-17,2026-08-21,1:00:00 PM,GALLETA DELICIOSAS,3.0,0.026,10.8
740,2026-08-17,2026-08-21,1:00:00 PM,GARBANZO GRANDE.,1.0,0.025,10.49
741,2026-08-17,2026-08-21,1:00:00 PM,GARBANZO.FRITO.,3.0,0.101,42.57
742,2026-08-17,2026-08-21,1:00:00 PM,GARBANZO.MEDIANO.,2.0,0.033,13.98
743,2026-08-17,2026-08-21,1:00:00 PM,GUARAPO.,1.0,0.013,5.25
744,2026-08-17,2026-08-21,1:00:00 PM,HAMBURQUESA.CON QUESO,1.0,0.026,10.99
745,2026-08-17,2026-08-21,1:00:00 PM,HELADO CONO..,1.0,0.008,3.5
746,2026-08-17,2026-08-21,1:00:00 PM,IRON BEER.,1.0,0.006,2.5
747,2026-08-17,2026-08-21,1:00:00 PM,JUGO DE PERA.,2.0,0.012,5.0
748,2026-08-17,2026-08-21,1:00:00 PM,JUGO MARACULLA,2.0,0.021,9.0
749,2026-08-17,2026-08-21,1:00:00 PM,JUGO PINA,1.0,0.011,4.5
750,2026-08-17,2026-08-21,1:00:00 PM,JUGO ZANAHORIA NARAJA,1.0,0.012,4.99
751,2026-08-17,2026-08-21,1:00:00 PM,JUGO.NARANJA.,13.0,0.163,68.25
752,2026-08-17,2026-08-21,1:00:00 PM,JUPINA DIETA,2.0,0.012,5.0
753,2026-08-17,2026-08-21,1:00:00 PM,LENTEJAS GRANDE.,1.0,0.023,9.49
754,2026-08-17,2026-08-21,1:00:00 PM,LENTEJAS MEDIANA.,9.0,0.15,62.91
755,2026-08-17,2026-08-21,1:00:00 PM,LIMONADA,6.0,0.064,27.0
756,2026-08-17,2026-08-21,1:00:00 PM,MADIO.POLLO A la brasa,1.0,0.033,13.99
757,2026-08-17,2026-08-21,1:00:00 PM,-MADUROS.,5.0,0.053,22.45
758,2026-08-17,2026-08-21,1:00:00 PM,MARIQUITAS DE MALANGA,2.0,0.029,11.98
759,2026-08-17,2026-08-21,1:00:00 PM,-MASAS DE PUERCO,3.0,0.101,42.37
760,2026-08-17,2026-08-21,1:00:00 PM,MASAS DE PUERCO.,1.0,0.032,13.49
761,2026-08-17,2026-08-21,1:00:00 PM,MATERVA.,1.0,0.006,2.5
762,2026-08-17,2026-08-21,1:00:00 PM,MEDIA NOCHE.,1.0,0.024,10.19
763,2026-08-17,2026-08-21,1:00:00 PM,-MEDIO POLLO A BRASA.,1.0,0.031,12.99
764,2026-08-17,2026-08-21,1:00:00 PM,MEDIO POLLO.ASADO.,3.0,0.094,39.57
765,2026-08-17,2026-08-21,1:00:00 PM,MELON..SANDIA,3.0,0.032,13.5
766,2026-08-17,2026-08-21,1:00:00 PM,-MILANESA DE POLLO,1.0,0.038,15.99
767,2026-08-17,2026-08-21,1:00:00 PM,Miller Light,3.0,0.036,14.97
768,2026-08-17,2026-08-21,1:00:00 PM,MOFONGO PUERCO.,2.0,0.081,33.98
769,2026-08-17,2026-08-21,1:00:00 PM,Mofongo solo,1.0,0.019,7.99
770,2026-08-17,2026-08-21,1:00:00 PM,MOROS...,3.0,0.029,11.97
771,2026-08-17,2026-08-21,1:00:00 PM,NATILLA CATALANA,1.0,0.015,6.25
772,2026-08-17,2026-08-21,1:00:00 PM,-PAN CON BISTEC.,7.0,0.19,79.73
773,2026-08-17,2026-08-21,1:00:00 PM,PAN CON LECHON.,2.0,0.046,19.18
774,2026-08-17,2026-08-21,1:00:00 PM,PAN CON TORTILLA.,1.0,0.027,11.19
775,2026-08-17,2026-08-21,1:00:00 PM,PAPA RELLENA,2.0,0.014,5.98
776,2026-08-17,2026-08-21,1:00:00 PM,PAPAS FRITAS,2.0,0.021,8.98
777,2026-08-17,2026-08-21,1:00:00 PM,Pasteles Guayaba,2.0,0.007,3.0
778,2026-08-17,2026-08-21,1:00:00 PM,PERICO RIPIADO.,1.0,0.029,11.99
779,2026-08-17,2026-08-21,1:00:00 PM,PICADILLO,3.0,0.098,41.07
780,2026-08-17,2026-08-21,1:00:00 PM,pizza peperoni,1.0,0.031,12.99
781,2026-08-17,2026-08-21,1:00:00 PM,pizza personal,1.0,0.026,10.99
782,2026-08-17,2026-08-21,1:00:00 PM,POTAJE COLORADOS MEDIA,1.0,0.017,7.19
783,2026-08-17,2026-08-21,1:00:00 PM,PUDIN DE PAN.,1.0,0.013,5.49
784,2026-08-17,2026-08-21,1:00:00 PM,PUDIN DIPLOMATICO.,1.0,0.013,5.49
785,2026-08-17,2026-08-21,1:00:00 PM,RABO ENCENDIDO.,7.0,0.401,168.53
786,2026-08-17,2026-08-21,1:00:00 PM,-RACION DE MALANGA.,1.0,0.014,5.99
787,2026-08-17,2026-08-21,1:00:00 PM,RIÑONADA.CON.3. CAMAR,1.0,0.071,29.99
788,2026-08-17,2026-08-21,1:00:00 PM,ROPA VIEJA..,1.0,0.036,15.19
789,2026-08-17,2026-08-21,1:00:00 PM,ROPA VIEJA...,3.0,0.118,49.67
790,2026-08-17,2026-08-21,1:00:00 PM,SANDWECHES POLLO..,3.0,0.083,34.87
791,2026-08-17,2026-08-21,1:00:00 PM,SANDWICHES..POLLO.EMPA,1.0,0.03,12.69
792,2026-08-17,2026-08-21,1:00:00 PM,SDWCH DE PAVO REGL.,1.0,0.028,11.79
793,2026-08-17,2026-08-21,1:00:00 PM,SM AJIACO,3.0,0.029,11.97
794,2026-08-17,2026-08-21,1:00:00 PM,Sopa de Pollo Grande,4.0,0.081,33.96
795,2026-08-17,2026-08-21,1:00:00 PM,SOPA PESCADO GRANDE.,1.0,0.026,10.99
796,2026-08-17,2026-08-21,1:00:00 PM,SOPA PESCADO MEDIANA.,1.0,0.017,6.99
797,2026-08-17,2026-08-21,1:00:00 PM,SOPA PLATANO CHIQUITA.,1.0,0.01,3.99
798,2026-08-17,2026-08-21,1:00:00 PM,SOPA PLATANO GRANDE.,1.0,0.025,10.49
799,2026-08-17,2026-08-21,1:00:00 PM,SOPA PLATANO MEDIANA.,6.0,0.1,41.94
800,2026-08-17,2026-08-21,1:00:00 PM,Sopa Pollo Medina,5.0,0.065,27.45
801,2026-08-17,2026-08-21,1:00:00 PM,SOPA. POLLO CHIQUITA,2.0,0.017,7.0
802,2026-08-17,2026-08-21,1:00:00 PM,SPRIET.,3.0,0.018,7.5
803,2026-08-17,2026-08-21,1:00:00 PM,T0 GO MESA,19.0,0.016,6.65
804,2026-08-17,2026-08-21,1:00:00 PM,TAMAL,2.0,0.014,5.98
805,2026-08-17,2026-08-21,1:00:00 PM,TAMAL CAZUELA.MEDIANO.,2.0,0.034,14.18
806,2026-08-17,2026-08-21,1:00:00 PM,TAMAL.CAZUELA GRANDE.,1.0,0.027,11.19
807,2026-08-17,2026-08-21,1:00:00 PM,To Go.,2.0,0.001,0.4
808,2026-08-17,2026-08-21,1:00:00 PM,To Go..,35.0,0.019,7.9
809,2026-08-17,2026-08-21,1:00:00 PM,TORTILLA BASCA. - LATE,1.0,0.033,13.69
810,2026-08-17,2026-08-21,1:00:00 PM,TOSTONES.,1.0,0.012,4.99
811,2026-08-17,2026-08-21,1:00:00 PM,TRES LECHES.,2.0,0.029,11.98
812,2026-08-17,2026-08-21,1:00:00 PM,-VACA FRITA,3.0,0.123,51.57
813,2026-08-17,2026-08-21,1:00:00 PM,YUCA FRITA.,1.0,0.013,5.49
814,2026-08-17,2026-08-21,2:00:00 PM,.ARROZ FRITO,3.0,0.097,40.87
815,2026-08-17,2026-08-21,2:00:00 PM,== TO GO ==,19.0,0.009,3.8
816,2026-08-17,2026-08-21,2:00:00 PM,======================,1.0,0.0,0.0
817,2026-08-17,2026-08-21,2:00:00 PM,1 BOLA HELADO..,1.0,0.007,2.99
818,2026-08-17,2026-08-21,2:00:00 PM,AGUA PERRIER,1.0,0.008,3.49
819,2026-08-17,2026-08-21,2:00:00 PM,AGUACATE$4.00,1.0,0.01,4.0
820,2026-08-17,2026-08-21,2:00:00 PM,AJIACO MEDIANO,4.0,0.069,28.76
821,2026-08-17,2026-08-21,2:00:00 PM,AJIACO..GRANDE,4.0,0.102,42.76
822,2026-08-17,2026-08-21,2:00:00 PM,ALBONDIGAS.RES.,1.0,0.033,13.99
823,2026-08-17,2026-08-21,2:00:00 PM,ARROZ CON LECHE,1.0,0.013,5.49
824,2026-08-17,2026-08-21,2:00:00 PM,ARROZ BLANCO..,1.0,0.008,3.25
825,2026-08-17,2026-08-21,2:00:00 PM,ARROZ CHIQUITO,1.0,0.005,2.25
826,2026-08-17,2026-08-21,2:00:00 PM,BABY CHURASCO,2.0,0.096,40.18
827,2026-08-17,2026-08-21,2:00:00 PM,BABY CHURRASCO,4.0,0.172,72.16
828,2026-08-17,2026-08-21,2:00:00 PM,BACALAO VISCAINA,1.0,0.048,20.19
829,2026-08-17,2026-08-21,2:00:00 PM,Bananas.3 $ 1.50,4.0,0.014,6.0
830,2026-08-17,2026-08-21,2:00:00 PM,BATIDO MAMEY,5.0,0.065,27.45
831,2026-08-17,2026-08-21,2:00:00 PM,BATIDO TRIGO,1.0,0.012,4.99
832,2026-08-17,2026-08-21,2:00:00 PM,BISTEC DE POLLO-,5.0,0.164,68.85
833,2026-08-17,2026-08-21,2:00:00 PM,BISTEC DE POLLO.,5.0,0.163,68.25
834,2026-08-17,2026-08-21,2:00:00 PM,-BISTEC DE POLLO.,2.0,0.065,27.38
835,2026-08-17,2026-08-21,2:00:00 PM,BISTEC DE POLLO..,3.0,0.1,42.07
836,2026-08-17,2026-08-21,2:00:00 PM,BISTEC DE POLLO...,6.0,0.194,81.34
837,2026-08-17,2026-08-21,2:00:00 PM,-BISTEC DE PUERCO,1.0,0.037,15.49
838,2026-08-17,2026-08-21,2:00:00 PM,BISTEC EN CAZUELA,2.0,0.069,28.98
839,2026-08-17,2026-08-21,2:00:00 PM,-BISTEC PALOMILLA,6.0,0.258,108.34
840,2026-08-17,2026-08-21,2:00:00 PM,BOLA ENSALADA POLLO,2.0,0.015,6.5
841,2026-08-17,2026-08-21,2:00:00 PM,BOLICHE ..,1.0,0.036,14.99
842,2026-08-17,2026-08-21,2:00:00 PM,-BOLICHE ASADO,1.0,0.04,16.69
843,2026-08-17,2026-08-21,2:00:00 PM,BOLITA DE TUNA.,2.0,0.015,6.5
844,2026-08-17,2026-08-21,2:00:00 PM,BONIATO FRITO..,2.0,0.024,9.98
845,2026-08-17,2026-08-21,2:00:00 PM,BOÑUELOS.,4.0,0.052,21.96
846,2026-08-17,2026-08-21,2:00:00 PM,CAFE CON LECHE GRANDE,4.0,0.043,18.0
847,2026-08-17,2026-08-21,2:00:00 PM,CAFE CON LECHE PEQUENO,1.0,0.006,2.5
848,2026-08-17,2026-08-21,2:00:00 PM,CAFE CUBANO.,24.0,0.086,36.0
849,2026-08-17,2026-08-21,2:00:00 PM,CALABAZA HERVIDA..,1.0,0.012,4.99
850,2026-08-17,2026-08-21,2:00:00 PM,CALAMARES FRITOS,1.0,0.036,14.99
851,2026-08-17,2026-08-21,2:00:00 PM,CANT 4 DELIVER,1.0,0.133,56.0
852,2026-08-17,2026-08-21,2:00:00 PM,CARNE CON PAPAS.,3.0,0.101,42.37
853,2026-08-17,2026-08-21,2:00:00 PM,CASCOS GUAVA QUESO,1.0,0.014,5.99
854,2026-08-17,2026-08-21,2:00:00 PM,CEVICHE MIXTO,1.0,0.055,22.99
855,2026-08-17,2026-08-21,2:00:00 PM,CHICHAR POLLO C HUESO.,1.0,0.032,13.49
856,2026-08-17,2026-08-21,2:00:00 PM,CHICHAR POLLO SIN HUES,1.0,0.033,13.69
857,2026-08-17,2026-08-21,2:00:00 PM,CHICHARO GRANDE.,2.0,0.044,18.38
858,2026-08-17,2026-08-21,2:00:00 PM,CHICHARO MEDIANO.,2.0,0.033,13.98
859,2026-08-17,2026-08-21,2:00:00 PM,CHILINDRON D CHIVO,3.0,0.157,65.97
860,2026-08-17,2026-08-21,2:00:00 PM,CHULETAS DE PUERCO.,2.0,0.067,27.98
861,2026-08-17,2026-08-21,2:00:00 PM,"CHURRASCO ,,,",7.0,0.445,186.73
862,2026-08-17,2026-08-21,2:00:00 PM,CLAMATO,1.0,0.007,2.99
863,2026-08-17,2026-08-21,2:00:00 PM,CLUB SANDWICH.,1.0,0.029,12.19
864,2026-08-17,2026-08-21,2:00:00 PM,cocacola.botella,2.0,0.017,6.98
865,2026-08-17,2026-08-21,2:00:00 PM,COKE.,9.0,0.054,22.5
866,2026-08-17,2026-08-21,2:00:00 PM,COLADA.,5.0,0.033,13.75
867,2026-08-17,2026-08-21,2:00:00 PM,COLORADOS GRANDE.,2.0,0.046,19.38
868,2026-08-17,2026-08-21,2:00:00 PM,COPA VINO,1.0,0.021,8.99
869,2026-08-17,2026-08-21,2:00:00 PM,-CORONA.,5.0,0.065,27.45
870,2026-08-17,2026-08-21,2:00:00 PM,Cortadito Evaporada,5.0,0.03,12.5
871,2026-08-17,2026-08-21,2:00:00 PM,"Cortadito,.",8.0,0.041,17.22
872,2026-08-17,2026-08-21,2:00:00 PM,CREMA BROCOLY,2.0,0.044,18.5
873,2026-08-17,2026-08-21,2:00:00 PM,CREMA CALABAZA GRANDE,1.0,0.024,9.99
874,2026-08-17,2026-08-21,2:00:00 PM,CREMA CALABAZA MEDIAN,3.0,0.05,20.97
875,2026-08-17,2026-08-21,2:00:00 PM,CREMA MALANGA MEDIANA.,4.0,0.067,27.96
876,2026-08-17,2026-08-21,2:00:00 PM,CREMA VEGETAL MEDIANA,1.0,0.017,6.99
877,2026-08-17,2026-08-21,2:00:00 PM,CREMA. MALANGA GRANDE.,3.0,0.075,31.47
878,2026-08-17,2026-08-21,2:00:00 PM,CREMA. VEGETALCHIQUITA,1.0,0.011,4.5
879,2026-08-17,2026-08-21,2:00:00 PM,croqueta bacalao.,10.0,0.047,19.9
880,2026-08-17,2026-08-21,2:00:00 PM,croqueta jamon.,19.0,0.079,33.25
881,2026-08-17,2026-08-21,2:00:00 PM,CROQUETA PREPARADA.,3.0,0.087,36.37
882,2026-08-17,2026-08-21,2:00:00 PM,CUBANO REGULAR.,2.0,0.049,20.38
883,2026-08-17,2026-08-21,2:00:00 PM,DEDITOS .PESCADO.,1.0,0.034,14.19
884,2026-08-17,2026-08-21,2:00:00 PM,-DEDITOS DE POLLO,3.0,0.094,39.57
885,2026-08-17,2026-08-21,2:00:00 PM,Deditos De Queso.,4.0,0.019,7.96
886,2026-08-17,2026-08-21,2:00:00 PM,DIET COKE.,1.0,0.005,2.25
887,2026-08-17,2026-08-21,2:00:00 PM,DIET MATERVA.,1.0,0.006,2.5
888,2026-08-17,2026-08-21,2:00:00 PM,DOS HUEVO AROS. MADUR,1.0,0.021,8.99
889,2026-08-17,2026-08-21,2:00:00 PM,Empanada carne,7.0,0.05,20.93
890,2026-08-17,2026-08-21,2:00:00 PM,Empanada Pollo,2.0,0.014,5.98
891,2026-08-17,2026-08-21,2:00:00 PM,Empnda Espinaca/Queso,3.0,0.021,8.97
892,2026-08-17,2026-08-21,2:00:00 PM,ENPANISADO. RES,2.0,0.077,32.18
893,2026-08-17,2026-08-21,2:00:00 PM,ENSALA AGUACAT PEQUE,10.0,0.107,45.0
894,2026-08-17,2026-08-21,2:00:00 PM,ENSALADA AGUACAT GRAND,3.0,0.039,16.5
895,2026-08-17,2026-08-21,2:00:00 PM,ENSALDA DE TUNA,2.0,0.057,23.98
896,2026-08-17,2026-08-21,2:00:00 PM,ESPAQUETI .SOLO ALFRED,1.0,0.021,8.99
897,2026-08-17,2026-08-21,2:00:00 PM,FABADA GRANDE,1.0,0.025,10.69
898,2026-08-17,2026-08-21,2:00:00 PM,FILETE DE MAHIMAHI,4.0,0.163,68.36
899,2026-08-17,2026-08-21,2:00:00 PM,FILETE PARGO PLANCHA,2.0,0.1,42.18
900,2026-08-17,2026-08-21,2:00:00 PM,FILETE PESCADO EMPANI,1.0,0.042,17.69
901,2026-08-17,2026-08-21,2:00:00 PM,-FILETE PESCADO PLANCH,4.0,0.162,67.96
902,2026-08-17,2026-08-21,2:00:00 PM,FILETE SALMON.,1.0,0.048,20.2
903,2026-08-17,2026-08-21,2:00:00 PM,FILETILLO POLLO PLANCH,2.0,0.072,30.18
904,2026-08-17,2026-08-21,2:00:00 PM,FLAN ESPECIAL.,1.0,0.014,5.99
905,2026-08-17,2026-08-21,2:00:00 PM,-FLAN.,2.0,0.024,9.98
906,2026-08-17,2026-08-21,2:00:00 PM,-FRICASE DE POLLO,3.0,0.079,33.37
907,2026-08-17,2026-08-21,2:00:00 PM,FRICASE PUERCO.,1.0,0.032,13.45
908,2026-08-17,2026-08-21,2:00:00 PM,FRIJOL GRANDE,1.0,0.019,7.99
909,2026-08-17,2026-08-21,2:00:00 PM,FRIJOL MEDIANO.,1.0,0.012,4.99
910,2026-08-17,2026-08-21,2:00:00 PM,FRIJOL PEQUENO.,2.0,0.014,5.98
911,2026-08-17,2026-08-21,2:00:00 PM,FRIJOL.COLORADO CHIQUI,1.0,0.01,3.99
912,2026-08-17,2026-08-21,2:00:00 PM,FRITURAS DE MALANGA,1.0,0.015,6.5
913,2026-08-17,2026-08-21,2:00:00 PM,GARBANZO GRANDE.,1.0,0.025,10.49
914,2026-08-17,2026-08-21,2:00:00 PM,GARBANZO.MEDIANO.,1.0,0.017,6.99
915,2026-08-17,2026-08-21,2:00:00 PM,GREMA-MALANGA.GRANDE.,1.0,0.025,10.69
916,2026-08-17,2026-08-21,2:00:00 PM,GUARAPO.,4.0,0.05,21.0
917,2026-08-17,2026-08-21,2:00:00 PM,GUISO MAIZ CHIQUITO.,2.0,0.019,7.98
918,2026-08-17,2026-08-21,2:00:00 PM,Heineken,2.0,0.026,10.98
919,2026-08-17,2026-08-21,2:00:00 PM,HELADO CONO..,1.0,0.008,3.5
920,2026-08-17,2026-08-21,2:00:00 PM,HIGADO ITALIANA,2.0,0.072,30.18
921,2026-08-17,2026-08-21,2:00:00 PM,HORDE DEPAN,1.0,0.004,1.5
922,2026-08-17,2026-08-21,2:00:00 PM,HORDEN DE 3 CHICHARONE,1.0,0.008,3.25
923,2026-08-17,2026-08-21,2:00:00 PM,HUEVO FRITO,2.0,0.007,3.0
924,2026-08-17,2026-08-21,2:00:00 PM,IMPERIAL .,1.0,0.029,12.19
925,2026-08-17,2026-08-21,2:00:00 PM,JUGO PINA,3.0,0.032,13.5
926,2026-08-17,2026-08-21,2:00:00 PM,JUGO ZANAHORIA NARAJA,2.0,0.024,9.98
927,2026-08-17,2026-08-21,2:00:00 PM,JUGO.NARANJA.,5.0,0.063,26.25
928,2026-08-17,2026-08-21,2:00:00 PM,JUPIÑA.,1.0,0.006,2.5
929,2026-08-17,2026-08-21,2:00:00 PM,killer drop red wine,1.0,0.083,34.99
930,2026-08-17,2026-08-21,2:00:00 PM,LENTEJAS GRANDE.,2.0,0.045,18.98
931,2026-08-17,2026-08-21,2:00:00 PM,LENTEJAS MEDIANA.,3.0,0.05,20.97
932,2026-08-17,2026-08-21,2:00:00 PM,LIMONADA,7.0,0.075,31.5
933,2026-08-17,2026-08-21,2:00:00 PM,MADIO.POLLO A la brasa,1.0,0.036,14.99
934,2026-08-17,2026-08-21,2:00:00 PM,-MADUROS.,2.0,0.021,8.98
935,2026-08-17,2026-08-21,2:00:00 PM,-MALTA,1.0,0.008,3.25
936,2026-08-17,2026-08-21,2:00:00 PM,MARIQUITAS DE MALANGA,2.0,0.029,11.98
937,2026-08-17,2026-08-21,2:00:00 PM,MARIQUITAS..MIXTA,1.0,0.013,5.49
938,2026-08-17,2026-08-21,2:00:00 PM,Mariquitas.togo.,1.0,0.011,4.5
939,2026-08-17,2026-08-21,2:00:00 PM,-MASAS DE PUERCO,1.0,0.033,13.99
940,2026-08-17,2026-08-21,2:00:00 PM,MASAS DE PUERCO.,1.0,0.033,13.69
941,2026-08-17,2026-08-21,2:00:00 PM,MATERVA.,2.0,0.012,5.0
942,2026-08-17,2026-08-21,2:00:00 PM,MEDIA NOCHE.,3.0,0.073,30.57
943,2026-08-17,2026-08-21,2:00:00 PM,-MEDIO POLLO A BRASA.,2.0,0.067,27.98
944,2026-08-17,2026-08-21,2:00:00 PM,MEDIO POLLO.ASADO.,1.0,0.031,12.99
945,2026-08-17,2026-08-21,2:00:00 PM,MELON..SANDIA,2.0,0.021,9.0
946,2026-08-17,2026-08-21,2:00:00 PM,-MILANESA DE POLLO,1.0,0.038,15.99
947,2026-08-17,2026-08-21,2:00:00 PM,MISC COCINA,2.0,0.013,5.5
948,2026-08-17,2026-08-21,2:00:00 PM,MOFONGO PUERCO.,1.0,0.04,16.99
949,2026-08-17,2026-08-21,2:00:00 PM,MOROS...,1.0,0.01,3.99
950,2026-08-17,2026-08-21,2:00:00 PM,NATILLA,1.0,0.012,4.99
951,2026-08-17,2026-08-21,2:00:00 PM,-PAN CON BISTEC.,13.0,0.345,144.87
952,2026-08-17,2026-08-21,2:00:00 PM,PAN JAMAICA,1.0,0.004,1.6
953,2026-08-17,2026-08-21,2:00:00 PM,PAPA RELLENA,3.0,0.021,8.97
954,2026-08-17,2026-08-21,2:00:00 PM,-PARGO FRITO ENTERO.,1.0,0.062,25.99
955,2026-08-17,2026-08-21,2:00:00 PM,Pasteles Guayaba,4.0,0.014,6.0
956,2026-08-17,2026-08-21,2:00:00 PM,Pasteles Queso/Guayaba,2.0,0.007,3.0
957,2026-08-17,2026-08-21,2:00:00 PM,PICADILLO,1.0,0.032,13.49
958,2026-08-17,2026-08-21,2:00:00 PM,-PICADILLO,2.0,0.07,29.38
959,2026-08-17,2026-08-21,2:00:00 PM,POLLO EMPANIZADO,1.0,0.037,15.49
960,2026-08-17,2026-08-21,2:00:00 PM,POTAJE COLORADOS MEDIA,2.0,0.034,14.38
961,2026-08-17,2026-08-21,2:00:00 PM,PUDIN DE PAN.,2.0,0.026,10.98
962,2026-08-17,2026-08-21,2:00:00 PM,PUDIN DIPLOMATICO.,3.0,0.039,16.47
963,2026-08-17,2026-08-21,2:00:00 PM,RABO ENCENDIDO.,2.0,0.115,48.18
964,2026-08-17,2026-08-21,2:00:00 PM,RIÑONADA.,1.0,0.05,20.99
965,2026-08-17,2026-08-21,2:00:00 PM,ROPA VIEJA..,8.0,0.29,121.92
966,2026-08-17,2026-08-21,2:00:00 PM,ROPA VIEJA...,5.0,0.198,83.25
967,2026-08-17,2026-08-21,2:00:00 PM,RUEDA DE SERRUCHO.,1.0,0.036,15.19
968,2026-08-17,2026-08-21,2:00:00 PM,SAND JAMON QUESO,1.0,0.022,9.19
969,2026-08-17,2026-08-21,2:00:00 PM,SANDWICH ENSAL POLLO,1.0,0.024,10.19
970,2026-08-17,2026-08-21,2:00:00 PM,SANDWICHES..POLLO.EMPA,1.0,0.03,12.49
971,2026-08-17,2026-08-21,2:00:00 PM,-SDWC TUNA REGULAR.,1.0,0.025,10.69
972,2026-08-17,2026-08-21,2:00:00 PM,SDWCH DE PAVO REGL.,1.0,0.024,9.99
973,2026-08-17,2026-08-21,2:00:00 PM,SM AJIACO,1.0,0.01,3.99
974,2026-08-17,2026-08-21,2:00:00 PM,Sopa de Pollo Grande,6.0,0.121,50.94
975,2026-08-17,2026-08-21,2:00:00 PM,SOPA PESCADO GRANDE.,8.0,0.209,87.92
976,2026-08-17,2026-08-21,2:00:00 PM,SOPA PESCADO MEDIANA.,3.0,0.05,20.97
977,2026-08-17,2026-08-21,2:00:00 PM,SOPA PLATANO GRANDE.,1.0,0.025,10.49
978,2026-08-17,2026-08-21,2:00:00 PM,SOPA PLATANO MEDIANA.,4.0,0.067,27.96
979,2026-08-17,2026-08-21,2:00:00 PM,Sopa Pollo Medina,4.0,0.052,21.96
980,2026-08-17,2026-08-21,2:00:00 PM,Spagheti Carne SALSA R,1.0,0.039,16.19
981,2026-08-17,2026-08-21,2:00:00 PM,SPRIET.,1.0,0.006,2.5
982,2026-08-17,2026-08-21,2:00:00 PM,T0 GO MESA,10.0,0.008,3.5
983,2026-08-17,2026-08-21,2:00:00 PM,TAMAL,2.0,0.014,5.98
984,2026-08-17,2026-08-21,2:00:00 PM,TAMAL CAZUELA.MEDIANO.,6.0,0.101,42.54
985,2026-08-17,2026-08-21,2:00:00 PM,TAMAL.CAZUELA GRANDE.,4.0,0.106,44.56
986,2026-08-17,2026-08-21,2:00:00 PM,To Go.,5.0,0.002,1.0
987,2026-08-17,2026-08-21,2:00:00 PM,To Go..,39.0,0.019,8.1
988,2026-08-17,2026-08-21,2:00:00 PM,TOSTADA,3.0,0.014,5.97
989,2026-08-17,2026-08-21,2:00:00 PM,TOSTONES.,3.0,0.036,14.97
990,2026-08-17,2026-08-21,2:00:00 PM,TRES LECHES.,1.0,0.014,5.99
991,2026-08-17,2026-08-21,2:00:00 PM,-VACA FRITA,5.0,0.203,85.35
992,2026-08-17,2026-08-21,2:00:00 PM,varadero fuma,2.0,0.011,4.5
993,2026-08-17,2026-08-21,2:00:00 PM,YUCA.,1.0,0.011,4.49
994,2026-08-17,2026-08-21,3:00:00 PM,.ARROZ FRITO,2.0,0.065,27.38
995,2026-08-17,2026-08-21,3:00:00 PM,_=====================,21.0,0.0,0.0
996,2026-08-17,2026-08-21,3:00:00 PM,== TO GO ==,17.0,0.008,3.4
997,2026-08-17,2026-08-21,3:00:00 PM,======================,6.0,0.0,0.0
998,2026-08-17,2026-08-21,3:00:00 PM,1 BOLA HELADO..,1.0,0.007,2.99
999,2026-08-17,2026-08-21,3:00:00 PM,AGUA NATURAL,1.0,0.005,1.99
1000,2026-08-17,2026-08-21,3:00:00 PM,AGUA PERRIER,2.0,0.017,6.98
1001,2026-08-17,2026-08-21,3:00:00 PM,AGUACATE$4.00,2.0,0.019,8.0
1002,2026-08-17,2026-08-21,3:00:00 PM,AJIACO..GRANDE,5.0,0.127,53.25
1003,2026-08-17,2026-08-21,3:00:00 PM,ALBONDIGAS.RES.,1.0,0.034,14.19
1004,2026-08-17,2026-08-21,3:00:00 PM,ARROZ CON LECHE,1.0,0.013,5.49
1005,2026-08-17,2026-08-21,3:00:00 PM,ARROZ BLANCO..,3.0,0.023,9.75
1006,2026-08-17,2026-08-21,3:00:00 PM,ARROZ CHIQUITO,3.0,0.018,7.75
1007,2026-08-17,2026-08-21,3:00:00 PM,ARROZ CON POLLO.,2.0,0.064,26.98
1008,2026-08-17,2026-08-21,3:00:00 PM,ARROZ FRITO,2.0,0.07,29.38
1009,2026-08-17,2026-08-21,3:00:00 PM,ARROZ IMPERIAL..,2.0,0.067,28.18
1010,2026-08-17,2026-08-21,3:00:00 PM,BABY CHURASCO,6.0,0.291,122.34
1011,2026-08-17,2026-08-21,3:00:00 PM,BABY CHURRASCO,2.0,0.086,36.18
1012,2026-08-17,2026-08-21,3:00:00 PM,BACALAO VISCAINA,2.0,0.096,40.18
1013,2026-08-17,2026-08-21,3:00:00 PM,BATIDO CHOCOLATE.,6.0,0.071,29.94
1014,2026-08-17,2026-08-21,3:00:00 PM,BATIDO FRUTA BONBA,2.0,0.024,9.98
1015,2026-08-17,2026-08-21,3:00:00 PM,BATIDO MAMEY,4.0,0.052,21.96
1016,2026-08-17,2026-08-21,3:00:00 PM,BISTEC DE POLLO-,3.0,0.1,42.07
1017,2026-08-17,2026-08-21,3:00:00 PM,BISTEC DE POLLO.,5.0,0.162,68.05
1018,2026-08-17,2026-08-21,3:00:00 PM,-BISTEC DE POLLO.,5.0,0.163,68.25
1019,2026-08-17,2026-08-21,3:00:00 PM,BISTEC DE POLLO..,3.0,0.102,42.87
1020,2026-08-17,2026-08-21,3:00:00 PM,BISTEC DE POLLO...,4.0,0.13,54.56
1021,2026-08-17,2026-08-21,3:00:00 PM,-BISTEC DE PUERCO,1.0,0.037,15.49
1022,2026-08-17,2026-08-21,3:00:00 PM,BISTEC EN CAZUELA,1.0,0.04,16.69
1023,2026-08-17,2026-08-21,3:00:00 PM,-BISTEC PALOMILLA,1.0,0.043,18.19
1024,2026-08-17,2026-08-21,3:00:00 PM,BISTEC POLLO PLANCHA,1.0,0.033,13.69
1025,2026-08-17,2026-08-21,3:00:00 PM,BOLICHE ..,2.0,0.072,30.38
1026,2026-08-17,2026-08-21,3:00:00 PM,BOLITA DE TUNA.,1.0,0.008,3.25
1027,2026-08-17,2026-08-21,3:00:00 PM,BONIATILLO.,1.0,0.004,1.5
1028,2026-08-17,2026-08-21,3:00:00 PM,CAFE CON LECHE MEDIANO,1.0,0.009,3.75
1029,2026-08-17,2026-08-21,3:00:00 PM,CAFE CON LECHE PEQUENO,1.0,0.006,2.5
1030,2026-08-17,2026-08-21,3:00:00 PM,CAFE CUBANO.,12.0,0.043,18.0
1031,2026-08-17,2026-08-21,3:00:00 PM,CANT 5 RECOGER,1.0,0.143,60.0
1032,2026-08-17,2026-08-21,3:00:00 PM,CARNE CON PAPAS.,2.0,0.068,28.38
1033,2026-08-17,2026-08-21,3:00:00 PM,CASCOS GUAVA QUESO,3.0,0.043,17.97
1034,2026-08-17,2026-08-21,3:00:00 PM,CHICHAR POLLO SIN HUES,1.0,0.032,13.49
1035,2026-08-17,2026-08-21,3:00:00 PM,CHICHARO GRANDE.,1.0,0.022,9.19
1036,2026-08-17,2026-08-21,3:00:00 PM,chichek wings,1.0,0.018,7.5
1037,2026-08-17,2026-08-21,3:00:00 PM,CHILINDRON D CHIVO,1.0,0.052,21.99
1038,2026-08-17,2026-08-21,3:00:00 PM,CHULETAS DE PUERCO,1.0,0.035,14.49
1039,2026-08-17,2026-08-21,3:00:00 PM,"CHURRASCO ,,,",2.0,0.124,51.98
1040,2026-08-17,2026-08-21,3:00:00 PM,COKE.,2.0,0.012,5.0
1041,2026-08-17,2026-08-21,3:00:00 PM,COLADA.,4.0,0.026,11.0
1042,2026-08-17,2026-08-21,3:00:00 PM,COPA VINO,2.0,0.043,17.98
1043,2026-08-17,2026-08-21,3:00:00 PM,-CORONA.,1.0,0.013,5.49
1044,2026-08-17,2026-08-21,3:00:00 PM,Cortadito Evaporada,9.0,0.054,22.5
1045,2026-08-17,2026-08-21,3:00:00 PM,"Cortadito,.",3.0,0.016,6.75
1046,2026-08-17,2026-08-21,3:00:00 PM,CREMA BROCOLY,5.0,0.11,46.25
1047,2026-08-17,2026-08-21,3:00:00 PM,CREMA VEGETAL MEDIANA,2.0,0.033,13.98
1048,2026-08-17,2026-08-21,3:00:00 PM,CREMA VEGETALES MEDIAN,1.0,0.017,6.99
1049,2026-08-17,2026-08-21,3:00:00 PM,CREMA. MALANGA GRANDE.,1.0,0.025,10.49
1050,2026-08-17,2026-08-21,3:00:00 PM,croqueta bacalao.,3.0,0.014,5.97
1051,2026-08-17,2026-08-21,3:00:00 PM,croqueta jamon.,16.0,0.067,28.0
1052,2026-08-17,2026-08-21,3:00:00 PM,croqueta pollo.,2.0,0.008,3.5
1053,2026-08-17,2026-08-21,3:00:00 PM,CUBANO ESPECIAL..,2.0,0.058,24.18
1054,2026-08-17,2026-08-21,3:00:00 PM,DEDITOS .PESCADO.,2.0,0.067,28.18
1055,2026-08-17,2026-08-21,3:00:00 PM,DEDITOS DE PESCADO,3.0,0.116,48.57
1056,2026-08-17,2026-08-21,3:00:00 PM,-DEDITOS DE POLLO,1.0,0.031,12.99
1057,2026-08-17,2026-08-21,3:00:00 PM,deditos Queso/Guayaba,1.0,0.005,1.99
1058,2026-08-17,2026-08-21,3:00:00 PM,DIET COKE.,1.0,0.005,2.25
1059,2026-08-17,2026-08-21,3:00:00 PM,Empanada carne,2.0,0.014,5.98
1060,2026-08-17,2026-08-21,3:00:00 PM,Empanada Jamon/Queso,1.0,0.007,2.99
1061,2026-08-17,2026-08-21,3:00:00 PM,ENSALA AGUACAT PEQUE,9.0,0.096,40.5
1062,2026-08-17,2026-08-21,3:00:00 PM,ENSALA POLLO 2 CROQUET,1.0,0.03,12.49
1063,2026-08-17,2026-08-21,3:00:00 PM,ENSALADA AGUACAT GRAND,2.0,0.026,11.0
1064,2026-08-17,2026-08-21,3:00:00 PM,Epaguetti con jamon.RO,1.0,0.031,13.19
1065,2026-08-17,2026-08-21,3:00:00 PM,EXTRA AGUACATE.,2.0,0.008,3.5
1066,2026-08-17,2026-08-21,3:00:00 PM,FABADA GRANDE,2.0,0.051,21.38
1067,2026-08-17,2026-08-21,3:00:00 PM,FILETE PARGO PLANCHA,1.0,0.05,20.99
1068,2026-08-17,2026-08-21,3:00:00 PM,-FILETE PESCADO PLANCH,1.0,0.043,17.99
1069,2026-08-17,2026-08-21,3:00:00 PM,FILETE SALMON.,4.0,0.178,74.6
1070,2026-08-17,2026-08-21,3:00:00 PM,FILETILLO DE CARNE.,2.0,0.065,27.38
1071,2026-08-17,2026-08-21,3:00:00 PM,FILETILLO POLLO PLANCH,2.0,0.072,30.38
1072,2026-08-17,2026-08-21,3:00:00 PM,-FRICASE DE POLLO,1.0,0.027,11.19
1073,2026-08-17,2026-08-21,3:00:00 PM,FRICASE PUERCO.,1.0,0.032,13.25
1074,2026-08-17,2026-08-21,3:00:00 PM,FRIJOL MEDIANO.,2.0,0.024,9.98
1075,2026-08-17,2026-08-21,3:00:00 PM,FRIJOL.COLORADO CHIQUI,1.0,0.01,3.99
1076,2026-08-17,2026-08-21,3:00:00 PM,FRITURAS DE MALANGA,2.0,0.031,13.0
1077,2026-08-17,2026-08-21,3:00:00 PM,GARBANZO.MEDIANO.,3.0,0.05,20.97
1078,2026-08-17,2026-08-21,3:00:00 PM,GREMA-MALANGA.GRANDE.,1.0,0.025,10.49
1079,2026-08-17,2026-08-21,3:00:00 PM,GUARAPO.,4.0,0.05,21.0
1080,2026-08-17,2026-08-21,3:00:00 PM,GUISO.MAIZ MEDIANO.,4.0,0.067,27.96
1081,2026-08-17,2026-08-21,3:00:00 PM,HELADO CONO..,1.0,0.008,3.5
1082,2026-08-17,2026-08-21,3:00:00 PM,HIGADO ITALIANA,1.0,0.039,16.49
1083,2026-08-17,2026-08-21,3:00:00 PM,HORDEN DE 3 CHICHARONE,1.0,0.008,3.25
1084,2026-08-17,2026-08-21,3:00:00 PM,inca kola,5.0,0.036,14.95
1085,2026-08-17,2026-08-21,3:00:00 PM,IRON BEER.,2.0,0.012,5.0
1086,2026-08-17,2026-08-21,3:00:00 PM,JUEGO DE MANZANA,1.0,0.008,3.25
1087,2026-08-17,2026-08-21,3:00:00 PM,JUGO.NARANJA.,4.0,0.05,21.0
1088,2026-08-17,2026-08-21,3:00:00 PM,Juntas,3.0,0.0,0.0
1089,2026-08-17,2026-08-21,3:00:00 PM,JUPINA DIETA,1.0,0.006,2.5
1090,2026-08-17,2026-08-21,3:00:00 PM,JUPIÑA.,3.0,0.018,7.5
1091,2026-08-17,2026-08-21,3:00:00 PM,-LECHON ASADO,1.0,0.033,13.99
1092,2026-08-17,2026-08-21,3:00:00 PM,LENTEJAS GRANDE.,1.0,0.023,9.49
1093,2026-08-17,2026-08-21,3:00:00 PM,LENTEJAS MEDIANA.,5.0,0.083,34.95
1094,2026-08-17,2026-08-21,3:00:00 PM,LENTEJAS.CHIQUITA.,2.0,0.019,7.98
1095,2026-08-17,2026-08-21,3:00:00 PM,MADIO.POLLO A la brasa,1.0,0.033,13.99
1096,2026-08-17,2026-08-21,3:00:00 PM,-MADUROS.,1.0,0.011,4.49
1097,2026-08-17,2026-08-21,3:00:00 PM,-MARIQUITAS.,4.0,0.057,23.96
1098,2026-08-17,2026-08-21,3:00:00 PM,-MASAS DE PUERCO,1.0,0.033,13.99
1099,2026-08-17,2026-08-21,3:00:00 PM,MASAS DE PUERCO.,2.0,0.068,28.38
1100,2026-08-17,2026-08-21,3:00:00 PM,MATERVA.,6.0,0.036,15.0
1101,2026-08-17,2026-08-21,3:00:00 PM,MEDIA NOCHE.,1.0,0.024,10.19
1102,2026-08-17,2026-08-21,3:00:00 PM,-MEDIO POLLO A BRASA.,3.0,0.094,39.57
1103,2026-08-17,2026-08-21,3:00:00 PM,MEDIO POLLO.ASADO.,1.0,0.031,13.19
1104,2026-08-17,2026-08-21,3:00:00 PM,MELON..SANDIA,5.0,0.054,22.5
1105,2026-08-17,2026-08-21,3:00:00 PM,MERENQUITO,1.0,0.004,1.5
1106,2026-08-17,2026-08-21,3:00:00 PM,MIAMI SANDWICH.,1.0,0.029,11.99
1107,2026-08-17,2026-08-21,3:00:00 PM,-MILANESA DE POLLO,3.0,0.115,48.37
1108,2026-08-17,2026-08-21,3:00:00 PM,MISC COCINA,1.0,0.01,4.0
1109,2026-08-17,2026-08-21,3:00:00 PM,MOFONGO PUERCO.,1.0,0.04,16.99
1110,2026-08-17,2026-08-21,3:00:00 PM,NATILLA CATALANA,1.0,0.015,6.25
1111,2026-08-17,2026-08-21,3:00:00 PM,-PAN CON BISTEC.,2.0,0.053,22.38
1112,2026-08-17,2026-08-21,3:00:00 PM,PAN JAMAICA,2.0,0.008,3.2
1113,2026-08-17,2026-08-21,3:00:00 PM,Pasteles Guayaba,1.0,0.004,1.5
1114,2026-08-17,2026-08-21,3:00:00 PM,PICADILLO,2.0,0.065,27.38
1115,2026-08-17,2026-08-21,3:00:00 PM,POLLO EMPANIZADO,3.0,0.105,44.07
1116,2026-08-17,2026-08-21,3:00:00 PM,POTAJE COLORADOS MEDIA,1.0,0.017,6.99
1117,2026-08-17,2026-08-21,3:00:00 PM,PUDIN DE PAN.,1.0,0.013,5.49
1118,2026-08-17,2026-08-21,3:00:00 PM,PUDIN DIPLOMATICO.,1.0,0.013,5.49
1119,2026-08-17,2026-08-21,3:00:00 PM,RABO ENCENDIDO.,3.0,0.172,72.17
1120,2026-08-17,2026-08-21,3:00:00 PM,-RACION DE MALANGA.,1.0,0.014,5.99
1121,2026-08-17,2026-08-21,3:00:00 PM,RIÑONADA.,1.0,0.05,20.99
1122,2026-08-17,2026-08-21,3:00:00 PM,RIÑONADA.CON.3. CAMAR,1.0,0.071,29.99
1123,2026-08-17,2026-08-21,3:00:00 PM,ROPA VIEJA..,5.0,0.181,75.95
1124,2026-08-17,2026-08-21,3:00:00 PM,ROPA VIEJA...,1.0,0.039,16.49
1125,2026-08-17,2026-08-21,3:00:00 PM,salsa cilandro,3.0,0.009,3.75
1126,2026-08-17,2026-08-21,3:00:00 PM,SM SOPA PESCADO,1.0,0.01,4.25
1127,2026-08-17,2026-08-21,3:00:00 PM,Sopa de Pollo Grande,7.0,0.142,59.43
1128,2026-08-17,2026-08-21,3:00:00 PM,SOPA PESCADO GRANDE.,1.0,0.026,10.99
1129,2026-08-17,2026-08-21,3:00:00 PM,SOPA PESCADO MEDIANA.,6.0,0.1,41.94
1130,2026-08-17,2026-08-21,3:00:00 PM,Sopa Pollo Medina,7.0,0.092,38.43
1131,2026-08-17,2026-08-21,3:00:00 PM,SOPA. POLLO CHIQUITA,2.0,0.017,7.0
1132,2026-08-17,2026-08-21,3:00:00 PM,SPRIET.,1.0,0.006,2.5
1133,2026-08-17,2026-08-21,3:00:00 PM,T0 GO MESA,20.0,0.017,7.0
1134,2026-08-17,2026-08-21,3:00:00 PM,TAMAL,1.0,0.007,2.99
1135,2026-08-17,2026-08-21,3:00:00 PM,TAMAL CAZUELA.MEDIANO.,2.0,0.034,14.18
1136,2026-08-17,2026-08-21,3:00:00 PM,To Go.,3.0,0.001,0.6
1137,2026-08-17,2026-08-21,3:00:00 PM,To Go..,27.0,0.013,5.55
1138,2026-08-17,2026-08-21,3:00:00 PM,TOSTONES.,5.0,0.059,24.95
1139,2026-08-17,2026-08-21,3:00:00 PM,TRES LECHES.,4.0,0.057,23.96
1140,2026-08-17,2026-08-21,3:00:00 PM,-VACA FRITA,2.0,0.081,33.98
1141,2026-08-17,2026-08-21,3:00:00 PM,YUCA FRITA.,1.0,0.013,5.49
1142,2026-08-17,2026-08-21,4:00:00 PM,.ARROZ FRITO,1.0,0.033,13.69
1143,2026-08-17,2026-08-21,4:00:00 PM,_=====================,7.0,0.0,0.0
1144,2026-08-17,2026-08-21,4:00:00 PM,== TO GO ==,21.0,0.01,4.2
1145,2026-08-17,2026-08-21,4:00:00 PM,======================,4.0,0.0,0.0
1146,2026-08-17,2026-08-21,4:00:00 PM,1 BOLA HELADO..,3.0,0.021,8.97
1147,2026-08-17,2026-08-21,4:00:00 PM,1.LIBRA ENSALA POLLO.,1.0,0.021,8.99
1148,2026-08-17,2026-08-21,4:00:00 PM,305 Verdes,1.0,0.015,6.25
1149,2026-08-17,2026-08-21,4:00:00 PM,AGUA PERRIER,1.0,0.008,3.49
1150,2026-08-17,2026-08-21,4:00:00 PM,AGUACATE$4.00,1.0,0.01,4.0
1151,2026-08-17,2026-08-21,4:00:00 PM,AJIACO MEDIANO,1.0,0.017,6.99
1152,2026-08-17,2026-08-21,4:00:00 PM,AJIACO..GRANDE,2.0,0.051,21.38
1153,2026-08-17,2026-08-21,4:00:00 PM,ALBONDIGAS.RES.,3.0,0.106,44.57
1154,2026-08-17,2026-08-21,4:00:00 PM,ARROZ BLANCO..,2.0,0.015,6.5
1155,2026-08-17,2026-08-21,4:00:00 PM,ARROZ CHIQUITO,1.0,0.005,2.25
1156,2026-08-17,2026-08-21,4:00:00 PM,ARROZ FRITO,2.0,0.07,29.18
1157,2026-08-17,2026-08-21,4:00:00 PM,BABY CHURASCO,1.0,0.048,19.99
1158,2026-08-17,2026-08-21,4:00:00 PM,BACALAO VISCAINA,1.0,0.048,19.99
1159,2026-08-17,2026-08-21,4:00:00 PM,Bananas.3 $ 1.50,1.0,0.004,1.5
1160,2026-08-17,2026-08-21,4:00:00 PM,BATIDO FRUTA BONBA,2.0,0.024,9.98
1161,2026-08-17,2026-08-21,4:00:00 PM,BATIDO MANGO,2.0,0.024,9.98
1162,2026-08-17,2026-08-21,4:00:00 PM,BATIDO TRIGO,1.0,0.012,4.99
1163,2026-08-17,2026-08-21,4:00:00 PM,BISTEC A CABALLO,1.0,0.035,14.69
1164,2026-08-17,2026-08-21,4:00:00 PM,-BISTEC DE HIGADO,1.0,0.032,13.49
1165,2026-08-17,2026-08-21,4:00:00 PM,BISTEC DE POLLO-,3.0,0.096,40.47
1166,2026-08-17,2026-08-21,4:00:00 PM,BISTEC DE POLLO.,4.0,0.131,55.16
1167,2026-08-17,2026-08-21,4:00:00 PM,-BISTEC DE POLLO.,1.0,0.032,13.49
1168,2026-08-17,2026-08-21,4:00:00 PM,BISTEC DE POLLO..,3.0,0.102,42.87
1169,2026-08-17,2026-08-21,4:00:00 PM,BISTEC DE POLLO...,1.0,0.033,13.69
1170,2026-08-17,2026-08-21,4:00:00 PM,-BISTEC DE PUERCO,1.0,0.037,15.69
1171,2026-08-17,2026-08-21,4:00:00 PM,BISTEC EN CAZUELA,1.0,0.035,14.49
1172,2026-08-17,2026-08-21,4:00:00 PM,-BISTEC PALOMILLA,2.0,0.086,36.18
1173,2026-08-17,2026-08-21,4:00:00 PM,BISTEC POLLO PLANCHA,2.0,0.065,27.38
1174,2026-08-17,2026-08-21,4:00:00 PM,BOLICHE ..,1.0,0.036,15.19
1175,2026-08-17,2026-08-21,4:00:00 PM,BONIATO FRITO..,1.0,0.012,4.99
1176,2026-08-17,2026-08-21,4:00:00 PM,BOÑUELOS.,2.0,0.026,10.98
1177,2026-08-17,2026-08-21,4:00:00 PM,Bud Light,1.0,0.012,4.99
1178,2026-08-17,2026-08-21,4:00:00 PM,CAFE CON LECHE GRANDE,2.0,0.021,9.0
1179,2026-08-17,2026-08-21,4:00:00 PM,CAFE CON LECHE MEDIANO,1.0,0.009,3.75
1180,2026-08-17,2026-08-21,4:00:00 PM,CAFE CON LECHE PEQUENO,2.0,0.012,5.0
1181,2026-08-17,2026-08-21,4:00:00 PM,CAFE CUBANO.,18.0,0.064,27.0
1182,2026-08-17,2026-08-21,4:00:00 PM,CANT 4 DELIVER,3.0,0.4,168.0
1183,2026-08-17,2026-08-21,4:00:00 PM,CANT 5 DELIVER,1.0,0.167,70.0
1184,2026-08-17,2026-08-21,4:00:00 PM,CARNE CON PAPAS.,1.0,0.034,14.19
1185,2026-08-17,2026-08-21,4:00:00 PM,CHICHAR POLLO C HUESO.,1.0,0.033,13.69
1186,2026-08-17,2026-08-21,4:00:00 PM,CHICHARO GRANDE.,3.0,0.066,27.57
1187,2026-08-17,2026-08-21,4:00:00 PM,CHICHARO MEDIANO.,2.0,0.033,13.98
1188,2026-08-17,2026-08-21,4:00:00 PM,CHULETAS DE PUERCO.,4.0,0.135,56.76
1189,2026-08-17,2026-08-21,4:00:00 PM,"CHURRASCO ,,,",2.0,0.124,51.98
1190,2026-08-17,2026-08-21,4:00:00 PM,COKE.,2.0,0.012,5.0
1191,2026-08-17,2026-08-21,4:00:00 PM,COLADA.,5.0,0.033,13.75
1192,2026-08-17,2026-08-21,4:00:00 PM,CONGRI.,2.0,0.019,7.98
1193,2026-08-17,2026-08-21,4:00:00 PM,COPA DE SANGRIA.,1.0,0.021,8.99
1194,2026-08-17,2026-08-21,4:00:00 PM,COPA VINO,1.0,0.021,8.99
1195,2026-08-17,2026-08-21,4:00:00 PM,Cortadito Evaporada,3.0,0.018,7.5
1196,2026-08-17,2026-08-21,4:00:00 PM,CREMA CALABAZA GRANDE,4.0,0.095,39.96
1197,2026-08-17,2026-08-21,4:00:00 PM,CREMA GRANDE CALABAZA.,1.0,0.024,10.19
1198,2026-08-17,2026-08-21,4:00:00 PM,CREMA MALANGA MEDIANA.,5.0,0.083,34.95
1199,2026-08-17,2026-08-21,4:00:00 PM,CREMA VEGETAL MEDIANA,1.0,0.017,6.99
1200,2026-08-17,2026-08-21,4:00:00 PM,CREMA. MALANGA GRANDE.,1.0,0.025,10.49
1201,2026-08-17,2026-08-21,4:00:00 PM,croqueta jamon.,8.0,0.033,14.0
1202,2026-08-17,2026-08-21,4:00:00 PM,CUBANO ESPECIAL..,5.0,0.145,60.75
1203,2026-08-17,2026-08-21,4:00:00 PM,CUBANO REGULAR.,1.0,0.024,9.99
1204,2026-08-17,2026-08-21,4:00:00 PM,DEDITOS DE PESCADO,2.0,0.077,32.38
1205,2026-08-17,2026-08-21,4:00:00 PM,deditos de pollo kids,1.0,0.019,7.99
1206,2026-08-17,2026-08-21,4:00:00 PM,DIET COKE.,1.0,0.005,2.25
1207,2026-08-17,2026-08-21,4:00:00 PM,DIET MATERVA.,1.0,0.006,2.5
1208,2026-08-17,2026-08-21,4:00:00 PM,DULCE DE LECHE,1.0,0.013,5.49
1209,2026-08-17,2026-08-21,4:00:00 PM,Empanada carne,6.0,0.043,17.94
1210,2026-08-17,2026-08-21,4:00:00 PM,Empanada Jamon/Queso,1.0,0.007,2.99
1211,2026-08-17,2026-08-21,4:00:00 PM,Empanada Pollo,2.0,0.014,5.98
1212,2026-08-17,2026-08-21,4:00:00 PM,ENPANISADO. RES,3.0,0.12,50.17
1213,2026-08-17,2026-08-21,4:00:00 PM,"ENPELLAS,chicharones.",1.0,0.014,6.0
1214,2026-08-17,2026-08-21,4:00:00 PM,ENSALA AGUACAT PEQUE,3.0,0.032,13.5
1215,2026-08-17,2026-08-21,4:00:00 PM,ENSALA POLLO 2 CROQUET,1.0,0.03,12.49
1216,2026-08-17,2026-08-21,4:00:00 PM,ENSALADA AGUACAT GRAND,4.0,0.052,22.0
1217,2026-08-17,2026-08-21,4:00:00 PM,Ensalada Small,1.0,0.007,2.75
1218,2026-08-17,2026-08-21,4:00:00 PM,EXTRA AGUACATE.,1.0,0.004,1.75
1219,2026-08-17,2026-08-21,4:00:00 PM,FABADA MEDIANA.,2.0,0.034,14.38
1220,2026-08-17,2026-08-21,4:00:00 PM,-FILETE PESCADO PLANCH,1.0,0.041,17.19
1221,2026-08-17,2026-08-21,4:00:00 PM,FILETILLO POLLO PLANCH,3.0,0.107,44.97
1222,2026-08-17,2026-08-21,4:00:00 PM,FILETILLO RES PLANCHA.,2.0,0.072,30.18
1223,2026-08-17,2026-08-21,4:00:00 PM,FILETILLO RES SALSA.,1.0,0.036,15.19
1224,2026-08-17,2026-08-21,4:00:00 PM,FLAN ESPECIAL.,2.0,0.029,11.98
1225,2026-08-17,2026-08-21,4:00:00 PM,-FLAN.,1.0,0.012,4.99
1226,2026-08-17,2026-08-21,4:00:00 PM,-FRICASE DE POLLO,4.0,0.105,44.16
1227,2026-08-17,2026-08-21,4:00:00 PM,FRIJOL MEDIANO.,2.0,0.024,9.98
1228,2026-08-17,2026-08-21,4:00:00 PM,FRIJOL.COLORADO CHIQUI,1.0,0.01,3.99
1229,2026-08-17,2026-08-21,4:00:00 PM,FRITA CUBANA,1.0,0.027,11.49
1230,2026-08-17,2026-08-21,4:00:00 PM,FRITURAS DE MALANGA,2.0,0.031,13.0
1231,2026-08-17,2026-08-21,4:00:00 PM,GARBANZO.FRITO.,1.0,0.033,13.99
1232,2026-08-17,2026-08-21,4:00:00 PM,GARBANZO.MEDIANO.,4.0,0.067,27.96
1233,2026-08-17,2026-08-21,4:00:00 PM,GATORADE FRUIT PUNCH,1.0,0.01,3.99
1234,2026-08-17,2026-08-21,4:00:00 PM,GUARAPO.,4.0,0.05,21.0
1235,2026-08-17,2026-08-21,4:00:00 PM,GUISO MAIZ CHIQUITO.,2.0,0.019,7.98
1236,2026-08-17,2026-08-21,4:00:00 PM,GUISO MAIZ GRANDE.,1.0,0.025,10.49
1237,2026-08-17,2026-08-21,4:00:00 PM,HELADO CONO..,2.0,0.017,7.0
1238,2026-08-17,2026-08-21,4:00:00 PM,HIGADO ITALIANA,2.0,0.072,30.18
1239,2026-08-17,2026-08-21,4:00:00 PM,HORDEN DE CHICHARON.,1.0,0.008,3.25
1240,2026-08-17,2026-08-21,4:00:00 PM,HORDEN DE 3 CHICHARONE,1.0,0.008,3.25
1241,2026-08-17,2026-08-21,4:00:00 PM,IMPERIAL .,1.0,0.029,12.19
1242,2026-08-17,2026-08-21,4:00:00 PM,IRON BEER.,1.0,0.006,2.5
1243,2026-08-17,2026-08-21,4:00:00 PM,JUEGO DE MANZANA,1.0,0.008,3.25
1244,2026-08-17,2026-08-21,4:00:00 PM,JUGO MARACULLA,1.0,0.011,4.5
1245,2026-08-17,2026-08-21,4:00:00 PM,JUGO.NARANJA.,5.0,0.063,26.25
1246,2026-08-17,2026-08-21,4:00:00 PM,Juntas,1.0,0.0,0.0
1247,2026-08-17,2026-08-21,4:00:00 PM,JUPINA DIETA,1.0,0.006,2.5
1248,2026-08-17,2026-08-21,4:00:00 PM,-LECHON ASADO,1.0,0.034,14.19
1249,2026-08-17,2026-08-21,4:00:00 PM,LENTEJAS GRANDE.,2.0,0.045,18.98
1250,2026-08-17,2026-08-21,4:00:00 PM,LENTEJAS MEDIANA.,1.0,0.017,6.99
1251,2026-08-17,2026-08-21,4:00:00 PM,LENTEJAS.CHIQUITA.,2.0,0.019,7.98
1252,2026-08-17,2026-08-21,4:00:00 PM,LIMANADA COCO.,1.0,0.014,5.99
1253,2026-08-17,2026-08-21,4:00:00 PM,LIMONADA,1.0,0.011,4.5
1254,2026-08-17,2026-08-21,4:00:00 PM,macarron con queso,1.0,0.019,7.99
1255,2026-08-17,2026-08-21,4:00:00 PM,MADIO.POLLO A la brasa,1.0,0.033,13.99
1256,2026-08-17,2026-08-21,4:00:00 PM,-MADUROS.,2.0,0.021,8.98
1257,2026-08-17,2026-08-21,4:00:00 PM,MARIQUITAS DE MALANGA,1.0,0.014,5.99
1258,2026-08-17,2026-08-21,4:00:00 PM,-MARIQUITAS.,4.0,0.057,23.96
1259,2026-08-17,2026-08-21,4:00:00 PM,MARIQUITAS..MIXTA,1.0,0.013,5.49
1260,2026-08-17,2026-08-21,4:00:00 PM,-MASAS DE PUERCO,2.0,0.067,28.18
1261,2026-08-17,2026-08-21,4:00:00 PM,MATERVA.,1.0,0.006,2.5
1262,2026-08-17,2026-08-21,4:00:00 PM,MEDIA NOCHE.,3.0,0.072,30.37
1263,2026-08-17,2026-08-21,4:00:00 PM,-MEDIO POLLO A BRASA.,1.0,0.031,13.19
1264,2026-08-17,2026-08-21,4:00:00 PM,MEDIO POLLO.ASADO.,5.0,0.156,65.55
1265,2026-08-17,2026-08-21,4:00:00 PM,MELON..SANDIA,1.0,0.011,4.5
1266,2026-08-17,2026-08-21,4:00:00 PM,MILANESA RES.,2.0,0.096,40.18
1267,2026-08-17,2026-08-21,4:00:00 PM,MODELO,5.0,0.065,27.45
1268,2026-08-17,2026-08-21,4:00:00 PM,Mofongo solo,1.0,0.019,7.99
1269,2026-08-17,2026-08-21,4:00:00 PM,mofongo.bistec poll,2.0,0.088,37.0
1270,2026-08-17,2026-08-21,4:00:00 PM,NATILLA CATALANA,2.0,0.03,12.5
1271,2026-08-17,2026-08-21,4:00:00 PM,palomilla baby,2.0,0.053,22.2
1272,2026-08-17,2026-08-21,4:00:00 PM,-PAN CON BISTEC.,1.0,0.027,11.19
1273,2026-08-17,2026-08-21,4:00:00 PM,PAN CON LECHON.,2.0,0.046,19.18
1274,2026-08-17,2026-08-21,4:00:00 PM,PAPAS FRITAS,1.0,0.011,4.49
1275,2026-08-17,2026-08-21,4:00:00 PM,Pasteles Guayaba,1.0,0.004,1.5
1276,2026-08-17,2026-08-21,4:00:00 PM,PLATANO HERVIDO,1.0,0.012,4.99
1277,2026-08-17,2026-08-21,4:00:00 PM,POTAJE COLORADOS MEDIA,3.0,0.051,21.57
1278,2026-08-17,2026-08-21,4:00:00 PM,PUDIN DE PAN.,1.0,0.013,5.49
1279,2026-08-17,2026-08-21,4:00:00 PM,PUDIN DIPLOMATICO.,1.0,0.013,5.49
1280,2026-08-17,2026-08-21,4:00:00 PM,PURE PAPAS.,1.0,0.011,4.49
1281,2026-08-17,2026-08-21,4:00:00 PM,RABO ENCENDIDO.,4.0,0.23,96.36
1282,2026-08-17,2026-08-21,4:00:00 PM,RIÑONADA.,2.0,0.1,42.18
1283,2026-08-17,2026-08-21,4:00:00 PM,ROPA VIEJA..,5.0,0.179,75.35
1284,2026-08-17,2026-08-21,4:00:00 PM,ROPA VIEJA...,2.0,0.079,32.98
1285,2026-08-17,2026-08-21,4:00:00 PM,RUEDA DE SERRUCHO.,1.0,0.036,14.99
1286,2026-08-17,2026-08-21,4:00:00 PM,-SDWC TUNA REGULAR.,1.0,0.025,10.49
1287,2026-08-17,2026-08-21,4:00:00 PM,Sopa de Pollo Grande,6.0,0.121,50.94
1288,2026-08-17,2026-08-21,4:00:00 PM,SOPA PESCADO MEDIANA.,1.0,0.017,6.99
1289,2026-08-17,2026-08-21,4:00:00 PM,SOPA PLATANO GRANDE.,2.0,0.05,20.98
1290,2026-08-17,2026-08-21,4:00:00 PM,SOPA PLATANO MEDIANA.,2.0,0.033,13.98
1291,2026-08-17,2026-08-21,4:00:00 PM,Sopa Pollo Medina,3.0,0.039,16.47
1292,2026-08-17,2026-08-21,4:00:00 PM,SPRIET.,1.0,0.006,2.5
1293,2026-08-17,2026-08-21,4:00:00 PM,T0 GO MESA,18.0,0.015,6.3
1294,2026-08-17,2026-08-21,4:00:00 PM,TAMA. CAZUELA CHIQUITO,1.0,0.011,4.5
1295,2026-08-17,2026-08-21,4:00:00 PM,TAMAL,2.0,0.014,5.98
1296,2026-08-17,2026-08-21,4:00:00 PM,TAMAL CAZUELA.MEDIANO.,5.0,0.084,35.15
1297,2026-08-17,2026-08-21,4:00:00 PM,TAMAL.CAZUELA GRANDE.,2.0,0.053,22.18
1298,2026-08-17,2026-08-21,4:00:00 PM,To Go.,6.0,0.003,1.2
1299,2026-08-17,2026-08-21,4:00:00 PM,To Go..,33.0,0.017,7.2
1300,2026-08-17,2026-08-21,4:00:00 PM,TOSTONES.,4.0,0.048,19.96
1301,2026-08-17,2026-08-21,4:00:00 PM,TRES LECHES.,4.0,0.057,23.96
1302,2026-08-17,2026-08-21,4:00:00 PM,-VACA FRITA,5.0,0.204,85.55
1303,2026-08-17,2026-08-21,4:00:00 PM,vegetal.hervido,2.0,0.024,9.98
1304,2026-08-17,2026-08-21,4:00:00 PM,YUCA.,2.0,0.021,8.98
1305,2026-08-17,2026-08-21,5:00:00 PM,.ARROZ FRITO,3.0,0.097,40.87
1306,2026-08-17,2026-08-21,5:00:00 PM,_=====================,27.0,0.0,0.0
1307,2026-08-17,2026-08-21,5:00:00 PM,== TO GO ==,25.0,0.012,5.0
1308,2026-08-17,2026-08-21,5:00:00 PM,======================,10.0,0.0,0.0
1309,2026-08-17,2026-08-21,5:00:00 PM,1 BOLA HELADO..,2.0,0.014,5.98
1310,2026-08-17,2026-08-21,5:00:00 PM,AGUA COCO,1.0,0.008,3.25
1311,2026-08-17,2026-08-21,5:00:00 PM,AGUA NATURAL,1.0,0.005,1.99
1312,2026-08-17,2026-08-21,5:00:00 PM,AGUACATE$4.00,1.0,0.01,4.0
1313,2026-08-17,2026-08-21,5:00:00 PM,AJIACO MEDIANO,3.0,0.051,21.57
1314,2026-08-17,2026-08-21,5:00:00 PM,AJIACO..GRANDE,4.0,0.102,42.76
1315,2026-08-17,2026-08-21,5:00:00 PM,ALBONDIGAS.RES.,3.0,0.101,42.57
1316,2026-08-17,2026-08-21,5:00:00 PM,ARROZ CON LECHE,2.0,0.026,10.98
1317,2026-08-17,2026-08-21,5:00:00 PM,ARROZ BLANCO..,1.0,0.008,3.25
1318,2026-08-17,2026-08-21,5:00:00 PM,ARROZ CON POLLO.,3.0,0.098,41.07
1319,2026-08-17,2026-08-21,5:00:00 PM,Arroz con puerco,1.0,0.031,13.19
1320,2026-08-17,2026-08-21,5:00:00 PM,BABY CHURASCO,5.0,0.24,100.55
1321,2026-08-17,2026-08-21,5:00:00 PM,BABY CHURRASCO,3.0,0.129,53.97
1322,2026-08-17,2026-08-21,5:00:00 PM,BACALAO VISCAINA,1.0,0.048,19.99
1323,2026-08-17,2026-08-21,5:00:00 PM,BATIDO FRUTA BONBA,1.0,0.012,4.99
1324,2026-08-17,2026-08-21,5:00:00 PM,BATIDO MAMEY,2.0,0.026,10.98
1325,2026-08-17,2026-08-21,5:00:00 PM,-BISTEC DE HIGADO,2.0,0.065,27.38
1326,2026-08-17,2026-08-21,5:00:00 PM,BISTEC DE POLLO-,5.0,0.167,70.05
1327,2026-08-17,2026-08-21,5:00:00 PM,BISTEC DE POLLO.,6.0,0.195,81.94
1328,2026-08-17,2026-08-21,5:00:00 PM,-BISTEC DE POLLO.,4.0,0.13,54.76
1329,2026-08-17,2026-08-21,5:00:00 PM,BISTEC DE POLLO..,4.0,0.13,54.76
1330,2026-08-17,2026-08-21,5:00:00 PM,BISTEC DE POLLO...,2.0,0.065,27.18
1331,2026-08-17,2026-08-21,5:00:00 PM,-BISTEC DE PUERCO,1.0,0.037,15.49
1332,2026-08-17,2026-08-21,5:00:00 PM,BISTEC EN CAZUELA,3.0,0.115,48.07
1333,2026-08-17,2026-08-21,5:00:00 PM,BISTEC JAMON,1.0,0.032,13.49
1334,2026-08-17,2026-08-21,5:00:00 PM,-BISTEC PALOMILLA,5.0,0.216,90.75
1335,2026-08-17,2026-08-21,5:00:00 PM,BISTEC POLLO PLANCHA,2.0,0.065,27.38
1336,2026-08-17,2026-08-21,5:00:00 PM,BOLICHE ..,3.0,0.108,45.37
1337,2026-08-17,2026-08-21,5:00:00 PM,-BOLICHE ASADO,2.0,0.08,33.38
1338,2026-08-17,2026-08-21,5:00:00 PM,BONIATILLO.,4.0,0.014,6.0
1339,2026-08-17,2026-08-21,5:00:00 PM,CAFE CON LECHE PEQUENO,1.0,0.006,2.5
1340,2026-08-17,2026-08-21,5:00:00 PM,CAFE CUBANO.,8.0,0.029,12.0
1341,2026-08-17,2026-08-21,5:00:00 PM,CANT 4 RECOGER,2.0,0.229,96.0
1342,2026-08-17,2026-08-21,5:00:00 PM,CANT 5 DELIVER,1.0,0.167,70.0
1343,2026-08-17,2026-08-21,5:00:00 PM,CARNE CON PAPAS.,4.0,0.135,56.76
1344,2026-08-17,2026-08-21,5:00:00 PM,CHICHAR POLLO SIN HUES,1.0,0.033,13.69
1345,2026-08-17,2026-08-21,5:00:00 PM,CHICHARO GRANDE.,4.0,0.088,36.76
1346,2026-08-17,2026-08-21,5:00:00 PM,CHICHARO MEDIANO.,1.0,0.017,6.99
1347,2026-08-17,2026-08-21,5:00:00 PM,CHULETAS DE PUERCO.,5.0,0.163,68.25
1348,2026-08-17,2026-08-21,5:00:00 PM,"CHURRASCO ,,,",3.0,0.187,78.37
1349,2026-08-17,2026-08-21,5:00:00 PM,COKE.,1.0,0.006,2.5
1350,2026-08-17,2026-08-21,5:00:00 PM,COLADA.,2.0,0.013,5.5
1351,2026-08-17,2026-08-21,5:00:00 PM,COLORADOS GRANDE.,2.0,0.046,19.18
1352,2026-08-17,2026-08-21,5:00:00 PM,CONGRI.,1.0,0.01,3.99
1353,2026-08-17,2026-08-21,5:00:00 PM,COPA VINO,1.0,0.021,8.99
1354,2026-08-17,2026-08-21,5:00:00 PM,-CORONA.,1.0,0.013,5.49
1355,2026-08-17,2026-08-21,5:00:00 PM,Cortadito Evaporada,5.0,0.03,12.5
1356,2026-08-17,2026-08-21,5:00:00 PM,"Cortadito,.",5.0,0.025,10.47
1357,2026-08-17,2026-08-21,5:00:00 PM,CREMA BROCOLY,1.0,0.022,9.25
1358,2026-08-17,2026-08-21,5:00:00 PM,CREMA CALABAZA MEDIAN,2.0,0.033,13.98
1359,2026-08-17,2026-08-21,5:00:00 PM,CREMA MALANGA MEDIANA.,2.0,0.033,13.98
1360,2026-08-17,2026-08-21,5:00:00 PM,CREMA. MALANGA GRANDE.,4.0,0.1,41.96
1361,2026-08-17,2026-08-21,5:00:00 PM,CREMITA.,1.0,0.003,1.25
1362,2026-08-17,2026-08-21,5:00:00 PM,croqueta bacalao.,3.0,0.014,5.97
1363,2026-08-17,2026-08-21,5:00:00 PM,croqueta jamon.,24.0,0.1,42.0
1364,2026-08-17,2026-08-21,5:00:00 PM,CROQUETA PREPARADA.,1.0,0.029,12.19
1365,2026-08-17,2026-08-21,5:00:00 PM,CUNE.1/2,1.0,0.04,16.99
1366,2026-08-17,2026-08-21,5:00:00 PM,DEDITOS .PESCADO.,1.0,0.039,16.19
1367,2026-08-17,2026-08-21,5:00:00 PM,DEDITOS DE PESCADO,1.0,0.039,16.19
1368,2026-08-17,2026-08-21,5:00:00 PM,-DEDITOS DE POLLO,1.0,0.031,13.19
1369,2026-08-17,2026-08-21,5:00:00 PM,deditos de pollo kids,1.0,0.019,7.99
1370,2026-08-17,2026-08-21,5:00:00 PM,DIET COKE.,3.0,0.016,6.75
1371,2026-08-17,2026-08-21,5:00:00 PM,DIET MATERVA.,2.0,0.012,5.0
1372,2026-08-17,2026-08-21,5:00:00 PM,DULCE DE LECHE,2.0,0.026,10.98
1373,2026-08-17,2026-08-21,5:00:00 PM,Empanada carne,2.0,0.014,5.98
1374,2026-08-17,2026-08-21,5:00:00 PM,Empanada Jamon/Queso,3.0,0.021,8.97
1375,2026-08-17,2026-08-21,5:00:00 PM,Empanada Pollo,1.0,0.007,2.99
1376,2026-08-17,2026-08-21,5:00:00 PM,ENPANISADO. RES,3.0,0.118,49.37
1377,2026-08-17,2026-08-21,5:00:00 PM,ENSALA AGUACAT PEQUE,13.0,0.139,58.5
1378,2026-08-17,2026-08-21,5:00:00 PM,ENSALADA AGUACAT GRAND,3.0,0.039,16.5
1379,2026-08-17,2026-08-21,5:00:00 PM,Ensalada Small,1.0,0.007,2.75
1380,2026-08-17,2026-08-21,5:00:00 PM,FILETE ALA FRANCESA,1.0,0.048,20.19
1381,2026-08-17,2026-08-21,5:00:00 PM,FILETE ALA VILVAINA,2.0,0.095,39.98
1382,2026-08-17,2026-08-21,5:00:00 PM,FILETE PARGO EN SALSA,1.0,0.057,24.0
1383,2026-08-17,2026-08-21,5:00:00 PM,FILETE PARGO PLANCHA,3.0,0.155,64.97
1384,2026-08-17,2026-08-21,5:00:00 PM,-FILETE PESCADO PLANCH,2.0,0.081,34.18
1385,2026-08-17,2026-08-21,5:00:00 PM,FILETE SALMON.,3.0,0.13,54.4
1386,2026-08-17,2026-08-21,5:00:00 PM,FILETILL POLLO SALSA,1.0,0.036,14.99
1387,2026-08-17,2026-08-21,5:00:00 PM,FILETILLO DE CARNE.,2.0,0.07,29.18
1388,2026-08-17,2026-08-21,5:00:00 PM,FILETILLO POLLO PLANCH,2.0,0.075,31.38
1389,2026-08-17,2026-08-21,5:00:00 PM,FLAN ESPECIAL.,2.0,0.029,11.98
1390,2026-08-17,2026-08-21,5:00:00 PM,-FLAN.,3.0,0.036,14.97
1391,2026-08-17,2026-08-21,5:00:00 PM,-FRICASE DE POLLO,1.0,0.027,11.19
1392,2026-08-17,2026-08-21,5:00:00 PM,FRICASE PUERCO.,1.0,0.032,13.45
1393,2026-08-17,2026-08-21,5:00:00 PM,FRIJOL GRANDE,3.0,0.057,23.97
1394,2026-08-17,2026-08-21,5:00:00 PM,FRIJOL MEDIANO.,2.0,0.024,9.98
1395,2026-08-17,2026-08-21,5:00:00 PM,FRITURA VACALAO.,1.0,0.015,6.5
1396,2026-08-17,2026-08-21,5:00:00 PM,GARBANZO GRANDE.,2.0,0.05,20.98
1397,2026-08-17,2026-08-21,5:00:00 PM,GARBANZO.FRITO.,1.0,0.034,14.19
1398,2026-08-17,2026-08-21,5:00:00 PM,GARBANZO.MEDIANO.,5.0,0.083,34.95
1399,2026-08-17,2026-08-21,5:00:00 PM,GATORADE LIMON,1.0,0.01,3.99
1400,2026-08-17,2026-08-21,5:00:00 PM,GUARAPO.,4.0,0.05,21.0
1401,2026-08-17,2026-08-21,5:00:00 PM,GUISO.MAIZ MEDIANO.,1.0,0.017,6.99
1402,2026-08-17,2026-08-21,5:00:00 PM,HELADO CONO..,1.0,0.008,3.5
1403,2026-08-17,2026-08-21,5:00:00 PM,HIGADO ITALIANA,1.0,0.036,14.99
1404,2026-08-17,2026-08-21,5:00:00 PM,HUEVO REVUELTO,6.0,0.021,9.0
1405,2026-08-17,2026-08-21,5:00:00 PM,JAMON.,1.0,0.01,3.99
1406,2026-08-17,2026-08-21,5:00:00 PM,JUEGO DE MANZANA,2.0,0.015,6.5
1407,2026-08-17,2026-08-21,5:00:00 PM,JUGO PINA,3.0,0.032,13.5
1408,2026-08-17,2026-08-21,5:00:00 PM,JUGO.NARANJA.,2.0,0.025,10.5
1409,2026-08-17,2026-08-21,5:00:00 PM,Juntas,3.0,0.0,0.0
1410,2026-08-17,2026-08-21,5:00:00 PM,JUPIÑA.,1.0,0.006,2.5
1411,2026-08-17,2026-08-21,5:00:00 PM,LENTEJAS GRANDE.,2.0,0.045,18.98
1412,2026-08-17,2026-08-21,5:00:00 PM,LIMONADA,2.0,0.021,9.0
1413,2026-08-17,2026-08-21,5:00:00 PM,LIMONADA FRESA,1.0,0.014,5.99
1414,2026-08-17,2026-08-21,5:00:00 PM,-MADUROS.,2.0,0.021,8.98
1415,2026-08-17,2026-08-21,5:00:00 PM,MARIQUITAS DE MALANGA,1.0,0.014,5.99
1416,2026-08-17,2026-08-21,5:00:00 PM,-MARIQUITAS.,2.0,0.029,11.98
1417,2026-08-17,2026-08-21,5:00:00 PM,-MASAS DE PUERCO,3.0,0.101,42.57
1418,2026-08-17,2026-08-21,5:00:00 PM,MASAS DE PUERCO.,4.0,0.136,56.96
1419,2026-08-17,2026-08-21,5:00:00 PM,MATERVA.,1.0,0.006,2.5
1420,2026-08-17,2026-08-21,5:00:00 PM,MED CREMA -MALANGA,1.0,0.017,7.19
1421,2026-08-17,2026-08-21,5:00:00 PM,MEDIA DE TORO.,1.0,0.038,15.99
1422,2026-08-17,2026-08-21,5:00:00 PM,MEDIA NOCHE.,2.0,0.049,20.38
1423,2026-08-17,2026-08-21,5:00:00 PM,-MEDIO POLLO A BRASA.,2.0,0.063,26.38
1424,2026-08-17,2026-08-21,5:00:00 PM,MEDIO POLLO.ASADO.,4.0,0.125,52.56
1425,2026-08-17,2026-08-21,5:00:00 PM,MELON..SANDIA,3.0,0.032,13.5
1426,2026-08-17,2026-08-21,5:00:00 PM,MERENQUITO,1.0,0.004,1.5
1427,2026-08-17,2026-08-21,5:00:00 PM,-MILANESA DE POLLO,1.0,0.039,16.19
1428,2026-08-17,2026-08-21,5:00:00 PM,MILANESA RES.,1.0,0.048,20.19
1429,2026-08-17,2026-08-21,5:00:00 PM,Miller Light,1.0,0.012,4.99
1430,2026-08-17,2026-08-21,5:00:00 PM,MISC COCINA,1.0,0.005,2.0
1431,2026-08-17,2026-08-21,5:00:00 PM,MOFONGO PUERCO.,1.0,0.04,16.99
1432,2026-08-17,2026-08-21,5:00:00 PM,MOROS...,4.0,0.038,15.96
1433,2026-08-17,2026-08-21,5:00:00 PM,NATILLA,1.0,0.012,4.99
1434,2026-08-17,2026-08-21,5:00:00 PM,-PAN CON BISTEC.,1.0,0.027,11.19
1435,2026-08-17,2026-08-21,5:00:00 PM,PAPAS FRITAS,1.0,0.011,4.49
1436,2026-08-17,2026-08-21,5:00:00 PM,Pasteles Guayaba,1.0,0.004,1.5
1437,2026-08-17,2026-08-21,5:00:00 PM,Pasteles Queso/Guayaba,2.0,0.007,3.0
1438,2026-08-17,2026-08-21,5:00:00 PM,PICADILLO,3.0,0.098,41.07
1439,2026-08-17,2026-08-21,5:00:00 PM,POLLO EMPANIZADO,1.0,0.035,14.69
1440,2026-08-17,2026-08-21,5:00:00 PM,POTAJE COLORADOS MEDIA,3.0,0.051,21.57
1441,2026-08-17,2026-08-21,5:00:00 PM,PUDIN DE PAN.,1.0,0.013,5.49
1442,2026-08-17,2026-08-21,5:00:00 PM,PUDIN DIPLOMATICO.,2.0,0.026,10.98
1443,2026-08-17,2026-08-21,5:00:00 PM,RABO ENCENDIDO.,3.0,0.173,72.57
1444,2026-08-17,2026-08-21,5:00:00 PM,-RACION DE MALANGA.,2.0,0.029,11.98
1445,2026-08-17,2026-08-21,5:00:00 PM,RUEDA SERRUCO FRITA.,1.0,0.038,15.99
1446,2026-08-17,2026-08-21,5:00:00 PM,SAND JAMON QUESO,1.0,0.022,9.19
1447,2026-08-17,2026-08-21,5:00:00 PM,SANDWECHES POLLO..,1.0,0.028,11.69
1448,2026-08-17,2026-08-21,5:00:00 PM,SM AJIACO,1.0,0.01,3.99
1449,2026-08-17,2026-08-21,5:00:00 PM,Sopa de Pollo Grande,10.0,0.202,84.9
1450,2026-08-17,2026-08-21,5:00:00 PM,SOPA PESCADO GRANDE.,4.0,0.105,43.96
1451,2026-08-17,2026-08-21,5:00:00 PM,SOPA PESCADO MEDIANA.,5.0,0.083,34.95
1452,2026-08-17,2026-08-21,5:00:00 PM,SOPA PLATANO GRANDE.,1.0,0.025,10.49
1453,2026-08-17,2026-08-21,5:00:00 PM,SOPA PLATANO MEDIANA.,3.0,0.05,20.97
1454,2026-08-17,2026-08-21,5:00:00 PM,Sopa Pollo Medina,6.0,0.078,32.94
1455,2026-08-17,2026-08-21,5:00:00 PM,SOPA. POLLO CHIQUITA,4.0,0.033,14.0
1456,2026-08-17,2026-08-21,5:00:00 PM,SPAGHETTI CAMARON ALFR,1.0,0.052,21.99
1457,2026-08-17,2026-08-21,5:00:00 PM,SPAGHETTI POLLO ALFRED,1.0,0.036,14.99
1458,2026-08-17,2026-08-21,5:00:00 PM,SPRIET.,2.0,0.012,5.0
1459,2026-08-17,2026-08-21,5:00:00 PM,T0 GO MESA,12.0,0.01,4.2
1460,2026-08-17,2026-08-21,5:00:00 PM,TAMAL,10.0,0.071,29.9
1461,2026-08-17,2026-08-21,5:00:00 PM,TE FRIO.,2.0,0.014,5.98
1462,2026-08-17,2026-08-21,5:00:00 PM,To Go.,10.0,0.005,2.0
1463,2026-08-17,2026-08-21,5:00:00 PM,To Go..,53.0,0.027,11.35
1464,2026-08-17,2026-08-21,5:00:00 PM,TORTILLA.,1.0,0.03,12.74
1465,2026-08-17,2026-08-21,5:00:00 PM,TOSTONES.,1.0,0.012,4.99
1466,2026-08-17,2026-08-21,5:00:00 PM,TRES LECHES.,1.0,0.014,5.99
1467,2026-08-17,2026-08-21,5:00:00 PM,-VACA FRITA,6.0,0.245,102.94
1468,2026-08-17,2026-08-21,5:00:00 PM,vegetal.hervido,6.0,0.071,29.94
1469,2026-08-17,2026-08-21,6:00:00 PM,.ARROZ FRITO,4.0,0.13,54.76
1470,2026-08-17,2026-08-21,6:00:00 PM,_=====================,16.0,0.0,0.0
1471,2026-08-17,2026-08-21,6:00:00 PM,== TO GO ==,28.0,0.013,5.6
1472,2026-08-17,2026-08-21,6:00:00 PM,======================,16.0,0.0,0.0
1473,2026-08-17,2026-08-21,6:00:00 PM,AGUA NATURAL,1.0,0.005,1.99
1474,2026-08-17,2026-08-21,6:00:00 PM,AGUACATE$4.00,2.0,0.019,8.0
1475,2026-08-17,2026-08-21,6:00:00 PM,AJIACO MEDIANO,3.0,0.051,21.57
1476,2026-08-17,2026-08-21,6:00:00 PM,AJIACO..GRANDE,6.0,0.153,64.14
1477,2026-08-17,2026-08-21,6:00:00 PM,ARROZ CON LECHE,2.0,0.026,10.98
1478,2026-08-17,2026-08-21,6:00:00 PM,ARROZ BLANCO..,1.0,0.008,3.25
1479,2026-08-17,2026-08-21,6:00:00 PM,ARROZ CHIQUITO,4.0,0.024,10.0
1480,2026-08-17,2026-08-21,6:00:00 PM,arroz con leche,1.0,0.01,3.99
1481,2026-08-17,2026-08-21,6:00:00 PM,ARROZ FRITO,1.0,0.035,14.69
1482,2026-08-17,2026-08-21,6:00:00 PM,BABY CHURASCO,4.0,0.191,80.36
1483,2026-08-17,2026-08-21,6:00:00 PM,BABY CHURRASCO,5.0,0.217,90.95
1484,2026-08-17,2026-08-21,6:00:00 PM,BACALAO VISCAINA,2.0,0.096,40.38
1485,2026-08-17,2026-08-21,6:00:00 PM,BATIDO BANANA,1.0,0.012,4.99
1486,2026-08-17,2026-08-21,6:00:00 PM,BATIDO MANGO,1.0,0.012,4.99
1487,2026-08-17,2026-08-21,6:00:00 PM,BATIDO TRIGO,1.0,0.012,4.99
1488,2026-08-17,2026-08-21,6:00:00 PM,BISTEC A CABALLO,1.0,0.035,14.49
1489,2026-08-17,2026-08-21,6:00:00 PM,BISTEC DE POLLO-,7.0,0.237,99.43
1490,2026-08-17,2026-08-21,6:00:00 PM,BISTEC DE POLLO.,5.0,0.162,68.05
1491,2026-08-17,2026-08-21,6:00:00 PM,-BISTEC DE POLLO.,4.0,0.13,54.56
1492,2026-08-17,2026-08-21,6:00:00 PM,BISTEC DE POLLO..,4.0,0.135,56.56
1493,2026-08-17,2026-08-21,6:00:00 PM,BISTEC DE POLLO...,7.0,0.228,95.63
1494,2026-08-17,2026-08-21,6:00:00 PM,-BISTEC DE PUERCO,3.0,0.112,46.87
1495,2026-08-17,2026-08-21,6:00:00 PM,BISTEC EN CAZUELA,6.0,0.209,87.94
1496,2026-08-17,2026-08-21,6:00:00 PM,-BISTEC PALOMILLA,6.0,0.259,108.74
1497,2026-08-17,2026-08-21,6:00:00 PM,BISTEC POLLO PLANCHA,4.0,0.13,54.76
1498,2026-08-17,2026-08-21,6:00:00 PM,-BISTECDE POLLO,1.0,0.035,14.49
1499,2026-08-17,2026-08-21,6:00:00 PM,BOLICHE ..,1.0,0.036,14.99
1500,2026-08-17,2026-08-21,6:00:00 PM,-BOLICHE ASADO,2.0,0.08,33.38
1501,2026-08-17,2026-08-21,6:00:00 PM,BOLITA DE TUNA.,2.0,0.015,6.5
1502,2026-08-17,2026-08-21,6:00:00 PM,BONIATO HERVIDO,1.0,0.012,4.99
1503,2026-08-17,2026-08-21,6:00:00 PM,CAFE CON LECHE MEDIANO,1.0,0.009,3.75
1504,2026-08-17,2026-08-21,6:00:00 PM,CAFE CUBANO.,13.0,0.046,19.5
1505,2026-08-17,2026-08-21,6:00:00 PM,CAMARONES ENCHILADO.,1.0,0.048,19.99
1506,2026-08-17,2026-08-21,6:00:00 PM,CANT 4 RECOGER,1.0,0.114,48.0
1507,2026-08-17,2026-08-21,6:00:00 PM,CANT 5 RECOGER,1.0,0.143,60.0
1508,2026-08-17,2026-08-21,6:00:00 PM,CARNE CON PAPAS.,1.0,0.034,14.19
1509,2026-08-17,2026-08-21,6:00:00 PM,CASCOS GUAVA QUESO,1.0,0.014,5.99
1510,2026-08-17,2026-08-21,6:00:00 PM,CHICHARO GRANDE.,2.0,0.044,18.38
1511,2026-08-17,2026-08-21,6:00:00 PM,CHICHARO MEDIANO.,2.0,0.033,13.98
1512,2026-08-17,2026-08-21,6:00:00 PM,CHULETAS DE PUERCO.,3.0,0.098,41.07
1513,2026-08-17,2026-08-21,6:00:00 PM,"CHURRASCO ,,,",4.0,0.249,104.56
1514,2026-08-17,2026-08-21,6:00:00 PM,CLUB SANDWICH.,2.0,0.058,24.18
1515,2026-08-17,2026-08-21,6:00:00 PM,COKE.,3.0,0.018,7.5
1516,2026-08-17,2026-08-21,6:00:00 PM,COLADA.,7.0,0.046,19.25
1517,2026-08-17,2026-08-21,6:00:00 PM,COLORADOS GRANDE.,4.0,0.092,38.76
1518,2026-08-17,2026-08-21,6:00:00 PM,COPA VINO,1.0,0.021,8.99
1519,2026-08-17,2026-08-21,6:00:00 PM,-CORONA.,7.0,0.092,38.43
1520,2026-08-17,2026-08-21,6:00:00 PM,Cortadito Evaporada,3.0,0.018,7.5
1521,2026-08-17,2026-08-21,6:00:00 PM,"Cortadito,.",3.0,0.015,6.23
1522,2026-08-17,2026-08-21,6:00:00 PM,CREMA BROCOLY,2.0,0.044,18.5
1523,2026-08-17,2026-08-21,6:00:00 PM,CREMA CALABAZA GRANDE,1.0,0.024,9.99
1524,2026-08-17,2026-08-21,6:00:00 PM,CREMA CALABAZA MEDIAN,3.0,0.05,20.97
1525,2026-08-17,2026-08-21,6:00:00 PM,CREMA MALANGA MEDIANA.,4.0,0.067,27.96
1526,2026-08-17,2026-08-21,6:00:00 PM,CREMA VEGETAL GRANDE.,1.0,0.025,10.49
1527,2026-08-17,2026-08-21,6:00:00 PM,CREMA VEGETAL MEDIANA,1.0,0.017,6.99
1528,2026-08-17,2026-08-21,6:00:00 PM,CREMA. MALANGA GRANDE.,3.0,0.075,31.47
1529,2026-08-17,2026-08-21,6:00:00 PM,croqueta bacalao.,6.0,0.028,11.94
1530,2026-08-17,2026-08-21,6:00:00 PM,croqueta jamon.,29.0,0.121,50.75
1531,2026-08-17,2026-08-21,6:00:00 PM,croqueta pollo.,2.0,0.008,3.5
1532,2026-08-17,2026-08-21,6:00:00 PM,CROQUETA PREPARADA.,2.0,0.058,24.38
1533,2026-08-17,2026-08-21,6:00:00 PM,CUBANO ESPECIAL..,1.0,0.029,12.19
1534,2026-08-17,2026-08-21,6:00:00 PM,CUBANO REGULAR.,1.0,0.024,10.19
1535,2026-08-17,2026-08-21,6:00:00 PM,DEDITOS .PESCADO.,3.0,0.101,42.57
1536,2026-08-17,2026-08-21,6:00:00 PM,DEDITOS DE PESCADO,2.0,0.086,36.18
1537,2026-08-17,2026-08-21,6:00:00 PM,-DEDITOS DE POLLO,1.0,0.031,13.19
1538,2026-08-17,2026-08-21,6:00:00 PM,deditos Queso/Guayaba,2.0,0.009,3.98
1539,2026-08-17,2026-08-21,6:00:00 PM,DESALLUNOS..,1.0,0.032,13.49
1540,2026-08-17,2026-08-21,6:00:00 PM,DIET MATERVA.,2.0,0.012,5.0
1541,2026-08-17,2026-08-21,6:00:00 PM,E PAGUETI SOLO ROJA.,1.0,0.021,8.99
1542,2026-08-17,2026-08-21,6:00:00 PM,Empanada Jamon/Queso,5.0,0.036,14.95
1543,2026-08-17,2026-08-21,6:00:00 PM,Empanada Pollo,2.0,0.014,5.98
1544,2026-08-17,2026-08-21,6:00:00 PM,ENPANISADO. RES,4.0,0.154,64.56
1545,2026-08-17,2026-08-21,6:00:00 PM,ENSALA AGUACAT PEQUE,8.0,0.086,36.0
1546,2026-08-17,2026-08-21,6:00:00 PM,ENSALADA AGUACAT GRAND,4.0,0.052,22.0
1547,2026-08-17,2026-08-21,6:00:00 PM,EXTRA AGUACATE.,1.0,0.004,1.75
1548,2026-08-17,2026-08-21,6:00:00 PM,FABADA GRANDE,1.0,0.025,10.69
1549,2026-08-17,2026-08-21,6:00:00 PM,FABADA MEDIANA.,3.0,0.05,20.97
1550,2026-08-17,2026-08-21,6:00:00 PM,FILETE PARGO PLANCHA,2.0,0.105,43.98
1551,2026-08-17,2026-08-21,6:00:00 PM,FILETE PESCADO EMPANI,2.0,0.083,34.98
1552,2026-08-17,2026-08-21,6:00:00 PM,-FILETE PESCADO PLANCH,3.0,0.125,52.57
1553,2026-08-17,2026-08-21,6:00:00 PM,FILETILLO DE CARNE.,1.0,0.032,13.49
1554,2026-08-17,2026-08-21,6:00:00 PM,FILETILLO POLLO PLANCH,5.0,0.187,78.55
1555,2026-08-17,2026-08-21,6:00:00 PM,FLAN ESPECIAL.,7.0,0.1,41.93
1556,2026-08-17,2026-08-21,6:00:00 PM,-FLAN.,7.0,0.083,34.93
1557,2026-08-17,2026-08-21,6:00:00 PM,-FRICASE DE POLLO,6.0,0.159,66.54
1558,2026-08-17,2026-08-21,6:00:00 PM,FRICASE PUERCO.,2.0,0.069,28.9
1559,2026-08-17,2026-08-21,6:00:00 PM,FRIJOL GRANDE,2.0,0.038,15.98
1560,2026-08-17,2026-08-21,6:00:00 PM,FRIJOL MEDIANO.,3.0,0.036,14.97
1561,2026-08-17,2026-08-21,6:00:00 PM,FRIJOL PEQUENO.,3.0,0.021,8.97
1562,2026-08-17,2026-08-21,6:00:00 PM,GALLETA DELICIOSAS,2.0,0.017,7.2
1563,2026-08-17,2026-08-21,6:00:00 PM,GARBANZO GRANDE.,1.0,0.025,10.49
1564,2026-08-17,2026-08-21,6:00:00 PM,GARBANZO.MEDIANO.,3.0,0.05,20.97
1565,2026-08-17,2026-08-21,6:00:00 PM,GUARAPO.,2.0,0.025,10.5
1566,2026-08-17,2026-08-21,6:00:00 PM,GUISO MAIZ CHIQUITO.,1.0,0.01,3.99
1567,2026-08-17,2026-08-21,6:00:00 PM,GUISO MAIZ GRANDE.,1.0,0.025,10.49
1568,2026-08-17,2026-08-21,6:00:00 PM,GUISO.MAIZ MEDIANO.,4.0,0.067,27.96
1569,2026-08-17,2026-08-21,6:00:00 PM,HIGADO ITALIANA,1.0,0.036,14.99
1570,2026-08-17,2026-08-21,6:00:00 PM,HORDEN DE 3 CHICHARONE,5.0,0.039,16.25
1571,2026-08-17,2026-08-21,6:00:00 PM,JALEA MiXTA......,1.0,0.062,25.99
1572,2026-08-17,2026-08-21,6:00:00 PM,JUGO PINA,1.0,0.011,4.5
1573,2026-08-17,2026-08-21,6:00:00 PM,JUGO ZANAHORIA NARAJA,6.0,0.071,29.94
1574,2026-08-17,2026-08-21,6:00:00 PM,JUGO.NARANJA.,5.0,0.063,26.25
1575,2026-08-17,2026-08-21,6:00:00 PM,Juntas,1.0,0.0,0.0
1576,2026-08-17,2026-08-21,6:00:00 PM,JUPIÑA.,1.0,0.006,2.5
1577,2026-08-17,2026-08-21,6:00:00 PM,-LECHON ASADO,1.0,0.033,13.99
1578,2026-08-17,2026-08-21,6:00:00 PM,LENTEJAS GRANDE.,6.0,0.136,56.94
1579,2026-08-17,2026-08-21,6:00:00 PM,LENTEJAS MEDIANA.,4.0,0.067,27.96
1580,2026-08-17,2026-08-21,6:00:00 PM,LIMONADA,7.0,0.075,31.5
1581,2026-08-17,2026-08-21,6:00:00 PM,-MADUROS.,3.0,0.032,13.47
1582,2026-08-17,2026-08-21,6:00:00 PM,MALBORO LIGHT,1.0,0.029,12.0
1583,2026-08-17,2026-08-21,6:00:00 PM,-MALTA,1.0,0.008,3.25
1584,2026-08-17,2026-08-21,6:00:00 PM,-MARIQUITAS.,2.0,0.029,11.98
1585,2026-08-17,2026-08-21,6:00:00 PM,-MASAS DE PUERCO,2.0,0.068,28.38
1586,2026-08-17,2026-08-21,6:00:00 PM,MASAS DE PUERCO.,8.0,0.261,109.52
1587,2026-08-17,2026-08-21,6:00:00 PM,MATERVA.,3.0,0.018,7.5
1588,2026-08-17,2026-08-21,6:00:00 PM,MED CREMA -MALANGA,1.0,0.017,7.19
1589,2026-08-17,2026-08-21,6:00:00 PM,MEDIA NOCHE.,4.0,0.097,40.56
1590,2026-08-17,2026-08-21,6:00:00 PM,-MEDIO POLLO A BRASA.,1.0,0.036,15.19
1591,2026-08-17,2026-08-21,6:00:00 PM,-MEDIO POLLO FRITO,2.0,0.064,26.98
1592,2026-08-17,2026-08-21,6:00:00 PM,MEDIO POLLO.ASADO.,1.0,0.031,13.19
1593,2026-08-17,2026-08-21,6:00:00 PM,MELON..SANDIA,2.0,0.021,9.0
1594,2026-08-17,2026-08-21,6:00:00 PM,MERENQUITO,1.0,0.004,1.5
1595,2026-08-17,2026-08-21,6:00:00 PM,MIAMI SANDWICH.,1.0,0.029,12.19
1596,2026-08-17,2026-08-21,6:00:00 PM,-MILANESA DE POLLO,3.0,0.115,48.17
1597,2026-08-17,2026-08-21,6:00:00 PM,MISC COCINA,2.0,0.012,5.0
1598,2026-08-17,2026-08-21,6:00:00 PM,MODELO,2.0,0.026,10.98
1599,2026-08-17,2026-08-21,6:00:00 PM,MOFONGO PUERCO.,1.0,0.04,16.99
1600,2026-08-17,2026-08-21,6:00:00 PM,MOJITO,3.0,0.009,3.75
1601,2026-08-17,2026-08-21,6:00:00 PM,NATILLA,2.0,0.024,9.98
1602,2026-08-17,2026-08-21,6:00:00 PM,-PAN CON BISTEC.,1.0,0.027,11.19
1603,2026-08-17,2026-08-21,6:00:00 PM,PAPA RELLENA,3.0,0.021,8.97
1604,2026-08-17,2026-08-21,6:00:00 PM,PAPAS FRITAS,2.0,0.021,8.98
1605,2026-08-17,2026-08-21,6:00:00 PM,-PARGO FRITO ENTERO.,1.0,0.062,26.19
1606,2026-08-17,2026-08-21,6:00:00 PM,PICADILLO,3.0,0.098,41.07
1607,2026-08-17,2026-08-21,6:00:00 PM,POLLO EMPANIZADO,2.0,0.075,31.38
1608,2026-08-17,2026-08-21,6:00:00 PM,POTAJE COLORADOS MEDIA,1.0,0.017,7.19
1609,2026-08-17,2026-08-21,6:00:00 PM,PRESIDENTE..,2.0,0.026,10.98
1610,2026-08-17,2026-08-21,6:00:00 PM,PUDIN DIPLOMATICO.,1.0,0.013,5.49
1611,2026-08-17,2026-08-21,6:00:00 PM,PURE PAPAS.,2.0,0.021,8.98
1612,2026-08-17,2026-08-21,6:00:00 PM,QUESO AMERICANO.,1.0,0.004,1.75
1613,2026-08-17,2026-08-21,6:00:00 PM,RABO ENCENDIDO.,2.0,0.12,50.18
1614,2026-08-17,2026-08-21,6:00:00 PM,-RACION DE MALANGA.,2.0,0.029,11.98
1615,2026-08-17,2026-08-21,6:00:00 PM,RIÑONADA.,1.0,0.05,21.19
1616,2026-08-17,2026-08-21,6:00:00 PM,ROPA VIEJA...,2.0,0.08,33.38
1617,2026-08-17,2026-08-21,6:00:00 PM,RUEDA DE SERRUCHO.,3.0,0.108,45.17
1618,2026-08-17,2026-08-21,6:00:00 PM,SANDWECHES POLLO..,3.0,0.09,37.87
1619,2026-08-17,2026-08-21,6:00:00 PM,SANDWICH ENSAL POLLO,1.0,0.024,10.19
1620,2026-08-17,2026-08-21,6:00:00 PM,SOLO.TOMATE,1.0,0.006,2.5
1621,2026-08-17,2026-08-21,6:00:00 PM,Sopa de Pollo Grande,10.0,0.202,84.9
1622,2026-08-17,2026-08-21,6:00:00 PM,SOPA PESCADO GRANDE.,2.0,0.052,21.98
1623,2026-08-17,2026-08-21,6:00:00 PM,SOPA PESCADO MEDIANA.,2.0,0.033,13.98
1624,2026-08-17,2026-08-21,6:00:00 PM,SOPA PLATANO GRANDE.,1.0,0.025,10.49
1625,2026-08-17,2026-08-21,6:00:00 PM,SOPA PLATANO MEDIANA.,2.0,0.033,13.98
1626,2026-08-17,2026-08-21,6:00:00 PM,SOPA POLLO GRANDE.,1.0,0.021,8.69
1627,2026-08-17,2026-08-21,6:00:00 PM,Sopa Pollo Medina,5.0,0.065,27.45
1628,2026-08-17,2026-08-21,6:00:00 PM,SOPA. POLLO CHIQUITA,1.0,0.008,3.5
1629,2026-08-17,2026-08-21,6:00:00 PM,sopon marinero,1.0,0.062,25.99
1630,2026-08-17,2026-08-21,6:00:00 PM,spageti carne,1.0,0.039,16.19
1631,2026-08-17,2026-08-21,6:00:00 PM,SPAGHETTI POLLO ALFRED,2.0,0.072,30.38
1632,2026-08-17,2026-08-21,6:00:00 PM,SPRIET.,3.0,0.018,7.5
1633,2026-08-17,2026-08-21,6:00:00 PM,T0 GO MESA,15.0,0.013,5.25
1634,2026-08-17,2026-08-21,6:00:00 PM,TAMAL,2.0,0.014,5.98
1635,2026-08-17,2026-08-21,6:00:00 PM,TAMAL CAZUELA.MEDIANO.,5.0,0.086,35.95
1636,2026-08-17,2026-08-21,6:00:00 PM,TAMAL.CAZUELA GRANDE.,4.0,0.107,44.76
1637,2026-08-17,2026-08-21,6:00:00 PM,To Go.,11.0,0.005,2.2
1638,2026-08-17,2026-08-21,6:00:00 PM,To Go..,53.0,0.026,10.75
1639,2026-08-17,2026-08-21,6:00:00 PM,TOSTADA,3.0,0.014,5.97
1640,2026-08-17,2026-08-21,6:00:00 PM,TRES LECHES.,4.0,0.057,23.96
1641,2026-08-17,2026-08-21,6:00:00 PM,tronchos pescado,1.0,0.039,16.19
1642,2026-08-17,2026-08-21,6:00:00 PM,-VACA FRITA,9.0,0.369,154.71
1643,2026-08-17,2026-08-21,6:00:00 PM,YUCA FRITA.,1.0,0.013,5.49
1644,2026-08-17,2026-08-21,7:00:00 PM,.ARROZ FRITO,4.0,0.134,56.16
1645,2026-08-17,2026-08-21,7:00:00 PM,.BISTEC DE POLLO,2.0,0.067,27.98
1646,2026-08-17,2026-08-21,7:00:00 PM,_=====================,15.0,0.0,0.0
1647,2026-08-17,2026-08-21,7:00:00 PM,== TO GO ==,21.0,0.01,4.2
1648,2026-08-17,2026-08-21,7:00:00 PM,======================,4.0,0.0,0.0
1649,2026-08-17,2026-08-21,7:00:00 PM,1 BOLA HELADO..,2.0,0.014,5.98
1650,2026-08-17,2026-08-21,7:00:00 PM,305 Morados,1.0,0.015,6.25
1651,2026-08-17,2026-08-21,7:00:00 PM,AGUA PERRIER,1.0,0.008,3.49
1652,2026-08-17,2026-08-21,7:00:00 PM,AGUACATE DE 3.00,1.0,0.007,3.0
1653,2026-08-17,2026-08-21,7:00:00 PM,AJIACO MEDIANO,1.0,0.017,6.99
1654,2026-08-17,2026-08-21,7:00:00 PM,AJIACO..GRANDE,6.0,0.152,63.74
1655,2026-08-17,2026-08-21,7:00:00 PM,ARROZ BLANCO..,3.0,0.023,9.75
1656,2026-08-17,2026-08-21,7:00:00 PM,ARROZ CHIQUITO,3.0,0.016,6.75
1657,2026-08-17,2026-08-21,7:00:00 PM,ARROZ CON POLLO.,1.0,0.032,13.49
1658,2026-08-17,2026-08-21,7:00:00 PM,ARROZ IMPERIAL..,1.0,0.034,14.19
1659,2026-08-17,2026-08-21,7:00:00 PM,BABY CHURASCO,5.0,0.239,100.35
1660,2026-08-17,2026-08-21,7:00:00 PM,BABY CHURRASCO,4.0,0.172,72.36
1661,2026-08-17,2026-08-21,7:00:00 PM,BATIDO FRUTA BONBA,4.0,0.048,19.96
1662,2026-08-17,2026-08-21,7:00:00 PM,BATIDO MAMEY,1.0,0.013,5.49
1663,2026-08-17,2026-08-21,7:00:00 PM,BATIDO TRIGO,7.0,0.083,34.93
1664,2026-08-17,2026-08-21,7:00:00 PM,Best Mango,1.0,0.007,2.99
1665,2026-08-17,2026-08-21,7:00:00 PM,BISTEC A CABALLO,1.0,0.035,14.49
1666,2026-08-17,2026-08-21,7:00:00 PM,BISTEC DE POLLO-,7.0,0.233,97.63
1667,2026-08-17,2026-08-21,7:00:00 PM,BISTEC DE POLLO.,7.0,0.237,99.63
1668,2026-08-17,2026-08-21,7:00:00 PM,-BISTEC DE POLLO.,2.0,0.065,27.18
1669,2026-08-17,2026-08-21,7:00:00 PM,BISTEC DE POLLO..,4.0,0.135,56.56
1670,2026-08-17,2026-08-21,7:00:00 PM,BISTEC DE POLLO...,6.0,0.195,81.74
1671,2026-08-17,2026-08-21,7:00:00 PM,-BISTEC DE PUERCO,1.0,0.037,15.69
1672,2026-08-17,2026-08-21,7:00:00 PM,-BISTEC PALOMILLA,4.0,0.172,72.36
1673,2026-08-17,2026-08-21,7:00:00 PM,BISTEC POLLO PLANCHA,1.0,0.033,13.69
1674,2026-08-17,2026-08-21,7:00:00 PM,-BISTECDE POLLO,1.0,0.035,14.49
1675,2026-08-17,2026-08-21,7:00:00 PM,BOCADITO DE TUNA.,2.0,0.044,18.38
1676,2026-08-17,2026-08-21,7:00:00 PM,BOLICHE ..,2.0,0.072,30.18
1677,2026-08-17,2026-08-21,7:00:00 PM,-BOLICHE ASADO,4.0,0.159,66.56
1678,2026-08-17,2026-08-21,7:00:00 PM,BONIATO HERVIDO,1.0,0.012,4.99
1679,2026-08-17,2026-08-21,7:00:00 PM,CAF.LEC.EVAP.CHICO,1.0,0.007,3.0
1680,2026-08-17,2026-08-21,7:00:00 PM,CAFE CUBANO.,18.0,0.064,27.0
1681,2026-08-17,2026-08-21,7:00:00 PM,CAFECITO.,1.0,0.002,0.99
1682,2026-08-17,2026-08-21,7:00:00 PM,CANT 5 RECOGER,1.0,0.143,60.0
1683,2026-08-17,2026-08-21,7:00:00 PM,CHICHAR POLLO C HUESO.,1.0,0.032,13.49
1684,2026-08-17,2026-08-21,7:00:00 PM,CHICHARO MEDIANO.,1.0,0.017,6.99
1685,2026-08-17,2026-08-21,7:00:00 PM,CHULETAS DE PUERCO,3.0,0.109,45.87
1686,2026-08-17,2026-08-21,7:00:00 PM,CHULETAS DE PUERCO.,2.0,0.07,29.38
1687,2026-08-17,2026-08-21,7:00:00 PM,"CHURRASCO ,,,",5.0,0.31,130.15
1688,2026-08-17,2026-08-21,7:00:00 PM,COCTEL DE CAMARONES.,1.0,0.04,17.0
1689,2026-08-17,2026-08-21,7:00:00 PM,COKE CERO.,1.0,0.006,2.5
1690,2026-08-17,2026-08-21,7:00:00 PM,COKE.,6.0,0.036,15.0
1691,2026-08-17,2026-08-21,7:00:00 PM,COLADA.,4.0,0.026,11.0
1692,2026-08-17,2026-08-21,7:00:00 PM,COPA VINO,5.0,0.107,44.95
1693,2026-08-17,2026-08-21,7:00:00 PM,-CORONA.,2.0,0.026,10.98
1694,2026-08-17,2026-08-21,7:00:00 PM,Cortadito Evaporada,4.0,0.024,10.0
1695,2026-08-17,2026-08-21,7:00:00 PM,CREMA CALABAZA GRANDE,3.0,0.071,29.97
1696,2026-08-17,2026-08-21,7:00:00 PM,CREMA CALABAZA MEDIAN,2.0,0.033,13.98
1697,2026-08-17,2026-08-21,7:00:00 PM,CREMA MALANGA MEDIANA.,4.0,0.067,27.96
1698,2026-08-17,2026-08-21,7:00:00 PM,CREMA VEGETALES GRAND,1.0,0.025,10.49
1699,2026-08-17,2026-08-21,7:00:00 PM,CREMA. MALANGA CHIQUIT,1.0,0.011,4.5
1700,2026-08-17,2026-08-21,7:00:00 PM,CREMA. MALANGA GRANDE.,6.0,0.15,62.94
1701,2026-08-17,2026-08-21,7:00:00 PM,croqueta bacalao.,2.0,0.009,3.98
1702,2026-08-17,2026-08-21,7:00:00 PM,croqueta jamon.,10.0,0.042,17.5
1703,2026-08-17,2026-08-21,7:00:00 PM,croqueta pollo.,2.0,0.008,3.5
1704,2026-08-17,2026-08-21,7:00:00 PM,CUBANO REGULAR.,2.0,0.049,20.38
1705,2026-08-17,2026-08-21,7:00:00 PM,DEDITOS .PESCADO.,4.0,0.139,58.56
1706,2026-08-17,2026-08-21,7:00:00 PM,DEDITOS DE PESCADO,1.0,0.041,17.19
1707,2026-08-17,2026-08-21,7:00:00 PM,deditos de pollo kids,2.0,0.039,16.38
1708,2026-08-17,2026-08-21,7:00:00 PM,DIET COKE.,1.0,0.005,2.25
1709,2026-08-17,2026-08-21,7:00:00 PM,ELENA RUZ.,1.0,0.024,10.19
1710,2026-08-17,2026-08-21,7:00:00 PM,Empanada carne,2.0,0.014,5.98
1711,2026-08-17,2026-08-21,7:00:00 PM,Empanada Pollo,2.0,0.014,5.98
1712,2026-08-17,2026-08-21,7:00:00 PM,ENPANISADO. RES,3.0,0.116,48.57
1713,2026-08-17,2026-08-21,7:00:00 PM,"ENPELLAS,chicharones.",2.0,0.029,12.0
1714,2026-08-17,2026-08-21,7:00:00 PM,ENSALA AGUACAT PEQUE,9.0,0.096,40.5
1715,2026-08-17,2026-08-21,7:00:00 PM,ENSALADA AGUACAT GRAND,3.0,0.039,16.5
1716,2026-08-17,2026-08-21,7:00:00 PM,Ensalada Small,1.0,0.007,2.75
1717,2026-08-17,2026-08-21,7:00:00 PM,EXTRA AGUACATE.,1.0,0.004,1.75
1718,2026-08-17,2026-08-21,7:00:00 PM,FABADA GRANDE,2.0,0.051,21.38
1719,2026-08-17,2026-08-21,7:00:00 PM,FILETE ALA VILVAINA,1.0,0.052,21.99
1720,2026-08-17,2026-08-21,7:00:00 PM,FILETE PARGO PLANCHA,5.0,0.251,105.35
1721,2026-08-17,2026-08-21,7:00:00 PM,-FILETE PESCADO PLANCH,2.0,0.081,34.18
1722,2026-08-17,2026-08-21,7:00:00 PM,FILETILL POLLO SALSA,1.0,0.036,15.19
1723,2026-08-17,2026-08-21,7:00:00 PM,FILETILLO DE CARNE.,3.0,0.097,40.87
1724,2026-08-17,2026-08-21,7:00:00 PM,FILETILLO POLLO PLANCH,1.0,0.036,15.19
1725,2026-08-17,2026-08-21,7:00:00 PM,FLAN ESPECIAL.,3.0,0.043,17.97
1726,2026-08-17,2026-08-21,7:00:00 PM,-FLAN.,4.0,0.048,19.96
1727,2026-08-17,2026-08-21,7:00:00 PM,-FRICASE DE POLLO,3.0,0.079,33.37
1728,2026-08-17,2026-08-21,7:00:00 PM,FRICASE PUERCO.,2.0,0.069,28.9
1729,2026-08-17,2026-08-21,7:00:00 PM,FRIJOL GRANDE,1.0,0.019,7.99
1730,2026-08-17,2026-08-21,7:00:00 PM,FRIJOL MEDIANO.,2.0,0.024,9.98
1731,2026-08-17,2026-08-21,7:00:00 PM,FRITURA VACALAO.,1.0,0.015,6.5
1732,2026-08-17,2026-08-21,7:00:00 PM,FRITURAS DE MALANGA,2.0,0.031,13.0
1733,2026-08-17,2026-08-21,7:00:00 PM,GARBANZO GRANDE.,1.0,0.025,10.49
1734,2026-08-17,2026-08-21,7:00:00 PM,GARBANZO.MEDIANO.,1.0,0.017,6.99
1735,2026-08-17,2026-08-21,7:00:00 PM,GUARAPO.,1.0,0.013,5.25
1736,2026-08-17,2026-08-21,7:00:00 PM,GUISO MAIZ GRANDE.,2.0,0.05,20.98
1737,2026-08-17,2026-08-21,7:00:00 PM,HAMBURQUESA.CON QUESO,1.0,0.027,11.19
1738,2026-08-17,2026-08-21,7:00:00 PM,Heineken,1.0,0.013,5.49
1739,2026-08-17,2026-08-21,7:00:00 PM,HORDEN DE CHICHARON.,1.0,0.008,3.25
1740,2026-08-17,2026-08-21,7:00:00 PM,HORDEN DE 3 CHICHARONE,1.0,0.008,3.25
1741,2026-08-17,2026-08-21,7:00:00 PM,HORDEN DE LIMON,1.0,0.005,1.99
1742,2026-08-17,2026-08-21,7:00:00 PM,HUEVO FRITO,1.0,0.004,1.5
1743,2026-08-17,2026-08-21,7:00:00 PM,JUGO PINA,1.0,0.011,4.5
1744,2026-08-17,2026-08-21,7:00:00 PM,JUGO ZANAHORIA NARAJA,1.0,0.012,4.99
1745,2026-08-17,2026-08-21,7:00:00 PM,JUGO.NARANJA.,1.0,0.013,5.25
1746,2026-08-17,2026-08-21,7:00:00 PM,-LECHE MALTEADA,1.0,0.012,4.99
1747,2026-08-17,2026-08-21,7:00:00 PM,-LECHON ASADO,1.0,0.033,13.99
1748,2026-08-17,2026-08-21,7:00:00 PM,LENTEJAS GRANDE.,2.0,0.045,18.98
1749,2026-08-17,2026-08-21,7:00:00 PM,LENTEJAS MEDIANA.,5.0,0.083,34.95
1750,2026-08-17,2026-08-21,7:00:00 PM,LIMONADA,6.0,0.064,27.0
1751,2026-08-17,2026-08-21,7:00:00 PM,-MADUROS.,3.0,0.032,13.47
1752,2026-08-17,2026-08-21,7:00:00 PM,-MARIQUITAS.,3.0,0.043,17.97
1753,2026-08-17,2026-08-21,7:00:00 PM,Mariquitas.togo.,1.0,0.011,4.5
1754,2026-08-17,2026-08-21,7:00:00 PM,-MASAS DE PUERCO,3.0,0.101,42.57
1755,2026-08-17,2026-08-21,7:00:00 PM,MATERVA.,2.0,0.012,5.0
1756,2026-08-17,2026-08-21,7:00:00 PM,MEDIA NOCHE.,1.0,0.024,9.99
1757,2026-08-17,2026-08-21,7:00:00 PM,-MEDIO POLLO A BRASA.,1.0,0.031,12.99
1758,2026-08-17,2026-08-21,7:00:00 PM,MEDIO POLLO.ASADO.,1.0,0.031,13.19
1759,2026-08-17,2026-08-21,7:00:00 PM,MELON..SANDIA,1.0,0.011,4.5
1760,2026-08-17,2026-08-21,7:00:00 PM,MIAMI SANDWICH.,1.0,0.029,12.19
1761,2026-08-17,2026-08-21,7:00:00 PM,Mini sandwich,1.0,0.014,5.99
1762,2026-08-17,2026-08-21,7:00:00 PM,MOFONGO PUERCO.,2.0,0.081,33.98
1763,2026-08-17,2026-08-21,7:00:00 PM,MOROS...,2.0,0.019,7.98
1764,2026-08-17,2026-08-21,7:00:00 PM,NATILLA,1.0,0.012,4.99
1765,2026-08-17,2026-08-21,7:00:00 PM,NATILLA CATALANA,1.0,0.015,6.25
1766,2026-08-17,2026-08-21,7:00:00 PM,-PAN CON BISTEC.,4.0,0.107,44.76
1767,2026-08-17,2026-08-21,7:00:00 PM,PAN CON TORTILLA.,1.0,0.027,11.19
1768,2026-08-17,2026-08-21,7:00:00 PM,PAPAS FRITAS,1.0,0.011,4.49
1769,2026-08-17,2026-08-21,7:00:00 PM,Pasteles Queso/Guayaba,1.0,0.004,1.5
1770,2026-08-17,2026-08-21,7:00:00 PM,PEPSI.,1.0,0.006,2.5
1771,2026-08-17,2026-08-21,7:00:00 PM,PICADILLO,1.0,0.033,13.69
1772,2026-08-17,2026-08-21,7:00:00 PM,POLLO EMPANIZADO,1.0,0.035,14.69
1773,2026-08-17,2026-08-21,7:00:00 PM,POTAJE COLORADOS MEDIA,2.0,0.034,14.18
1774,2026-08-17,2026-08-21,7:00:00 PM,PRESIDENTE..,1.0,0.013,5.49
1775,2026-08-17,2026-08-21,7:00:00 PM,PUDIN DE PAN.,2.0,0.026,10.98
1776,2026-08-17,2026-08-21,7:00:00 PM,ROPA VIEJA..,2.0,0.072,30.38
1777,2026-08-17,2026-08-21,7:00:00 PM,ROPA VIEJA...,5.0,0.198,83.05
1778,2026-08-17,2026-08-21,7:00:00 PM,SM SOPA PESCADO,1.0,0.01,4.25
1779,2026-08-17,2026-08-21,7:00:00 PM,Sopa de Pollo Grande,7.0,0.142,59.43
1780,2026-08-17,2026-08-21,7:00:00 PM,SOPA PESCADO GRANDE.,1.0,0.026,10.99
1781,2026-08-17,2026-08-21,7:00:00 PM,SOPA PESCADO MEDIANA.,2.0,0.033,13.98
1782,2026-08-17,2026-08-21,7:00:00 PM,SOPA PLATANO GRANDE.,1.0,0.025,10.49
1783,2026-08-17,2026-08-21,7:00:00 PM,SOPA PLATANO MEDIANA.,3.0,0.05,20.97
1784,2026-08-17,2026-08-21,7:00:00 PM,Sopa Pollo Medina,2.0,0.026,10.98
1785,2026-08-17,2026-08-21,7:00:00 PM,T0 GO MESA,14.0,0.012,4.9
1786,2026-08-17,2026-08-21,7:00:00 PM,TAMA. CAZUELA CHIQUITO,1.0,0.011,4.5
1787,2026-08-17,2026-08-21,7:00:00 PM,TAMAL,3.0,0.021,8.97
1788,2026-08-17,2026-08-21,7:00:00 PM,TAMAL CAZUELA.MEDIANO.,3.0,0.051,21.57
1789,2026-08-17,2026-08-21,7:00:00 PM,TAMAL.CAZUELA GRANDE.,1.0,0.027,11.19
1790,2026-08-17,2026-08-21,7:00:00 PM,TE FRIO.,3.0,0.021,8.97
1791,2026-08-17,2026-08-21,7:00:00 PM,To Go.,3.0,0.001,0.6
1792,2026-08-17,2026-08-21,7:00:00 PM,To Go..,40.0,0.019,8.15
1793,2026-08-17,2026-08-21,7:00:00 PM,TORTILLA BASCA. - LATE,1.0,0.033,13.89
1794,2026-08-17,2026-08-21,7:00:00 PM,TORTILLA.,1.0,0.027,11.19
1795,2026-08-17,2026-08-21,7:00:00 PM,TOSTONES.,2.0,0.024,9.98
1796,2026-08-17,2026-08-21,7:00:00 PM,TRES LECHES.,3.0,0.043,17.97
1797,2026-08-17,2026-08-21,7:00:00 PM,tronchos pescado,1.0,0.043,17.99
1798,2026-08-17,2026-08-21,7:00:00 PM,-VACA FRITA,3.0,0.123,51.57
1799,2026-08-17,2026-08-21,8:00:00 PM,.ARROZ FRITO,2.0,0.064,26.98
1800,2026-08-17,2026-08-21,8:00:00 PM,_=====================,8.0,0.0,0.0
1801,2026-08-17,2026-08-21,8:00:00 PM,== TO GO ==,25.0,0.012,5.0
1802,2026-08-17,2026-08-21,8:00:00 PM,======================,5.0,0.0,0.0
1803,2026-08-17,2026-08-21,8:00:00 PM,AGUA PERRIER,1.0,0.008,3.49
1804,2026-08-17,2026-08-21,8:00:00 PM,AJIACO MEDIANO,2.0,0.034,14.38
1805,2026-08-17,2026-08-21,8:00:00 PM,AJIACO..GRANDE,2.0,0.05,21.18
1806,2026-08-17,2026-08-21,8:00:00 PM,ALBONDIGAS.RES.,1.0,0.034,14.19
1807,2026-08-17,2026-08-21,8:00:00 PM,ARROZ CHIQUITO,1.0,0.005,2.25
1808,2026-08-17,2026-08-21,8:00:00 PM,ARROZ IMPERIAL..,1.0,0.034,14.19
1809,2026-08-17,2026-08-21,8:00:00 PM,BABY CHURASCO,4.0,0.196,82.36
1810,2026-08-17,2026-08-21,8:00:00 PM,BATIDO MAMEY,1.0,0.013,5.49
1811,2026-08-17,2026-08-21,8:00:00 PM,BATIDO TRIGO,1.0,0.012,4.99
1812,2026-08-17,2026-08-21,8:00:00 PM,BISTEC DE POLLO.,3.0,0.107,44.87
1813,2026-08-17,2026-08-21,8:00:00 PM,-BISTEC DE POLLO.,1.0,0.033,13.69
1814,2026-08-17,2026-08-21,8:00:00 PM,BISTEC DE POLLO..,1.0,0.032,13.49
1815,2026-08-17,2026-08-21,8:00:00 PM,BISTEC DE POLLO...,3.0,0.098,41.07
1816,2026-08-17,2026-08-21,8:00:00 PM,-BISTEC DE PUERCO,2.0,0.077,32.38
1817,2026-08-17,2026-08-21,8:00:00 PM,-BISTEC PALOMILLA,4.0,0.172,72.16
1818,2026-08-17,2026-08-21,8:00:00 PM,BISTEC POLLO PLANCHA,1.0,0.033,13.69
1819,2026-08-17,2026-08-21,8:00:00 PM,-BOLICHE ASADO,2.0,0.08,33.38
1820,2026-08-17,2026-08-21,8:00:00 PM,BONIATO HERVIDO,1.0,0.012,4.99
1821,2026-08-17,2026-08-21,8:00:00 PM,CAFE CON LECHE GRANDE,2.0,0.021,9.0
1822,2026-08-17,2026-08-21,8:00:00 PM,CAFE CUBANO.,7.0,0.025,10.5
1823,2026-08-17,2026-08-21,8:00:00 PM,CASCOS GUAVA QUESO,2.0,0.029,11.98
1824,2026-08-17,2026-08-21,8:00:00 PM,CHICHAR POLLO SIN HUES,2.0,0.065,27.18
1825,2026-08-17,2026-08-21,8:00:00 PM,CHULETAS DE PUERCO,3.0,0.104,43.47
1826,2026-08-17,2026-08-21,8:00:00 PM,"CHURRASCO ,,,",7.0,0.44,184.73
1827,2026-08-17,2026-08-21,8:00:00 PM,CLUB SANDWICH.,3.0,0.087,36.57
1828,2026-08-17,2026-08-21,8:00:00 PM,COKE.,5.0,0.03,12.5
1829,2026-08-17,2026-08-21,8:00:00 PM,COLADA.,2.0,0.013,5.5
1830,2026-08-17,2026-08-21,8:00:00 PM,COLORADOS GRANDE.,1.0,0.023,9.69
1831,2026-08-17,2026-08-21,8:00:00 PM,COPA VINO,1.0,0.021,8.99
1832,2026-08-17,2026-08-21,8:00:00 PM,Cortadito Evaporada,2.0,0.012,5.0
1833,2026-08-17,2026-08-21,8:00:00 PM,"Cortadito,.",1.0,0.005,1.99
1834,2026-08-17,2026-08-21,8:00:00 PM,CREMA BROCOLY,1.0,0.022,9.25
1835,2026-08-17,2026-08-21,8:00:00 PM,CREMA CALABAZA MEDIAN,3.0,0.05,20.97
1836,2026-08-17,2026-08-21,8:00:00 PM,CREMA CALABAZACHIQUIT,1.0,0.011,4.5
1837,2026-08-17,2026-08-21,8:00:00 PM,CREMA MALANGA MEDIANA.,2.0,0.033,13.98
1838,2026-08-17,2026-08-21,8:00:00 PM,CREMA VEGETAL GRANDE.,1.0,0.025,10.49
1839,2026-08-17,2026-08-21,8:00:00 PM,CREMA VEGETAL MEDIANA,1.0,0.017,6.99
1840,2026-08-17,2026-08-21,8:00:00 PM,CREMA. MALANGA GRANDE.,4.0,0.1,41.96
1841,2026-08-17,2026-08-21,8:00:00 PM,croqueta jamon.,10.0,0.042,17.5
1842,2026-08-17,2026-08-21,8:00:00 PM,CUBANO ESPECIAL..,2.0,0.058,24.38
1843,2026-08-17,2026-08-21,8:00:00 PM,CUBANO REGULAR.,1.0,0.024,9.99
1844,2026-08-17,2026-08-21,8:00:00 PM,DEDITOS .PESCADO.,1.0,0.034,14.19
1845,2026-08-17,2026-08-21,8:00:00 PM,ELENA RUZ.,1.0,0.024,9.99
1846,2026-08-17,2026-08-21,8:00:00 PM,ENPANISADO. RES,2.0,0.077,32.38
1847,2026-08-17,2026-08-21,8:00:00 PM,ENSALA AGUACAT PEQUE,8.0,0.086,36.0
1848,2026-08-17,2026-08-21,8:00:00 PM,ENSALADA AGUACAT GRAND,1.0,0.013,5.5
1849,2026-08-17,2026-08-21,8:00:00 PM,Ensalada Small,1.0,0.007,2.75
1850,2026-08-17,2026-08-21,8:00:00 PM,EXTRA AGUACATE.,1.0,0.004,1.75
1851,2026-08-17,2026-08-21,8:00:00 PM,FABADA MEDIANA.,2.0,0.034,14.38
1852,2026-08-17,2026-08-21,8:00:00 PM,FILETE ALA FRANCESA,1.0,0.048,19.99
1853,2026-08-17,2026-08-21,8:00:00 PM,FILETILL POLLO SALSA,1.0,0.04,16.69
1854,2026-08-17,2026-08-21,8:00:00 PM,FILETILLO DE CARNE.,1.0,0.037,15.69
1855,2026-08-17,2026-08-21,8:00:00 PM,FILETILLO POLLO PLANCH,1.0,0.036,14.99
1856,2026-08-17,2026-08-21,8:00:00 PM,FLAN ESPECIAL.,2.0,0.029,11.98
1857,2026-08-17,2026-08-21,8:00:00 PM,-FRICASE DE POLLO,1.0,0.027,11.19
1858,2026-08-17,2026-08-21,8:00:00 PM,FRICASE PUERCO.,1.0,0.037,15.45
1859,2026-08-17,2026-08-21,8:00:00 PM,FRIJOL MEDIANO.,1.0,0.012,4.99
1860,2026-08-17,2026-08-21,8:00:00 PM,FRIJOL PEQUENO.,4.0,0.028,11.96
1861,2026-08-17,2026-08-21,8:00:00 PM,FRIJOL.COLORADO CHIQUI,1.0,0.01,3.99
1862,2026-08-17,2026-08-21,8:00:00 PM,FRITURAS DE MALANGA,2.0,0.031,13.0
1863,2026-08-17,2026-08-21,8:00:00 PM,GUARAPO.,4.0,0.05,21.0
1864,2026-08-17,2026-08-21,8:00:00 PM,GUISO MAIZ GRANDE.,3.0,0.075,31.47
1865,2026-08-17,2026-08-21,8:00:00 PM,GUISO.MAIZ MEDIANO.,1.0,0.017,6.99
1866,2026-08-17,2026-08-21,8:00:00 PM,HAMBURQUESA.CON QUESO,1.0,0.027,11.19
1867,2026-08-17,2026-08-21,8:00:00 PM,IRON BEER.,1.0,0.006,2.5
1868,2026-08-17,2026-08-21,8:00:00 PM,JUGO MARACULLA,2.0,0.021,9.0
1869,2026-08-17,2026-08-21,8:00:00 PM,JUGO.NARANJA.,2.0,0.025,10.5
1870,2026-08-17,2026-08-21,8:00:00 PM,JUPINA DIETA,1.0,0.006,2.5
1871,2026-08-17,2026-08-21,8:00:00 PM,-LECHON ASADO,1.0,0.033,13.99
1872,2026-08-17,2026-08-21,8:00:00 PM,LIMONADA,4.0,0.043,18.0
1873,2026-08-17,2026-08-21,8:00:00 PM,LIMONADA FRESA,1.0,0.014,5.99
1874,2026-08-17,2026-08-21,8:00:00 PM,-MADUROS.,1.0,0.011,4.49
1875,2026-08-17,2026-08-21,8:00:00 PM,-MARIQUITAS.,3.0,0.043,17.97
1876,2026-08-17,2026-08-21,8:00:00 PM,MARIQUITAS..MIXTA,1.0,0.013,5.49
1877,2026-08-17,2026-08-21,8:00:00 PM,MASAS DE PUERCO.,1.0,0.033,13.69
1878,2026-08-17,2026-08-21,8:00:00 PM,MATERVA.,1.0,0.006,2.5
1879,2026-08-17,2026-08-21,8:00:00 PM,MEDIA NOCHE.,3.0,0.072,30.37
1880,2026-08-17,2026-08-21,8:00:00 PM,-MEDIO POLLO A BRASA.,3.0,0.094,39.37
1881,2026-08-17,2026-08-21,8:00:00 PM,MELON..SANDIA,1.0,0.011,4.5
1882,2026-08-17,2026-08-21,8:00:00 PM,MERENQUITO,1.0,0.004,1.5
1883,2026-08-17,2026-08-21,8:00:00 PM,MIAMI SANDWICH.,1.0,0.029,12.19
1884,2026-08-17,2026-08-21,8:00:00 PM,Miller Light,1.0,0.012,4.99
1885,2026-08-17,2026-08-21,8:00:00 PM,Mini sandwich,1.0,0.015,6.19
1886,2026-08-17,2026-08-21,8:00:00 PM,MISC COCINA,2.0,0.012,5.0
1887,2026-08-17,2026-08-21,8:00:00 PM,MOFONGO PUERCO.,1.0,0.04,16.99
1888,2026-08-17,2026-08-21,8:00:00 PM,-PAN CON BISTEC.,5.0,0.136,57.25
1889,2026-08-17,2026-08-21,8:00:00 PM,PAN CON LECHON.,1.0,0.023,9.69
1890,2026-08-17,2026-08-21,8:00:00 PM,PAPA RELLENA,2.0,0.014,5.98
1891,2026-08-17,2026-08-21,8:00:00 PM,PAPAS FRITAS,1.0,0.011,4.49
1892,2026-08-17,2026-08-21,8:00:00 PM,PICADILLO,1.0,0.033,13.69
1893,2026-08-17,2026-08-21,8:00:00 PM,-PICADILLO,2.0,0.07,29.38
1894,2026-08-17,2026-08-21,8:00:00 PM,POLLO EMPANIZADO,1.0,0.035,14.69
1895,2026-08-17,2026-08-21,8:00:00 PM,PUDIN DE PAN.,1.0,0.013,5.49
1896,2026-08-17,2026-08-21,8:00:00 PM,PUDIN DIPLOMATICO.,1.0,0.013,5.49
1897,2026-08-17,2026-08-21,8:00:00 PM,RABO ENCENDIDO.,1.0,0.058,24.19
1898,2026-08-17,2026-08-21,8:00:00 PM,RIÑONADA.,1.0,0.05,20.99
1899,2026-08-17,2026-08-21,8:00:00 PM,ROPA VIEJA..,2.0,0.072,30.18
1900,2026-08-17,2026-08-21,8:00:00 PM,RUEDA DE SERRUCHO.,1.0,0.036,15.19
1901,2026-08-17,2026-08-21,8:00:00 PM,RUEDA SERRUCO FRITA.,1.0,0.041,17.19
1902,2026-08-17,2026-08-21,8:00:00 PM,Sopa de Pollo Grande,10.0,0.202,84.9
1903,2026-08-17,2026-08-21,8:00:00 PM,SOPA PLATANO GRANDE.,1.0,0.025,10.49
1904,2026-08-17,2026-08-21,8:00:00 PM,Sopa Pollo Medina,4.0,0.052,21.96
1905,2026-08-17,2026-08-21,8:00:00 PM,SOPON MARINERO.,1.0,0.062,25.99
1906,2026-08-17,2026-08-21,8:00:00 PM,spageti carne,1.0,0.039,16.19
1907,2026-08-17,2026-08-21,8:00:00 PM,T0 GO MESA,5.0,0.004,1.75
1908,2026-08-17,2026-08-21,8:00:00 PM,TE FRIO.,1.0,0.007,2.99
1909,2026-08-17,2026-08-21,8:00:00 PM,To Go.,1.0,0.0,0.2
1910,2026-08-17,2026-08-21,8:00:00 PM,To Go..,14.0,0.007,2.8
1911,2026-08-17,2026-08-21,8:00:00 PM,TOSTADA,1.0,0.005,1.99
1912,2026-08-17,2026-08-21,8:00:00 PM,TRES LECHES.,1.0,0.014,5.99
1913,2026-08-17,2026-08-21,8:00:00 PM,-VACA FRITA,9.0,0.373,156.61
1914,2026-08-17,2026-08-21,9:00:00 PM,.BISTEC DE POLLO,1.0,0.033,13.69
1915,2026-08-17,2026-08-21,9:00:00 PM,_=====================,1.0,0.0,0.0
1916,2026-08-17,2026-08-21,9:00:00 PM,== TO GO ==,5.0,0.002,1.0
1917,2026-08-17,2026-08-21,9:00:00 PM,AGUACATE$4.00,1.0,0.01,4.0
1918,2026-08-17,2026-08-21,9:00:00 PM,AJIACO MEDIANO,2.0,0.034,14.38
1919,2026-08-17,2026-08-21,9:00:00 PM,ARROZ BLANCO..,1.0,0.008,3.25
1920,2026-08-17,2026-08-21,9:00:00 PM,BABY CHURASCO,2.0,0.096,40.18
1921,2026-08-17,2026-08-21,9:00:00 PM,BABY CHURRASCO,3.0,0.129,53.97
1922,2026-08-17,2026-08-21,9:00:00 PM,BATIDO MAMEY,1.0,0.013,5.49
1923,2026-08-17,2026-08-21,9:00:00 PM,BISTEC DE POLLO-,1.0,0.033,13.69
1924,2026-08-17,2026-08-21,9:00:00 PM,BISTEC DE POLLO.,3.0,0.098,41.07
1925,2026-08-17,2026-08-21,9:00:00 PM,-BISTEC DE POLLO.,1.0,0.032,13.49
1926,2026-08-17,2026-08-21,9:00:00 PM,-BISTEC PALOMILLA,2.0,0.086,35.98
1927,2026-08-17,2026-08-21,9:00:00 PM,BISTEC POLLO PLANCHA,1.0,0.036,15.19
1928,2026-08-17,2026-08-21,9:00:00 PM,CAFE CON LECHE GRANDE,1.0,0.011,4.5
1929,2026-08-17,2026-08-21,9:00:00 PM,CAFE CON LECHE PEQUENO,1.0,0.006,2.5
1930,2026-08-17,2026-08-21,9:00:00 PM,CAFE CUBANO.,1.0,0.004,1.5
1931,2026-08-17,2026-08-21,9:00:00 PM,caldosos,1.0,0.0,0.0
1932,2026-08-17,2026-08-21,9:00:00 PM,CANT 5 DELIVER,1.0,0.167,70.0
1933,2026-08-17,2026-08-21,9:00:00 PM,CHULETAS DE PUERCO,1.0,0.035,14.69
1934,2026-08-17,2026-08-21,9:00:00 PM,"CHURRASCO ,,,",1.0,0.062,25.99
1935,2026-08-17,2026-08-21,9:00:00 PM,COKE.,1.0,0.006,2.5
1936,2026-08-17,2026-08-21,9:00:00 PM,COLADA.,1.0,0.007,2.75
1937,2026-08-17,2026-08-21,9:00:00 PM,"Cortadito,.",3.0,0.014,5.97
1938,2026-08-17,2026-08-21,9:00:00 PM,CREMA MALANGA MEDIANA.,1.0,0.017,6.99
1939,2026-08-17,2026-08-21,9:00:00 PM,CROQUETA PREPARADA.,1.0,0.029,12.19
1940,2026-08-17,2026-08-21,9:00:00 PM,DIET COKE.,2.0,0.011,4.5
1941,2026-08-17,2026-08-21,9:00:00 PM,Empanada carne,6.0,0.043,17.94
1942,2026-08-17,2026-08-21,9:00:00 PM,ENPANISADO. RES,3.0,0.115,48.37
1943,2026-08-17,2026-08-21,9:00:00 PM,ENSALA AGUACAT PEQUE,3.0,0.032,13.5
1944,2026-08-17,2026-08-21,9:00:00 PM,ENSALA POLLO 2 CROQUET,2.0,0.06,24.98
1945,2026-08-17,2026-08-21,9:00:00 PM,ENSALDA DE TUNA,1.0,0.029,11.99
1946,2026-08-17,2026-08-21,9:00:00 PM,-FILETE PESCADO PLANCH,1.0,0.041,17.19
1947,2026-08-17,2026-08-21,9:00:00 PM,FRITURAS DE MALANGA,1.0,0.015,6.5
1948,2026-08-17,2026-08-21,9:00:00 PM,GALLETA DELICIOSAS,6.0,0.051,21.6
1949,2026-08-17,2026-08-21,9:00:00 PM,JUGO ZANAHORIA NARAJA,1.0,0.012,4.99
1950,2026-08-17,2026-08-21,9:00:00 PM,JUGO.NARANJA.,1.0,0.013,5.25
1951,2026-08-17,2026-08-21,9:00:00 PM,-LECHON ASADO,1.0,0.033,13.99
1952,2026-08-17,2026-08-21,9:00:00 PM,LIMONADA,2.0,0.021,9.0
1953,2026-08-17,2026-08-21,9:00:00 PM,MADIO.POLLO A la brasa,1.0,0.034,14.19
1954,2026-08-17,2026-08-21,9:00:00 PM,MASAS DE PUERCO.,2.0,0.065,27.18
1955,2026-08-17,2026-08-21,9:00:00 PM,MEDIA NOCHE PIERNA.,1.0,0.022,9.19
1956,2026-08-17,2026-08-21,9:00:00 PM,MEDIA VALLE HERM.,1.0,0.039,16.5
1957,2026-08-17,2026-08-21,9:00:00 PM,MELON..SANDIA,1.0,0.011,4.5
1958,2026-08-17,2026-08-21,9:00:00 PM,MIAMI SANDWICH.,3.0,0.087,36.37
1959,2026-08-17,2026-08-21,9:00:00 PM,MILANESA RES.,1.0,0.048,19.99
1960,2026-08-17,2026-08-21,9:00:00 PM,PAN CON TORTILLA.,1.0,0.027,11.19
1961,2026-08-17,2026-08-21,9:00:00 PM,PAN JAMAICA,2.0,0.008,3.2
1962,2026-08-17,2026-08-21,9:00:00 PM,POTAJE COLORADOS MEDIA,1.0,0.017,7.19
1963,2026-08-17,2026-08-21,9:00:00 PM,PUDIN DE PAN.,1.0,0.013,5.49
1964,2026-08-17,2026-08-21,9:00:00 PM,PUDIN DIPLOMATICO.,1.0,0.013,5.49
1965,2026-08-17,2026-08-21,9:00:00 PM,RUEDA DE SERRUCHO.,1.0,0.036,14.99
1966,2026-08-17,2026-08-21,9:00:00 PM,SOPA PLATANO GRANDE.,1.0,0.025,10.49
1967,2026-08-17,2026-08-21,9:00:00 PM,Sopa Pollo Medina,4.0,0.052,21.96
1968,2026-08-17,2026-08-21,9:00:00 PM,T0 GO MESA,1.0,0.001,0.35
1969,2026-08-17,2026-08-21,9:00:00 PM,To Go.,3.0,0.001,0.6
1970,2026-08-17,2026-08-21,9:00:00 PM,To Go..,3.0,0.001,0.6
1971,2026-08-17,2026-08-21,9:00:00 PM,TOSTADA,1.0,0.005,1.99
1972,2026-08-17,2026-08-21,9:00:00 PM,-VACA FRITA,1.0,0.041,17.19
1973,2026-08-17,2026-08-21,9:00:00 PM,RESUMEN DE LA HORA,100.0,1.985,833.41
1974,2026-08-17,2026-08-21,10:00:00 PM,JUGO.NARANJA.,1.0,0.013,5.25
1975,2026-08-17,2026-08-21,10:00:00 PM,-LECHON ASADO,1.0,0.033,13.99
1976,2026-08-17,2026-08-21,10:00:00 PM,RESUMEN DE LA HORA,2.0,0.046,19.24
1977,2026-07-27,2026-08-02,6:00:00 AM,1.SOLO.PANQUEY,3.0,0.01,6.75
1978,2026-07-27,2026-08-02,6:00:00 AM,BACON,2.0,0.015,9.98
1979,2026-07-27,2026-08-02,6:00:00 AM,Bananas.3 $ 1.50,1.0,0.002,1.5
1980,2026-07-27,2026-08-02,6:00:00 AM,BATIDO FRUTA BONBA,1.0,0.007,4.99
1981,2026-07-27,2026-08-02,6:00:00 AM,CAFE CON LECHE MEDIANO,1.0,0.006,3.75
1982,2026-07-27,2026-08-02,6:00:00 AM,CAFE CON LECHE PEQUENO,9.0,0.033,22.5
1983,2026-07-27,2026-08-02,6:00:00 AM,CAFE CUBANO.,7.0,0.016,10.5
1984,2026-07-27,2026-08-02,6:00:00 AM,COKE.,2.0,0.007,5.0
1985,2026-07-27,2026-08-02,6:00:00 AM,COLADA.,5.0,0.02,13.75
1986,2026-07-27,2026-08-02,6:00:00 AM,Cortadito Evaporada,2.0,0.007,5.0
1987,2026-07-27,2026-08-02,6:00:00 AM,"Cortadito,.",2.0,0.007,4.5
1988,2026-07-27,2026-08-02,6:00:00 AM,croqueta bacalao.,5.0,0.015,9.95
1989,2026-07-27,2026-08-02,6:00:00 AM,croqueta jamon.,34.0,0.088,59.5
1990,2026-07-27,2026-08-02,6:00:00 AM,Deditos De Queso.,4.0,0.012,7.96
1991,2026-07-27,2026-08-02,6:00:00 AM,DESALLUNOS..,16.0,0.297,201.04
1992,2026-07-27,2026-08-02,6:00:00 AM,DTC..,1.0,0.009,6.25
1993,2026-07-27,2026-08-02,6:00:00 AM,Empanada carne,5.0,0.022,14.95
1994,2026-07-27,2026-08-02,6:00:00 AM,ENSALA AGUACAT PEQUE,1.0,0.007,4.5
1995,2026-07-27,2026-08-02,6:00:00 AM,HUEVO FRITO,5.0,0.01,7.0
1996,2026-07-27,2026-08-02,6:00:00 AM,HUEVO REVUELTO,2.0,0.004,2.5
1997,2026-07-27,2026-08-02,6:00:00 AM,JUGO MARACULLA,2.0,0.013,9.0
1998,2026-07-27,2026-08-02,6:00:00 AM,JUGO.NARANJA.,3.0,0.023,15.75
1999,2026-07-27,2026-08-02,6:00:00 AM,JUPIÑA.,1.0,0.004,2.5
2000,2026-07-27,2026-08-02,6:00:00 AM,MIAMI SANDWICH.,3.0,0.054,36.57
2001,2026-07-27,2026-08-02,6:00:00 AM,NEWPORT,1.0,0.019,12.75
2002,2026-07-27,2026-08-02,6:00:00 AM,-PAN CON BISTEC.,1.0,0.016,10.99
2003,2026-07-27,2026-08-02,6:00:00 AM,PAN CON TORTILLA.,1.0,0.016,10.99
2004,2026-07-27,2026-08-02,6:00:00 AM,PAN DE BONO..,3.0,0.009,5.97
2005,2026-07-27,2026-08-02,6:00:00 AM,PAPA RELLENA,1.0,0.004,2.99
2006,2026-07-27,2026-08-02,6:00:00 AM,PEPSI.,1.0,0.004,2.5
2007,2026-07-27,2026-08-02,6:00:00 AM,SAND JAMON QUESO,2.0,0.027,18.38
2008,2026-07-27,2026-08-02,6:00:00 AM,To Go..,5.0,0.001,1.0
2009,2026-07-27,2026-08-02,6:00:00 AM,TORTILLA.,5.0,0.088,59.25
2010,2026-07-27,2026-08-02,6:00:00 AM,TOSTADA,6.0,0.018,11.94
2011,2026-07-27,2026-08-02,6:00:00 AM,RESUMEN DE LA HORA,143.0,0.89,602.45
2012,2026-07-27,2026-08-02,7:00:00 AM,AGUACATE DE 3.00,2.0,0.009,6.0
2013,2026-07-27,2026-08-02,7:00:00 AM,AGUACATE$4.00,2.0,0.012,8.0
2014,2026-07-27,2026-08-02,7:00:00 AM,BATIDO MANGO,1.0,0.007,4.99
2015,2026-07-27,2026-08-02,7:00:00 AM,BISTEC A CABALLO,2.0,0.043,28.98
2016,2026-07-27,2026-08-02,7:00:00 AM,CAF.LEC.EVAP.CHICO,1.0,0.004,3.0
2017,2026-07-27,2026-08-02,7:00:00 AM,CAFE CON LECHE GRANDE,2.0,0.013,9.0
2018,2026-07-27,2026-08-02,7:00:00 AM,CAFE CON LECHE MEDIANO,1.0,0.006,3.75
2019,2026-07-27,2026-08-02,7:00:00 AM,CAFE CON LECHE PEQUENO,3.0,0.011,7.5
2020,2026-07-27,2026-08-02,7:00:00 AM,CAFE CUBANO.,28.0,0.062,42.0
2021,2026-07-27,2026-08-02,7:00:00 AM,CHICHARO MEDIANO.,1.0,0.01,6.99
2022,2026-07-27,2026-08-02,7:00:00 AM,cholcolate chico,1.0,0.004,2.89
2023,2026-07-27,2026-08-02,7:00:00 AM,choriso regular,1.0,0.006,3.99
2024,2026-07-27,2026-08-02,7:00:00 AM,COKE.,1.0,0.004,2.5
2025,2026-07-27,2026-08-02,7:00:00 AM,COLADA.,8.0,0.033,22.0
2026,2026-07-27,2026-08-02,7:00:00 AM,Cortadito Evaporada,1.0,0.004,2.5
2027,2026-07-27,2026-08-02,7:00:00 AM,"Cortadito,.",5.0,0.015,10.21
2028,2026-07-27,2026-08-02,7:00:00 AM,croqueta bacalao.,4.0,0.012,7.96
2029,2026-07-27,2026-08-02,7:00:00 AM,croqueta jamon.,15.0,0.039,26.25
2030,2026-07-27,2026-08-02,7:00:00 AM,croqueta pollo.,1.0,0.003,1.75
2031,2026-07-27,2026-08-02,7:00:00 AM,CUBANO REGULAR.,1.0,0.015,10.19
2032,2026-07-27,2026-08-02,7:00:00 AM,DESALLUNOS..,25.0,0.453,306.8
2033,2026-07-27,2026-08-02,7:00:00 AM,Empanada Jamon/Queso,1.0,0.004,2.99
2034,2026-07-27,2026-08-02,7:00:00 AM,Empnda Espinaca/Queso,1.0,0.004,2.99
2035,2026-07-27,2026-08-02,7:00:00 AM,Ensalada Small,1.0,0.004,2.75
2036,2026-07-27,2026-08-02,7:00:00 AM,EXTRA QUESO CREMA.,1.0,0.003,1.75
2037,2026-07-27,2026-08-02,7:00:00 AM,GUARAPO.,1.0,0.008,5.25
2038,2026-07-27,2026-08-02,7:00:00 AM,JAMON.,1.0,0.006,3.99
2039,2026-07-27,2026-08-02,7:00:00 AM,JUGO PINA,1.0,0.007,4.5
2040,2026-07-27,2026-08-02,7:00:00 AM,JUGO ZANAHORIA NARAJA,1.0,0.007,4.99
2041,2026-07-27,2026-08-02,7:00:00 AM,JUGO.NARANJA.,5.0,0.039,26.25
2042,2026-07-27,2026-08-02,7:00:00 AM,LECHE PEQUENA,1.0,0.002,1.5
2043,2026-07-27,2026-08-02,7:00:00 AM,LIMONADA,1.0,0.007,4.5
2044,2026-07-27,2026-08-02,7:00:00 AM,MISC COCINA,1.0,0.003,2.0
2045,2026-07-27,2026-08-02,7:00:00 AM,NEWPORT,2.0,0.038,25.5
2046,2026-07-27,2026-08-02,7:00:00 AM,PAN CON TORTILLA.,1.0,0.02,13.24
2047,2026-07-27,2026-08-02,7:00:00 AM,PAN DE BONO..,1.0,0.003,1.99
2048,2026-07-27,2026-08-02,7:00:00 AM,PAN JAMAICA,3.0,0.007,4.8
2049,2026-07-27,2026-08-02,7:00:00 AM,PAPA RELLENA,1.0,0.004,2.99
2050,2026-07-27,2026-08-02,7:00:00 AM,Pasteles Guayaba,4.0,0.009,6.0
2051,2026-07-27,2026-08-02,7:00:00 AM,PEPSI.,5.0,0.018,12.5
2052,2026-07-27,2026-08-02,7:00:00 AM,PERICO RIPIADO.,3.0,0.053,35.97
2053,2026-07-27,2026-08-02,7:00:00 AM,Rinconcito BREAKFAST,1.0,0.021,13.99
2054,2026-07-27,2026-08-02,7:00:00 AM,TAMAL.CAZUELA GRANDE.,1.0,0.017,11.19
2055,2026-07-27,2026-08-02,7:00:00 AM,To Go.,1.0,0.0,0.2
2056,2026-07-27,2026-08-02,7:00:00 AM,To Go..,3.0,0.001,0.75
2057,2026-07-27,2026-08-02,7:00:00 AM,TORTILLA.,2.0,0.035,23.48
2058,2026-07-27,2026-08-02,7:00:00 AM,TOSTADA,21.0,0.064,43.29
2059,2026-07-27,2026-08-02,7:00:00 AM,TOSTADA JAMON QUESO,2.0,0.018,11.98
2060,2026-07-27,2026-08-02,7:00:00 AM,-VACA FRITA,1.0,0.028,19.19
2061,2026-07-27,2026-08-02,7:00:00 AM,RESUMEN DE LA HORA,174.0,1.194,807.77
2062,2026-07-27,2026-08-02,8:00:00 AM,305 Morados,2.0,0.018,12.5
2063,2026-07-27,2026-08-02,8:00:00 AM,AGUA NATURAL,1.0,0.003,1.99
2064,2026-07-27,2026-08-02,8:00:00 AM,AGUA PERRIER,1.0,0.005,3.49
2065,2026-07-27,2026-08-02,8:00:00 AM,Arroz con puerco,1.0,0.019,13.19
2066,2026-07-27,2026-08-02,8:00:00 AM,BABY CHURASCO,1.0,0.03,19.99
2067,2026-07-27,2026-08-02,8:00:00 AM,BABY CHURRASCO,2.0,0.054,36.38
2068,2026-07-27,2026-08-02,8:00:00 AM,BACON,1.0,0.007,4.99
2069,2026-07-27,2026-08-02,8:00:00 AM,BATIDO FRUTA BONBA,1.0,0.007,4.99
2070,2026-07-27,2026-08-02,8:00:00 AM,BATIDO MAMEY,1.0,0.008,5.49
2071,2026-07-27,2026-08-02,8:00:00 AM,BATIDO MANGO,1.0,0.007,4.99
2072,2026-07-27,2026-08-02,8:00:00 AM,BISTEC A CABALLO,6.0,0.136,92.19
2073,2026-07-27,2026-08-02,8:00:00 AM,BISTEC DE POLLO..,1.0,0.02,13.69
2074,2026-07-27,2026-08-02,8:00:00 AM,CAF.LEC.EVAP.CHICO,2.0,0.009,6.0
2075,2026-07-27,2026-08-02,8:00:00 AM,CAFE CON LECHE GRANDE,1.0,0.007,4.5
2076,2026-07-27,2026-08-02,8:00:00 AM,CAFE CON LECHE MEDIANO,4.0,0.022,15.0
2077,2026-07-27,2026-08-02,8:00:00 AM,CAFE CON LECHE PEQUENO,9.0,0.033,22.5
2078,2026-07-27,2026-08-02,8:00:00 AM,CAFE CUBANO.,29.0,0.064,43.5
2079,2026-07-27,2026-08-02,8:00:00 AM,chevere.,4.0,0.007,5.0
2080,2026-07-27,2026-08-02,8:00:00 AM,cholcolate chico,1.0,0.004,2.89
2081,2026-07-27,2026-08-02,8:00:00 AM,choriso regular,1.0,0.006,3.99
2082,2026-07-27,2026-08-02,8:00:00 AM,CLUB SANDWICH.,2.0,0.036,24.18
2083,2026-07-27,2026-08-02,8:00:00 AM,COKE.,6.0,0.022,15.0
2084,2026-07-27,2026-08-02,8:00:00 AM,COLADA.,14.0,0.057,38.5
2085,2026-07-27,2026-08-02,8:00:00 AM,CONGRI.,1.0,0.006,3.99
2086,2026-07-27,2026-08-02,8:00:00 AM,Cortadito Evaporada,1.0,0.004,2.5
2087,2026-07-27,2026-08-02,8:00:00 AM,"Cortadito,.",5.0,0.016,10.99
2088,2026-07-27,2026-08-02,8:00:00 AM,croqueta bacalao.,5.0,0.015,9.95
2089,2026-07-27,2026-08-02,8:00:00 AM,croqueta jamon.,64.0,0.165,112.0
2090,2026-07-27,2026-08-02,8:00:00 AM,croqueta pollo.,1.0,0.003,1.75
2091,2026-07-27,2026-08-02,8:00:00 AM,CUBANO REGULAR.,1.0,0.015,10.19
2092,2026-07-27,2026-08-02,8:00:00 AM,DESALLUNOS..,33.0,0.604,408.47
2093,2026-07-27,2026-08-02,8:00:00 AM,desayuno baby,2.0,0.027,17.98
2094,2026-07-27,2026-08-02,8:00:00 AM,Empanada carne,6.0,0.027,17.94
2095,2026-07-27,2026-08-02,8:00:00 AM,Empanada Jamon/Queso,1.0,0.004,2.99
2096,2026-07-27,2026-08-02,8:00:00 AM,Empanada Pollo,1.0,0.004,2.99
2097,2026-07-27,2026-08-02,8:00:00 AM,Empnda Espinaca/Queso,2.0,0.009,5.98
2098,2026-07-27,2026-08-02,8:00:00 AM,ENSALA AGUACAT PEQUE,1.0,0.007,4.5
2099,2026-07-27,2026-08-02,8:00:00 AM,fosforera..,1.0,0.003,2.25
2100,2026-07-27,2026-08-02,8:00:00 AM,GARBANZO.CHIQUITO.,1.0,0.006,3.99
2101,2026-07-27,2026-08-02,8:00:00 AM,GARBANZO.MEDIANO.,1.0,0.01,6.99
2102,2026-07-27,2026-08-02,8:00:00 AM,HARINA MEDIANA,1.0,0.01,6.45
2103,2026-07-27,2026-08-02,8:00:00 AM,HUEVO FRITO,6.0,0.013,8.5
2104,2026-07-27,2026-08-02,8:00:00 AM,HUEVOS AL PORCH,5.0,0.095,64.45
2105,2026-07-27,2026-08-02,8:00:00 AM,imperial grande.30.PER,1.0,0.236,160.0
2106,2026-07-27,2026-08-02,8:00:00 AM,JUGO ZANAHORIA NARAJA,1.0,0.007,4.99
2107,2026-07-27,2026-08-02,8:00:00 AM,JUGO.NARANJA.,6.0,0.047,31.5
2108,2026-07-27,2026-08-02,8:00:00 AM,LECHE PEQUENA,1.0,0.002,1.5
2109,2026-07-27,2026-08-02,8:00:00 AM,-LECHON ASADO,1.0,0.021,13.99
2110,2026-07-27,2026-08-02,8:00:00 AM,LENTEJAS.CHIQUITA.,1.0,0.006,3.99
2111,2026-07-27,2026-08-02,8:00:00 AM,MALBORO LIGHT,1.0,0.018,12.0
2112,2026-07-27,2026-08-02,8:00:00 AM,MATERVA.,1.0,0.004,2.5
2113,2026-07-27,2026-08-02,8:00:00 AM,MEDIA NOCHE.,1.0,0.015,9.99
2114,2026-07-27,2026-08-02,8:00:00 AM,MELON..SANDIA,1.0,0.007,4.5
2115,2026-07-27,2026-08-02,8:00:00 AM,MISC COCINA,6.0,0.044,29.74
2116,2026-07-27,2026-08-02,8:00:00 AM,NEWPORT,1.0,0.019,12.75
2117,2026-07-27,2026-08-02,8:00:00 AM,PAN CON TORTILLA.,1.0,0.017,11.19
2118,2026-07-27,2026-08-02,8:00:00 AM,PAN DE BONO..,2.0,0.006,3.98
2119,2026-07-27,2026-08-02,8:00:00 AM,PAPAS FRITAS,1.0,0.007,4.49
2120,2026-07-27,2026-08-02,8:00:00 AM,Pasteles Guayaba,4.0,0.009,6.0
2121,2026-07-27,2026-08-02,8:00:00 AM,Pasteles Queso/Guayaba,2.0,0.004,3.0
2122,2026-07-27,2026-08-02,8:00:00 AM,PERICO RIPIADO.,5.0,0.089,60.35
2123,2026-07-27,2026-08-02,8:00:00 AM,QUESO SUIZO,1.0,0.003,1.99
2124,2026-07-27,2026-08-02,8:00:00 AM,Rinconcito BREAKFAST,7.0,0.149,100.58
2125,2026-07-27,2026-08-02,8:00:00 AM,SACHICHAS,1.0,0.004,2.99
2126,2026-07-27,2026-08-02,8:00:00 AM,SAND JAMON QUESO,1.0,0.014,9.19
2127,2026-07-27,2026-08-02,8:00:00 AM,SANDWECHES POLLO..,1.0,0.017,11.69
2128,2026-07-27,2026-08-02,8:00:00 AM,SOPA DE RES GRANDE,2.0,0.035,23.98
2129,2026-07-27,2026-08-02,8:00:00 AM,SOPA DE RES MEDIANA,1.0,0.012,8.19
2130,2026-07-27,2026-08-02,8:00:00 AM,To Go..,8.0,0.003,1.9
2131,2026-07-27,2026-08-02,8:00:00 AM,TORTILLA.,6.0,0.1,67.89
2132,2026-07-27,2026-08-02,8:00:00 AM,TOSTADA,24.0,0.071,47.76
2133,2026-07-27,2026-08-02,8:00:00 AM,TOSTONES.,1.0,0.007,4.99
2134,2026-07-27,2026-08-02,8:00:00 AM,Western Omlet reg,1.0,0.016,10.99
2135,2026-07-27,2026-08-02,8:00:00 AM,Westren Omlet Clara,1.0,0.018,11.99
2136,2026-07-27,2026-08-02,9:00:00 AM,== TO GO ==,6.0,0.002,1.2
2137,2026-07-27,2026-08-02,9:00:00 AM,======================,6.0,0.0,0.0
2138,2026-07-27,2026-08-02,9:00:00 AM,1.SOLO.PANQUEY,1.0,0.003,2.25
2139,2026-07-27,2026-08-02,9:00:00 AM,305 Morados,1.0,0.009,6.25
2140,2026-07-27,2026-08-02,9:00:00 AM,AGUA NATURAL,4.0,0.012,7.96
2141,2026-07-27,2026-08-02,9:00:00 AM,Arros con pollo pequen,1.0,0.074,50.0
2142,2026-07-27,2026-08-02,9:00:00 AM,ARROZ CHIQUITO,2.0,0.007,4.5
2143,2026-07-27,2026-08-02,9:00:00 AM,BABY CHURASCO,1.0,0.033,22.19
2144,2026-07-27,2026-08-02,9:00:00 AM,BACON,3.0,0.022,14.97
2145,2026-07-27,2026-08-02,9:00:00 AM,BATIDO BANANA,1.0,0.007,4.99
2146,2026-07-27,2026-08-02,9:00:00 AM,BATIDO FRUTA BONBA,1.0,0.007,4.99
2147,2026-07-27,2026-08-02,9:00:00 AM,BISTEC A CABALLO,14.0,0.305,206.26
2148,2026-07-27,2026-08-02,9:00:00 AM,BOÑUELOS.,1.0,0.008,5.49
2149,2026-07-27,2026-08-02,9:00:00 AM,CAFE AMERICAN GRANDE.,1.0,0.005,3.25
2150,2026-07-27,2026-08-02,9:00:00 AM,CAFE CON LECHE GRANDE,2.0,0.013,9.0
2151,2026-07-27,2026-08-02,9:00:00 AM,CAFE CON LECHE MEDIANO,2.0,0.011,7.5
2152,2026-07-27,2026-08-02,9:00:00 AM,CAFE CON LECHE PEQUENO,18.0,0.066,45.0
2153,2026-07-27,2026-08-02,9:00:00 AM,CAFE CUBANO.,14.0,0.031,21.0
2154,2026-07-27,2026-08-02,9:00:00 AM,CAFECITO.,1.0,0.001,0.99
2155,2026-07-27,2026-08-02,9:00:00 AM,CANT 5 DELIVER,2.0,0.207,140.0
2156,2026-07-27,2026-08-02,9:00:00 AM,CANT 5 RECOGER,1.0,0.089,60.0
2157,2026-07-27,2026-08-02,9:00:00 AM,cholcolate chico,3.0,0.013,8.67
2158,2026-07-27,2026-08-02,9:00:00 AM,COLADA.,7.0,0.028,19.25
2159,2026-07-27,2026-08-02,9:00:00 AM,COLORADOS GRANDE.,1.0,0.014,9.69
2160,2026-07-27,2026-08-02,9:00:00 AM,con evaporada,1.0,0.002,1.5
2161,2026-07-27,2026-08-02,9:00:00 AM,Cortadito Evaporada,4.0,0.015,10.0
2162,2026-07-27,2026-08-02,9:00:00 AM,"Cortadito,.",11.0,0.034,23.19
2163,2026-07-27,2026-08-02,9:00:00 AM,CREMA MALANGA MEDIANA.,1.0,0.01,6.99
2164,2026-07-27,2026-08-02,9:00:00 AM,CREMA. MALANGA GRANDE.,3.0,0.046,31.47
2165,2026-07-27,2026-08-02,9:00:00 AM,croqueta bacalao.,4.0,0.012,7.96
2166,2026-07-27,2026-08-02,9:00:00 AM,croqueta jamon.,44.0,0.114,77.0
2167,2026-07-27,2026-08-02,9:00:00 AM,croqueta pollo.,4.0,0.01,7.0
2168,2026-07-27,2026-08-02,9:00:00 AM,CUBANO REGULAR.,2.0,0.03,20.18
2169,2026-07-27,2026-08-02,9:00:00 AM,Deditos De Queso.,1.0,0.003,1.99
2170,2026-07-27,2026-08-02,9:00:00 AM,DESALLUNOS..,63.0,1.149,777.92
2171,2026-07-27,2026-08-02,9:00:00 AM,DIET COKE.,1.0,0.003,2.25
2172,2026-07-27,2026-08-02,9:00:00 AM,Empanada carne,8.0,0.035,23.92
2173,2026-07-27,2026-08-02,9:00:00 AM,Empanada Jamon/Queso,4.0,0.018,11.96
2174,2026-07-27,2026-08-02,9:00:00 AM,Empanada Pollo,6.0,0.027,17.94
2175,2026-07-27,2026-08-02,9:00:00 AM,Empnda Espinaca/Queso,2.0,0.009,5.98
2176,2026-07-27,2026-08-02,9:00:00 AM,ENPANISADO. RES,1.0,0.027,18.19
2177,2026-07-27,2026-08-02,9:00:00 AM,"ENPELLAS,chicharones.",1.0,0.009,6.0
2178,2026-07-27,2026-08-02,9:00:00 AM,ENSALA AGUACAT PEQUE,3.0,0.02,13.5
2179,2026-07-27,2026-08-02,9:00:00 AM,ENSALADA AGUACAT GRAND,1.0,0.008,5.5
2180,2026-07-27,2026-08-02,9:00:00 AM,EXTRA QUESO CREMA.,1.0,0.003,1.75
2181,2026-07-27,2026-08-02,9:00:00 AM,FABADA GRANDE,1.0,0.016,10.69
2182,2026-07-27,2026-08-02,9:00:00 AM,FRITA CUBANA,1.0,0.015,10.19
2183,2026-07-27,2026-08-02,9:00:00 AM,GATORADE FRUIT PUNCH,1.0,0.006,3.99
2184,2026-07-27,2026-08-02,9:00:00 AM,HARINA GRANDE,2.0,0.03,20.38
2185,2026-07-27,2026-08-02,9:00:00 AM,Heineken,9.0,0.073,49.41
2186,2026-07-27,2026-08-02,9:00:00 AM,HUEVO CON BUTIFARA.,1.0,0.018,11.99
2187,2026-07-27,2026-08-02,9:00:00 AM,HUEVOS AL PORCH,2.0,0.038,25.48
2188,2026-07-27,2026-08-02,9:00:00 AM,inca kola,2.0,0.009,5.98
2189,2026-07-27,2026-08-02,9:00:00 AM,JUGO MARACULLA,1.0,0.007,4.5
2190,2026-07-27,2026-08-02,9:00:00 AM,JUGO PINA,2.0,0.013,9.0
2191,2026-07-27,2026-08-02,9:00:00 AM,JUGO.NARANJA.,18.0,0.14,94.5
2192,2026-07-27,2026-08-02,9:00:00 AM,LECHE PEQUENA,1.0,0.002,1.5
2193,2026-07-27,2026-08-02,9:00:00 AM,-MADUROS.,2.0,0.013,8.98
2194,2026-07-27,2026-08-02,9:00:00 AM,MALBORO LIGHT,1.0,0.018,12.0
2195,2026-07-27,2026-08-02,9:00:00 AM,Mariquitas.togo.,1.0,0.007,4.5
2196,2026-07-27,2026-08-02,9:00:00 AM,MEDIA NOCHE.,4.0,0.06,40.76
2197,2026-07-27,2026-08-02,9:00:00 AM,MIAMI SANDWICH.,1.0,0.018,12.19
2198,2026-07-27,2026-08-02,9:00:00 AM,MISC COCINA,2.0,0.007,4.49
2199,2026-07-27,2026-08-02,9:00:00 AM,MOFONGO PUERCO.,1.0,0.025,16.99
2200,2026-07-27,2026-08-02,9:00:00 AM,MOROS...,1.0,0.006,3.99
2201,2026-07-27,2026-08-02,9:00:00 AM,NEWPORT,2.0,0.038,25.5
2202,2026-07-27,2026-08-02,9:00:00 AM,PALETA.LASQUIADA.,1.0,0.178,120.19
2203,2026-07-27,2026-08-02,9:00:00 AM,-PAN CON BISTEC.,1.0,0.017,11.19
2204,2026-07-27,2026-08-02,9:00:00 AM,PAN CON TORTILLA.,11.0,0.187,126.69
2205,2026-07-27,2026-08-02,9:00:00 AM,PAN DE BONO..,3.0,0.009,5.97
2206,2026-07-27,2026-08-02,9:00:00 AM,PAPA CASA..,1.0,0.006,3.99
2207,2026-07-27,2026-08-02,9:00:00 AM,PAPA RELLENA,2.0,0.009,5.98
2208,2026-07-27,2026-08-02,9:00:00 AM,PAPAS FRITAS,1.0,0.007,4.49
2209,2026-07-27,2026-08-02,9:00:00 AM,Pasteles Carne,1.0,0.002,1.5
2210,2026-07-27,2026-08-02,9:00:00 AM,Pasteles Guayaba,5.0,0.011,7.5
2211,2026-07-27,2026-08-02,9:00:00 AM,PERICO DE CLARAS.,1.0,0.021,14.49
2212,2026-07-27,2026-08-02,9:00:00 AM,PERICO RIPIADO.,16.0,0.297,201.24
2213,2026-07-27,2026-08-02,9:00:00 AM,QUESO CREMA.,3.0,0.008,5.25
2214,2026-07-27,2026-08-02,9:00:00 AM,RANCHERO....,1.0,0.018,12.5
2215,2026-07-27,2026-08-02,9:00:00 AM,Rinconcito BREAKFAST,8.0,0.167,113.32
2216,2026-07-27,2026-08-02,9:00:00 AM,SACHICHAS,1.0,0.004,2.99
2217,2026-07-27,2026-08-02,9:00:00 AM,SANDWECHES POLLO..,1.0,0.017,11.69
2218,2026-07-27,2026-08-02,9:00:00 AM,SANDWICH BACON.,1.0,0.017,11.49
2219,2026-07-27,2026-08-02,9:00:00 AM,Sopa de Pollo Grande,1.0,0.013,8.49
2220,2026-07-27,2026-08-02,9:00:00 AM,SOPA DE RES MEDIANA,1.0,0.012,7.99
2221,2026-07-27,2026-08-02,9:00:00 AM,SOPA PLATANO MEDIANA.,2.0,0.021,13.98
2222,2026-07-27,2026-08-02,9:00:00 AM,Sopa Pollo Medina,3.0,0.024,16.47
2223,2026-07-27,2026-08-02,9:00:00 AM,SOPA. POLLO CHIQUITA,1.0,0.005,3.5
2224,2026-07-27,2026-08-02,9:00:00 AM,SPRIET.,2.0,0.007,5.0
2225,2026-07-27,2026-08-02,9:00:00 AM,T0 GO MESA,7.0,0.004,2.45
2226,2026-07-27,2026-08-02,9:00:00 AM,TAMAL.CAZUELA GRANDE.,1.0,0.017,11.19
2227,2026-07-27,2026-08-02,9:00:00 AM,To Go.,1.0,0.0,0.2
2228,2026-07-27,2026-08-02,9:00:00 AM,To Go..,7.0,0.002,1.4
2229,2026-07-27,2026-08-02,9:00:00 AM,TORTILLA.,7.0,0.132,89.58
2230,2026-07-27,2026-08-02,9:00:00 AM,TOSTADA,29.0,0.085,57.71
2231,2026-07-27,2026-08-02,9:00:00 AM,TOSTADA 2 CROQUETAS.,2.0,0.017,11.18
2232,2026-07-27,2026-08-02,9:00:00 AM,Western Omlet reg,1.0,0.018,12.19
2233,2026-07-27,2026-08-02,10:00:00 AM,.ARROZ FRITO,1.0,0.02,13.69
2234,2026-07-27,2026-08-02,10:00:00 AM,== TO GO ==,12.0,0.004,2.4
2235,2026-07-27,2026-08-02,10:00:00 AM,======================,14.0,0.0,0.0
2236,2026-07-27,2026-08-02,10:00:00 AM,1 PIEZA DE CORDERO,1.0,0.027,17.99
2237,2026-07-27,2026-08-02,10:00:00 AM,"1,,WAFLE,,",1.0,0.004,2.5
2238,2026-07-27,2026-08-02,10:00:00 AM,305 Morados,1.0,0.009,6.25
2239,2026-07-27,2026-08-02,10:00:00 AM,AGUA PERRIER,2.0,0.01,6.98
2240,2026-07-27,2026-08-02,10:00:00 AM,ARROZ CHIQUITO,2.0,0.007,4.5
2241,2026-07-27,2026-08-02,10:00:00 AM,ARROZ IMPERIAL..,1.0,0.021,14.19
2242,2026-07-27,2026-08-02,10:00:00 AM,BABY CHURASCO,2.0,0.059,40.18
2243,2026-07-27,2026-08-02,10:00:00 AM,BACON,1.0,0.007,4.99
2244,2026-07-27,2026-08-02,10:00:00 AM,BATIDO BANANA,1.0,0.007,4.99
2245,2026-07-27,2026-08-02,10:00:00 AM,BATIDO CHOCOLATE.,2.0,0.015,9.98
2246,2026-07-27,2026-08-02,10:00:00 AM,BATIDO FRUTA BONBA,3.0,0.022,14.97
2247,2026-07-27,2026-08-02,10:00:00 AM,BATIDO MAMEY,5.0,0.041,27.45
2248,2026-07-27,2026-08-02,10:00:00 AM,BATIDO MANGO,1.0,0.007,4.99
2249,2026-07-27,2026-08-02,10:00:00 AM,BISTEC A CABALLO,7.0,0.161,109.18
2250,2026-07-27,2026-08-02,10:00:00 AM,BISTEC DE POLLO-,1.0,0.023,15.69
2251,2026-07-27,2026-08-02,10:00:00 AM,BISTEC DE POLLO.,1.0,0.02,13.69
2252,2026-07-27,2026-08-02,10:00:00 AM,-BISTEC DE POLLO.,1.0,0.02,13.69
2253,2026-07-27,2026-08-02,10:00:00 AM,BISTEC DE POLLO...,1.0,0.02,13.49
2254,2026-07-27,2026-08-02,10:00:00 AM,BISTEC EN CAZUELA,1.0,0.022,14.69
2255,2026-07-27,2026-08-02,10:00:00 AM,-BISTEC PALOMILLA,1.0,0.027,17.99
2256,2026-07-27,2026-08-02,10:00:00 AM,-BOLICHE ASADO,1.0,0.025,16.69
2257,2026-07-27,2026-08-02,10:00:00 AM,BONIATO FRITO..,1.0,0.007,4.99
2258,2026-07-27,2026-08-02,10:00:00 AM,CAF.LEC.EVAP.CHICO,1.0,0.004,3.0
2259,2026-07-27,2026-08-02,10:00:00 AM,CAFE AMERICAN GRANDE.,3.0,0.014,9.75
2260,2026-07-27,2026-08-02,10:00:00 AM,CAFE CON LECHE GRANDE,7.0,0.047,31.5
2261,2026-07-27,2026-08-02,10:00:00 AM,CAFE CON LECHE MEDIANO,2.0,0.011,7.5
2262,2026-07-27,2026-08-02,10:00:00 AM,CAFE CON LECHE PEQUENO,16.0,0.059,40.0
2263,2026-07-27,2026-08-02,10:00:00 AM,CAFE CUBANO.,16.0,0.035,24.0
2264,2026-07-27,2026-08-02,10:00:00 AM,CANT 4 DELIVER,1.0,0.083,56.0
2265,2026-07-27,2026-08-02,10:00:00 AM,CANT 5 DELIVER,2.0,0.207,140.0
2266,2026-07-27,2026-08-02,10:00:00 AM,CARNE CON PAPAS.,1.0,0.021,14.19
2267,2026-07-27,2026-08-02,10:00:00 AM,CHICHARO GRANDE.,1.0,0.014,9.19
2268,2026-07-27,2026-08-02,10:00:00 AM,CHICHARO MEDIANO.,1.0,0.01,6.99
2269,2026-07-27,2026-08-02,10:00:00 AM,CHILINDRON D CHIVO,1.0,0.032,21.99
2270,2026-07-27,2026-08-02,10:00:00 AM,CHORIPAN.,1.0,0.015,10.19
2271,2026-07-27,2026-08-02,10:00:00 AM,"CHURRASCO ,,,",2.0,0.077,52.38
2272,2026-07-27,2026-08-02,10:00:00 AM,CLAMATO,1.0,0.004,2.99
2273,2026-07-27,2026-08-02,10:00:00 AM,cocacola.botella,1.0,0.005,3.49
2274,2026-07-27,2026-08-02,10:00:00 AM,COLADA.,7.0,0.028,19.25
2275,2026-07-27,2026-08-02,10:00:00 AM,CONGRI.,1.0,0.006,3.99
2276,2026-07-27,2026-08-02,10:00:00 AM,Cortadito Evaporada,3.0,0.011,7.5
2277,2026-07-27,2026-08-02,10:00:00 AM,"Cortadito,.",7.0,0.022,14.97
2278,2026-07-27,2026-08-02,10:00:00 AM,CREMA CALABAZA GRANDE,3.0,0.044,29.97
2279,2026-07-27,2026-08-02,10:00:00 AM,CREMA CALABAZA MEDIAN,2.0,0.021,13.98
2280,2026-07-27,2026-08-02,10:00:00 AM,CREMA MALANGA MEDIAN,1.0,0.01,6.99
2281,2026-07-27,2026-08-02,10:00:00 AM,CREMA MALANGA MEDIANA.,2.0,0.021,13.98
2282,2026-07-27,2026-08-02,10:00:00 AM,CREMA. MALANGA GRANDE.,1.0,0.015,10.49
2283,2026-07-27,2026-08-02,10:00:00 AM,croqueta bacalao.,6.0,0.018,11.94
2284,2026-07-27,2026-08-02,10:00:00 AM,croqueta jamon.,41.0,0.106,71.75
2285,2026-07-27,2026-08-02,10:00:00 AM,croqueta pollo.,4.0,0.01,7.0
2286,2026-07-27,2026-08-02,10:00:00 AM,CROQUETA PREPARADA.,1.0,0.018,11.99
2287,2026-07-27,2026-08-02,10:00:00 AM,DEDITOS DE PESCADO,1.0,0.024,16.19
2288,2026-07-27,2026-08-02,10:00:00 AM,-DEDITOS DE POLLO,1.0,0.019,13.19
2289,2026-07-27,2026-08-02,10:00:00 AM,Deditos De Queso.,4.0,0.012,7.96
2290,2026-07-27,2026-08-02,10:00:00 AM,deditos Queso/Guayaba,3.0,0.009,5.97
2291,2026-07-27,2026-08-02,10:00:00 AM,DESALLUNOS..,52.0,0.938,635.13
2292,2026-07-27,2026-08-02,10:00:00 AM,desayuno baby,1.0,0.013,8.99
2293,2026-07-27,2026-08-02,10:00:00 AM,DULCE DE LECHE,2.0,0.016,10.98
2294,2026-07-27,2026-08-02,10:00:00 AM,Empanada carne,5.0,0.022,14.95
2295,2026-07-27,2026-08-02,10:00:00 AM,Empanada Jamon/Queso,7.0,0.031,20.93
2296,2026-07-27,2026-08-02,10:00:00 AM,Empanada Pollo,1.0,0.004,2.99
2297,2026-07-27,2026-08-02,10:00:00 AM,Empnda Espinaca/Queso,1.0,0.004,2.99
2298,2026-07-27,2026-08-02,10:00:00 AM,ENSALA AGUACAT PEQUE,12.0,0.08,54.0
2299,2026-07-27,2026-08-02,10:00:00 AM,EXTRA AGUACATE.,2.0,0.005,3.5
2300,2026-07-27,2026-08-02,10:00:00 AM,FABADA MEDIANA.,1.0,0.01,6.99
2301,2026-07-27,2026-08-02,10:00:00 AM,FELITOS,7.0,0.015,10.43
2302,2026-07-27,2026-08-02,10:00:00 AM,FILETILLO DE CARNE.,1.0,0.02,13.49
2303,2026-07-27,2026-08-02,10:00:00 AM,-FLAN.,1.0,0.007,4.99
2304,2026-07-27,2026-08-02,10:00:00 AM,FRITA CUBANA,1.0,0.015,9.99
2305,2026-07-27,2026-08-02,10:00:00 AM,FRITURAS DE MALANGA,1.0,0.01,6.5
2306,2026-07-27,2026-08-02,10:00:00 AM,GARBANZO.MEDIANO.,2.0,0.021,13.98
2307,2026-07-27,2026-08-02,10:00:00 AM,GUARAPO.,3.0,0.023,15.75
2308,2026-07-27,2026-08-02,10:00:00 AM,HARINA MEDIANA,1.0,0.009,6.25
2309,2026-07-27,2026-08-02,10:00:00 AM,HARINA PEQUEÑA,5.0,0.03,20.15
2310,2026-07-27,2026-08-02,10:00:00 AM,HORDEN DE CHICHARON.,1.0,0.005,3.25
2311,2026-07-27,2026-08-02,10:00:00 AM,HUEVO CON BUTIFARA.,6.0,0.107,72.14
2312,2026-07-27,2026-08-02,10:00:00 AM,HUEVO FRITO,5.0,0.011,7.5
2313,2026-07-27,2026-08-02,10:00:00 AM,HUEVO HERVIDO.,6.0,0.016,10.5
2314,2026-07-27,2026-08-02,10:00:00 AM,JUGO ZANAHORIA NARAJA,2.0,0.015,9.98
2315,2026-07-27,2026-08-02,10:00:00 AM,JUGO.NARANJA.,24.0,0.186,126.0
2316,2026-07-27,2026-08-02,10:00:00 AM,JUPIÑA.,1.0,0.004,2.5
2317,2026-07-27,2026-08-02,10:00:00 AM,LENTEJAS GRANDE.,2.0,0.028,18.98
2318,2026-07-27,2026-08-02,10:00:00 AM,LENTEJAS MEDIANA.,2.0,0.021,13.98
2319,2026-07-27,2026-08-02,10:00:00 AM,LIMONADA,1.0,0.007,4.5
2320,2026-07-27,2026-08-02,10:00:00 AM,-MADUROS.,1.0,0.007,4.49
2321,2026-07-27,2026-08-02,10:00:00 AM,MALBORO LIGHT,1.0,0.018,12.0
2322,2026-07-27,2026-08-02,10:00:00 AM,MARIQUITA.CHIQUITA.ALT,1.0,0.037,25.0
2323,2026-07-27,2026-08-02,10:00:00 AM,MARIQUITAS DE MALANGA,1.0,0.009,5.99
2324,2026-07-27,2026-08-02,10:00:00 AM,-MARIQUITAS.,2.0,0.018,11.98
2325,2026-07-27,2026-08-02,10:00:00 AM,MASAS DE PUERCO.,2.0,0.04,27.38
2326,2026-07-27,2026-08-02,10:00:00 AM,MATERVA.,1.0,0.004,2.5
2327,2026-07-27,2026-08-02,10:00:00 AM,MEDIA NOCHE.,4.0,0.06,40.56
2328,2026-07-27,2026-08-02,10:00:00 AM,-MEDIO POLLO FRITO,1.0,0.02,13.69
2329,2026-07-27,2026-08-02,10:00:00 AM,MELON..SANDIA,7.0,0.047,31.5
2330,2026-07-27,2026-08-02,10:00:00 AM,Mini sandwich,1.0,0.009,5.99
2331,2026-07-27,2026-08-02,10:00:00 AM,MOROS...,2.0,0.012,7.98
2332,2026-07-27,2026-08-02,10:00:00 AM,palomilla baby,2.0,0.033,22.0
2333,2026-07-27,2026-08-02,10:00:00 AM,-PAN CON BISTEC.,8.0,0.131,88.92
2334,2026-07-27,2026-08-02,10:00:00 AM,PAN CON TORTILLA.,5.0,0.085,57.35
2335,2026-07-27,2026-08-02,10:00:00 AM,PAN DE BONO..,1.0,0.003,1.99
2336,2026-07-27,2026-08-02,10:00:00 AM,PAN JAMAICA,1.0,0.002,1.6
2337,2026-07-27,2026-08-02,10:00:00 AM,PAPA RELLENA,3.0,0.013,8.97
2338,2026-07-27,2026-08-02,10:00:00 AM,PAPAS FRITAS,1.0,0.007,4.49
2339,2026-07-27,2026-08-02,10:00:00 AM,Pasteles Queso/Guayaba,2.0,0.004,3.0
2340,2026-07-27,2026-08-02,10:00:00 AM,PERICO RIPIADO.,6.0,0.107,72.34
2341,2026-07-27,2026-08-02,10:00:00 AM,QUESO CREMA.,1.0,0.003,1.75
2342,2026-07-27,2026-08-02,10:00:00 AM,RABO ENCENDIDO...,3.0,0.106,71.97
2343,2026-07-27,2026-08-02,10:00:00 AM,Rinconcito BREAKFAST,7.0,0.146,98.53
2344,2026-07-27,2026-08-02,10:00:00 AM,ROPA VIEJA...,1.0,0.025,16.69
2345,2026-07-27,2026-08-02,10:00:00 AM,RUEDA DE SERRUCHO.,1.0,0.022,15.19
2346,2026-07-27,2026-08-02,10:00:00 AM,SAND JAMON QUESO,1.0,0.013,8.99
2347,2026-07-27,2026-08-02,10:00:00 AM,Sopa de Pollo Grande,4.0,0.05,33.96
2348,2026-07-27,2026-08-02,10:00:00 AM,SOPA DE RES GRANDE,1.0,0.018,12.19
2349,2026-07-27,2026-08-02,10:00:00 AM,SOPA PESCADO GRANDE.,1.0,0.016,10.99
2350,2026-07-27,2026-08-02,10:00:00 AM,Sopa Pollo Medina,1.0,0.008,5.49
2351,2026-07-27,2026-08-02,10:00:00 AM,T0 GO MESA,8.0,0.004,2.8
2352,2026-07-27,2026-08-02,10:00:00 AM,TAMAL CAZUELA.MEDIANO.,1.0,0.01,6.99
2353,2026-07-27,2026-08-02,10:00:00 AM,TAMAL.CAZUELA GRANDE.,3.0,0.05,33.57
2354,2026-07-27,2026-08-02,10:00:00 AM,To Go.,7.0,0.002,1.4
2355,2026-07-27,2026-08-02,10:00:00 AM,To Go..,26.0,0.008,5.5
2356,2026-07-27,2026-08-02,10:00:00 AM,TOREJA CUBANA,2.0,0.018,11.98
2357,2026-07-27,2026-08-02,10:00:00 AM,TORTILLA.,6.0,0.1,67.89
2358,2026-07-27,2026-08-02,10:00:00 AM,TOSTADA,22.0,0.065,43.78
2359,2026-07-27,2026-08-02,10:00:00 AM,TOSTADA 2 CROQUETAS.,1.0,0.007,4.99
2360,2026-07-27,2026-08-02,10:00:00 AM,TOSTONES.,2.0,0.015,9.98
2361,2026-07-27,2026-08-02,10:00:00 AM,TRES LECHES.,2.0,0.018,11.98
2362,2026-07-27,2026-08-02,10:00:00 AM,-VACA FRITA,2.0,0.051,34.18
2363,2026-07-27,2026-08-02,10:00:00 AM,-VACA FRITA.,1.0,0.024,16.19
2364,2026-07-27,2026-08-02,11:00:00 AM,.ARROZ FRITO,8.0,0.162,109.32
2365,2026-07-27,2026-08-02,11:00:00 AM,.BISTEC DE POLLO,1.0,0.02,13.69
2366,2026-07-27,2026-08-02,11:00:00 AM,_=====================,1.0,0.0,0.0
2367,2026-07-27,2026-08-02,11:00:00 AM,== TO GO ==,27.0,0.008,5.4
2368,2026-07-27,2026-08-02,11:00:00 AM,======================,20.0,0.0,0.0
2369,2026-07-27,2026-08-02,11:00:00 AM,1 PIEZA DE CORDERO,2.0,0.054,36.38
2370,2026-07-27,2026-08-02,11:00:00 AM,"1,,WAFLE,,",1.0,0.004,2.5
2371,2026-07-27,2026-08-02,11:00:00 AM,"3,,PANQUEQUES..",1.0,0.009,5.99
2372,2026-07-27,2026-08-02,11:00:00 AM,305 Morados,1.0,0.009,6.25
2373,2026-07-27,2026-08-02,11:00:00 AM,AGUA PERRIER,2.0,0.01,6.98
2374,2026-07-27,2026-08-02,11:00:00 AM,AJIACO..GRANDE,5.0,0.078,53.05
2375,2026-07-27,2026-08-02,11:00:00 AM,ALBONDIGAS.RES.,1.0,0.021,14.19
2376,2026-07-27,2026-08-02,11:00:00 AM,ARROZ CON LECHE,1.0,0.008,5.49
2377,2026-07-27,2026-08-02,11:00:00 AM,ARROZ BLANCO..,4.0,0.019,13.0
2378,2026-07-27,2026-08-02,11:00:00 AM,ARROZ CHIQUITO,1.0,0.003,2.25
2379,2026-07-27,2026-08-02,11:00:00 AM,ARROZ CON POLLO.,1.0,0.02,13.49
2380,2026-07-27,2026-08-02,11:00:00 AM,-ARROZ FRITO,1.0,0.02,13.49
2381,2026-07-27,2026-08-02,11:00:00 AM,ARROZ IMPERIAL..,2.0,0.042,28.38
2382,2026-07-27,2026-08-02,11:00:00 AM,BABY CHURASCO,2.0,0.06,40.38
2383,2026-07-27,2026-08-02,11:00:00 AM,BABY CHURRASCO,2.0,0.053,36.18
2384,2026-07-27,2026-08-02,11:00:00 AM,BACON,2.0,0.015,9.98
2385,2026-07-27,2026-08-02,11:00:00 AM,Bananas.3 $ 1.50,2.0,0.004,3.0
2386,2026-07-27,2026-08-02,11:00:00 AM,bandeja rinconcito 87,1.0,0.049,32.99
2387,2026-07-27,2026-08-02,11:00:00 AM,BATIDO BANANA,1.0,0.007,4.99
2388,2026-07-27,2026-08-02,11:00:00 AM,BATIDO MAMEY,3.0,0.024,16.47
2389,2026-07-27,2026-08-02,11:00:00 AM,BATIDO TRIGO,1.0,0.007,4.99
2390,2026-07-27,2026-08-02,11:00:00 AM,BISTEC A CABALLO,4.0,0.086,58.16
2391,2026-07-27,2026-08-02,11:00:00 AM,-BISTEC DE HIGADO,1.0,0.02,13.69
2392,2026-07-27,2026-08-02,11:00:00 AM,BISTEC DE POLLO-,3.0,0.06,40.87
2393,2026-07-27,2026-08-02,11:00:00 AM,BISTEC DE POLLO.,5.0,0.1,67.85
2394,2026-07-27,2026-08-02,11:00:00 AM,-BISTEC DE POLLO.,3.0,0.066,44.87
2395,2026-07-27,2026-08-02,11:00:00 AM,BISTEC DE POLLO..,2.0,0.04,27.18
2396,2026-07-27,2026-08-02,11:00:00 AM,BISTEC DE POLLO...,2.0,0.043,29.18
2397,2026-07-27,2026-08-02,11:00:00 AM,BISTEC EN CAZUELA,1.0,0.021,14.49
2398,2026-07-27,2026-08-02,11:00:00 AM,-BISTEC PALOMILLA,4.0,0.113,76.56
2399,2026-07-27,2026-08-02,11:00:00 AM,BISTEC POLLO PLANCHA,3.0,0.061,41.07
2400,2026-07-27,2026-08-02,11:00:00 AM,-BISTECDE POLLO,3.0,0.064,43.07
2401,2026-07-27,2026-08-02,11:00:00 AM,BOLA ENSALADA POLLO,2.0,0.01,6.5
2402,2026-07-27,2026-08-02,11:00:00 AM,BOLICHE ..,1.0,0.022,15.19
2403,2026-07-27,2026-08-02,11:00:00 AM,BOÑUELOS.,5.0,0.041,27.45
2404,2026-07-27,2026-08-02,11:00:00 AM,Budweiser,1.0,0.007,4.99
2405,2026-07-27,2026-08-02,11:00:00 AM,CAESAR /POLLO,1.0,0.019,12.99
2406,2026-07-27,2026-08-02,11:00:00 AM,CAF.LEC.EVAP.CHICO,1.0,0.004,3.0
2407,2026-07-27,2026-08-02,11:00:00 AM,CAFE AMERICAN GRANDE.,1.0,0.005,3.25
2408,2026-07-27,2026-08-02,11:00:00 AM,CAFE CON LECHE GRANDE,1.0,0.007,4.5
2409,2026-07-27,2026-08-02,11:00:00 AM,CAFE CON LECHE MEDIANO,1.0,0.006,3.75
2410,2026-07-27,2026-08-02,11:00:00 AM,CAFE CON LECHE PEQUENO,11.0,0.041,27.5
2411,2026-07-27,2026-08-02,11:00:00 AM,CAFE CUBANO.,37.0,0.082,55.5
2412,2026-07-27,2026-08-02,11:00:00 AM,CALDO GALLEGO.MEDIANO.,1.0,0.012,7.99
2413,2026-07-27,2026-08-02,11:00:00 AM,CANT 4 DELIVER,1.0,0.083,56.0
2414,2026-07-27,2026-08-02,11:00:00 AM,CANT 4 RECOGER,1.0,0.071,48.0
2415,2026-07-27,2026-08-02,11:00:00 AM,CANT 5 DELIVER,1.0,0.103,70.0
2416,2026-07-27,2026-08-02,11:00:00 AM,CANT 5 RECOGER,1.0,0.089,60.0
2417,2026-07-27,2026-08-02,11:00:00 AM,CARNE CON PAPAS.,3.0,0.063,42.57
2418,2026-07-27,2026-08-02,11:00:00 AM,CASCOS GUAVA QUESO,1.0,0.009,5.99
2419,2026-07-27,2026-08-02,11:00:00 AM,CHICHAR POLLO C HUESO.,1.0,0.02,13.49
2420,2026-07-27,2026-08-02,11:00:00 AM,CHICHARO GRANDE.,2.0,0.027,18.38
2421,2026-07-27,2026-08-02,11:00:00 AM,CHICHARO MEDIANO.,1.0,0.01,6.99
2422,2026-07-27,2026-08-02,11:00:00 AM,CHILINDRON D CHIVO,2.0,0.065,43.98
2423,2026-07-27,2026-08-02,11:00:00 AM,CHULETAS DE PUERCO.,5.0,0.101,68.45
2424,2026-07-27,2026-08-02,11:00:00 AM,"CHURRASCO ,,,",3.0,0.116,78.57
2425,2026-07-27,2026-08-02,11:00:00 AM,CLUB SANDWICH.,2.0,0.036,24.18
2426,2026-07-27,2026-08-02,11:00:00 AM,COKE.,6.0,0.022,15.0
2427,2026-07-27,2026-08-02,11:00:00 AM,COLADA.,5.0,0.02,13.75
2428,2026-07-27,2026-08-02,11:00:00 AM,-CORONA.,3.0,0.024,16.47
2429,2026-07-27,2026-08-02,11:00:00 AM,Cortadito Evaporada,4.0,0.015,10.0
2430,2026-07-27,2026-08-02,11:00:00 AM,"Cortadito,.",5.0,0.016,10.73
2431,2026-07-27,2026-08-02,11:00:00 AM,CREMA CALABAZA MEDIAN,2.0,0.021,13.98
2432,2026-07-27,2026-08-02,11:00:00 AM,CREMA CALABAZACHIQUIT,1.0,0.007,4.5
2433,2026-07-27,2026-08-02,11:00:00 AM,CREMA MALANGA MEDIANA.,3.0,0.031,20.97
2434,2026-07-27,2026-08-02,11:00:00 AM,CREMA VEGETAL MEDIANA,2.0,0.021,13.98
2435,2026-07-27,2026-08-02,11:00:00 AM,CREMA VEGETALE.MEDIAN,1.0,0.01,6.99
2436,2026-07-27,2026-08-02,11:00:00 AM,CREMA. MALANGA CHIQUIT,1.0,0.007,4.5
2437,2026-07-27,2026-08-02,11:00:00 AM,CREMA. MALANGA GRANDE.,6.0,0.093,62.94
2438,2026-07-27,2026-08-02,11:00:00 AM,CREMA. VEGETALCHIQUITA,1.0,0.007,4.5
2439,2026-07-27,2026-08-02,11:00:00 AM,croqueta bacalao.,7.0,0.021,13.93
2440,2026-07-27,2026-08-02,11:00:00 AM,croqueta jamon.,29.0,0.075,50.75
2441,2026-07-27,2026-08-02,11:00:00 AM,croqueta pollo.,1.0,0.003,1.75
2442,2026-07-27,2026-08-02,11:00:00 AM,CROQUETA PREPARADA.,2.0,0.035,23.98
2443,2026-07-27,2026-08-02,11:00:00 AM,CUBANO ESPECIAL..,1.0,0.018,11.99
2444,2026-07-27,2026-08-02,11:00:00 AM,CUBANO REGULAR.,3.0,0.045,30.37
2445,2026-07-27,2026-08-02,11:00:00 AM,CUBIERTO.....,5.0,0.0,0.0
2446,2026-07-27,2026-08-02,11:00:00 AM,DEDITOS .PESCADO.,1.0,0.021,14.19
2447,2026-07-27,2026-08-02,11:00:00 AM,DEDITOS DE PESCADO,2.0,0.048,32.38
2448,2026-07-27,2026-08-02,11:00:00 AM,DESALLUNOS..,28.0,0.505,341.47
2449,2026-07-27,2026-08-02,11:00:00 AM,desayuno baby,1.0,0.013,8.99
2450,2026-07-27,2026-08-02,11:00:00 AM,DIET COKE.,2.0,0.007,4.5
2451,2026-07-27,2026-08-02,11:00:00 AM,Empanada carne,13.0,0.057,38.87
2452,2026-07-27,2026-08-02,11:00:00 AM,Empanada Jamon/Queso,6.0,0.027,17.94
2453,2026-07-27,2026-08-02,11:00:00 AM,Empanada Pollo,2.0,0.009,5.98
2454,2026-07-27,2026-08-02,11:00:00 AM,Empnda Espinaca/Queso,3.0,0.013,8.97
2455,2026-07-27,2026-08-02,11:00:00 AM,ENPANADA COLONBIANA..,2.0,0.007,4.98
2456,2026-07-27,2026-08-02,11:00:00 AM,ENSALA AGUACAT PEQUE,7.0,0.047,31.5
2457,2026-07-27,2026-08-02,11:00:00 AM,ENSALA POLLO 2 CROQUET,3.0,0.055,37.47
2458,2026-07-27,2026-08-02,11:00:00 AM,ENSALADA AGUACAT GRAND,2.0,0.016,11.0
2459,2026-07-27,2026-08-02,11:00:00 AM,ENSALADA MIXTA,1.0,0.01,6.5
2460,2026-07-27,2026-08-02,11:00:00 AM,ENSALDA DE TUNA,1.0,0.018,11.99
2461,2026-07-27,2026-08-02,11:00:00 AM,Epaguetti con jamon.RO,1.0,0.019,13.19
2462,2026-07-27,2026-08-02,11:00:00 AM,EXTRA AGUACATE.,2.0,0.005,3.5
2463,2026-07-27,2026-08-02,11:00:00 AM,FABADA GRANDE,4.0,0.063,42.76
2464,2026-07-27,2026-08-02,11:00:00 AM,FABADA MEDIANA.,1.0,0.011,7.19
2465,2026-07-27,2026-08-02,11:00:00 AM,-FILETE PESCADO PLANCH,1.0,0.025,17.19
2466,2026-07-27,2026-08-02,11:00:00 AM,FILETE SALMON.,1.0,0.027,18.2
2467,2026-07-27,2026-08-02,11:00:00 AM,FILETILLO RES PLANCHA.,2.0,0.045,30.38
2468,2026-07-27,2026-08-02,11:00:00 AM,FLAN ESPECIAL.,2.0,0.018,11.98
2469,2026-07-27,2026-08-02,11:00:00 AM,-FLAN.,1.0,0.007,4.99
2470,2026-07-27,2026-08-02,11:00:00 AM,-FRICASE DE POLLO,3.0,0.05,33.57
2471,2026-07-27,2026-08-02,11:00:00 AM,FRICASE PUERCO.,2.0,0.039,26.5
2472,2026-07-27,2026-08-02,11:00:00 AM,FRIJOL GRANDE,1.0,0.012,7.99
2473,2026-07-27,2026-08-02,11:00:00 AM,FRIJOL PEQUENO.,1.0,0.004,2.99
2474,2026-07-27,2026-08-02,11:00:00 AM,GUARAPO.,1.0,0.008,5.25
2475,2026-07-27,2026-08-02,11:00:00 AM,GUISO MAIZ GRANDE.,1.0,0.015,10.49
2476,2026-07-27,2026-08-02,11:00:00 AM,GUISO.MAIZ MEDIANO.,2.0,0.021,13.98
2477,2026-07-27,2026-08-02,11:00:00 AM,Heineken,2.0,0.016,10.98
2478,2026-07-27,2026-08-02,11:00:00 AM,HORDE DEPAN,1.0,0.002,1.5
2479,2026-07-27,2026-08-02,11:00:00 AM,HORDEN DE 3 CHICHARONE,1.0,0.005,3.25
2480,2026-07-27,2026-08-02,11:00:00 AM,HUEVO FRITO,1.0,0.002,1.5
2481,2026-07-27,2026-08-02,11:00:00 AM,HUEVOS AL PORCH,1.0,0.018,11.99
2482,2026-07-27,2026-08-02,11:00:00 AM,IMPERIAL .,1.0,0.018,11.99
2483,2026-07-27,2026-08-02,11:00:00 AM,JUGO MARACULLA,3.0,0.02,13.5
2484,2026-07-27,2026-08-02,11:00:00 AM,JUGO PINA,1.0,0.007,4.5
2485,2026-07-27,2026-08-02,11:00:00 AM,JUGO.NARANJA.,15.0,0.116,78.75
2486,2026-07-27,2026-08-02,11:00:00 AM,LENTEJAS MEDIANA.,1.0,0.01,6.99
2487,2026-07-27,2026-08-02,11:00:00 AM,LENTEJAS.CHIQUITA.,1.0,0.006,3.99
2488,2026-07-27,2026-08-02,11:00:00 AM,LIMONADA,3.0,0.02,13.5
2489,2026-07-27,2026-08-02,11:00:00 AM,-MADUROS.,5.0,0.033,22.45
2490,2026-07-27,2026-08-02,11:00:00 AM,MALBORO REG,1.0,0.018,12.0
2491,2026-07-27,2026-08-02,11:00:00 AM,-MARIQUITAS.,1.0,0.009,5.99
2492,2026-07-27,2026-08-02,11:00:00 AM,MARIQUITAS..MIXTA,3.0,0.024,16.47
2493,2026-07-27,2026-08-02,11:00:00 AM,-MASAS DE PUERCO,7.0,0.149,100.93
2494,2026-07-27,2026-08-02,11:00:00 AM,-MASAS DE PUERCO.,2.0,0.041,27.98
2495,2026-07-27,2026-08-02,11:00:00 AM,MATERVA.,3.0,0.011,7.5
2496,2026-07-27,2026-08-02,11:00:00 AM,MEDIA NOCHE.,8.0,0.119,80.72
2497,2026-07-27,2026-08-02,11:00:00 AM,MELON..SANDIA,2.0,0.013,9.0
2498,2026-07-27,2026-08-02,11:00:00 AM,MIAMI SANDWICH.,1.0,0.018,11.99
2499,2026-07-27,2026-08-02,11:00:00 AM,-MILANESA DE POLLO,1.0,0.024,16.19
2500,2026-07-27,2026-08-02,11:00:00 AM,MISC COCINA,1.0,0.003,1.99
2501,2026-07-27,2026-08-02,11:00:00 AM,MIXTO PAVO ESPINACA.,1.0,0.018,12.49
2502,2026-07-27,2026-08-02,11:00:00 AM,MOROS...,1.0,0.006,3.99
2503,2026-07-27,2026-08-02,11:00:00 AM,NATILLA,1.0,0.007,4.99
2504,2026-07-27,2026-08-02,11:00:00 AM,-PAN CON BISTEC.,14.0,0.23,155.86
2505,2026-07-27,2026-08-02,11:00:00 AM,PAN CON LECHON.,1.0,0.014,9.49
2506,2026-07-27,2026-08-02,11:00:00 AM,PAN CON TORTILLA.,2.0,0.034,22.98
2507,2026-07-27,2026-08-02,11:00:00 AM,PAPA CASA..,1.0,0.006,3.99
2508,2026-07-27,2026-08-02,11:00:00 AM,PAPA RELLENA,2.0,0.009,5.98
2509,2026-07-27,2026-08-02,11:00:00 AM,PAPAS FRITAS,2.0,0.013,8.98
2510,2026-07-27,2026-08-02,11:00:00 AM,-PARGO FRITO ENTERO.,1.0,0.039,26.19
2511,2026-07-27,2026-08-02,11:00:00 AM,PEPSI.,1.0,0.004,2.5
2512,2026-07-27,2026-08-02,11:00:00 AM,PERICO RIPIADO.,10.0,0.18,121.6
2513,2026-07-27,2026-08-02,11:00:00 AM,PICADILLO,1.0,0.02,13.49
2514,2026-07-27,2026-08-02,11:00:00 AM,-PICADILLO,4.0,0.087,58.76
2515,2026-07-27,2026-08-02,11:00:00 AM,POTAJE COLORADOS MEDIA,2.0,0.021,13.98
2516,2026-07-27,2026-08-02,11:00:00 AM,PRESIDENTE FELO,1.0,0.004,2.5
2517,2026-07-27,2026-08-02,11:00:00 AM,PUDIN DIPLOMATICO.,3.0,0.024,16.47
2518,2026-07-27,2026-08-02,11:00:00 AM,PURE PAPAS.,1.0,0.007,4.49
2519,2026-07-27,2026-08-02,11:00:00 AM,QUESO AMERICANO.,1.0,0.003,1.75
2520,2026-07-27,2026-08-02,11:00:00 AM,QUESO CREMA.,1.0,0.003,1.75
2521,2026-07-27,2026-08-02,11:00:00 AM,RABO ENCENDIDO.,5.0,0.178,120.75
2522,2026-07-27,2026-08-02,11:00:00 AM,RABO ENCENDIDO...,1.0,0.036,24.19
2523,2026-07-27,2026-08-02,11:00:00 AM,-RACION DE MALANGA.,2.0,0.018,11.98
2524,2026-07-27,2026-08-02,11:00:00 AM,Rinconcito BREAKFAST,2.0,0.041,27.98
2525,2026-07-27,2026-08-02,11:00:00 AM,RIÑONADA.,2.0,0.063,42.38
2526,2026-07-27,2026-08-02,11:00:00 AM,ROPA VIEJA..,2.0,0.045,30.38
2527,2026-07-27,2026-08-02,11:00:00 AM,SANDWECHES POLLO..,1.0,0.017,11.69
2528,2026-07-27,2026-08-02,11:00:00 AM,SANDWICH BOLICHE.,1.0,0.019,13.19
2529,2026-07-27,2026-08-02,11:00:00 AM,Sopa de Pollo Grande,11.0,0.138,93.39
2530,2026-07-27,2026-08-02,11:00:00 AM,SOPA DE RES GRANDE,8.0,0.144,97.12
2531,2026-07-27,2026-08-02,11:00:00 AM,SOPA DE RES MEDIANA,2.0,0.024,16.18
2532,2026-07-27,2026-08-02,11:00:00 AM,SOPA PESCADO GRANDE.,2.0,0.032,21.98
2533,2026-07-27,2026-08-02,11:00:00 AM,SOPA PESCADO MEDIANA.,3.0,0.031,20.97
2534,2026-07-27,2026-08-02,11:00:00 AM,SOPA PLATANO MEDIANA.,1.0,0.01,6.99
2535,2026-07-27,2026-08-02,11:00:00 AM,Sopa Pollo Medina,9.0,0.073,49.41
2536,2026-07-27,2026-08-02,11:00:00 AM,SOPA. POLLO CHIQUITA,1.0,0.005,3.5
2537,2026-07-27,2026-08-02,11:00:00 AM,spageti carne,1.0,0.024,16.19
2538,2026-07-27,2026-08-02,11:00:00 AM,Spagheti Carne SALSA R,1.0,0.024,16.19
2539,2026-07-27,2026-08-02,11:00:00 AM,Spaghetti Pollo.ROJA,1.0,0.022,15.19
2540,2026-07-27,2026-08-02,11:00:00 AM,SPRIET.,2.0,0.007,5.0
2541,2026-07-27,2026-08-02,11:00:00 AM,stella ARTOIS,1.0,0.008,5.49
2542,2026-07-27,2026-08-02,11:00:00 AM,T0 GO MESA,9.0,0.005,3.15
2543,2026-07-27,2026-08-02,11:00:00 AM,TAMAL,5.0,0.022,14.95
2544,2026-07-27,2026-08-02,11:00:00 AM,TAMAL.CAZUELA GRANDE.,2.0,0.033,22.38
2545,2026-07-27,2026-08-02,11:00:00 AM,To Go.,13.0,0.004,2.6
2546,2026-07-27,2026-08-02,11:00:00 AM,To Go..,41.0,0.013,8.8
2547,2026-07-27,2026-08-02,11:00:00 AM,TORTILLA.,4.0,0.07,47.21
2548,2026-07-27,2026-08-02,11:00:00 AM,TOSTADA,10.0,0.029,19.9
2549,2026-07-27,2026-08-02,11:00:00 AM,TOSTONES.,2.0,0.015,9.98
2550,2026-07-27,2026-08-02,11:00:00 AM,TRES LECHES.,7.0,0.062,41.93
2551,2026-07-27,2026-08-02,11:00:00 AM,-VACA FRITA,5.0,0.127,85.75
2552,2026-07-27,2026-08-02,11:00:00 AM,-VACA FRITA.,18.0,0.426,288.22
2553,2026-07-27,2026-08-02,11:00:00 AM,Western Omlet reg - LATE,2.0,0.039,26.38
2554,2026-07-27,2026-08-02,11:00:00 AM,YUCA.,1.0,0.007,4.49
2555,2026-07-27,2026-08-02,12:00:00 PM,.ARROZ FRITO,1.0,0.02,13.69
2556,2026-07-27,2026-08-02,12:00:00 PM,.BISTEC DE POLLO,4.0,0.081,54.56
2557,2026-07-27,2026-08-02,12:00:00 PM,== TO GO ==,28.0,0.008,5.6
2558,2026-07-27,2026-08-02,12:00:00 PM,======================,17.0,0.0,0.0
2559,2026-07-27,2026-08-02,12:00:00 PM,1 BOLA HELADO..,2.0,0.009,5.98
2560,2026-07-27,2026-08-02,12:00:00 PM,1 PIEZA DE CORDERO,2.0,0.054,36.38
2561,2026-07-27,2026-08-02,12:00:00 PM,2 PIEZAS DE CORDERO.,1.0,0.037,25.19
2562,2026-07-27,2026-08-02,12:00:00 PM,AGUA NATURAL,2.0,0.006,3.98
2563,2026-07-27,2026-08-02,12:00:00 PM,AGUA PERRIER,1.0,0.005,3.49
2564,2026-07-27,2026-08-02,12:00:00 PM,AJIACO MEDIANO,3.0,0.032,21.37
2565,2026-07-27,2026-08-02,12:00:00 PM,AJIACO..GRANDE,8.0,0.126,85.52
2566,2026-07-27,2026-08-02,12:00:00 PM,ALBONDIGAS.RES.,1.0,0.021,13.99
2567,2026-07-27,2026-08-02,12:00:00 PM,ARROZ CON LECHE,1.0,0.008,5.49
2568,2026-07-27,2026-08-02,12:00:00 PM,ARROZ BLANCO..,6.0,0.029,19.5
2569,2026-07-27,2026-08-02,12:00:00 PM,ARROZ CHIQUITO,2.0,0.008,5.5
2570,2026-07-27,2026-08-02,12:00:00 PM,ARROZ CON POLLO,3.0,0.056,37.87
2571,2026-07-27,2026-08-02,12:00:00 PM,ARROZ CON POLLO.,2.0,0.04,27.18
2572,2026-07-27,2026-08-02,12:00:00 PM,ARROZ IMPERIAL..,1.0,0.021,14.19
2573,2026-07-27,2026-08-02,12:00:00 PM,Arroz pollo.desmenuza.,2.0,0.037,25.18
2574,2026-07-27,2026-08-02,12:00:00 PM,BABY CHURASCO,3.0,0.089,59.97
2575,2026-07-27,2026-08-02,12:00:00 PM,BABY CHURRASCO,6.0,0.16,108.34
2576,2026-07-27,2026-08-02,12:00:00 PM,BACALAO VISCAINA,2.0,0.06,40.38
2577,2026-07-27,2026-08-02,12:00:00 PM,BATIDO FRUTA BONBA,1.0,0.007,4.99
2578,2026-07-27,2026-08-02,12:00:00 PM,BATIDO MAMEY,4.0,0.032,21.96
2579,2026-07-27,2026-08-02,12:00:00 PM,BATIDO MANGO,1.0,0.007,4.99
2580,2026-07-27,2026-08-02,12:00:00 PM,Best Mango,1.0,0.004,2.99
2581,2026-07-27,2026-08-02,12:00:00 PM,BISTEC A CABALLO,6.0,0.129,87.34
2582,2026-07-27,2026-08-02,12:00:00 PM,BISTEC DE POLLO-,8.0,0.164,110.72
2583,2026-07-27,2026-08-02,12:00:00 PM,BISTEC DE POLLO.,6.0,0.124,83.94
2584,2026-07-27,2026-08-02,12:00:00 PM,-BISTEC DE POLLO.,8.0,0.168,113.82
2585,2026-07-27,2026-08-02,12:00:00 PM,BISTEC DE POLLO..,2.0,0.04,27.18
2586,2026-07-27,2026-08-02,12:00:00 PM,BISTEC DE POLLO...,7.0,0.143,96.63
2587,2026-07-27,2026-08-02,12:00:00 PM,-BISTEC DE PUERCO,4.0,0.095,64.36
2588,2026-07-27,2026-08-02,12:00:00 PM,BISTEC EN CAZUELA,1.0,0.022,14.69
2589,2026-07-27,2026-08-02,12:00:00 PM,-BISTEC PALOMILLA,11.0,0.296,200.49
2590,2026-07-27,2026-08-02,12:00:00 PM,BISTEC POLLO PLANCHA,1.0,0.02,13.69
2591,2026-07-27,2026-08-02,12:00:00 PM,-BISTECDE POLLO,3.0,0.063,42.67
2592,2026-07-27,2026-08-02,12:00:00 PM,BOLA ENSALADA POLLO,1.0,0.005,3.25
2593,2026-07-27,2026-08-02,12:00:00 PM,BOLICHE ..,2.0,0.045,30.38
2594,2026-07-27,2026-08-02,12:00:00 PM,-BOLICHE ASADO,3.0,0.074,49.87
2595,2026-07-27,2026-08-02,12:00:00 PM,BONIATO HERVIDO,2.0,0.015,9.98
2596,2026-07-27,2026-08-02,12:00:00 PM,BOÑUELOS.,3.0,0.024,16.47
2597,2026-07-27,2026-08-02,12:00:00 PM,Bud Light,1.0,0.007,4.99
2598,2026-07-27,2026-08-02,12:00:00 PM,CAESAR /POLLO,4.0,0.077,51.96
2599,2026-07-27,2026-08-02,12:00:00 PM,CAFE CON LECHE MEDIANO,2.0,0.011,7.5
2600,2026-07-27,2026-08-02,12:00:00 PM,CAFE CON LECHE PEQUENO,6.0,0.022,15.0
2601,2026-07-27,2026-08-02,12:00:00 PM,CAFE CUBANO.,37.0,0.082,55.5
2602,2026-07-27,2026-08-02,12:00:00 PM,CALDO GALLEGO.MEDIANO.,2.0,0.024,16.38
2603,2026-07-27,2026-08-02,12:00:00 PM,CAMARONES AL AJILLO.,1.0,0.03,20.19
2604,2026-07-27,2026-08-02,12:00:00 PM,CAMARONES ENCHILADO.,2.0,0.059,40.18
2605,2026-07-27,2026-08-02,12:00:00 PM,CANT 4 DELIVER,2.0,0.165,112.0
2606,2026-07-27,2026-08-02,12:00:00 PM,CANT 4 RECOGER,1.0,0.071,48.0
2607,2026-07-27,2026-08-02,12:00:00 PM,CANT 5 DELIVER,3.0,0.31,210.0
2608,2026-07-27,2026-08-02,12:00:00 PM,CANT 5 RECOGER,2.0,0.177,120.0
2609,2026-07-27,2026-08-02,12:00:00 PM,CARNE CON PAPAS.,7.0,0.148,100.13
2610,2026-07-27,2026-08-02,12:00:00 PM,CASCOS GUAVA QUESO,4.0,0.035,23.96
2611,2026-07-27,2026-08-02,12:00:00 PM,CASUELA MARISCOS.,1.0,0.056,38.0
2612,2026-07-27,2026-08-02,12:00:00 PM,CEVICHE MIXTO,1.0,0.034,22.99
2613,2026-07-27,2026-08-02,12:00:00 PM,CHICHARO GRANDE.,1.0,0.014,9.19
2614,2026-07-27,2026-08-02,12:00:00 PM,CHICHARO MEDIANO.,3.0,0.031,20.97
2615,2026-07-27,2026-08-02,12:00:00 PM,CHULETAS DE PUERCO.,2.0,0.04,27.18
2616,2026-07-27,2026-08-02,12:00:00 PM,"CHURRASCO ,,,",6.0,0.242,163.54
2617,2026-07-27,2026-08-02,12:00:00 PM,CLUB SANDWICH.,2.0,0.036,24.18
2618,2026-07-27,2026-08-02,12:00:00 PM,COCTEL DE CAMARONES.,2.0,0.05,34.0
2619,2026-07-27,2026-08-02,12:00:00 PM,COKE CERO.,3.0,0.011,7.5
2620,2026-07-27,2026-08-02,12:00:00 PM,COKE.,17.0,0.063,42.5
2621,2026-07-27,2026-08-02,12:00:00 PM,COLADA.,20.0,0.081,55.0
2622,2026-07-27,2026-08-02,12:00:00 PM,CONGRI.,1.0,0.006,3.99
2623,2026-07-27,2026-08-02,12:00:00 PM,COPA VINO,1.0,0.013,8.99
2624,2026-07-27,2026-08-02,12:00:00 PM,-CORONA.,4.0,0.032,21.96
2625,2026-07-27,2026-08-02,12:00:00 PM,Cortadito Evaporada,3.0,0.011,7.5
2626,2026-07-27,2026-08-02,12:00:00 PM,"Cortadito,.",9.0,0.029,19.73
2627,2026-07-27,2026-08-02,12:00:00 PM,CREMA BROCOLY,1.0,0.014,9.25
2628,2026-07-27,2026-08-02,12:00:00 PM,CREMA CALABAZA GRANDE,2.0,0.03,19.98
2629,2026-07-27,2026-08-02,12:00:00 PM,CREMA CALABAZA MEDIAN,2.0,0.021,13.98
2630,2026-07-27,2026-08-02,12:00:00 PM,CREMA CALABAZACHIQUIT,2.0,0.013,9.0
2631,2026-07-27,2026-08-02,12:00:00 PM,CREMA GRANDE CALABAZA.,1.0,0.015,10.19
2632,2026-07-27,2026-08-02,12:00:00 PM,CREMA MALANGA MEDIANA.,7.0,0.072,48.93
2633,2026-07-27,2026-08-02,12:00:00 PM,CREMA VEGETAL GRANDE.,2.0,0.031,20.98
2634,2026-07-27,2026-08-02,12:00:00 PM,CREMA VEGETAL MEDIANA,1.0,0.01,6.99
2635,2026-07-27,2026-08-02,12:00:00 PM,CREMA. MALANGA GRANDE.,4.0,0.062,41.96
2636,2026-07-27,2026-08-02,12:00:00 PM,croqueta bacalao.,1.0,0.003,1.99
2637,2026-07-27,2026-08-02,12:00:00 PM,croqueta jamon.,21.0,0.054,36.75
2638,2026-07-27,2026-08-02,12:00:00 PM,croqueta pollo.,2.0,0.005,3.5
2639,2026-07-27,2026-08-02,12:00:00 PM,CROQUETA PREPARADA.,2.0,0.035,23.98
2640,2026-07-27,2026-08-02,12:00:00 PM,CUBANO REGULAR.,1.0,0.015,9.99
2641,2026-07-27,2026-08-02,12:00:00 PM,DEDITOS .PESCADO.,3.0,0.063,42.57
2642,2026-07-27,2026-08-02,12:00:00 PM,DEDITOS DE PESCADO,5.0,0.122,82.55
2643,2026-07-27,2026-08-02,12:00:00 PM,-DEDITOS DE POLLO,4.0,0.078,52.76
2644,2026-07-27,2026-08-02,12:00:00 PM,deditos Queso/Guayaba,1.0,0.003,1.99
2645,2026-07-27,2026-08-02,12:00:00 PM,DESALLUNOS..,15.0,0.27,182.55
2646,2026-07-27,2026-08-02,12:00:00 PM,DIET COKE.,3.0,0.01,6.75
2647,2026-07-27,2026-08-02,12:00:00 PM,DIET MATERVA.,3.0,0.011,7.5
2648,2026-07-27,2026-08-02,12:00:00 PM,DOS HUEVO AROS. MADUR,1.0,0.013,8.99
2649,2026-07-27,2026-08-02,12:00:00 PM,Empanada carne,6.0,0.027,17.94
2650,2026-07-27,2026-08-02,12:00:00 PM,Empanada Jamon/Queso,7.0,0.031,20.93
2651,2026-07-27,2026-08-02,12:00:00 PM,Empanada Pollo,8.0,0.035,23.92
2652,2026-07-27,2026-08-02,12:00:00 PM,Empnda Espinaca/Queso,1.0,0.004,2.99
2653,2026-07-27,2026-08-02,12:00:00 PM,ENPANADA COLONBIANA..,1.0,0.004,2.49
2654,2026-07-27,2026-08-02,12:00:00 PM,ENPANISADO. RES,3.0,0.071,48.37
2655,2026-07-27,2026-08-02,12:00:00 PM,"ENPELLAS,chicharones.",2.0,0.018,12.0
2656,2026-07-27,2026-08-02,12:00:00 PM,ENSALA AGUACAT PEQUE,14.0,0.093,63.0
2657,2026-07-27,2026-08-02,12:00:00 PM,ENSALADA AGUACAT GRAND,2.0,0.016,11.0
2658,2026-07-27,2026-08-02,12:00:00 PM,Espaguetti jamon.,2.0,0.038,25.98
2659,2026-07-27,2026-08-02,12:00:00 PM,FABADA GRANDE,1.0,0.015,10.49
2660,2026-07-27,2026-08-02,12:00:00 PM,FABADA MEDIANA.,1.0,0.01,6.99
2661,2026-07-27,2026-08-02,12:00:00 PM,FELITOS,1.0,0.002,1.49
2662,2026-07-27,2026-08-02,12:00:00 PM,FILETE ALA FRANCESA,1.0,0.031,20.99
2663,2026-07-27,2026-08-02,12:00:00 PM,FILETE DE MAHIMAHI,1.0,0.025,16.99
2664,2026-07-27,2026-08-02,12:00:00 PM,FILETE PARGO PLANCHA,1.0,0.031,20.99
2665,2026-07-27,2026-08-02,12:00:00 PM,FILETE PESCADO EMPANI,2.0,0.052,34.98
2666,2026-07-27,2026-08-02,12:00:00 PM,-FILETE PESCADO PLANCH,1.0,0.027,17.99
2667,2026-07-27,2026-08-02,12:00:00 PM,FILETE SALMON.,1.0,0.027,18.2
2668,2026-07-27,2026-08-02,12:00:00 PM,FILETILLO DE CARNE.,1.0,0.02,13.69
2669,2026-07-27,2026-08-02,12:00:00 PM,FILETILLO POLLO PLANCH,4.0,0.091,61.36
2670,2026-07-27,2026-08-02,12:00:00 PM,FLAN ESPECIAL.,7.0,0.062,41.93
2671,2026-07-27,2026-08-02,12:00:00 PM,-FLAN.,5.0,0.037,24.95
2672,2026-07-27,2026-08-02,12:00:00 PM,-FRICASE DE POLLO,2.0,0.033,22.18
2673,2026-07-27,2026-08-02,12:00:00 PM,FRIJOL GRANDE,1.0,0.012,7.99
2674,2026-07-27,2026-08-02,12:00:00 PM,FRIJOL MEDIANO.,1.0,0.007,4.99
2675,2026-07-27,2026-08-02,12:00:00 PM,FRIJOL PEQUENO.,1.0,0.004,2.99
2676,2026-07-27,2026-08-02,12:00:00 PM,FRITA CUBANA,1.0,0.017,11.49
2677,2026-07-27,2026-08-02,12:00:00 PM,FRITURAS DE MALANGA,1.0,0.01,6.5
2678,2026-07-27,2026-08-02,12:00:00 PM,GALLETA DELICIOSAS,1.0,0.005,3.6
2679,2026-07-27,2026-08-02,12:00:00 PM,GARBANZO GRANDE.,3.0,0.046,31.47
2680,2026-07-27,2026-08-02,12:00:00 PM,GARBANZO.FRITO.,4.0,0.084,56.56
2681,2026-07-27,2026-08-02,12:00:00 PM,GARBANZO.MEDIANO.,1.0,0.01,6.99
2682,2026-07-27,2026-08-02,12:00:00 PM,GUARAPO.,7.0,0.054,36.75
2683,2026-07-27,2026-08-02,12:00:00 PM,GUISO MAIZ GRANDE.,1.0,0.015,10.49
2684,2026-07-27,2026-08-02,12:00:00 PM,GUISO.MAIZ MEDIANO.,1.0,0.01,6.99
2685,2026-07-27,2026-08-02,12:00:00 PM,HAMBURQUESA.CON QUESO,1.0,0.017,11.19
2686,2026-07-27,2026-08-02,12:00:00 PM,HARINA MEDIANA,1.0,0.01,6.45
2687,2026-07-27,2026-08-02,12:00:00 PM,HARINA PEQUEÑA,1.0,0.006,3.99
2688,2026-07-27,2026-08-02,12:00:00 PM,Heineken,1.0,0.008,5.49
2689,2026-07-27,2026-08-02,12:00:00 PM,HIGADO ITALIANA,2.0,0.045,30.18
2690,2026-07-27,2026-08-02,12:00:00 PM,HORDEN DE 3 CHICHARONE,1.0,0.005,3.25
2691,2026-07-27,2026-08-02,12:00:00 PM,HORDEN DE LIMON,1.0,0.002,1.25
2692,2026-07-27,2026-08-02,12:00:00 PM,IMPERIAL .,2.0,0.036,24.38
2693,2026-07-27,2026-08-02,12:00:00 PM,JUGO MARACULLA,1.0,0.007,4.5
2694,2026-07-27,2026-08-02,12:00:00 PM,JUGO.NARANJA.,16.0,0.124,84.0
2695,2026-07-27,2026-08-02,12:00:00 PM,JUPINA DIETA,1.0,0.004,2.5
2696,2026-07-27,2026-08-02,12:00:00 PM,JUPIÑA.,2.0,0.007,5.0
2697,2026-07-27,2026-08-02,12:00:00 PM,-LECHE MALTEADA,2.0,0.015,9.98
2698,2026-07-27,2026-08-02,12:00:00 PM,LECHE PEQUENA,1.0,0.002,1.5
2699,2026-07-27,2026-08-02,12:00:00 PM,-LECHON ASADO,1.0,0.021,14.19
2700,2026-07-27,2026-08-02,12:00:00 PM,LENTEJAS GRANDE.,1.0,0.014,9.49
2701,2026-07-27,2026-08-02,12:00:00 PM,LENTEJAS MEDIANA.,4.0,0.041,27.96
2702,2026-07-27,2026-08-02,12:00:00 PM,LENTEJAS.CHIQUITA.,1.0,0.006,3.99
2703,2026-07-27,2026-08-02,12:00:00 PM,LIMANADA COCO.,2.0,0.018,11.98
2704,2026-07-27,2026-08-02,12:00:00 PM,LIMONADA,17.0,0.113,76.5
2705,2026-07-27,2026-08-02,12:00:00 PM,MADIO.POLLO A la brasa,4.0,0.088,59.36
2706,2026-07-27,2026-08-02,12:00:00 PM,-MADUROS.,4.0,0.027,17.96
2707,2026-07-27,2026-08-02,12:00:00 PM,MALBORO LIGHT,1.0,0.018,12.0
2708,2026-07-27,2026-08-02,12:00:00 PM,-MARIQUITAS.,1.0,0.009,5.99
2709,2026-07-27,2026-08-02,12:00:00 PM,-MASAS DE PUERCO,3.0,0.063,42.37
2710,2026-07-27,2026-08-02,12:00:00 PM,MASAS DE PUERCO.,3.0,0.061,41.07
2711,2026-07-27,2026-08-02,12:00:00 PM,-MASAS DE PUERCO.,2.0,0.045,30.18
2712,2026-07-27,2026-08-02,12:00:00 PM,MATERVA.,5.0,0.018,12.5
2713,2026-07-27,2026-08-02,12:00:00 PM,MEDIA NOCHE.,4.0,0.06,40.36
2714,2026-07-27,2026-08-02,12:00:00 PM,-MEDIO POLLO A BRASA.,1.0,0.019,13.19
2715,2026-07-27,2026-08-02,12:00:00 PM,-MEDIO POLLO FRITO,1.0,0.02,13.69
2716,2026-07-27,2026-08-02,12:00:00 PM,MELON..SANDIA,2.0,0.013,9.0
2717,2026-07-27,2026-08-02,12:00:00 PM,MIAMI SANDWICH.,2.0,0.035,23.98
2718,2026-07-27,2026-08-02,12:00:00 PM,-MILANESA DE POLLO,2.0,0.047,31.98
2719,2026-07-27,2026-08-02,12:00:00 PM,MILANESA RES.,2.0,0.059,39.98
2720,2026-07-27,2026-08-02,12:00:00 PM,MISC COCINA,1.0,0.007,4.5
2721,2026-07-27,2026-08-02,12:00:00 PM,MOFONGO PUERCO.,2.0,0.05,33.98
2722,2026-07-27,2026-08-02,12:00:00 PM,Mofongo solo,1.0,0.012,7.99
2723,2026-07-27,2026-08-02,12:00:00 PM,mofongo.bistec poll,1.0,0.027,18.5
2724,2026-07-27,2026-08-02,12:00:00 PM,MOROS...,1.0,0.006,3.99
2725,2026-07-27,2026-08-02,12:00:00 PM,NATILLA CATALANA,2.0,0.018,12.5
2726,2026-07-27,2026-08-02,12:00:00 PM,palomilla baby,2.0,0.033,22.0
2727,2026-07-27,2026-08-02,12:00:00 PM,-PAN CON BISTEC.,15.0,0.246,166.45
2728,2026-07-27,2026-08-02,12:00:00 PM,PAN CON LECHON.,2.0,0.029,19.38
2729,2026-07-27,2026-08-02,12:00:00 PM,PAN CON TORTILLA.,5.0,0.084,56.75
2730,2026-07-27,2026-08-02,12:00:00 PM,PAN DE BONO..,1.0,0.003,1.99
2731,2026-07-27,2026-08-02,12:00:00 PM,PAPA HASH.BROWN.,1.0,0.006,3.99
2732,2026-07-27,2026-08-02,12:00:00 PM,PAPA RELLENA,3.0,0.013,8.97
2733,2026-07-27,2026-08-02,12:00:00 PM,PAPAS FRITAS,5.0,0.033,22.45
2734,2026-07-27,2026-08-02,12:00:00 PM,Pasteles Guayaba,3.0,0.007,4.5
2735,2026-07-27,2026-08-02,12:00:00 PM,Pasteles Queso,1.0,0.002,1.5
2736,2026-07-27,2026-08-02,12:00:00 PM,Pasteles Queso/Guayaba,1.0,0.002,1.5
2737,2026-07-27,2026-08-02,12:00:00 PM,PEPSI.,2.0,0.007,5.0
2738,2026-07-27,2026-08-02,12:00:00 PM,PERICO RIPIADO.,6.0,0.113,76.54
2739,2026-07-27,2026-08-02,12:00:00 PM,PICADILLO,2.0,0.043,29.38
2740,2026-07-27,2026-08-02,12:00:00 PM,-PICADILLO,5.0,0.108,72.85
2741,2026-07-27,2026-08-02,12:00:00 PM,POTAJE COLORADOS MEDIA,4.0,0.042,28.56
2742,2026-07-27,2026-08-02,12:00:00 PM,PRESIDENTE..,1.0,0.008,5.49
2743,2026-07-27,2026-08-02,12:00:00 PM,PUDIN DE PAN.,4.0,0.032,21.96
2744,2026-07-27,2026-08-02,12:00:00 PM,PUDIN DIPLOMATICO.,2.0,0.016,10.98
2745,2026-07-27,2026-08-02,12:00:00 PM,PURE PAPAS.,2.0,0.013,8.98
2746,2026-07-27,2026-08-02,12:00:00 PM,QUESO CREMA.,2.0,0.005,3.5
2747,2026-07-27,2026-08-02,12:00:00 PM,RABO ENCENDIDO.,4.0,0.143,96.76
2748,2026-07-27,2026-08-02,12:00:00 PM,RABO ENCENDIDO...,3.0,0.108,73.17
2749,2026-07-27,2026-08-02,12:00:00 PM,-RACION DE MALANGA.,2.0,0.018,11.98
2750,2026-07-27,2026-08-02,12:00:00 PM,Rinconcito BREAKFAST,1.0,0.021,13.99
2751,2026-07-27,2026-08-02,12:00:00 PM,RIÑONADA.,2.0,0.062,41.98
2752,2026-07-27,2026-08-02,12:00:00 PM,ROPA VIEJA..,3.0,0.067,45.57
2753,2026-07-27,2026-08-02,12:00:00 PM,ROPA VIEJA...,1.0,0.025,16.69
2754,2026-07-27,2026-08-02,12:00:00 PM,RUEDA DE SERRUCHO.,6.0,0.136,91.74
2755,2026-07-27,2026-08-02,12:00:00 PM,RUEDA SERRUCO FRITA.,2.0,0.05,33.88
2756,2026-07-27,2026-08-02,12:00:00 PM,SACHICHAS,1.0,0.004,2.99
2757,2026-07-27,2026-08-02,12:00:00 PM,SANDWECHES POLLO..,6.0,0.103,69.74
2758,2026-07-27,2026-08-02,12:00:00 PM,-SDWC TUNA REGULAR.,3.0,0.047,32.07
2759,2026-07-27,2026-08-02,12:00:00 PM,SM SOPA PESCADO,1.0,0.006,4.25
2760,2026-07-27,2026-08-02,12:00:00 PM,Sopa de Pollo Grande,11.0,0.138,93.39
2761,2026-07-27,2026-08-02,12:00:00 PM,SOPA DE RES GRANDE,18.0,0.321,217.42
2762,2026-07-27,2026-08-02,12:00:00 PM,SOPA DE RES MEDIANA,1.0,0.012,7.99
2763,2026-07-27,2026-08-02,12:00:00 PM,SOPA PESCADO GRANDE.,1.0,0.016,10.99
2764,2026-07-27,2026-08-02,12:00:00 PM,SOPA PESCADO MEDIANA.,1.0,0.01,6.99
2765,2026-07-27,2026-08-02,12:00:00 PM,SOPA PLATANO GRANDE.,2.0,0.031,20.98
2766,2026-07-27,2026-08-02,12:00:00 PM,Sopa Pollo Medina,6.0,0.049,32.94
2767,2026-07-27,2026-08-02,12:00:00 PM,SOPA. POLLO CHIQUITA,1.0,0.005,3.5
2768,2026-07-27,2026-08-02,12:00:00 PM,SPRIET.,2.0,0.007,5.0
2769,2026-07-27,2026-08-02,12:00:00 PM,T0 GO MESA,29.0,0.015,10.15
2770,2026-07-27,2026-08-02,12:00:00 PM,TAMAL,3.0,0.013,8.97
2771,2026-07-27,2026-08-02,12:00:00 PM,TAMAL CAZUELA.MEDIANO.,4.0,0.042,28.76
2772,2026-07-27,2026-08-02,12:00:00 PM,TAMAL.CAZUELA GRANDE.,1.0,0.017,11.19
2773,2026-07-27,2026-08-02,12:00:00 PM,TE FRIO.,2.0,0.009,5.98
2774,2026-07-27,2026-08-02,12:00:00 PM,To Go.,13.0,0.004,2.6
2775,2026-07-27,2026-08-02,12:00:00 PM,To Go..,39.0,0.012,8.4
2776,2026-07-27,2026-08-02,12:00:00 PM,TOREJA CUBANA,1.0,0.009,5.99
2777,2026-07-27,2026-08-02,12:00:00 PM,TORTILLA.,4.0,0.067,45.66
2778,2026-07-27,2026-08-02,12:00:00 PM,TOSTADA,4.0,0.012,7.96
2779,2026-07-27,2026-08-02,12:00:00 PM,TOSTONES.,2.0,0.015,9.98
2780,2026-07-27,2026-08-02,12:00:00 PM,TRES LECHES.,1.0,0.009,5.99
2781,2026-07-27,2026-08-02,12:00:00 PM,-VACA FRITA,6.0,0.155,105.04
2782,2026-07-27,2026-08-02,12:00:00 PM,-VACA FRITA.,2.0,0.048,32.38
2783,2026-07-27,2026-08-02,12:00:00 PM,Vaso.hielo,3.0,0.001,0.75
2784,2026-07-27,2026-08-02,1:00:00 PM,.ARROZ FRITO,5.0,0.1,67.85
2785,2026-07-27,2026-08-02,1:00:00 PM,.BISTEC DE POLLO,2.0,0.04,27.38
2786,2026-07-27,2026-08-02,1:00:00 PM,== TO GO ==,33.0,0.01,6.6
2787,2026-07-27,2026-08-02,1:00:00 PM,======================,12.0,0.0,0.0
2788,2026-07-27,2026-08-02,1:00:00 PM,1.LIBRA ENSALA POLLO.,2.0,0.027,17.98
2789,2026-07-27,2026-08-02,1:00:00 PM,305 Morados,1.0,0.009,6.25
2790,2026-07-27,2026-08-02,1:00:00 PM,AGUA NATURAL,1.0,0.003,1.99
2791,2026-07-27,2026-08-02,1:00:00 PM,AGUA PERRIER,2.0,0.01,6.98
2792,2026-07-27,2026-08-02,1:00:00 PM,AGUACATE $5.00,4.0,0.03,20.0
2793,2026-07-27,2026-08-02,1:00:00 PM,AJIACO MEDIANO,3.0,0.031,20.97
2794,2026-07-27,2026-08-02,1:00:00 PM,AJIACO..GRANDE,7.0,0.11,74.43
2795,2026-07-27,2026-08-02,1:00:00 PM,ALBONDIGAS.RES.,3.0,0.063,42.57
2796,2026-07-27,2026-08-02,1:00:00 PM,ARROS CON MARISCOS.,2.0,0.118,79.98
2797,2026-07-27,2026-08-02,1:00:00 PM,ARROZ CON LECHE,3.0,0.024,16.47
2798,2026-07-27,2026-08-02,1:00:00 PM,ARROZ BLANCO..,7.0,0.034,22.75
2799,2026-07-27,2026-08-02,1:00:00 PM,ARROZ CHIQUITO,1.0,0.003,2.25
2800,2026-07-27,2026-08-02,1:00:00 PM,ARROZ CON POLLO,1.0,0.019,12.69
2801,2026-07-27,2026-08-02,1:00:00 PM,ARROZ CON POLLO.,3.0,0.06,40.87
2802,2026-07-27,2026-08-02,1:00:00 PM,Arroz con puerco,3.0,0.058,39.57
2803,2026-07-27,2026-08-02,1:00:00 PM,ARROZ FRITO,1.0,0.022,14.69
2804,2026-07-27,2026-08-02,1:00:00 PM,-ARROZ FRITO,4.0,0.081,54.76
2805,2026-07-27,2026-08-02,1:00:00 PM,ARROZ IMPERIAL..,1.0,0.021,14.19
2806,2026-07-27,2026-08-02,1:00:00 PM,Arroz pollo.desmenuza.,1.0,0.019,12.69
2807,2026-07-27,2026-08-02,1:00:00 PM,BABY CHURASCO,3.0,0.092,62.37
2808,2026-07-27,2026-08-02,1:00:00 PM,BABY CHURRASCO,5.0,0.133,89.95
2809,2026-07-27,2026-08-02,1:00:00 PM,BACON,1.0,0.007,4.99
2810,2026-07-27,2026-08-02,1:00:00 PM,Bananas.3 $ 1.50,2.0,0.004,3.0
2811,2026-07-27,2026-08-02,1:00:00 PM,BATIDO .FRESA,2.0,0.015,9.98
2812,2026-07-27,2026-08-02,1:00:00 PM,BATIDO CHOCOLATE.,1.0,0.007,4.99
2813,2026-07-27,2026-08-02,1:00:00 PM,BATIDO FRUTA BONBA,1.0,0.007,4.99
2814,2026-07-27,2026-08-02,1:00:00 PM,BATIDO MAMEY,6.0,0.049,32.94
2815,2026-07-27,2026-08-02,1:00:00 PM,BATIDO MANGO,1.0,0.007,4.99
2816,2026-07-27,2026-08-02,1:00:00 PM,BATIDO VAINILLA,1.0,0.007,4.99
2817,2026-07-27,2026-08-02,1:00:00 PM,BISTEC A CABALLO,2.0,0.043,29.18
2818,2026-07-27,2026-08-02,1:00:00 PM,-BISTEC DE HIGADO,1.0,0.02,13.49
2819,2026-07-27,2026-08-02,1:00:00 PM,BISTEC DE POLLO-,4.0,0.083,56.36
2820,2026-07-27,2026-08-02,1:00:00 PM,BISTEC DE POLLO.,13.0,0.269,181.97
2821,2026-07-27,2026-08-02,1:00:00 PM,-BISTEC DE POLLO.,8.0,0.161,108.92
2822,2026-07-27,2026-08-02,1:00:00 PM,BISTEC DE POLLO..,2.0,0.04,27.18
2823,2026-07-27,2026-08-02,1:00:00 PM,BISTEC DE POLLO...,4.0,0.08,54.16
2824,2026-07-27,2026-08-02,1:00:00 PM,-BISTEC DE PUERCO,2.0,0.046,31.18
2825,2026-07-27,2026-08-02,1:00:00 PM,BISTEC EN CAZUELA,2.0,0.043,29.38
2826,2026-07-27,2026-08-02,1:00:00 PM,-BISTEC PALOMILLA,7.0,0.189,128.23
2827,2026-07-27,2026-08-02,1:00:00 PM,BISTEC POLLO PLANCHA,2.0,0.04,27.38
2828,2026-07-27,2026-08-02,1:00:00 PM,-BISTECDE POLLO,5.0,0.102,69.05
2829,2026-07-27,2026-08-02,1:00:00 PM,BOLICHE ..,3.0,0.066,44.97
2830,2026-07-27,2026-08-02,1:00:00 PM,BOLITA DE TUNA.,2.0,0.01,6.5
2831,2026-07-27,2026-08-02,1:00:00 PM,BONIATILLO.,1.0,0.002,1.5
2832,2026-07-27,2026-08-02,1:00:00 PM,BOÑUELOS.,5.0,0.041,27.45
2833,2026-07-27,2026-08-02,1:00:00 PM,CAESAR /POLLO,2.0,0.038,25.98
2834,2026-07-27,2026-08-02,1:00:00 PM,CAFE CON LECHE GRANDE,3.0,0.02,13.5
2835,2026-07-27,2026-08-02,1:00:00 PM,CAFE CON LECHE MEDIANO,1.0,0.006,3.75
2836,2026-07-27,2026-08-02,1:00:00 PM,CAFE CON LECHE PEQUENO,4.0,0.015,10.0
2837,2026-07-27,2026-08-02,1:00:00 PM,CAFE CUBANO.,43.0,0.095,64.5
2838,2026-07-27,2026-08-02,1:00:00 PM,CALDO GALLEGO.MEDIANO.,2.0,0.024,16.38
2839,2026-07-27,2026-08-02,1:00:00 PM,CAMARONE A LA PLANCHA.,1.0,0.032,21.99
2840,2026-07-27,2026-08-02,1:00:00 PM,CAMARONES ENCHILADO.,1.0,0.031,21.19
2841,2026-07-27,2026-08-02,1:00:00 PM,CANT 4 DELIVER,2.0,0.165,112.0
2842,2026-07-27,2026-08-02,1:00:00 PM,CANT 4 RECOGER,1.0,0.071,48.0
2843,2026-07-27,2026-08-02,1:00:00 PM,CANT 5 DELIVER,3.0,0.31,210.0
2844,2026-07-27,2026-08-02,1:00:00 PM,CARNE CON PAPAS.,7.0,0.147,99.73
2845,2026-07-27,2026-08-02,1:00:00 PM,CHICHAR POLLO SIN HUES,2.0,0.04,27.38
2846,2026-07-27,2026-08-02,1:00:00 PM,CHICHARO GRANDE.,3.0,0.04,27.17
2847,2026-07-27,2026-08-02,1:00:00 PM,CHICHARO MEDIANO.,7.0,0.072,48.93
2848,2026-07-27,2026-08-02,1:00:00 PM,CHULETAS DE PUERCO,2.0,0.043,29.18
2849,2026-07-27,2026-08-02,1:00:00 PM,CHULETAS DE PUERCO.,7.0,0.149,101.03
2850,2026-07-27,2026-08-02,1:00:00 PM,"CHURRASCO ,,,",9.0,0.347,235.11
2851,2026-07-27,2026-08-02,1:00:00 PM,CLUB SANDWICH.,5.0,0.089,60.55
2852,2026-07-27,2026-08-02,1:00:00 PM,cocacola.botella,1.0,0.005,3.49
2853,2026-07-27,2026-08-02,1:00:00 PM,COKE.,8.0,0.03,20.0
2854,2026-07-27,2026-08-02,1:00:00 PM,COLADA.,6.0,0.024,16.5
2855,2026-07-27,2026-08-02,1:00:00 PM,COLORADOS GRANDE.,5.0,0.072,48.45
2856,2026-07-27,2026-08-02,1:00:00 PM,CONGRI.,1.0,0.006,3.99
2857,2026-07-27,2026-08-02,1:00:00 PM,-CORONA.,2.0,0.016,10.98
2858,2026-07-27,2026-08-02,1:00:00 PM,Cortadito Evaporada,13.0,0.048,32.5
2859,2026-07-27,2026-08-02,1:00:00 PM,"Cortadito,.",6.0,0.019,12.98
2860,2026-07-27,2026-08-02,1:00:00 PM,CREMA BROCOLY,3.0,0.041,27.75
2861,2026-07-27,2026-08-02,1:00:00 PM,CREMA CALABAZA GRANDE,2.0,0.03,19.98
2862,2026-07-27,2026-08-02,1:00:00 PM,CREMA CALABAZA MEDIAN,2.0,0.021,13.98
2863,2026-07-27,2026-08-02,1:00:00 PM,CREMA CALABAZACHIQUIT,1.0,0.007,4.5
2864,2026-07-27,2026-08-02,1:00:00 PM,CREMA MALANGA MEDIANA.,7.0,0.072,48.93
2865,2026-07-27,2026-08-02,1:00:00 PM,CREMA VEGETAL GRANDE.,2.0,0.031,20.98
2866,2026-07-27,2026-08-02,1:00:00 PM,CREMA VEGETAL MEDIANA,3.0,0.031,20.97
2867,2026-07-27,2026-08-02,1:00:00 PM,CREMA VEGETALES MEDIAN,1.0,0.01,6.99
2868,2026-07-27,2026-08-02,1:00:00 PM,CREMA. MALANGA CHIQUIT,2.0,0.013,9.0
2869,2026-07-27,2026-08-02,1:00:00 PM,CREMA. MALANGA GRANDE.,4.0,0.062,41.96
2870,2026-07-27,2026-08-02,1:00:00 PM,CREMA. VEGETALCHIQUITA,1.0,0.007,4.5
2871,2026-07-27,2026-08-02,1:00:00 PM,croqueta bacalao.,3.0,0.009,5.97
2872,2026-07-27,2026-08-02,1:00:00 PM,croqueta jamon.,27.0,0.07,47.25
2873,2026-07-27,2026-08-02,1:00:00 PM,croqueta pollo.,1.0,0.003,1.75
2874,2026-07-27,2026-08-02,1:00:00 PM,CUBANO ESPECIAL..,1.0,0.018,12.19
2875,2026-07-27,2026-08-02,1:00:00 PM,CUBANO REGULAR.,3.0,0.045,30.17
2876,2026-07-27,2026-08-02,1:00:00 PM,DEDITOS .PESCADO.,3.0,0.067,45.17
2877,2026-07-27,2026-08-02,1:00:00 PM,DEDITOS DE PESCADO,4.0,0.095,64.36
2878,2026-07-27,2026-08-02,1:00:00 PM,-DEDITOS DE POLLO,1.0,0.019,13.19
2879,2026-07-27,2026-08-02,1:00:00 PM,Deditos De Queso.,6.0,0.018,11.94
2880,2026-07-27,2026-08-02,1:00:00 PM,DESALLUNOS..,8.0,0.145,98.02
2881,2026-07-27,2026-08-02,1:00:00 PM,DIET COKE.,2.0,0.007,4.5
2882,2026-07-27,2026-08-02,1:00:00 PM,DOS HUEVO AROS. MADUR,1.0,0.013,8.99
2883,2026-07-27,2026-08-02,1:00:00 PM,Empanada carne,14.0,0.062,41.86
2884,2026-07-27,2026-08-02,1:00:00 PM,Empanada Jamon/Queso,3.0,0.013,8.97
2885,2026-07-27,2026-08-02,1:00:00 PM,Empanada Pollo,4.0,0.018,11.96
2886,2026-07-27,2026-08-02,1:00:00 PM,ENPANISADO. RES,1.0,0.024,15.99
2887,2026-07-27,2026-08-02,1:00:00 PM,ENSALA AGUACAT PEQUE,12.0,0.08,54.0
2888,2026-07-27,2026-08-02,1:00:00 PM,ENSALA POLLO 2 CROQUET,1.0,0.018,12.49
2889,2026-07-27,2026-08-02,1:00:00 PM,ENSALADA AGUACAT GRAND,2.0,0.016,11.0
2890,2026-07-27,2026-08-02,1:00:00 PM,Ensalada Small,1.0,0.004,2.75
2891,2026-07-27,2026-08-02,1:00:00 PM,ENSALDA DE TUNA,1.0,0.018,11.99
2892,2026-07-27,2026-08-02,1:00:00 PM,EXTRA AGUACATE.,2.0,0.005,3.5
2893,2026-07-27,2026-08-02,1:00:00 PM,extra.coco,1.0,0.003,1.99
2894,2026-07-27,2026-08-02,1:00:00 PM,FABADA CHIQUITA.,1.0,0.006,3.99
2895,2026-07-27,2026-08-02,1:00:00 PM,FABADA MEDIANA.,1.0,0.011,7.19
2896,2026-07-27,2026-08-02,1:00:00 PM,FILETE PARGO PLANCHA,5.0,0.159,107.55
2897,2026-07-27,2026-08-02,1:00:00 PM,FILETE PESCADO EMPANI,1.0,0.026,17.49
2898,2026-07-27,2026-08-02,1:00:00 PM,-FILETE PESCADO PLANCH,4.0,0.101,68.36
2899,2026-07-27,2026-08-02,1:00:00 PM,FILETILL POLLO SALSA,2.0,0.045,30.38
2900,2026-07-27,2026-08-02,1:00:00 PM,FILETILLO DE CARNE.,1.0,0.02,13.49
2901,2026-07-27,2026-08-02,1:00:00 PM,FILETILLO POLLO PLANCH,5.0,0.111,75.15
2902,2026-07-27,2026-08-02,1:00:00 PM,FILETILLO RES SALSA.,1.0,0.022,14.99
2903,2026-07-27,2026-08-02,1:00:00 PM,FLAN ESPECIAL.,6.0,0.053,35.94
2904,2026-07-27,2026-08-02,1:00:00 PM,-FLAN.,5.0,0.037,24.95
2905,2026-07-27,2026-08-02,1:00:00 PM,-FRICASE DE POLLO,2.0,0.036,24.18
2906,2026-07-27,2026-08-02,1:00:00 PM,FRICASE PUERCO.,3.0,0.065,43.95
2907,2026-07-27,2026-08-02,1:00:00 PM,FRIJOL GRANDE,2.0,0.024,15.98
2908,2026-07-27,2026-08-02,1:00:00 PM,FRIJOL MEDIANO.,5.0,0.037,24.95
2909,2026-07-27,2026-08-02,1:00:00 PM,FRIJOL PEQUENO.,7.0,0.031,20.93
2910,2026-07-27,2026-08-02,1:00:00 PM,FRIJOL.COLORADO CHIQUI,1.0,0.006,3.99
2911,2026-07-27,2026-08-02,1:00:00 PM,FRITURA VACALAO.,1.0,0.01,6.5
2912,2026-07-27,2026-08-02,1:00:00 PM,FRITURAS DE MALANGA,1.0,0.01,6.5
2913,2026-07-27,2026-08-02,1:00:00 PM,GALLETA DELICIOSAS,6.0,0.032,21.6
2914,2026-07-27,2026-08-02,1:00:00 PM,GARBANZO GRANDE.,3.0,0.046,31.47
2915,2026-07-27,2026-08-02,1:00:00 PM,GARBANZO.CHIQUITO.,1.0,0.006,3.99
2916,2026-07-27,2026-08-02,1:00:00 PM,GARBANZO.MEDIANO.,3.0,0.031,20.97
2917,2026-07-27,2026-08-02,1:00:00 PM,GATORADE FRUIT PUNCH,1.0,0.006,3.99
2918,2026-07-27,2026-08-02,1:00:00 PM,GUARAPO.,3.0,0.023,15.75
2919,2026-07-27,2026-08-02,1:00:00 PM,GUISO MAIZ CHIQUITO.,3.0,0.018,11.97
2920,2026-07-27,2026-08-02,1:00:00 PM,GUISO MAIZ GRANDE.,1.0,0.015,10.49
2921,2026-07-27,2026-08-02,1:00:00 PM,GUISO.MAIZ MEDIANO.,4.0,0.041,27.96
2922,2026-07-27,2026-08-02,1:00:00 PM,hamburguesa baby,1.0,0.016,10.99
2923,2026-07-27,2026-08-02,1:00:00 PM,HELADO CONO..,2.0,0.01,7.0
2924,2026-07-27,2026-08-02,1:00:00 PM,HIGADO ITALIANA,2.0,0.044,29.98
2925,2026-07-27,2026-08-02,1:00:00 PM,HUEVO FRITO,4.0,0.008,5.5
2926,2026-07-27,2026-08-02,1:00:00 PM,inca kola,1.0,0.004,2.99
2927,2026-07-27,2026-08-02,1:00:00 PM,JUGO MARACULLA,1.0,0.007,4.5
2928,2026-07-27,2026-08-02,1:00:00 PM,JUGO PINA,4.0,0.027,18.0
2929,2026-07-27,2026-08-02,1:00:00 PM,JUGO ZANAHORIA NARAJA,2.0,0.015,9.98
2930,2026-07-27,2026-08-02,1:00:00 PM,JUGO.NARANJA.,13.0,0.101,68.25
2931,2026-07-27,2026-08-02,1:00:00 PM,JUPIÑA.,1.0,0.004,2.5
2932,2026-07-27,2026-08-02,1:00:00 PM,-LECHE MALTEADA,1.0,0.007,4.99
2933,2026-07-27,2026-08-02,1:00:00 PM,LECHUGA CEBOLLA PEPINO,1.0,0.007,4.99
2934,2026-07-27,2026-08-02,1:00:00 PM,LENTEJAS GRANDE.,2.0,0.028,18.98
2935,2026-07-27,2026-08-02,1:00:00 PM,LENTEJAS MEDIANA.,2.0,0.021,13.98
2936,2026-07-27,2026-08-02,1:00:00 PM,LIMONADA,13.0,0.086,58.5
2937,2026-07-27,2026-08-02,1:00:00 PM,MADIO.POLLO A la brasa,4.0,0.083,56.16
2938,2026-07-27,2026-08-02,1:00:00 PM,-MADUROS.,2.0,0.013,8.98
2939,2026-07-27,2026-08-02,1:00:00 PM,-MARIQUITAS.,3.0,0.027,17.97
2940,2026-07-27,2026-08-02,1:00:00 PM,MARIQUITAS..MIXTA,1.0,0.008,5.49
2941,2026-07-27,2026-08-02,1:00:00 PM,-MASAS DE PUERCO,8.0,0.166,112.52
2942,2026-07-27,2026-08-02,1:00:00 PM,MASAS DE PUERCO.,7.0,0.143,96.83
2943,2026-07-27,2026-08-02,1:00:00 PM,-MASAS DE PUERCO.,5.0,0.105,70.95
2944,2026-07-27,2026-08-02,1:00:00 PM,MATERVA.,3.0,0.011,7.5
2945,2026-07-27,2026-08-02,1:00:00 PM,MED CREMA -MALANGA,1.0,0.011,7.19
2946,2026-07-27,2026-08-02,1:00:00 PM,MEDIA NOCHE.,4.0,0.06,40.36
2947,2026-07-27,2026-08-02,1:00:00 PM,-MEDIO POLLO A BRASA.,4.0,0.08,54.36
2948,2026-07-27,2026-08-02,1:00:00 PM,MEDIO POLLO.ASADO.,4.0,0.08,54.36
2949,2026-07-27,2026-08-02,1:00:00 PM,MELON..SANDIA,2.0,0.013,9.0
2950,2026-07-27,2026-08-02,1:00:00 PM,MIAMI SANDWICH.,2.0,0.036,24.38
2951,2026-07-27,2026-08-02,1:00:00 PM,-MILANESA DE POLLO,1.0,0.024,15.99
2952,2026-07-27,2026-08-02,1:00:00 PM,MILANESA RES.,2.0,0.059,40.18
2953,2026-07-27,2026-08-02,1:00:00 PM,MISC COCINA,3.0,0.017,11.5
2954,2026-07-27,2026-08-02,1:00:00 PM,MODELO,1.0,0.008,5.49
2955,2026-07-27,2026-08-02,1:00:00 PM,MOFONGO PUERCO.,2.0,0.05,33.98
2956,2026-07-27,2026-08-02,1:00:00 PM,Mofongo solo,1.0,0.012,7.99
2957,2026-07-27,2026-08-02,1:00:00 PM,mofongo.bistec poll,2.0,0.055,37.4
2958,2026-07-27,2026-08-02,1:00:00 PM,MOROS...,2.0,0.012,7.98
2959,2026-07-27,2026-08-02,1:00:00 PM,NATILLA CATALANA,1.0,0.009,6.25
2960,2026-07-27,2026-08-02,1:00:00 PM,PAELLA VALENCIANA,1.0,0.062,42.19
2961,2026-07-27,2026-08-02,1:00:00 PM,-PAN CON BISTEC.,9.0,0.148,100.11
2962,2026-07-27,2026-08-02,1:00:00 PM,PAN CON LECHON.,4.0,0.06,40.36
2963,2026-07-27,2026-08-02,1:00:00 PM,PAN DE BONO..,1.0,0.003,1.99
2964,2026-07-27,2026-08-02,1:00:00 PM,PAPA RELLENA,2.0,0.009,5.98
2965,2026-07-27,2026-08-02,1:00:00 PM,Pasteles Guayaba,1.0,0.002,1.5
2966,2026-07-27,2026-08-02,1:00:00 PM,Pasteles Queso/Guayaba,1.0,0.002,1.5
2967,2026-07-27,2026-08-02,1:00:00 PM,PERICO RIPIADO.,2.0,0.039,26.38
2968,2026-07-27,2026-08-02,1:00:00 PM,PICADILLO,3.0,0.061,41.07
2969,2026-07-27,2026-08-02,1:00:00 PM,-PICADILLO,1.0,0.022,14.69
2970,2026-07-27,2026-08-02,1:00:00 PM,PINA COLADA,3.0,0.031,20.97
2971,2026-07-27,2026-08-02,1:00:00 PM,PLATANO HERVIDO,1.0,0.007,4.99
2972,2026-07-27,2026-08-02,1:00:00 PM,POLLO EMPANIZADO,1.0,0.021,14.49
2973,2026-07-27,2026-08-02,1:00:00 PM,POTAJE COLORADOS MEDIA,1.0,0.011,7.19
2974,2026-07-27,2026-08-02,1:00:00 PM,PRESIDENTE..,1.0,0.008,5.49
2975,2026-07-27,2026-08-02,1:00:00 PM,PUDIN DE PAN.,1.0,0.008,5.49
2976,2026-07-27,2026-08-02,1:00:00 PM,PUDIN DIPLOMATICO.,3.0,0.024,16.47
2977,2026-07-27,2026-08-02,1:00:00 PM,PURE PAPAS.,1.0,0.007,4.49
2978,2026-07-27,2026-08-02,1:00:00 PM,RABO ENCENDIDO.,4.0,0.142,96.36
2979,2026-07-27,2026-08-02,1:00:00 PM,RABO ENCENDIDO...,6.0,0.216,146.44
2980,2026-07-27,2026-08-02,1:00:00 PM,-RACION DE MALANGA.,3.0,0.027,17.97
2981,2026-07-27,2026-08-02,1:00:00 PM,RIÑONADA.,2.0,0.062,42.18
2982,2026-07-27,2026-08-02,1:00:00 PM,ROPA VIEJA...,2.0,0.049,33.38
2983,2026-07-27,2026-08-02,1:00:00 PM,RUEDA DE SERRUCHO.,1.0,0.025,17.19
2984,2026-07-27,2026-08-02,1:00:00 PM,SANDWECHES POLLO..,2.0,0.035,23.38
2985,2026-07-27,2026-08-02,1:00:00 PM,SANDWICHES..POLLO.EMPA,1.0,0.023,15.79
2986,2026-07-27,2026-08-02,1:00:00 PM,-SDWC TUNA REGULAR.,1.0,0.018,12.29
2987,2026-07-27,2026-08-02,1:00:00 PM,Sopa de Pollo Grande,6.0,0.075,50.94
2988,2026-07-27,2026-08-02,1:00:00 PM,SOPA DE RES GRANDE,13.0,0.233,157.87
2989,2026-07-27,2026-08-02,1:00:00 PM,SOPA DE RES MEDIANA,3.0,0.036,24.57
2990,2026-07-27,2026-08-02,1:00:00 PM,SOPA PESCADO GRANDE.,9.0,0.146,98.91
2991,2026-07-27,2026-08-02,1:00:00 PM,SOPA PESCADO MEDIANA.,2.0,0.021,13.98
2992,2026-07-27,2026-08-02,1:00:00 PM,SOPA PLATANO CHIQUITA.,2.0,0.012,7.98
2993,2026-07-27,2026-08-02,1:00:00 PM,SOPA PLATANO MEDIANA.,1.0,0.01,6.99
2994,2026-07-27,2026-08-02,1:00:00 PM,Sopa Pollo Medina,10.0,0.081,54.9
2995,2026-07-27,2026-08-02,1:00:00 PM,SOPA. POLLO CHIQUITA,2.0,0.01,7.0
2996,2026-07-27,2026-08-02,1:00:00 PM,spageti carne,1.0,0.024,16.19
2997,2026-07-27,2026-08-02,1:00:00 PM,Spageti pollo,1.0,0.022,15.19
2998,2026-07-27,2026-08-02,1:00:00 PM,SPRIET.,2.0,0.007,5.0
2999,2026-07-27,2026-08-02,1:00:00 PM,SUNKIST.,4.0,0.015,10.0
3000,2026-07-27,2026-08-02,1:00:00 PM,T0 GO MESA,28.0,0.014,9.8
3001,2026-07-27,2026-08-02,1:00:00 PM,TAMAL,3.0,0.013,8.97
3002,2026-07-27,2026-08-02,1:00:00 PM,TE FRIO.,2.0,0.009,5.98
3003,2026-07-27,2026-08-02,1:00:00 PM,To Go.,15.0,0.004,3.0
3004,2026-07-27,2026-08-02,1:00:00 PM,To Go..,60.0,0.019,12.9
3005,2026-07-27,2026-08-02,1:00:00 PM,TOREJA CUBANA,2.0,0.018,11.98
3006,2026-07-27,2026-08-02,1:00:00 PM,TORRE.1/2,1.0,0.024,16.0
3007,2026-07-27,2026-08-02,1:00:00 PM,TORTILLA.,2.0,0.034,23.18
3008,2026-07-27,2026-08-02,1:00:00 PM,TOSTADA,8.0,0.024,15.92
3009,2026-07-27,2026-08-02,1:00:00 PM,TOSTONES.,1.0,0.007,4.99
3010,2026-07-27,2026-08-02,1:00:00 PM,TRES LECHES.,3.0,0.027,17.97
3011,2026-07-27,2026-08-02,1:00:00 PM,-VACA FRITA,9.0,0.228,154.31
3012,2026-07-27,2026-08-02,1:00:00 PM,-VACA FRITA.,8.0,0.191,129.32
3013,2026-07-27,2026-08-02,1:00:00 PM,vegetal.hervido,2.0,0.015,9.98
3014,2026-07-27,2026-08-02,1:00:00 PM,YUCA FRITA.,2.0,0.016,10.98
3015,2026-07-27,2026-08-02,1:00:00 PM,YUCA.,1.0,0.007,4.49
3016,2026-07-27,2026-08-02,2:00:00 PM,.ARROZ FRITO,4.0,0.08,54.36
3017,2026-07-27,2026-08-02,2:00:00 PM,.BISTEC DE POLLO,5.0,0.101,68.05
3018,2026-07-27,2026-08-02,2:00:00 PM,_=====================,4.0,0.0,0.0
3019,2026-07-27,2026-08-02,2:00:00 PM,== TO GO ==,29.0,0.009,5.8
3020,2026-07-27,2026-08-02,2:00:00 PM,======================,27.0,0.0,0.0
3021,2026-07-27,2026-08-02,2:00:00 PM,1 BOLA HELADO..,1.0,0.004,2.99
3022,2026-07-27,2026-08-02,2:00:00 PM,1.LIBRA ENSALA POLLO.,1.0,0.013,8.99
3023,2026-07-27,2026-08-02,2:00:00 PM,2 PIEZAS DE CORDERO.,3.0,0.112,75.57
3024,2026-07-27,2026-08-02,2:00:00 PM,AGUA NATURAL,2.0,0.006,3.98
3025,2026-07-27,2026-08-02,2:00:00 PM,AGUA PERRIER,1.0,0.005,3.49
3026,2026-07-27,2026-08-02,2:00:00 PM,AGUACATE $5.00,1.0,0.007,5.0
3027,2026-07-27,2026-08-02,2:00:00 PM,AJIACO MEDIANO,3.0,0.031,21.17
3028,2026-07-27,2026-08-02,2:00:00 PM,AJIACO..GRANDE,3.0,0.047,32.07
3029,2026-07-27,2026-08-02,2:00:00 PM,ALBONDIGAS.RES.,1.0,0.021,14.19
3030,2026-07-27,2026-08-02,2:00:00 PM,ARROS CON MARISCOS.,2.0,0.118,79.98
3031,2026-07-27,2026-08-02,2:00:00 PM,ARROZ CON LECHE,2.0,0.016,10.98
3032,2026-07-27,2026-08-02,2:00:00 PM,ARROZ BLANCO..,5.0,0.024,16.25
3033,2026-07-27,2026-08-02,2:00:00 PM,ARROZ CHIQUITO,4.0,0.015,10.0
3034,2026-07-27,2026-08-02,2:00:00 PM,ARROZ CON POLLO,5.0,0.094,63.45
3035,2026-07-27,2026-08-02,2:00:00 PM,ARROZ CON POLLO.,2.0,0.04,26.98
3036,2026-07-27,2026-08-02,2:00:00 PM,Arroz con puerco,2.0,0.039,26.38
3037,2026-07-27,2026-08-02,2:00:00 PM,ARROZ FRITO,4.0,0.086,58.16
3038,2026-07-27,2026-08-02,2:00:00 PM,ARROZ IMPERIAL..,1.0,0.021,13.99
3039,2026-07-27,2026-08-02,2:00:00 PM,Arroz pollo.desmenuza.,1.0,0.018,12.49
3040,2026-07-27,2026-08-02,2:00:00 PM,BABY CHURASCO,8.0,0.237,160.32
3041,2026-07-27,2026-08-02,2:00:00 PM,BABY CHURRASCO,3.0,0.082,55.37
3042,2026-07-27,2026-08-02,2:00:00 PM,BACON,1.0,0.007,4.99
3043,2026-07-27,2026-08-02,2:00:00 PM,Bananas.3 $ 1.50,2.0,0.004,3.0
3044,2026-07-27,2026-08-02,2:00:00 PM,BATIDO .FRESA,1.0,0.007,4.99
3045,2026-07-27,2026-08-02,2:00:00 PM,BATIDO CHOCOLATE.,2.0,0.015,9.98
3046,2026-07-27,2026-08-02,2:00:00 PM,BATIDO FRUTA BONBA,1.0,0.007,4.99
3047,2026-07-27,2026-08-02,2:00:00 PM,BATIDO MAMEY,4.0,0.032,21.96
3048,2026-07-27,2026-08-02,2:00:00 PM,BATIDO MANGO,2.0,0.015,9.98
3049,2026-07-27,2026-08-02,2:00:00 PM,BATIDO TRIGO,1.0,0.007,4.99
3050,2026-07-27,2026-08-02,2:00:00 PM,BATIDO VAINILLA,2.0,0.015,9.98
3051,2026-07-27,2026-08-02,2:00:00 PM,BISTEC A CABALLO,1.0,0.024,15.99
3052,2026-07-27,2026-08-02,2:00:00 PM,-BISTEC DE HIGADO,3.0,0.06,40.47
3053,2026-07-27,2026-08-02,2:00:00 PM,BISTEC DE POLLO-,6.0,0.12,81.34
3054,2026-07-27,2026-08-02,2:00:00 PM,BISTEC DE POLLO.,1.0,0.023,15.69
3055,2026-07-27,2026-08-02,2:00:00 PM,-BISTEC DE POLLO.,4.0,0.083,56.06
3056,2026-07-27,2026-08-02,2:00:00 PM,BISTEC DE POLLO..,1.0,0.02,13.49
3057,2026-07-27,2026-08-02,2:00:00 PM,BISTEC DE POLLO...,9.0,0.182,123.01
3058,2026-07-27,2026-08-02,2:00:00 PM,-BISTEC DE PUERCO,1.0,0.023,15.69
3059,2026-07-27,2026-08-02,2:00:00 PM,BISTEC EN CAZUELA,1.0,0.021,14.49
3060,2026-07-27,2026-08-02,2:00:00 PM,-BISTEC PALOMILLA,2.0,0.056,38.18
3061,2026-07-27,2026-08-02,2:00:00 PM,BISTEC POLLO PLANCHA,1.0,0.02,13.69
3062,2026-07-27,2026-08-02,2:00:00 PM,-BISTECDE POLLO,5.0,0.104,70.05
3063,2026-07-27,2026-08-02,2:00:00 PM,BOLICHE ..,2.0,0.046,31.18
3064,2026-07-27,2026-08-02,2:00:00 PM,-BOLICHE ASADO,2.0,0.049,33.38
3065,2026-07-27,2026-08-02,2:00:00 PM,BONIATO FRITO..,1.0,0.007,4.99
3066,2026-07-27,2026-08-02,2:00:00 PM,BOÑUELOS.,4.0,0.032,21.96
3067,2026-07-27,2026-08-02,2:00:00 PM,Budweiser,1.0,0.007,4.99
3068,2026-07-27,2026-08-02,2:00:00 PM,CAFE CON LECHE GRANDE,4.0,0.027,18.0
3069,2026-07-27,2026-08-02,2:00:00 PM,CAFE CON LECHE MEDIANO,2.0,0.011,7.5
3070,2026-07-27,2026-08-02,2:00:00 PM,CAFE CON LECHE PEQUENO,12.0,0.044,30.0
3071,2026-07-27,2026-08-02,2:00:00 PM,CAFE CUBANO.,31.0,0.069,46.5
3072,2026-07-27,2026-08-02,2:00:00 PM,CALDO GALLEGO.CHIQUITO,1.0,0.007,4.49
3073,2026-07-27,2026-08-02,2:00:00 PM,CALDO GALLEGO.MEDIANO.,5.0,0.06,40.55
3074,2026-07-27,2026-08-02,2:00:00 PM,CALDO.GALLEGO GRANDE.,1.0,0.017,11.69
3075,2026-07-27,2026-08-02,2:00:00 PM,CAMARONE A LA PLANCHA.,1.0,0.03,20.19
3076,2026-07-27,2026-08-02,2:00:00 PM,CAMARONES AL AJILLO.,1.0,0.03,19.99
3077,2026-07-27,2026-08-02,2:00:00 PM,CAMARONES EMPANIZAD,1.0,0.03,20.19
3078,2026-07-27,2026-08-02,2:00:00 PM,CANT 4 DELIVER,2.0,0.165,112.0
3079,2026-07-27,2026-08-02,2:00:00 PM,CANT 5 DELIVER,1.0,0.103,70.0
3080,2026-07-27,2026-08-02,2:00:00 PM,CHICHAR POLLO SIN HUES,2.0,0.04,27.18
3081,2026-07-27,2026-08-02,2:00:00 PM,CHICHARO GRANDE.,2.0,0.027,18.38
3082,2026-07-27,2026-08-02,2:00:00 PM,CHICHARO MEDIANO.,1.0,0.01,6.99
3083,2026-07-27,2026-08-02,2:00:00 PM,CHULETAS DE PUERCO,2.0,0.043,29.38
3084,2026-07-27,2026-08-02,2:00:00 PM,CHULETAS DE PUERCO.,1.0,0.02,13.69
3085,2026-07-27,2026-08-02,2:00:00 PM,"CHURRASCO ,,,",3.0,0.116,78.37
3086,2026-07-27,2026-08-02,2:00:00 PM,CLUB SANDWICH.,2.0,0.035,23.98
3087,2026-07-27,2026-08-02,2:00:00 PM,COKE CERO.,2.0,0.007,5.0
3088,2026-07-27,2026-08-02,2:00:00 PM,COKE.,9.0,0.033,22.5
3089,2026-07-27,2026-08-02,2:00:00 PM,COLADA.,14.0,0.057,38.5
3090,2026-07-27,2026-08-02,2:00:00 PM,COLORADOS GRANDE.,2.0,0.029,19.38
3091,2026-07-27,2026-08-02,2:00:00 PM,COPA ..HELADO,1.0,0.007,4.99
3092,2026-07-27,2026-08-02,2:00:00 PM,COPA DE SANGRIA.,2.0,0.027,17.98
3093,2026-07-27,2026-08-02,2:00:00 PM,COPA VINO,4.0,0.053,35.96
3094,2026-07-27,2026-08-02,2:00:00 PM,Cortadito Evaporada,2.0,0.007,5.0
3095,2026-07-27,2026-08-02,2:00:00 PM,"Cortadito,.",6.0,0.02,13.5
3096,2026-07-27,2026-08-02,2:00:00 PM,CREMA BROCOLY,1.0,0.014,9.25
3097,2026-07-27,2026-08-02,2:00:00 PM,CREMA CALABAZA GRANDE,3.0,0.044,29.97
3098,2026-07-27,2026-08-02,2:00:00 PM,CREMA CALABAZA MEDIAN,1.0,0.01,6.99
3099,2026-07-27,2026-08-02,2:00:00 PM,CREMA MALANGA MEDIANA.,11.0,0.114,76.89
3100,2026-07-27,2026-08-02,2:00:00 PM,CREMA VEGETAL MEDIANA,2.0,0.021,13.98
3101,2026-07-27,2026-08-02,2:00:00 PM,CREMA. MALANGA CHIQUIT,2.0,0.013,9.0
3102,2026-07-27,2026-08-02,2:00:00 PM,CREMA. MALANGA GRANDE.,2.0,0.031,20.98
3103,2026-07-27,2026-08-02,2:00:00 PM,croqueta bacalao.,8.0,0.024,15.92
3104,2026-07-27,2026-08-02,2:00:00 PM,croqueta jamon.,25.0,0.065,43.75
3105,2026-07-27,2026-08-02,2:00:00 PM,croqueta pollo.,2.0,0.005,3.5
3106,2026-07-27,2026-08-02,2:00:00 PM,CROQUETA PREPARADA.,1.0,0.018,11.99
3107,2026-07-27,2026-08-02,2:00:00 PM,CUBANO REGULAR.,2.0,0.03,20.38
3108,2026-07-27,2026-08-02,2:00:00 PM,CUCHURA-----,2.0,0.0,0.0
3109,2026-07-27,2026-08-02,2:00:00 PM,DEDITOS .PESCADO.,2.0,0.042,28.38
3110,2026-07-27,2026-08-02,2:00:00 PM,DEDITOS DE PESCADO,4.0,0.096,64.76
3111,2026-07-27,2026-08-02,2:00:00 PM,-DEDITOS DE POLLO,7.0,0.136,92.33
3112,2026-07-27,2026-08-02,2:00:00 PM,Deditos De Queso.,1.0,0.003,1.99
3113,2026-07-27,2026-08-02,2:00:00 PM,DESALLUNOS..,1.0,0.019,13.19
3114,2026-07-27,2026-08-02,2:00:00 PM,DIET COKE.,5.0,0.017,11.25
3115,2026-07-27,2026-08-02,2:00:00 PM,DIET MATERVA.,1.0,0.004,2.5
3116,2026-07-27,2026-08-02,2:00:00 PM,DULCE DE LECHE,2.0,0.016,10.98
3117,2026-07-27,2026-08-02,2:00:00 PM,Empanada carne,3.0,0.013,8.97
3118,2026-07-27,2026-08-02,2:00:00 PM,Empanada Jamon/Queso,2.0,0.009,5.98
3119,2026-07-27,2026-08-02,2:00:00 PM,Empanada Pollo,1.0,0.004,2.99
3120,2026-07-27,2026-08-02,2:00:00 PM,ENPANISADO. RES,1.0,0.024,15.99
3121,2026-07-27,2026-08-02,2:00:00 PM,"ENPELLAS,chicharones.",2.0,0.018,12.0
3122,2026-07-27,2026-08-02,2:00:00 PM,ENSALA AGUACAT PEQUE,20.0,0.133,90.0
3123,2026-07-27,2026-08-02,2:00:00 PM,ENSALA POLLO 2 CROQUET,1.0,0.018,12.49
3124,2026-07-27,2026-08-02,2:00:00 PM,ENSALADA AGUACAT GRAND,3.0,0.024,16.5
3125,2026-07-27,2026-08-02,2:00:00 PM,Ensalada Small,1.0,0.004,2.75
3126,2026-07-27,2026-08-02,2:00:00 PM,ENSALDA DE TUNA,1.0,0.018,11.99
3127,2026-07-27,2026-08-02,2:00:00 PM,FABADA GRANDE,1.0,0.016,10.69
3128,2026-07-27,2026-08-02,2:00:00 PM,FABADA MEDIANA.,1.0,0.01,6.99
3129,2026-07-27,2026-08-02,2:00:00 PM,FELITOS,4.0,0.009,5.96
3130,2026-07-27,2026-08-02,2:00:00 PM,FILETE PARGO PLANCHA,6.0,0.187,126.34
3131,2026-07-27,2026-08-02,2:00:00 PM,FILETE PESCADO EMPANI,2.0,0.052,34.98
3132,2026-07-27,2026-08-02,2:00:00 PM,-FILETE PESCADO PLANCH,5.0,0.128,86.35
3133,2026-07-27,2026-08-02,2:00:00 PM,FILETE SALMON.,1.0,0.027,18.0
3134,2026-07-27,2026-08-02,2:00:00 PM,FILETILLO DE CARNE.,1.0,0.02,13.69
3135,2026-07-27,2026-08-02,2:00:00 PM,FILETILLO POLLO PLANCH,7.0,0.157,106.53
3136,2026-07-27,2026-08-02,2:00:00 PM,FILETILLO RES PLANCHA.,3.0,0.068,45.97
3137,2026-07-27,2026-08-02,2:00:00 PM,FLAN ESPECIAL.,9.0,0.08,53.91
3138,2026-07-27,2026-08-02,2:00:00 PM,-FLAN.,5.0,0.037,24.95
3139,2026-07-27,2026-08-02,2:00:00 PM,-FRICASE DE POLLO,3.0,0.05,33.57
3140,2026-07-27,2026-08-02,2:00:00 PM,FRICASE PUERCO.,1.0,0.023,15.25
3141,2026-07-27,2026-08-02,2:00:00 PM,FRIJOL GRANDE,2.0,0.024,15.98
3142,2026-07-27,2026-08-02,2:00:00 PM,FRIJOL MEDIANO.,1.0,0.007,4.99
3143,2026-07-27,2026-08-02,2:00:00 PM,FRIJOL PEQUENO.,2.0,0.009,5.98
3144,2026-07-27,2026-08-02,2:00:00 PM,FRITURAS DE MALANGA,3.0,0.029,19.5
3145,2026-07-27,2026-08-02,2:00:00 PM,GALLETA DELICIOSAS,2.0,0.011,7.2
3146,2026-07-27,2026-08-02,2:00:00 PM,GARBANZO GRANDE.,2.0,0.031,20.98
3147,2026-07-27,2026-08-02,2:00:00 PM,GARBANZO.MEDIANO.,2.0,0.021,13.98
3148,2026-07-27,2026-08-02,2:00:00 PM,GUARAPO.,3.0,0.023,15.75
3149,2026-07-27,2026-08-02,2:00:00 PM,GUISO MAIZ CHIQUITO.,1.0,0.006,3.99
3150,2026-07-27,2026-08-02,2:00:00 PM,GUISO MAIZ GRANDE.,1.0,0.015,10.49
3151,2026-07-27,2026-08-02,2:00:00 PM,GUISO.MAIZ MEDIANO.,2.0,0.021,13.98
3152,2026-07-27,2026-08-02,2:00:00 PM,HAMBURQUESA.CON QUESO,2.0,0.033,22.38
3153,2026-07-27,2026-08-02,2:00:00 PM,Heineken,1.0,0.008,5.49
3154,2026-07-27,2026-08-02,2:00:00 PM,HELADO CONO..,2.0,0.01,7.0
3155,2026-07-27,2026-08-02,2:00:00 PM,HIGADO ITALIANA,4.0,0.089,60.36
3156,2026-07-27,2026-08-02,2:00:00 PM,HORDE DEPAN,1.0,0.002,1.5
3157,2026-07-27,2026-08-02,2:00:00 PM,HORDEN DE 3 CHICHARONE,2.0,0.01,6.5
3158,2026-07-27,2026-08-02,2:00:00 PM,HUEVO HERVIDO.,12.0,0.031,21.0
3159,2026-07-27,2026-08-02,2:00:00 PM,IMPERIAL .,3.0,0.054,36.37
3160,2026-07-27,2026-08-02,2:00:00 PM,IRON BEER.,2.0,0.007,5.0
3161,2026-07-27,2026-08-02,2:00:00 PM,JUGO MARACULLA,2.0,0.013,9.0
3162,2026-07-27,2026-08-02,2:00:00 PM,JUGO PINA,5.0,0.033,22.5
3163,2026-07-27,2026-08-02,2:00:00 PM,JUGO.NARANJA.,5.0,0.039,26.25
3164,2026-07-27,2026-08-02,2:00:00 PM,JUPINA DIETA,1.0,0.004,2.5
3165,2026-07-27,2026-08-02,2:00:00 PM,JUPIÑA.,1.0,0.004,2.5
3166,2026-07-27,2026-08-02,2:00:00 PM,-LECHE MALTEADA,3.0,0.022,14.97
3167,2026-07-27,2026-08-02,2:00:00 PM,-LECHON ASADO,2.0,0.042,28.38
3168,2026-07-27,2026-08-02,2:00:00 PM,LENTEJAS GRANDE.,6.0,0.084,56.94
3169,2026-07-27,2026-08-02,2:00:00 PM,LENTEJAS MEDIANA.,5.0,0.052,34.95
3170,2026-07-27,2026-08-02,2:00:00 PM,LIMANADA COCO.,2.0,0.018,11.98
3171,2026-07-27,2026-08-02,2:00:00 PM,LIMONADA,13.0,0.086,58.5
3172,2026-07-27,2026-08-02,2:00:00 PM,MADIO.POLLO A la brasa,3.0,0.062,41.97
3173,2026-07-27,2026-08-02,2:00:00 PM,-MADUROS.,3.0,0.02,13.47
3174,2026-07-27,2026-08-02,2:00:00 PM,-MALTA,1.0,0.005,3.25
3175,2026-07-27,2026-08-02,2:00:00 PM,MARIQUITAS DE MALANGA,2.0,0.018,11.98
3176,2026-07-27,2026-08-02,2:00:00 PM,-MARIQUITAS.,5.0,0.044,29.95
3177,2026-07-27,2026-08-02,2:00:00 PM,MARIQUITAS..MIXTA,2.0,0.016,10.98
3178,2026-07-27,2026-08-02,2:00:00 PM,-MASAS DE PUERCO,10.0,0.208,140.9
3179,2026-07-27,2026-08-02,2:00:00 PM,MASAS DE PUERCO.,4.0,0.081,54.56
3180,2026-07-27,2026-08-02,2:00:00 PM,-MASAS DE PUERCO.,2.0,0.041,27.98
3181,2026-07-27,2026-08-02,2:00:00 PM,MATERVA.,6.0,0.022,15.0
3182,2026-07-27,2026-08-02,2:00:00 PM,MEDIA JARRA,1.0,0.024,16.0
3183,2026-07-27,2026-08-02,2:00:00 PM,MEDIA NOCHE.,1.0,0.015,9.99
3184,2026-07-27,2026-08-02,2:00:00 PM,-MEDIO POLLO A BRASA.,3.0,0.058,38.97
3185,2026-07-27,2026-08-02,2:00:00 PM,-MEDIO POLLO FRITO,1.0,0.02,13.49
3186,2026-07-27,2026-08-02,2:00:00 PM,MELON..SANDIA,3.0,0.02,13.5
3187,2026-07-27,2026-08-02,2:00:00 PM,-MILANESA DE POLLO,2.0,0.048,32.38
3188,2026-07-27,2026-08-02,2:00:00 PM,Miller Light,2.0,0.015,9.98
3189,2026-07-27,2026-08-02,2:00:00 PM,MISC COCINA,2.0,0.01,7.0
3190,2026-07-27,2026-08-02,2:00:00 PM,MODELO,1.0,0.008,5.49
3191,2026-07-27,2026-08-02,2:00:00 PM,MOFONG.chicharon POLLO,1.0,0.024,15.99
3192,2026-07-27,2026-08-02,2:00:00 PM,MOROS...,10.0,0.059,39.9
3193,2026-07-27,2026-08-02,2:00:00 PM,NATILLA CATALANA,2.0,0.018,12.5
3194,2026-07-27,2026-08-02,2:00:00 PM,PALETA.LASQUIADA.,1.0,0.178,120.19
3195,2026-07-27,2026-08-02,2:00:00 PM,-PAN CON BISTEC.,4.0,0.066,44.56
3196,2026-07-27,2026-08-02,2:00:00 PM,PAN CON LECHON.,1.0,0.014,9.49
3197,2026-07-27,2026-08-02,2:00:00 PM,PAPA RELLENA,2.0,0.009,5.98
3198,2026-07-27,2026-08-02,2:00:00 PM,PAPAS FRITAS,3.0,0.02,13.47
3199,2026-07-27,2026-08-02,2:00:00 PM,-PARGO FRITO,1.0,0.035,23.99
3200,2026-07-27,2026-08-02,2:00:00 PM,-PARGO FRITO ENTERO.,1.0,0.038,25.99
3201,2026-07-27,2026-08-02,2:00:00 PM,Pasteles Guayaba,2.0,0.004,3.0
3202,2026-07-27,2026-08-02,2:00:00 PM,Pasteles Queso/Guayaba,4.0,0.009,6.0
3203,2026-07-27,2026-08-02,2:00:00 PM,PEPSI.,1.0,0.004,2.5
3204,2026-07-27,2026-08-02,2:00:00 PM,PESCADO ALO MACHO,1.0,0.038,25.99
3205,2026-07-27,2026-08-02,2:00:00 PM,PICADILLO,5.0,0.105,71.05
3206,2026-07-27,2026-08-02,2:00:00 PM,-PICADILLO,5.0,0.108,73.25
3207,2026-07-27,2026-08-02,2:00:00 PM,PIERNA LASQUIADA.,1.0,0.281,190.19
3208,2026-07-27,2026-08-02,2:00:00 PM,POLLO EMPANIZADO,2.0,0.043,29.18
3209,2026-07-27,2026-08-02,2:00:00 PM,POTAJE COLORADOS MEDIA,1.0,0.011,7.19
3210,2026-07-27,2026-08-02,2:00:00 PM,PUDIN DE PAN.,1.0,0.008,5.49
3211,2026-07-27,2026-08-02,2:00:00 PM,PUDIN DIPLOMATICO.,4.0,0.032,21.96
3212,2026-07-27,2026-08-02,2:00:00 PM,RABO ENCENDIDO.,4.0,0.145,98.36
3213,2026-07-27,2026-08-02,2:00:00 PM,RABO ENCENDIDO...,6.0,0.214,144.94
3214,2026-07-27,2026-08-02,2:00:00 PM,-RACION DE MALANGA.,1.0,0.009,5.99
3215,2026-07-27,2026-08-02,2:00:00 PM,Rinconcito BREAKFAST,1.0,0.021,13.99
3216,2026-07-27,2026-08-02,2:00:00 PM,RIÑONADA.,1.0,0.031,20.99
3217,2026-07-27,2026-08-02,2:00:00 PM,ROPA VIEJA..,2.0,0.047,31.98
3218,2026-07-27,2026-08-02,2:00:00 PM,ROPA VIEJA...,1.0,0.025,16.69
3219,2026-07-27,2026-08-02,2:00:00 PM,RUEDA DE SERRUCHO.,1.0,0.022,15.19
3220,2026-07-27,2026-08-02,2:00:00 PM,RUEDA SERRUCO FRITA.,1.0,0.024,15.99
3221,2026-07-27,2026-08-02,2:00:00 PM,SANDWECHES POLLO..,2.0,0.034,23.18
3222,2026-07-27,2026-08-02,2:00:00 PM,SANDWICHES..POLLO.EMPA,2.0,0.041,27.98
3223,2026-07-27,2026-08-02,2:00:00 PM,SDWCH DE PAVO SPCL,1.0,0.018,11.99
3224,2026-07-27,2026-08-02,2:00:00 PM,SODA COLONBIANA.,1.0,0.004,2.99
3225,2026-07-27,2026-08-02,2:00:00 PM,SODA GINJER.,1.0,0.004,2.5
3226,2026-07-27,2026-08-02,2:00:00 PM,Sopa de Pollo Grande,11.0,0.138,93.39
3227,2026-07-27,2026-08-02,2:00:00 PM,SOPA DE RES GRANDE,11.0,0.197,133.29
3228,2026-07-27,2026-08-02,2:00:00 PM,SOPA DE RES MEDIANA,7.0,0.083,56.33
3229,2026-07-27,2026-08-02,2:00:00 PM,SOPA PESCADO GRANDE.,5.0,0.081,54.95
3230,2026-07-27,2026-08-02,2:00:00 PM,SOPA PESCADO MEDIANA.,1.0,0.01,6.99
3231,2026-07-27,2026-08-02,2:00:00 PM,SOPA PLATANO CHIQUITA.,1.0,0.006,3.99
3232,2026-07-27,2026-08-02,2:00:00 PM,SOPA PLATANO GRANDE.,1.0,0.015,10.49
3233,2026-07-27,2026-08-02,2:00:00 PM,SOPA PLATANO MEDIANA.,4.0,0.041,27.96
3234,2026-07-27,2026-08-02,2:00:00 PM,Sopa Pollo Medina,3.0,0.024,16.47
3235,2026-07-27,2026-08-02,2:00:00 PM,sopon marinero,1.0,0.038,25.99
3236,2026-07-27,2026-08-02,2:00:00 PM,spageti carne,1.0,0.024,16.19
3237,2026-07-27,2026-08-02,2:00:00 PM,SPAGHETTI POLLO ALFRED,2.0,0.045,30.18
3238,2026-07-27,2026-08-02,2:00:00 PM,stella ARTOIS,3.0,0.024,16.47
3239,2026-07-27,2026-08-02,2:00:00 PM,T0 GO MESA,22.0,0.011,7.7
3240,2026-07-27,2026-08-02,2:00:00 PM,TAMA. CAZUELA CHIQUITO,1.0,0.007,4.5
3241,2026-07-27,2026-08-02,2:00:00 PM,TAMAL,7.0,0.031,20.93
3242,2026-07-27,2026-08-02,2:00:00 PM,TAMAL CAZUELA.MEDIANO.,2.0,0.021,14.38
3243,2026-07-27,2026-08-02,2:00:00 PM,TAMAL.CAZUELA GRANDE.,4.0,0.066,44.76
3244,2026-07-27,2026-08-02,2:00:00 PM,TE FRIO.,1.0,0.004,2.99
3245,2026-07-27,2026-08-02,2:00:00 PM,To Go.,9.0,0.003,1.8
3246,2026-07-27,2026-08-02,2:00:00 PM,To Go..,56.0,0.017,11.65
3247,2026-07-27,2026-08-02,2:00:00 PM,TORTILLA.,1.0,0.016,10.99
3248,2026-07-27,2026-08-02,2:00:00 PM,TOSTADA,2.0,0.006,3.98
3249,2026-07-27,2026-08-02,2:00:00 PM,TOSTONES.,3.0,0.022,14.97
3250,2026-07-27,2026-08-02,2:00:00 PM,TRES LECHES.,2.0,0.018,11.98
3251,2026-07-27,2026-08-02,2:00:00 PM,-VACA FRITA,8.0,0.202,136.72
3252,2026-07-27,2026-08-02,2:00:00 PM,-VACA FRITA.,5.0,0.119,80.55
3253,2026-07-27,2026-08-02,2:00:00 PM,YUCA FRITA.,2.0,0.016,10.98
3254,2026-07-27,2026-08-02,3:00:00 PM,.ARROZ FRITO,1.0,0.02,13.49
3255,2026-07-27,2026-08-02,3:00:00 PM,.BISTEC DE POLLO,5.0,0.101,68.45
3256,2026-07-27,2026-08-02,3:00:00 PM,_=====================,23.0,0.0,0.0
3257,2026-07-27,2026-08-02,3:00:00 PM,== TO GO ==,39.0,0.012,7.8
3258,2026-07-27,2026-08-02,3:00:00 PM,======================,9.0,0.0,0.0
3259,2026-07-27,2026-08-02,3:00:00 PM,1 PIEZA DE CORDERO,2.0,0.056,38.18
3260,2026-07-27,2026-08-02,3:00:00 PM,2 PIEZAS DE CORDERO.,1.0,0.037,25.19
3261,2026-07-27,2026-08-02,3:00:00 PM,305 Morados,1.0,0.009,6.25
3262,2026-07-27,2026-08-02,3:00:00 PM,AGUA NATURAL,5.0,0.015,9.95
3263,2026-07-27,2026-08-02,3:00:00 PM,AGUA PERRIER,1.0,0.005,3.49
3264,2026-07-27,2026-08-02,3:00:00 PM,AGUACATE $5.00,1.0,0.007,5.0
3265,2026-07-27,2026-08-02,3:00:00 PM,AJIACO MEDIANO,1.0,0.01,6.99
3266,2026-07-27,2026-08-02,3:00:00 PM,AJIACO..GRANDE,1.0,0.015,10.49
3267,2026-07-27,2026-08-02,3:00:00 PM,ALBONDIGAS.RES.,3.0,0.064,43.57
3268,2026-07-27,2026-08-02,3:00:00 PM,ARROZ CON LECHE,2.0,0.016,10.98
3269,2026-07-27,2026-08-02,3:00:00 PM,ARROZ BLANCO..,3.0,0.014,9.75
3270,2026-07-27,2026-08-02,3:00:00 PM,ARROZ CHIQUITO,4.0,0.016,11.0
3271,2026-07-27,2026-08-02,3:00:00 PM,ARROZ CON POLLO,1.0,0.019,12.69
3272,2026-07-27,2026-08-02,3:00:00 PM,ARROZ CON POLLO.,1.0,0.022,15.19
3273,2026-07-27,2026-08-02,3:00:00 PM,Arroz con puerco,1.0,0.019,13.19
3274,2026-07-27,2026-08-02,3:00:00 PM,ARROZ FRITO,3.0,0.065,43.87
3275,2026-07-27,2026-08-02,3:00:00 PM,-ARROZ FRITO,2.0,0.04,27.18
3276,2026-07-27,2026-08-02,3:00:00 PM,BABY CHURASCO,8.0,0.239,161.52
3277,2026-07-27,2026-08-02,3:00:00 PM,BACALAO VISCAINA,2.0,0.059,40.18
3278,2026-07-27,2026-08-02,3:00:00 PM,BATIDO CHOCOLATE.,4.0,0.029,19.96
3279,2026-07-27,2026-08-02,3:00:00 PM,BATIDO FRUTA BONBA,2.0,0.015,9.98
3280,2026-07-27,2026-08-02,3:00:00 PM,BATIDO MAMEY,8.0,0.065,43.92
3281,2026-07-27,2026-08-02,3:00:00 PM,BATIDO MANGO,4.0,0.029,19.96
3282,2026-07-27,2026-08-02,3:00:00 PM,BATIDO TRIGO,1.0,0.007,4.99
3283,2026-07-27,2026-08-02,3:00:00 PM,BISTEC A CABALLO,1.0,0.022,14.69
3284,2026-07-27,2026-08-02,3:00:00 PM,-BISTEC DE HIGADO,2.0,0.04,27.38
3285,2026-07-27,2026-08-02,3:00:00 PM,BISTEC DE POLLO.,3.0,0.061,41.07
3286,2026-07-27,2026-08-02,3:00:00 PM,-BISTEC DE POLLO.,3.0,0.06,40.67
3287,2026-07-27,2026-08-02,3:00:00 PM,BISTEC DE POLLO..,2.0,0.04,27.18
3288,2026-07-27,2026-08-02,3:00:00 PM,BISTEC DE POLLO...,2.0,0.04,27.38
3289,2026-07-27,2026-08-02,3:00:00 PM,BISTEC EN CAZUELA,2.0,0.043,29.38
3290,2026-07-27,2026-08-02,3:00:00 PM,-BISTEC PALOMILLA,12.0,0.323,218.68
3291,2026-07-27,2026-08-02,3:00:00 PM,BISTEC POLLO PLANCHA,5.0,0.101,68.05
3292,2026-07-27,2026-08-02,3:00:00 PM,-BISTECDE POLLO,4.0,0.08,54.36
3293,2026-07-27,2026-08-02,3:00:00 PM,BOLICHE ..,1.0,0.022,15.19
3294,2026-07-27,2026-08-02,3:00:00 PM,-BOLICHE ASADO,1.0,0.027,18.49
3295,2026-07-27,2026-08-02,3:00:00 PM,BONIATO FRITO..,1.0,0.007,4.99
3296,2026-07-27,2026-08-02,3:00:00 PM,BOÑUELOS.,3.0,0.024,16.47
3297,2026-07-27,2026-08-02,3:00:00 PM,CAESAR /POLLO,1.0,0.019,12.99
3298,2026-07-27,2026-08-02,3:00:00 PM,CAFE AMERICAN GRANDE.,2.0,0.01,6.5
3299,2026-07-27,2026-08-02,3:00:00 PM,CAFE CON LECHE PEQUENO,3.0,0.011,7.5
3300,2026-07-27,2026-08-02,3:00:00 PM,CAFE CUBANO.,22.0,0.049,33.0
3301,2026-07-27,2026-08-02,3:00:00 PM,CALDO GALLEGO.MEDIANO.,1.0,0.012,8.19
3302,2026-07-27,2026-08-02,3:00:00 PM,CALDO.GALLEGO GRANDE.,2.0,0.034,23.18
3303,2026-07-27,2026-08-02,3:00:00 PM,CANT 4 RECOGER,3.0,0.213,144.0
3304,2026-07-27,2026-08-02,3:00:00 PM,CARNE CON PAPAS.,5.0,0.105,70.75
3305,2026-07-27,2026-08-02,3:00:00 PM,CASCOS GUAVA QUESO,1.0,0.009,5.99
3306,2026-07-27,2026-08-02,3:00:00 PM,CHICHAR POLLO SIN HUES,2.0,0.04,26.98
3307,2026-07-27,2026-08-02,3:00:00 PM,CHICHARO GRANDE.,3.0,0.041,27.57
3308,2026-07-27,2026-08-02,3:00:00 PM,CHICHARO MEDIANO.,1.0,0.01,6.99
3309,2026-07-27,2026-08-02,3:00:00 PM,CHILINDRON D CHIVO,1.0,0.033,22.19
3310,2026-07-27,2026-08-02,3:00:00 PM,"CHURRASCO ,,,",5.0,0.198,134.15
3311,2026-07-27,2026-08-02,3:00:00 PM,CLUB SANDWICH.,3.0,0.054,36.57
3312,2026-07-27,2026-08-02,3:00:00 PM,COKE CERO.,2.0,0.007,5.0
3313,2026-07-27,2026-08-02,3:00:00 PM,COLADA.,6.0,0.024,16.5
3314,2026-07-27,2026-08-02,3:00:00 PM,-CORONA.,1.0,0.008,5.49
3315,2026-07-27,2026-08-02,3:00:00 PM,Cortadito Evaporada,9.0,0.033,22.5
3316,2026-07-27,2026-08-02,3:00:00 PM,"Cortadito,.",3.0,0.01,6.49
3317,2026-07-27,2026-08-02,3:00:00 PM,CREMA BROCOLY,2.0,0.027,18.5
3318,2026-07-27,2026-08-02,3:00:00 PM,CREMA CALABAZA GRANDE,2.0,0.03,19.98
3319,2026-07-27,2026-08-02,3:00:00 PM,CREMA CALABAZA MEDIAN,5.0,0.052,34.95
3320,2026-07-27,2026-08-02,3:00:00 PM,CREMA CALABAZA..GRAND,1.0,0.015,9.99
3321,2026-07-27,2026-08-02,3:00:00 PM,CREMA CALABAZACHIQUIT,2.0,0.013,9.0
3322,2026-07-27,2026-08-02,3:00:00 PM,CREMA MALANGA MEDIANA.,7.0,0.072,48.93
3323,2026-07-27,2026-08-02,3:00:00 PM,CREMA VEGETAL GRANDE.,1.0,0.015,10.49
3324,2026-07-27,2026-08-02,3:00:00 PM,CREMA VEGETAL MEDIANA,2.0,0.021,13.98
3325,2026-07-27,2026-08-02,3:00:00 PM,CREMA VEGETALE.MEDIAN,1.0,0.01,6.99
3326,2026-07-27,2026-08-02,3:00:00 PM,CREMA. MALANGA CHIQUIT,1.0,0.007,4.5
3327,2026-07-27,2026-08-02,3:00:00 PM,CREMA. MALANGA GRANDE.,3.0,0.046,31.47
3328,2026-07-27,2026-08-02,3:00:00 PM,croqueta bacalao.,2.0,0.006,3.98
3329,2026-07-27,2026-08-02,3:00:00 PM,croqueta jamon.,29.0,0.075,50.75
3330,2026-07-27,2026-08-02,3:00:00 PM,CUBANO REGULAR.,3.0,0.045,30.17
3331,2026-07-27,2026-08-02,3:00:00 PM,DEDITOS .PESCADO.,3.0,0.063,42.37
3332,2026-07-27,2026-08-02,3:00:00 PM,DEDITOS DE PESCADO,2.0,0.048,32.38
3333,2026-07-27,2026-08-02,3:00:00 PM,Deditos De Queso.,2.0,0.006,3.98
3334,2026-07-27,2026-08-02,3:00:00 PM,deditos Queso/Guayaba,2.0,0.006,3.98
3335,2026-07-27,2026-08-02,3:00:00 PM,DESALLUNOS..,1.0,0.018,12.19
3336,2026-07-27,2026-08-02,3:00:00 PM,DIET COKE.,1.0,0.003,2.25
3337,2026-07-27,2026-08-02,3:00:00 PM,DIET MATERVA.,1.0,0.004,2.5
3338,2026-07-27,2026-08-02,3:00:00 PM,Empanada carne,3.0,0.013,8.97
3339,2026-07-27,2026-08-02,3:00:00 PM,Empanada Jamon/Queso,2.0,0.009,5.98
3340,2026-07-27,2026-08-02,3:00:00 PM,Empanada Pollo,1.0,0.004,2.99
3341,2026-07-27,2026-08-02,3:00:00 PM,ENPANISADO. RES,2.0,0.048,32.38
3342,2026-07-27,2026-08-02,3:00:00 PM,ENSALA AGUACAT PEQUE,7.0,0.047,31.5
3343,2026-07-27,2026-08-02,3:00:00 PM,ENSALA POLLO 2 CROQUET,1.0,0.018,12.49
3344,2026-07-27,2026-08-02,3:00:00 PM,ENSALADA AGUACAT GRAND,1.0,0.008,5.5
3345,2026-07-27,2026-08-02,3:00:00 PM,Ensalada Small,2.0,0.008,5.5
3346,2026-07-27,2026-08-02,3:00:00 PM,EXTRA AGUACATE.,2.0,0.005,3.5
3347,2026-07-27,2026-08-02,3:00:00 PM,FABADA GRANDE,1.0,0.016,10.69
3348,2026-07-27,2026-08-02,3:00:00 PM,FABADA CHIQUITA.,1.0,0.006,3.99
3349,2026-07-27,2026-08-02,3:00:00 PM,FABADA MEDIANA.,1.0,0.01,6.99
3350,2026-07-27,2026-08-02,3:00:00 PM,FILETE DE MAHIMAHI,1.0,0.025,16.99
3351,2026-07-27,2026-08-02,3:00:00 PM,FILETE PARGO EN SALSA,1.0,0.035,24.0
3352,2026-07-27,2026-08-02,3:00:00 PM,FILETE PARGO PLANCHA,1.0,0.034,23.19
3353,2026-07-27,2026-08-02,3:00:00 PM,FILETE PESCADO EMPANI,1.0,0.026,17.69
3354,2026-07-27,2026-08-02,3:00:00 PM,-FILETE PESCADO PLANCH,1.0,0.027,17.99
3355,2026-07-27,2026-08-02,3:00:00 PM,FILETILLO POLLO PLANCH,3.0,0.067,45.57
3356,2026-07-27,2026-08-02,3:00:00 PM,FLAN ESPECIAL.,2.0,0.018,11.98
3357,2026-07-27,2026-08-02,3:00:00 PM,-FRICASE DE POLLO,5.0,0.082,55.35
3358,2026-07-27,2026-08-02,3:00:00 PM,FRIJOL GRANDE,1.0,0.012,7.99
3359,2026-07-27,2026-08-02,3:00:00 PM,FRIJOL MEDIANO.,4.0,0.029,19.96
3360,2026-07-27,2026-08-02,3:00:00 PM,FRIJOL PEQUENO.,2.0,0.009,5.98
3361,2026-07-27,2026-08-02,3:00:00 PM,FRITA CUBANA,1.0,0.015,10.19
3362,2026-07-27,2026-08-02,3:00:00 PM,FRITURA VACALAO.,1.0,0.01,6.5
3363,2026-07-27,2026-08-02,3:00:00 PM,FRITURAS DE MALANGA,3.0,0.029,19.5
3364,2026-07-27,2026-08-02,3:00:00 PM,GALLETA DELICIOSAS,1.0,0.005,3.6
3365,2026-07-27,2026-08-02,3:00:00 PM,GARBANZO GRANDE.,1.0,0.015,10.49
3366,2026-07-27,2026-08-02,3:00:00 PM,GARBANZO.CHIQUITO.,2.0,0.012,7.98
3367,2026-07-27,2026-08-02,3:00:00 PM,GARBANZO.FRITO.,2.0,0.046,30.88
3368,2026-07-27,2026-08-02,3:00:00 PM,GUARAPO.,9.0,0.07,47.25
3369,2026-07-27,2026-08-02,3:00:00 PM,GUISO MAIZ GRANDE.,1.0,0.015,10.49
3370,2026-07-27,2026-08-02,3:00:00 PM,GUISO.MAIZ MEDIANO.,1.0,0.01,6.99
3371,2026-07-27,2026-08-02,3:00:00 PM,HIGADO ITALIANA,1.0,0.022,15.19
3372,2026-07-27,2026-08-02,3:00:00 PM,HORDEN DE CHICHARON.,2.0,0.01,6.5
3373,2026-07-27,2026-08-02,3:00:00 PM,HORDEN DE 3 CHICHARONE,1.0,0.005,3.25
3374,2026-07-27,2026-08-02,3:00:00 PM,IMPERIAL .,2.0,0.036,24.18
3375,2026-07-27,2026-08-02,3:00:00 PM,JUGO PINA,1.0,0.007,4.5
3376,2026-07-27,2026-08-02,3:00:00 PM,JUGO ZANAHORIA NARAJA,1.0,0.007,4.99
3377,2026-07-27,2026-08-02,3:00:00 PM,JUGO.NARANJA.,5.0,0.039,26.25
3378,2026-07-27,2026-08-02,3:00:00 PM,Juntas,2.0,0.0,0.0
3379,2026-07-27,2026-08-02,3:00:00 PM,-LECHE MALTEADA,1.0,0.007,4.99
3380,2026-07-27,2026-08-02,3:00:00 PM,-LECHON ASADO,3.0,0.063,42.37
3381,2026-07-27,2026-08-02,3:00:00 PM,LECHUGA CEBOLLA PEPINO,1.0,0.007,4.99
3382,2026-07-27,2026-08-02,3:00:00 PM,LENTEJAS GRANDE.,5.0,0.07,47.45
3383,2026-07-27,2026-08-02,3:00:00 PM,LENTEJAS MEDIANA.,2.0,0.021,13.98
3384,2026-07-27,2026-08-02,3:00:00 PM,LIMANADA COCO.,1.0,0.009,5.99
3385,2026-07-27,2026-08-02,3:00:00 PM,LIMONADA,9.0,0.06,40.5
3386,2026-07-27,2026-08-02,3:00:00 PM,-MADUROS.,10.0,0.066,44.9
3387,2026-07-27,2026-08-02,3:00:00 PM,-MALTA,1.0,0.005,3.25
3388,2026-07-27,2026-08-02,3:00:00 PM,MARIQUITAS DE MALANGA,1.0,0.009,5.99
3389,2026-07-27,2026-08-02,3:00:00 PM,-MARIQUITAS.,1.0,0.009,5.99
3390,2026-07-27,2026-08-02,3:00:00 PM,-MASAS DE PUERCO,1.0,0.021,14.19
3391,2026-07-27,2026-08-02,3:00:00 PM,MASAS DE PUERCO.,1.0,0.022,14.69
3392,2026-07-27,2026-08-02,3:00:00 PM,-MASAS DE PUERCO.,5.0,0.105,70.95
3393,2026-07-27,2026-08-02,3:00:00 PM,MATERVA.,5.0,0.018,12.5
3394,2026-07-27,2026-08-02,3:00:00 PM,MED CREMA DE CALABAZA,1.0,0.011,7.19
3395,2026-07-27,2026-08-02,3:00:00 PM,MEDIA NOCHE.,4.0,0.06,40.36
3396,2026-07-27,2026-08-02,3:00:00 PM,-MEDIO POLLO A BRASA.,1.0,0.022,14.99
3397,2026-07-27,2026-08-02,3:00:00 PM,MEDIO POLLO.ASADO.,2.0,0.039,26.38
3398,2026-07-27,2026-08-02,3:00:00 PM,MIAMI SANDWICH.,1.0,0.018,11.99
3399,2026-07-27,2026-08-02,3:00:00 PM,-MILANESA DE POLLO,4.0,0.095,64.36
3400,2026-07-27,2026-08-02,3:00:00 PM,Mini sandwich,1.0,0.009,6.19
3401,2026-07-27,2026-08-02,3:00:00 PM,MISC COCINA,1.0,0.01,6.99
3402,2026-07-27,2026-08-02,3:00:00 PM,MOFONGO PUERCO.,1.0,0.025,16.99
3403,2026-07-27,2026-08-02,3:00:00 PM,MOROS...,1.0,0.006,3.99
3404,2026-07-27,2026-08-02,3:00:00 PM,palomilla baby,1.0,0.016,11.0
3405,2026-07-27,2026-08-02,3:00:00 PM,-PAN CON BISTEC.,7.0,0.115,77.73
3406,2026-07-27,2026-08-02,3:00:00 PM,PAN CON LECHON.,1.0,0.014,9.69
3407,2026-07-27,2026-08-02,3:00:00 PM,PAN JAMAICA,1.0,0.002,1.6
3408,2026-07-27,2026-08-02,3:00:00 PM,PAPA HASH.BROWN.,1.0,0.006,3.99
3409,2026-07-27,2026-08-02,3:00:00 PM,PAPA RELLENA,6.0,0.027,17.94
3410,2026-07-27,2026-08-02,3:00:00 PM,-PARGO FRITO,1.0,0.036,24.19
3411,2026-07-27,2026-08-02,3:00:00 PM,Pasteles Queso/Guayaba,2.0,0.004,3.0
3412,2026-07-27,2026-08-02,3:00:00 PM,PICADILLO,2.0,0.043,29.38
3413,2026-07-27,2026-08-02,3:00:00 PM,-PICADILLO,3.0,0.065,43.87
3414,2026-07-27,2026-08-02,3:00:00 PM,PLATANO HERVIDO,1.0,0.007,4.99
3415,2026-07-27,2026-08-02,3:00:00 PM,POTAJE COLORADOS MEDIA,1.0,0.011,7.19
3416,2026-07-27,2026-08-02,3:00:00 PM,RABO ENCENDIDO...,7.0,0.25,168.93
3417,2026-07-27,2026-08-02,3:00:00 PM,RIÑONADA.,3.0,0.093,63.17
3418,2026-07-27,2026-08-02,3:00:00 PM,ROPA VIEJA..,3.0,0.067,45.37
3419,2026-07-27,2026-08-02,3:00:00 PM,ROPA VIEJA...,2.0,0.049,33.38
3420,2026-07-27,2026-08-02,3:00:00 PM,RUEDA SERRUCO FRITA.,2.0,0.047,31.98
3421,2026-07-27,2026-08-02,3:00:00 PM,SANDWICHES..POLLO.EMPA,1.0,0.018,12.49
3422,2026-07-27,2026-08-02,3:00:00 PM,SM CREMA CALABAZA-,1.0,0.006,3.99
3423,2026-07-27,2026-08-02,3:00:00 PM,SM CREMA MALANGA..,1.0,0.006,3.99
3424,2026-07-27,2026-08-02,3:00:00 PM,SOLO.TOMATE,1.0,0.004,2.5
3425,2026-07-27,2026-08-02,3:00:00 PM,Sopa de Pollo Grande,11.0,0.138,93.39
3426,2026-07-27,2026-08-02,3:00:00 PM,SOPA DE RES GRANDE,10.0,0.18,121.9
3427,2026-07-27,2026-08-02,3:00:00 PM,SOPA DE RES MEDIANA,4.0,0.048,32.76
3428,2026-07-27,2026-08-02,3:00:00 PM,SOPA PESCADO GRANDE.,3.0,0.049,32.97
3429,2026-07-27,2026-08-02,3:00:00 PM,SOPA PESCADO MEDIANA.,1.0,0.01,6.99
3430,2026-07-27,2026-08-02,3:00:00 PM,SOPA PLATANO CHIQUITA.,1.0,0.006,4.19
3431,2026-07-27,2026-08-02,3:00:00 PM,SOPA PLATANO MEDIANA.,1.0,0.01,6.99
3432,2026-07-27,2026-08-02,3:00:00 PM,SOPA POLLO MEDIA,2.0,0.016,10.98
3433,2026-07-27,2026-08-02,3:00:00 PM,Sopa Pollo Medina,11.0,0.089,60.39
3434,2026-07-27,2026-08-02,3:00:00 PM,SOPA. POLLO CHIQUITA,1.0,0.005,3.5
3435,2026-07-27,2026-08-02,3:00:00 PM,SPAGHETTI POLLO ALFRED,1.0,0.022,15.19
3436,2026-07-27,2026-08-02,3:00:00 PM,Spaghetti Pollo.ROJA,1.0,0.022,15.19
3437,2026-07-27,2026-08-02,3:00:00 PM,SPRIET.,1.0,0.004,2.5
3438,2026-07-27,2026-08-02,3:00:00 PM,T0 GO MESA,30.0,0.016,10.5
3439,2026-07-27,2026-08-02,3:00:00 PM,TAMAL.CAZUELA GRANDE.,2.0,0.033,22.38
3440,2026-07-27,2026-08-02,3:00:00 PM,TE FRIO.,1.0,0.004,2.99
3441,2026-07-27,2026-08-02,3:00:00 PM,To Go.,8.0,0.002,1.6
3442,2026-07-27,2026-08-02,3:00:00 PM,To Go..,48.0,0.015,9.9
3443,2026-07-27,2026-08-02,3:00:00 PM,TOSTONES.,2.0,0.015,9.98
3444,2026-07-27,2026-08-02,3:00:00 PM,TRES LECHES.,4.0,0.035,23.96
3445,2026-07-27,2026-08-02,3:00:00 PM,-VACA FRITA,4.0,0.104,70.26
3446,2026-07-27,2026-08-02,3:00:00 PM,-VACA FRITA.,6.0,0.146,99.14
3447,2026-07-27,2026-08-02,3:00:00 PM,YUCA FRITA.,3.0,0.024,16.47
3448,2026-07-27,2026-08-02,4:00:00 PM,.ARROZ FRITO,2.0,0.04,27.18
3449,2026-07-27,2026-08-02,4:00:00 PM,.BISTEC DE POLLO,5.0,0.103,69.85
3450,2026-07-27,2026-08-02,4:00:00 PM,_=====================,29.0,0.0,0.0
3451,2026-07-27,2026-08-02,4:00:00 PM,== TO GO ==,39.0,0.012,7.8
3452,2026-07-27,2026-08-02,4:00:00 PM,======================,15.0,0.0,0.0
3453,2026-07-27,2026-08-02,4:00:00 PM,1 BOLA HELADO..,3.0,0.013,8.97
3454,2026-07-27,2026-08-02,4:00:00 PM,1.LIBRA ENSALA POLLO.,4.0,0.053,35.96
3455,2026-07-27,2026-08-02,4:00:00 PM,2 PIEZAS DE CORDERO.,3.0,0.111,75.37
3456,2026-07-27,2026-08-02,4:00:00 PM,3 TOSTONES CON CAMARON,1.0,0.024,15.99
3457,2026-07-27,2026-08-02,4:00:00 PM,AGUA NATURAL,3.0,0.009,5.97
3458,2026-07-27,2026-08-02,4:00:00 PM,AGUACATE $5.00,1.0,0.007,5.0
3459,2026-07-27,2026-08-02,4:00:00 PM,AGUACATE DE $4.50,1.0,0.007,4.5
3460,2026-07-27,2026-08-02,4:00:00 PM,AGUACATE DE 3.00,1.0,0.004,3.0
3461,2026-07-27,2026-08-02,4:00:00 PM,AJIACO MEDIANO,2.0,0.021,14.18
3462,2026-07-27,2026-08-02,4:00:00 PM,AJIACO..GRANDE,1.0,0.016,10.69
3463,2026-07-27,2026-08-02,4:00:00 PM,ALBONDIGAS.RES.,1.0,0.021,13.99
3464,2026-07-27,2026-08-02,4:00:00 PM,ARROS CON MARISCOS.,2.0,0.121,82.18
3465,2026-07-27,2026-08-02,4:00:00 PM,ARROZ CON LECHE,4.0,0.032,21.96
3466,2026-07-27,2026-08-02,4:00:00 PM,ARROZ BLANCO..,8.0,0.038,26.0
3467,2026-07-27,2026-08-02,4:00:00 PM,ARROZ CHIQUITO,2.0,0.008,5.5
3468,2026-07-27,2026-08-02,4:00:00 PM,ARROZ CON POLLO,2.0,0.038,25.38
3469,2026-07-27,2026-08-02,4:00:00 PM,ARROZ CON POLLO.,3.0,0.06,40.87
3470,2026-07-27,2026-08-02,4:00:00 PM,-ARROZ FRITO,3.0,0.061,41.07
3471,2026-07-27,2026-08-02,4:00:00 PM,ARROZ IMPERIAL..,1.0,0.021,14.19
3472,2026-07-27,2026-08-02,4:00:00 PM,BABY CHURASCO,5.0,0.148,100.35
3473,2026-07-27,2026-08-02,4:00:00 PM,BABY CHURRASCO,5.0,0.136,92.05
3474,2026-07-27,2026-08-02,4:00:00 PM,BATIDO FRUTA BONBA,4.0,0.029,19.96
3475,2026-07-27,2026-08-02,4:00:00 PM,BATIDO MAMEY,4.0,0.032,21.96
3476,2026-07-27,2026-08-02,4:00:00 PM,BATIDO MANGO,2.0,0.015,9.98
3477,2026-07-27,2026-08-02,4:00:00 PM,BATIDO TRIGO,2.0,0.015,9.98
3478,2026-07-27,2026-08-02,4:00:00 PM,BISTEC A CABALLO,1.0,0.021,14.49
3479,2026-07-27,2026-08-02,4:00:00 PM,-BISTEC DE HIGADO,1.0,0.023,15.69
3480,2026-07-27,2026-08-02,4:00:00 PM,BISTEC DE POLLO-,3.0,0.061,41.07
3481,2026-07-27,2026-08-02,4:00:00 PM,BISTEC DE POLLO.,6.0,0.127,85.94
3482,2026-07-27,2026-08-02,4:00:00 PM,-BISTEC DE POLLO.,2.0,0.04,27.38
3483,2026-07-27,2026-08-02,4:00:00 PM,BISTEC DE POLLO..,3.0,0.06,40.67
3484,2026-07-27,2026-08-02,4:00:00 PM,BISTEC DE POLLO...,5.0,0.102,69.05
3485,2026-07-27,2026-08-02,4:00:00 PM,-BISTEC DE PUERCO,7.0,0.165,111.43
3486,2026-07-27,2026-08-02,4:00:00 PM,BISTEC EN CAZUELA,2.0,0.043,29.38
3487,2026-07-27,2026-08-02,4:00:00 PM,BISTEC JAMON,1.0,0.02,13.49
3488,2026-07-27,2026-08-02,4:00:00 PM,-BISTEC PALOMILLA,12.0,0.325,220.28
3489,2026-07-27,2026-08-02,4:00:00 PM,BISTEC POLLO PLANCHA,4.0,0.083,56.26
3490,2026-07-27,2026-08-02,4:00:00 PM,-BISTECDE POLLO,6.0,0.121,81.94
3491,2026-07-27,2026-08-02,4:00:00 PM,BOLICHE ..,3.0,0.067,45.57
3492,2026-07-27,2026-08-02,4:00:00 PM,BONIATO FRITO..,1.0,0.007,4.99
3493,2026-07-27,2026-08-02,4:00:00 PM,BOÑUELOS.,3.0,0.024,16.47
3494,2026-07-27,2026-08-02,4:00:00 PM,CAESAR /POLLO,1.0,0.019,12.99
3495,2026-07-27,2026-08-02,4:00:00 PM,CAFE CON LECHE GRANDE,2.0,0.013,9.0
3496,2026-07-27,2026-08-02,4:00:00 PM,CAFE CON LECHE PEQUENO,4.0,0.015,10.0
3497,2026-07-27,2026-08-02,4:00:00 PM,CAFE CUBANO.,21.0,0.047,31.5
3498,2026-07-27,2026-08-02,4:00:00 PM,CALDO.GALLEGO GRANDE.,1.0,0.017,11.69
3499,2026-07-27,2026-08-02,4:00:00 PM,CAMARONE A LA PLANCHA.,1.0,0.03,19.99
3500,2026-07-27,2026-08-02,4:00:00 PM,CAMARONES AL AJILLO.,1.0,0.031,21.19
3501,2026-07-27,2026-08-02,4:00:00 PM,CANT 5 DELIVER,2.0,0.207,140.0
3502,2026-07-27,2026-08-02,4:00:00 PM,CARNE CON PAPAS.,1.0,0.021,14.19
3503,2026-07-27,2026-08-02,4:00:00 PM,CASCOS GUAVA QUESO,1.0,0.009,5.99
3504,2026-07-27,2026-08-02,4:00:00 PM,CHICHAR POLLO C HUESO.,2.0,0.04,27.38
3505,2026-07-27,2026-08-02,4:00:00 PM,CHICHARO GRANDE.,3.0,0.04,27.17
3506,2026-07-27,2026-08-02,4:00:00 PM,CHICHARO MEDIANO.,2.0,0.021,13.98
3507,2026-07-27,2026-08-02,4:00:00 PM,CHICHARRON DE POLLO.,1.0,0.018,11.99
3508,2026-07-27,2026-08-02,4:00:00 PM,CHULETAS DE PUERCO,3.0,0.065,44.07
3509,2026-07-27,2026-08-02,4:00:00 PM,CHULETAS DE PUERCO.,1.0,0.02,13.49
3510,2026-07-27,2026-08-02,4:00:00 PM,"CHURRASCO ,,,",4.0,0.154,104.56
3511,2026-07-27,2026-08-02,4:00:00 PM,churros.solo.4,1.0,0.007,4.99
3512,2026-07-27,2026-08-02,4:00:00 PM,CLUB SANDWICH.,2.0,0.036,24.18
3513,2026-07-27,2026-08-02,4:00:00 PM,COKE CERO.,1.0,0.004,2.5
3514,2026-07-27,2026-08-02,4:00:00 PM,COKE.,8.0,0.03,20.0
3515,2026-07-27,2026-08-02,4:00:00 PM,COLADA.,8.0,0.033,22.0
3516,2026-07-27,2026-08-02,4:00:00 PM,COLORADOS GRANDE.,1.0,0.014,9.69
3517,2026-07-27,2026-08-02,4:00:00 PM,CONGRI.,1.0,0.006,3.99
3518,2026-07-27,2026-08-02,4:00:00 PM,COPA VINO,1.0,0.013,8.99
3519,2026-07-27,2026-08-02,4:00:00 PM,-CORONA.,2.0,0.016,10.98
3520,2026-07-27,2026-08-02,4:00:00 PM,Cortadito Evaporada,5.0,0.018,12.5
3521,2026-07-27,2026-08-02,4:00:00 PM,"Cortadito,.",4.0,0.013,8.48
3522,2026-07-27,2026-08-02,4:00:00 PM,CREMA BROCOLY,2.0,0.027,18.5
3523,2026-07-27,2026-08-02,4:00:00 PM,CREMA CALABAZA GRANDE,1.0,0.015,9.99
3524,2026-07-27,2026-08-02,4:00:00 PM,CREMA CALABAZA MEDIAN,4.0,0.041,27.96
3525,2026-07-27,2026-08-02,4:00:00 PM,CREMA CALABAZA MEDIAN,1.0,0.01,6.99
3526,2026-07-27,2026-08-02,4:00:00 PM,CREMA CALABAZA..GRAND,1.0,0.015,9.99
3527,2026-07-27,2026-08-02,4:00:00 PM,CREMA MALANGA MEDIANA.,9.0,0.093,62.91
3528,2026-07-27,2026-08-02,4:00:00 PM,CREMA VEGETAL GRANDE.,1.0,0.015,10.49
3529,2026-07-27,2026-08-02,4:00:00 PM,CREMA. MALANGA GRANDE.,6.0,0.093,62.94
3530,2026-07-27,2026-08-02,4:00:00 PM,croqueta bacalao.,4.0,0.012,7.96
3531,2026-07-27,2026-08-02,4:00:00 PM,croqueta jamon.,20.0,0.052,35.0
3532,2026-07-27,2026-08-02,4:00:00 PM,croqueta pollo.,1.0,0.003,1.75
3533,2026-07-27,2026-08-02,4:00:00 PM,CUBANO ESPECIAL..,1.0,0.018,12.19
3534,2026-07-27,2026-08-02,4:00:00 PM,CUBANO REGULAR.,1.0,0.015,10.19
3535,2026-07-27,2026-08-02,4:00:00 PM,DEDITOS DE PESCADO,2.0,0.048,32.38
3536,2026-07-27,2026-08-02,4:00:00 PM,-DEDITOS DE POLLO,3.0,0.058,39.57
3537,2026-07-27,2026-08-02,4:00:00 PM,Empanada Pollo,2.0,0.009,5.98
3538,2026-07-27,2026-08-02,4:00:00 PM,ENPANADA COLONBIANA..,1.0,0.004,2.49
3539,2026-07-27,2026-08-02,4:00:00 PM,ENPANISADO. RES,4.0,0.102,68.76
3540,2026-07-27,2026-08-02,4:00:00 PM,ENSALA AGUACAT PEQUE,7.0,0.047,31.5
3541,2026-07-27,2026-08-02,4:00:00 PM,ENSALA POLLO 2 CROQUET,1.0,0.018,12.49
3542,2026-07-27,2026-08-02,4:00:00 PM,ENSALADA AGUACAT GRAND,4.0,0.033,22.0
3543,2026-07-27,2026-08-02,4:00:00 PM,FABADA GRANDE,2.0,0.031,21.18
3544,2026-07-27,2026-08-02,4:00:00 PM,FABADA MEDIANA.,1.0,0.011,7.19
3545,2026-07-27,2026-08-02,4:00:00 PM,FILETE PARGO PLANCHA,2.0,0.063,42.38
3546,2026-07-27,2026-08-02,4:00:00 PM,FILETE PESCADO EMPANI,2.0,0.052,35.38
3547,2026-07-27,2026-08-02,4:00:00 PM,-FILETE PESCADO PLANCH,3.0,0.075,50.97
3548,2026-07-27,2026-08-02,4:00:00 PM,FILETE SALMON.,1.0,0.027,18.2
3549,2026-07-27,2026-08-02,4:00:00 PM,FILETILLO DE CARNE.,1.0,0.023,15.49
3550,2026-07-27,2026-08-02,4:00:00 PM,FILETILLO POLLO PLANCH,2.0,0.047,31.68
3551,2026-07-27,2026-08-02,4:00:00 PM,FILETILLO RES PLANCHA.,1.0,0.024,15.99
3552,2026-07-27,2026-08-02,4:00:00 PM,FLAN ESPECIAL.,9.0,0.08,53.91
3553,2026-07-27,2026-08-02,4:00:00 PM,-FLAN.,5.0,0.037,24.95
3554,2026-07-27,2026-08-02,4:00:00 PM,-FRICASE DE POLLO,3.0,0.049,33.37
3555,2026-07-27,2026-08-02,4:00:00 PM,FRICASE PUERCO.,2.0,0.043,28.9
3556,2026-07-27,2026-08-02,4:00:00 PM,FRIJOL GRANDE,1.0,0.012,7.99
3557,2026-07-27,2026-08-02,4:00:00 PM,FRIJOL MEDIANO.,1.0,0.007,4.99
3558,2026-07-27,2026-08-02,4:00:00 PM,FRIJOL.COLORADO CHIQUI,1.0,0.006,3.99
3559,2026-07-27,2026-08-02,4:00:00 PM,FRITURA VACALAO.,2.0,0.019,13.0
3560,2026-07-27,2026-08-02,4:00:00 PM,FRITURAS DE MALANGA,3.0,0.029,19.5
3561,2026-07-27,2026-08-02,4:00:00 PM,GARBANZO.MEDIANO.,2.0,0.021,13.98
3562,2026-07-27,2026-08-02,4:00:00 PM,GREMA-MALANGA.GRANDE.,1.0,0.016,10.69
3563,2026-07-27,2026-08-02,4:00:00 PM,GUARAPO.,4.0,0.031,21.0
3564,2026-07-27,2026-08-02,4:00:00 PM,GUISO MAIZ CHIQUITO.,1.0,0.006,3.99
3565,2026-07-27,2026-08-02,4:00:00 PM,GUISO.MAIZ MEDIANO.,2.0,0.021,13.98
3566,2026-07-27,2026-08-02,4:00:00 PM,HAMBURQUESA.CON QUESO,1.0,0.016,10.99
3567,2026-07-27,2026-08-02,4:00:00 PM,HELADO CONO..,3.0,0.016,10.5
3568,2026-07-27,2026-08-02,4:00:00 PM,HORDEN DE 3 CHICHARONE,1.0,0.005,3.25
3569,2026-07-27,2026-08-02,4:00:00 PM,inca kola,1.0,0.004,2.99
3570,2026-07-27,2026-08-02,4:00:00 PM,JUEGO DE MANZANA,1.0,0.005,3.25
3571,2026-07-27,2026-08-02,4:00:00 PM,JUGO MARACULLA,1.0,0.007,4.5
3572,2026-07-27,2026-08-02,4:00:00 PM,JUGO PINA,2.0,0.013,9.0
3573,2026-07-27,2026-08-02,4:00:00 PM,JUGO.NARANJA.,7.0,0.054,36.75
3574,2026-07-27,2026-08-02,4:00:00 PM,Juntas,3.0,0.0,0.0
3575,2026-07-27,2026-08-02,4:00:00 PM,JUPIÑA.,1.0,0.004,2.5
3576,2026-07-27,2026-08-02,4:00:00 PM,LAS PERDIS.1/2.MALBET,1.0,0.024,16.5
3577,2026-07-27,2026-08-02,4:00:00 PM,LENTEJAS MEDIANA.,3.0,0.031,20.97
3578,2026-07-27,2026-08-02,4:00:00 PM,LIMONADA,8.0,0.053,36.0
3579,2026-07-27,2026-08-02,4:00:00 PM,LIMONADA FRESA,1.0,0.009,5.99
3580,2026-07-27,2026-08-02,4:00:00 PM,-MADUROS.,3.0,0.02,13.47
3581,2026-07-27,2026-08-02,4:00:00 PM,-MALTA,2.0,0.01,6.5
3582,2026-07-27,2026-08-02,4:00:00 PM,-MARIQUITAS.,1.0,0.009,5.99
3583,2026-07-27,2026-08-02,4:00:00 PM,MARLBORO ROJO,1.0,0.018,12.0
3584,2026-07-27,2026-08-02,4:00:00 PM,-MASAS DE PUERCO,4.0,0.083,56.36
3585,2026-07-27,2026-08-02,4:00:00 PM,MASAS DE PUERCO.,5.0,0.103,69.45
3586,2026-07-27,2026-08-02,4:00:00 PM,-MASAS DE PUERCO.,1.0,0.021,14.19
3587,2026-07-27,2026-08-02,4:00:00 PM,MATERVA.,6.0,0.022,15.0
3588,2026-07-27,2026-08-02,4:00:00 PM,MED CREMA DE CALABAZA,1.0,0.011,7.19
3589,2026-07-27,2026-08-02,4:00:00 PM,MEDIA NOCHE.,5.0,0.075,50.95
3590,2026-07-27,2026-08-02,4:00:00 PM,-MEDIO POLLO A BRASA.,1.0,0.019,13.19
3591,2026-07-27,2026-08-02,4:00:00 PM,-MEDIO POLLO FRITO,2.0,0.04,27.18
3592,2026-07-27,2026-08-02,4:00:00 PM,MEDIO POLLO.ASADO.,2.0,0.04,27.38
3593,2026-07-27,2026-08-02,4:00:00 PM,MELON..SANDIA,4.0,0.027,18.0
3594,2026-07-27,2026-08-02,4:00:00 PM,MIAMI SANDWICH.,2.0,0.036,24.38
3595,2026-07-27,2026-08-02,4:00:00 PM,MILANESA RES.,1.0,0.03,19.99
3596,2026-07-27,2026-08-02,4:00:00 PM,MISC COCINA,1.0,0.007,5.0
3597,2026-07-27,2026-08-02,4:00:00 PM,MODELO,2.0,0.016,10.98
3598,2026-07-27,2026-08-02,4:00:00 PM,MOFONG.chicharon POLLO,1.0,0.024,15.99
3599,2026-07-27,2026-08-02,4:00:00 PM,MOFONGO PUERCO.,2.0,0.05,33.98
3600,2026-07-27,2026-08-02,4:00:00 PM,MOROS...,1.0,0.006,3.99
3601,2026-07-27,2026-08-02,4:00:00 PM,palomilla baby,1.0,0.016,11.0
3602,2026-07-27,2026-08-02,4:00:00 PM,-PAN CON BISTEC.,4.0,0.066,44.76
3603,2026-07-27,2026-08-02,4:00:00 PM,PAN CON LECHON.,1.0,0.014,9.69
3604,2026-07-27,2026-08-02,4:00:00 PM,PAN JAMAICA,1.0,0.002,1.6
3605,2026-07-27,2026-08-02,4:00:00 PM,PAPA RELLENA,2.0,0.009,5.98
3606,2026-07-27,2026-08-02,4:00:00 PM,-PARGO FRITO,1.0,0.035,23.99
3607,2026-07-27,2026-08-02,4:00:00 PM,-PARGO FRITO ENTERO.,1.0,0.038,25.99
3608,2026-07-27,2026-08-02,4:00:00 PM,Pasteles Queso/Guayaba,3.0,0.007,4.5
3609,2026-07-27,2026-08-02,4:00:00 PM,PEPSI.,2.0,0.007,5.0
3610,2026-07-27,2026-08-02,4:00:00 PM,PICADILLO,3.0,0.061,41.07
3611,2026-07-27,2026-08-02,4:00:00 PM,-PICADILLO,1.0,0.022,14.69
3612,2026-07-27,2026-08-02,4:00:00 PM,PINA COLADA,1.0,0.01,6.99
3613,2026-07-27,2026-08-02,4:00:00 PM,POLLO EMPANIZADO,1.0,0.022,14.69
3614,2026-07-27,2026-08-02,4:00:00 PM,POTAJE COLORADOS MEDIA,2.0,0.021,13.98
3615,2026-07-27,2026-08-02,4:00:00 PM,PUDIN DE PAN.,1.0,0.008,5.49
3616,2026-07-27,2026-08-02,4:00:00 PM,PUDIN DIPLOMATICO.,2.0,0.016,10.98
3617,2026-07-27,2026-08-02,4:00:00 PM,PURE PAPAS.,2.0,0.013,8.98
3618,2026-07-27,2026-08-02,4:00:00 PM,RABO ENCENDIDO.,4.0,0.146,98.76
3619,2026-07-27,2026-08-02,4:00:00 PM,RABO ENCENDIDO...,3.0,0.107,72.37
3620,2026-07-27,2026-08-02,4:00:00 PM,-RACION DE MALANGA.,2.0,0.018,11.98
3621,2026-07-27,2026-08-02,4:00:00 PM,Ribeye Steak,1.0,0.043,29.0
3622,2026-07-27,2026-08-02,4:00:00 PM,RIÑONADA.,1.0,0.031,21.19
3623,2026-07-27,2026-08-02,4:00:00 PM,ROPA VIEJA..,3.0,0.067,45.57
3624,2026-07-27,2026-08-02,4:00:00 PM,ROPA VIEJA...,2.0,0.049,33.38
3625,2026-07-27,2026-08-02,4:00:00 PM,SANDWECHES POLLO..,2.0,0.034,22.98
3626,2026-07-27,2026-08-02,4:00:00 PM,Sopa de Pollo Grande,16.0,0.201,135.84
3627,2026-07-27,2026-08-02,4:00:00 PM,SOPA DE RES GRANDE,3.0,0.054,36.57
3628,2026-07-27,2026-08-02,4:00:00 PM,SOPA DE RES MEDIANA,5.0,0.06,40.35
3629,2026-07-27,2026-08-02,4:00:00 PM,SOPA PESCADO GRANDE.,1.0,0.016,10.99
3630,2026-07-27,2026-08-02,4:00:00 PM,SOPA PESCADO MEDIANA.,2.0,0.021,13.98
3631,2026-07-27,2026-08-02,4:00:00 PM,SOPA PLATANO GRANDE.,1.0,0.015,10.49
3632,2026-07-27,2026-08-02,4:00:00 PM,SOPA PLATANO MEDIANA.,2.0,0.021,13.98
3633,2026-07-27,2026-08-02,4:00:00 PM,Sopa Pollo Medina,8.0,0.065,43.92
3634,2026-07-27,2026-08-02,4:00:00 PM,SPRIET.,2.0,0.007,5.0
3635,2026-07-27,2026-08-02,4:00:00 PM,T0 GO MESA,16.0,0.008,5.6
3636,2026-07-27,2026-08-02,4:00:00 PM,TAMAL,2.0,0.009,5.98
3637,2026-07-27,2026-08-02,4:00:00 PM,TAMAL CAZUELA.MEDIANO.,1.0,0.01,6.99
3638,2026-07-27,2026-08-02,4:00:00 PM,TAMAL.CAZUELA GRANDE.,2.0,0.033,22.38
3639,2026-07-27,2026-08-02,4:00:00 PM,-TE CALIENTE,2.0,0.007,4.5
3640,2026-07-27,2026-08-02,4:00:00 PM,TE FRIO.,1.0,0.004,2.99
3641,2026-07-27,2026-08-02,4:00:00 PM,To Go.,10.0,0.003,2.0
3642,2026-07-27,2026-08-02,4:00:00 PM,To Go..,53.0,0.016,10.75
3643,2026-07-27,2026-08-02,4:00:00 PM,TOSTADA 2 CROQUETAS.,1.0,0.007,4.99
3644,2026-07-27,2026-08-02,4:00:00 PM,TOSTONES.,1.0,0.007,4.99
3645,2026-07-27,2026-08-02,4:00:00 PM,TRES LECHES.,5.0,0.044,29.95
3646,2026-07-27,2026-08-02,4:00:00 PM,-VACA FRITA,10.0,0.253,171.3
3647,2026-07-27,2026-08-02,4:00:00 PM,-VACA FRITA.,7.0,0.169,114.33
3648,2026-07-27,2026-08-02,4:00:00 PM,vegetal.hervido,1.0,0.007,4.99
3649,2026-07-27,2026-08-02,5:00:00 PM,.BISTEC DE POLLO,4.0,0.081,54.56
3650,2026-07-27,2026-08-02,5:00:00 PM,_=====================,39.0,0.0,0.0
3651,2026-07-27,2026-08-02,5:00:00 PM,== TO GO ==,49.0,0.014,9.8
3652,2026-07-27,2026-08-02,5:00:00 PM,======================,15.0,0.0,0.0
3653,2026-07-27,2026-08-02,5:00:00 PM,1 BOLA HELADO..,1.0,0.004,2.99
3654,2026-07-27,2026-08-02,5:00:00 PM,1 PIEZA DE CORDERO,3.0,0.08,54.37
3655,2026-07-27,2026-08-02,5:00:00 PM,1.LIBRA ENSALA POLLO.,1.0,0.013,8.99
3656,2026-07-27,2026-08-02,5:00:00 PM,2 PIEZAS DE CORDERO.,1.0,0.037,24.99
3657,2026-07-27,2026-08-02,5:00:00 PM,305 Morados,2.0,0.018,12.5
3658,2026-07-27,2026-08-02,5:00:00 PM,AGUA NATURAL,1.0,0.003,1.99
3659,2026-07-27,2026-08-02,5:00:00 PM,AGUA PERRIER,1.0,0.005,3.49
3660,2026-07-27,2026-08-02,5:00:00 PM,AJIACO MEDIANO,1.0,0.011,7.19
3661,2026-07-27,2026-08-02,5:00:00 PM,AJIACO..GRANDE,4.0,0.063,42.36
3662,2026-07-27,2026-08-02,5:00:00 PM,ARROS CON MARISCOS.,2.0,0.123,83.18
3663,2026-07-27,2026-08-02,5:00:00 PM,ARROZ CON LECHE,1.0,0.008,5.49
3664,2026-07-27,2026-08-02,5:00:00 PM,ARROZ BLANCO..,6.0,0.029,19.5
3665,2026-07-27,2026-08-02,5:00:00 PM,ARROZ CHIQUITO,7.0,0.029,19.75
3666,2026-07-27,2026-08-02,5:00:00 PM,ARROZ CON POLLO,4.0,0.075,50.56
3667,2026-07-27,2026-08-02,5:00:00 PM,ARROZ CON POLLO.,1.0,0.02,13.49
3668,2026-07-27,2026-08-02,5:00:00 PM,Arroz con puerco,6.0,0.117,79.14
3669,2026-07-27,2026-08-02,5:00:00 PM,ARROZ FRITO,1.0,0.022,14.69
3670,2026-07-27,2026-08-02,5:00:00 PM,-ARROZ FRITO,1.0,0.02,13.69
3671,2026-07-27,2026-08-02,5:00:00 PM,BABY CHURASCO,6.0,0.179,121.34
3672,2026-07-27,2026-08-02,5:00:00 PM,BABY CHURRASCO,2.0,0.054,36.38
3673,2026-07-27,2026-08-02,5:00:00 PM,bandeja rinconcito 87,1.0,0.049,32.99
3674,2026-07-27,2026-08-02,5:00:00 PM,BATIDO MAMEY,3.0,0.024,16.47
3675,2026-07-27,2026-08-02,5:00:00 PM,BISTEC A CABALLO,1.0,0.021,14.49
3676,2026-07-27,2026-08-02,5:00:00 PM,-BISTEC DE POLLO.,1.0,0.02,13.49
3677,2026-07-27,2026-08-02,5:00:00 PM,BISTEC DE POLLO..,2.0,0.04,27.18
3678,2026-07-27,2026-08-02,5:00:00 PM,BISTEC DE POLLO...,4.0,0.081,54.56
3679,2026-07-27,2026-08-02,5:00:00 PM,BISTEC EN CAZUELA,2.0,0.043,29.38
3680,2026-07-27,2026-08-02,5:00:00 PM,-BISTEC PALOMILLA,4.0,0.11,74.56
3681,2026-07-27,2026-08-02,5:00:00 PM,BISTEC POLLO PLANCHA,1.0,0.02,13.69
3682,2026-07-27,2026-08-02,5:00:00 PM,-BISTECDE POLLO,5.0,0.101,68.45
3683,2026-07-27,2026-08-02,5:00:00 PM,BOLICHE ..,4.0,0.093,62.76
3684,2026-07-27,2026-08-02,5:00:00 PM,-BOLICHE ASADO,2.0,0.052,34.88
3685,2026-07-27,2026-08-02,5:00:00 PM,BOLITA DE TUNA.,1.0,0.005,3.25
3686,2026-07-27,2026-08-02,5:00:00 PM,BONIATILLO.,1.0,0.002,1.5
3687,2026-07-27,2026-08-02,5:00:00 PM,BONIATO FRITO..,1.0,0.007,4.99
3688,2026-07-27,2026-08-02,5:00:00 PM,BOÑUELOS.,2.0,0.016,10.98
3689,2026-07-27,2026-08-02,5:00:00 PM,CAESAR /POLLO,2.0,0.038,25.98
3690,2026-07-27,2026-08-02,5:00:00 PM,CAFE CON LECHE GRANDE,1.0,0.007,4.5
3691,2026-07-27,2026-08-02,5:00:00 PM,CAFE CON LECHE PEQUENO,1.0,0.004,2.5
3692,2026-07-27,2026-08-02,5:00:00 PM,CAFE CUBANO.,10.0,0.022,15.0
3693,2026-07-27,2026-08-02,5:00:00 PM,CALDO GALLEGO.CHIQUITO,2.0,0.013,8.98
3694,2026-07-27,2026-08-02,5:00:00 PM,CALDO GALLEGO.MEDIANO.,2.0,0.024,15.98
3695,2026-07-27,2026-08-02,5:00:00 PM,CAMARONE A LA PLANCHA.,1.0,0.03,20.19
3696,2026-07-27,2026-08-02,5:00:00 PM,CAMARONES ENCHILADO.,1.0,0.03,20.19
3697,2026-07-27,2026-08-02,5:00:00 PM,CASCOS GUAVA QUESO,2.0,0.018,11.98
3698,2026-07-27,2026-08-02,5:00:00 PM,CHICHAR POLLO SIN HUES,1.0,0.02,13.69
3699,2026-07-27,2026-08-02,5:00:00 PM,CHICHARO GRANDE.,1.0,0.014,9.19
3700,2026-07-27,2026-08-02,5:00:00 PM,CHULETAS DE PUERCO,2.0,0.043,29.38
3701,2026-07-27,2026-08-02,5:00:00 PM,CHULETAS DE PUERCO.,2.0,0.04,27.18
3702,2026-07-27,2026-08-02,5:00:00 PM,"CHURRASCO ,,,",3.0,0.118,80.07
3703,2026-07-27,2026-08-02,5:00:00 PM,churros.solo.4,1.0,0.007,4.99
3704,2026-07-27,2026-08-02,5:00:00 PM,CLUB SANDWICH.,2.0,0.036,24.38
3705,2026-07-27,2026-08-02,5:00:00 PM,cocacola.botella,2.0,0.01,6.98
3706,2026-07-27,2026-08-02,5:00:00 PM,COCTEL DE CAMARONES.,3.0,0.075,51.0
3707,2026-07-27,2026-08-02,5:00:00 PM,COKE CERO.,2.0,0.007,5.0
3708,2026-07-27,2026-08-02,5:00:00 PM,COKE.,6.0,0.022,15.0
3709,2026-07-27,2026-08-02,5:00:00 PM,COLADA.,6.0,0.024,16.5
3710,2026-07-27,2026-08-02,5:00:00 PM,COLORADOS GRANDE.,1.0,0.014,9.69
3711,2026-07-27,2026-08-02,5:00:00 PM,COPA VINO,1.0,0.013,8.99
3712,2026-07-27,2026-08-02,5:00:00 PM,-CORONA.,2.0,0.016,10.98
3713,2026-07-27,2026-08-02,5:00:00 PM,Cortadito Evaporada,6.0,0.022,15.0
3714,2026-07-27,2026-08-02,5:00:00 PM,"Cortadito,.",8.0,0.025,16.7
3715,2026-07-27,2026-08-02,5:00:00 PM,CREMA BROCOLY,1.0,0.014,9.25
3716,2026-07-27,2026-08-02,5:00:00 PM,CREMA CALABAZA GRANDE,4.0,0.059,39.96
3717,2026-07-27,2026-08-02,5:00:00 PM,CREMA CALABAZA MEDIAN,7.0,0.072,48.93
3718,2026-07-27,2026-08-02,5:00:00 PM,CREMA GRANDE CALABAZA.,1.0,0.015,10.19
3719,2026-07-27,2026-08-02,5:00:00 PM,CREMA MALANGA MEDIANA.,8.0,0.083,55.92
3720,2026-07-27,2026-08-02,5:00:00 PM,CREMA MALANGA.GRANDE.,1.0,0.015,10.49
3721,2026-07-27,2026-08-02,5:00:00 PM,CREMA VEGETAL GRANDE.,1.0,0.015,10.49
3722,2026-07-27,2026-08-02,5:00:00 PM,CREMA. MALANGA CHIQUIT,2.0,0.013,9.0
3723,2026-07-27,2026-08-02,5:00:00 PM,CREMA. MALANGA GRANDE.,7.0,0.108,73.43
3724,2026-07-27,2026-08-02,5:00:00 PM,croqueta jamon.,22.0,0.057,38.5
3725,2026-07-27,2026-08-02,5:00:00 PM,CUBANO ESPECIAL..,1.0,0.018,12.19
3726,2026-07-27,2026-08-02,5:00:00 PM,DEDITOS DE PESCADO,1.0,0.024,15.99
3727,2026-07-27,2026-08-02,5:00:00 PM,-DEDITOS DE POLLO,1.0,0.019,13.19
3728,2026-07-27,2026-08-02,5:00:00 PM,DIET MATERVA.,1.0,0.004,2.5
3729,2026-07-27,2026-08-02,5:00:00 PM,DTC..,1.0,0.009,6.25
3730,2026-07-27,2026-08-02,5:00:00 PM,Empanada carne,4.0,0.018,11.96
3731,2026-07-27,2026-08-02,5:00:00 PM,Empanada Jamon/Queso,1.0,0.004,2.99
3732,2026-07-27,2026-08-02,5:00:00 PM,Empanada Pollo,2.0,0.009,5.98
3733,2026-07-27,2026-08-02,5:00:00 PM,Empnda Espinaca/Queso,2.0,0.009,5.98
3734,2026-07-27,2026-08-02,5:00:00 PM,ENPANADA COLONBIANA..,3.0,0.011,7.47
3735,2026-07-27,2026-08-02,5:00:00 PM,ENPANISADO. RES,1.0,0.024,16.19
3736,2026-07-27,2026-08-02,5:00:00 PM,ENSALA AGUACAT PEQUE,8.0,0.053,36.0
3737,2026-07-27,2026-08-02,5:00:00 PM,ENSALA POLLO 2 CROQUET,1.0,0.018,12.49
3738,2026-07-27,2026-08-02,5:00:00 PM,ENSALADA AGUACAT GRAND,4.0,0.033,22.0
3739,2026-07-27,2026-08-02,5:00:00 PM,ENSALADA MIXTA,1.0,0.01,6.5
3740,2026-07-27,2026-08-02,5:00:00 PM,Espaguetti jamon,1.0,0.019,13.19
3741,2026-07-27,2026-08-02,5:00:00 PM,EXTRA AGUACATE.,1.0,0.003,1.75
3742,2026-07-27,2026-08-02,5:00:00 PM,FABADA GRANDE,1.0,0.016,10.69
3743,2026-07-27,2026-08-02,5:00:00 PM,FABADA MEDIANA.,1.0,0.011,7.19
3744,2026-07-27,2026-08-02,5:00:00 PM,FILETE ALA VILVAINA,1.0,0.03,19.99
3745,2026-07-27,2026-08-02,5:00:00 PM,FILETE PARGO PLANCHA,1.0,0.032,21.99
3746,2026-07-27,2026-08-02,5:00:00 PM,FILETILL POLLO SALSA,2.0,0.045,30.18
3747,2026-07-27,2026-08-02,5:00:00 PM,FILETILLO DE CARNE.,1.0,0.02,13.69
3748,2026-07-27,2026-08-02,5:00:00 PM,FILETILLO POLLO PLANCH,3.0,0.067,45.17
3749,2026-07-27,2026-08-02,5:00:00 PM,FILETILLO RES PLANCHA.,2.0,0.045,30.18
3750,2026-07-27,2026-08-02,5:00:00 PM,FILETILLO RES SALSA.,2.0,0.047,31.68
3751,2026-07-27,2026-08-02,5:00:00 PM,FLAN ESPECIAL.,8.0,0.071,47.92
3752,2026-07-27,2026-08-02,5:00:00 PM,-FLAN.,4.0,0.029,19.96
3753,2026-07-27,2026-08-02,5:00:00 PM,-FRICASE DE POLLO,6.0,0.101,68.44
3754,2026-07-27,2026-08-02,5:00:00 PM,FRICASE PUERCO.,3.0,0.062,42.15
3755,2026-07-27,2026-08-02,5:00:00 PM,FRIJOL GRANDE,3.0,0.035,23.97
3756,2026-07-27,2026-08-02,5:00:00 PM,FRIJOL MEDIANO.,2.0,0.015,9.98
3757,2026-07-27,2026-08-02,5:00:00 PM,FRITA CUBANA,3.0,0.044,29.97
3758,2026-07-27,2026-08-02,5:00:00 PM,FRITURA VACALAO.,1.0,0.01,6.5
3759,2026-07-27,2026-08-02,5:00:00 PM,FRITURAS DE MALANGA,4.0,0.038,26.0
3760,2026-07-27,2026-08-02,5:00:00 PM,GALLETA DELICIOSAS,3.0,0.016,10.8
3761,2026-07-27,2026-08-02,5:00:00 PM,GARBANZO GRANDE.,2.0,0.031,20.98
3762,2026-07-27,2026-08-02,5:00:00 PM,GARBANZO.FRITO.,1.0,0.021,14.19
3763,2026-07-27,2026-08-02,5:00:00 PM,GARBANZO.MEDIANO.,2.0,0.021,13.98
3764,2026-07-27,2026-08-02,5:00:00 PM,GUARAPO.,8.0,0.062,42.0
3765,2026-07-27,2026-08-02,5:00:00 PM,GUISO MAIZ GRANDE.,1.0,0.015,10.49
3766,2026-07-27,2026-08-02,5:00:00 PM,HAMBURQUESA.CON QUESO,2.0,0.033,22.18
3767,2026-07-27,2026-08-02,5:00:00 PM,Heineken,1.0,0.008,5.49
3768,2026-07-27,2026-08-02,5:00:00 PM,HORDE DEPAN,1.0,0.002,1.5
3769,2026-07-27,2026-08-02,5:00:00 PM,HORDEN DE 3 CHICHARONE,2.0,0.01,6.5
3770,2026-07-27,2026-08-02,5:00:00 PM,HUEVO FRITO,5.0,0.011,7.25
3771,2026-07-27,2026-08-02,5:00:00 PM,JALEA MiXTA......,1.0,0.038,25.99
3772,2026-07-27,2026-08-02,5:00:00 PM,JARRA DE SANGRIA,1.0,0.035,24.0
3773,2026-07-27,2026-08-02,5:00:00 PM,JUGO MARACULLA,2.0,0.013,9.0
3774,2026-07-27,2026-08-02,5:00:00 PM,JUGO PINA,1.0,0.007,4.5
3775,2026-07-27,2026-08-02,5:00:00 PM,JUGO ZANAHORIA NARAJA,1.0,0.007,4.99
3776,2026-07-27,2026-08-02,5:00:00 PM,JUGO.NARANJA.,6.0,0.047,31.5
3777,2026-07-27,2026-08-02,5:00:00 PM,Juntas,1.0,0.0,0.0
3778,2026-07-27,2026-08-02,5:00:00 PM,JUPINA DIETA,1.0,0.004,2.5
3779,2026-07-27,2026-08-02,5:00:00 PM,JUPIÑA.,1.0,0.004,2.5
3780,2026-07-27,2026-08-02,5:00:00 PM,KERNS PERA,2.0,0.007,5.0
3781,2026-07-27,2026-08-02,5:00:00 PM,LAS PERDIS.1/2.MALBET,1.0,0.024,16.5
3782,2026-07-27,2026-08-02,5:00:00 PM,-LECHE MALTEADA,2.0,0.015,9.98
3783,2026-07-27,2026-08-02,5:00:00 PM,-LECHON ASADO,2.0,0.042,28.38
3784,2026-07-27,2026-08-02,5:00:00 PM,LENTEJAS GRANDE.,2.0,0.028,18.98
3785,2026-07-27,2026-08-02,5:00:00 PM,LIMONADA,1.0,0.007,4.5
3786,2026-07-27,2026-08-02,5:00:00 PM,MADIO.POLLO A la brasa,2.0,0.044,29.88
3787,2026-07-27,2026-08-02,5:00:00 PM,-MADUROS.,4.0,0.027,17.96
3788,2026-07-27,2026-08-02,5:00:00 PM,MALBORO REG,1.0,0.018,12.0
3789,2026-07-27,2026-08-02,5:00:00 PM,MARIQUITAS DE MALANGA,1.0,0.009,5.99
3790,2026-07-27,2026-08-02,5:00:00 PM,-MARIQUITAS.,8.0,0.071,47.92
3791,2026-07-27,2026-08-02,5:00:00 PM,MARIQUITAS..MIXTA,1.0,0.008,5.49
3792,2026-07-27,2026-08-02,5:00:00 PM,-MASAS DE PUERCO,6.0,0.125,84.74
3793,2026-07-27,2026-08-02,5:00:00 PM,MASAS DE PUERCO.,2.0,0.04,27.18
3794,2026-07-27,2026-08-02,5:00:00 PM,-MASAS DE PUERCO.,6.0,0.125,84.74
3795,2026-07-27,2026-08-02,5:00:00 PM,MATERVA.,4.0,0.015,10.0
3796,2026-07-27,2026-08-02,5:00:00 PM,MEDIA NOCHE.,1.0,0.015,9.99
3797,2026-07-27,2026-08-02,5:00:00 PM,-MEDIO POLLO A BRASA.,1.0,0.019,13.19
3798,2026-07-27,2026-08-02,5:00:00 PM,-MEDIO POLLO FRITO,3.0,0.06,40.67
3799,2026-07-27,2026-08-02,5:00:00 PM,MEDIO POLLO.ASADO.,4.0,0.081,54.76
3800,2026-07-27,2026-08-02,5:00:00 PM,-MILANESA DE POLLO,3.0,0.072,48.57
3801,2026-07-27,2026-08-02,5:00:00 PM,MILANESA RES.,1.0,0.03,19.99
3802,2026-07-27,2026-08-02,5:00:00 PM,Mini sandwich,1.0,0.009,6.19
3803,2026-07-27,2026-08-02,5:00:00 PM,MISC COCINA,2.0,0.007,5.0
3804,2026-07-27,2026-08-02,5:00:00 PM,MOFONGO PUERCO.,3.0,0.075,50.97
3805,2026-07-27,2026-08-02,5:00:00 PM,MOROS...,1.0,0.006,3.99
3806,2026-07-27,2026-08-02,5:00:00 PM,NATILLA,1.0,0.007,4.99
3807,2026-07-27,2026-08-02,5:00:00 PM,NATILLA CATALANA,2.0,0.018,12.5
3808,2026-07-27,2026-08-02,5:00:00 PM,-PAN CON BISTEC.,3.0,0.049,33.37
3809,2026-07-27,2026-08-02,5:00:00 PM,PAN CON LECHON.,2.0,0.028,18.98
3810,2026-07-27,2026-08-02,5:00:00 PM,PAPAS FRITAS,1.0,0.007,4.49
3811,2026-07-27,2026-08-02,5:00:00 PM,-PARGO FRITO,2.0,0.071,48.18
3812,2026-07-27,2026-08-02,5:00:00 PM,Pasteles Guayaba,1.0,0.002,1.5
3813,2026-07-27,2026-08-02,5:00:00 PM,Pasteles Queso,1.0,0.002,1.5
3814,2026-07-27,2026-08-02,5:00:00 PM,PICADILLO,1.0,0.02,13.69
3815,2026-07-27,2026-08-02,5:00:00 PM,-PICADILLO,2.0,0.043,29.38
3816,2026-07-27,2026-08-02,5:00:00 PM,POLLO EMPANIZADO,1.0,0.022,14.69
3817,2026-07-27,2026-08-02,5:00:00 PM,POTAJE COLORADOS MEDIA,1.0,0.011,7.19
3818,2026-07-27,2026-08-02,5:00:00 PM,PUDIN DE PAN.,1.0,0.008,5.49
3819,2026-07-27,2026-08-02,5:00:00 PM,PUDIN DIPLOMATICO.,3.0,0.024,16.47
3820,2026-07-27,2026-08-02,5:00:00 PM,PURE PAPAS.,1.0,0.007,4.49
3821,2026-07-27,2026-08-02,5:00:00 PM,QUESO AMERICANO.,1.0,0.003,1.75
3822,2026-07-27,2026-08-02,5:00:00 PM,RABO ENCENDIDO.,3.0,0.108,73.37
3823,2026-07-27,2026-08-02,5:00:00 PM,RABO ENCENDIDO...,8.0,0.286,193.32
3824,2026-07-27,2026-08-02,5:00:00 PM,Ribeye Steak,1.0,0.043,29.2
3825,2026-07-27,2026-08-02,5:00:00 PM,RINCONCITO APEI MASAS,2.0,0.05,33.98
3826,2026-07-27,2026-08-02,5:00:00 PM,RIÑONADA.,1.0,0.033,22.19
3827,2026-07-27,2026-08-02,5:00:00 PM,ROPA VIEJA...,2.0,0.049,33.38
3828,2026-07-27,2026-08-02,5:00:00 PM,S.PELLECRINO,1.0,0.005,3.49
3829,2026-07-27,2026-08-02,5:00:00 PM,salsa cilandro,8.0,0.015,10.0
3830,2026-07-27,2026-08-02,5:00:00 PM,SANDWECHES POLLO..,2.0,0.035,23.38
3831,2026-07-27,2026-08-02,5:00:00 PM,SANDWICH ENSAL POLLO,1.0,0.015,10.19
3832,2026-07-27,2026-08-02,5:00:00 PM,SANDWICHES..POLLO.EMPA,2.0,0.038,25.38
3833,2026-07-27,2026-08-02,5:00:00 PM,SDWCH DE PAVO REGL.,1.0,0.015,9.99
3834,2026-07-27,2026-08-02,5:00:00 PM,Sopa de Pollo Grande,16.0,0.201,135.84
3835,2026-07-27,2026-08-02,5:00:00 PM,SOPA DE RES GRANDE,3.0,0.054,36.57
3836,2026-07-27,2026-08-02,5:00:00 PM,SOPA PESCADO MEDIANA.,1.0,0.01,6.99
3837,2026-07-27,2026-08-02,5:00:00 PM,SOPA PLATANO GRANDE.,2.0,0.031,20.98
3838,2026-07-27,2026-08-02,5:00:00 PM,Sopa Pollo Medina,7.0,0.057,38.43
3839,2026-07-27,2026-08-02,5:00:00 PM,SOPA. POLLO CHIQUITA,2.0,0.01,7.0
3840,2026-07-27,2026-08-02,5:00:00 PM,SPRIET.,2.0,0.007,5.0
3841,2026-07-27,2026-08-02,5:00:00 PM,T0 GO MESA,11.0,0.006,3.85
3842,2026-07-27,2026-08-02,5:00:00 PM,TAMAL,11.0,0.049,32.89
3843,2026-07-27,2026-08-02,5:00:00 PM,TAMAL CAZUELA.MEDIANO.,4.0,0.042,28.76
3844,2026-07-27,2026-08-02,5:00:00 PM,TAMAL.CAZUELA GRANDE.,1.0,0.017,11.19
3845,2026-07-27,2026-08-02,5:00:00 PM,TE FRIO.,1.0,0.004,2.99
3846,2026-07-27,2026-08-02,5:00:00 PM,To Go.,14.0,0.004,2.8
3847,2026-07-27,2026-08-02,5:00:00 PM,To Go..,75.0,0.022,15.15
3848,2026-07-27,2026-08-02,5:00:00 PM,TOREJA CUBANA,1.0,0.009,5.99
3849,2026-07-27,2026-08-02,5:00:00 PM,TORTILLA.,1.0,0.016,10.99
3850,2026-07-27,2026-08-02,5:00:00 PM,TOSTONES.,2.0,0.015,9.98
3851,2026-07-27,2026-08-02,5:00:00 PM,TRES LECHES.,2.0,0.018,11.98
3852,2026-07-27,2026-08-02,5:00:00 PM,-VACA FRITA,3.0,0.076,51.37
3853,2026-07-27,2026-08-02,5:00:00 PM,-VACA FRITA.,5.0,0.119,80.75
3854,2026-07-27,2026-08-02,5:00:00 PM,vegetal.hervido,8.0,0.059,39.92
3855,2026-07-27,2026-08-02,5:00:00 PM,YUCA.,2.0,0.013,8.98
3856,2026-07-27,2026-08-02,6:00:00 PM,.BISTEC DE POLLO,5.0,0.101,68.05
3857,2026-07-27,2026-08-02,6:00:00 PM,_=====================,38.0,0.0,0.0
3858,2026-07-27,2026-08-02,6:00:00 PM,== TO GO ==,51.0,0.015,10.2
3859,2026-07-27,2026-08-02,6:00:00 PM,======================,17.0,0.0,0.0
3860,2026-07-27,2026-08-02,6:00:00 PM,1 BOLA HELADO..,3.0,0.013,8.97
3861,2026-07-27,2026-08-02,6:00:00 PM,1 PIEZA DE CORDERO,1.0,0.027,17.99
3862,2026-07-27,2026-08-02,6:00:00 PM,139A-GUINESS,2.0,0.016,10.5
3863,2026-07-27,2026-08-02,6:00:00 PM,AJIACO MEDIANO,1.0,0.01,6.99
3864,2026-07-27,2026-08-02,6:00:00 PM,AJIACO..GRANDE,2.0,0.031,21.18
3865,2026-07-27,2026-08-02,6:00:00 PM,ALBONDIGAS.RES.,1.0,0.021,14.19
3866,2026-07-27,2026-08-02,6:00:00 PM,ALITAS DE POLLO PAPITA,1.0,0.016,10.99
3867,2026-07-27,2026-08-02,6:00:00 PM,ARROS CON MARISCOS.,1.0,0.059,40.19
3868,2026-07-27,2026-08-02,6:00:00 PM,ARROZ CON LECHE,2.0,0.016,10.98
3869,2026-07-27,2026-08-02,6:00:00 PM,ARROZ BLANCO..,2.0,0.01,6.5
3870,2026-07-27,2026-08-02,6:00:00 PM,ARROZ CHIQUITO,4.0,0.013,9.0
3871,2026-07-27,2026-08-02,6:00:00 PM,ARROZ CON CALAMARES.,1.0,0.024,16.19
3872,2026-07-27,2026-08-02,6:00:00 PM,ARROZ CON CAMARONES.,1.0,0.033,22.19
3873,2026-07-27,2026-08-02,6:00:00 PM,ARROZ CON POLLO,1.0,0.019,12.69
3874,2026-07-27,2026-08-02,6:00:00 PM,ARROZ CON POLLO.,2.0,0.04,27.18
3875,2026-07-27,2026-08-02,6:00:00 PM,Arroz con puerco,2.0,0.039,26.18
3876,2026-07-27,2026-08-02,6:00:00 PM,ARROZ FRITO,1.0,0.022,14.69
3877,2026-07-27,2026-08-02,6:00:00 PM,-ARROZ FRITO,4.0,0.081,54.76
3878,2026-07-27,2026-08-02,6:00:00 PM,ARROZ IMPERIAL..,1.0,0.021,14.19
3879,2026-07-27,2026-08-02,6:00:00 PM,Arroz pollo.desmenuza.,1.0,0.018,12.49
3880,2026-07-27,2026-08-02,6:00:00 PM,BABY CHURASCO,8.0,0.241,163.22
3881,2026-07-27,2026-08-02,6:00:00 PM,BABY CHURRASCO,8.0,0.214,144.72
3882,2026-07-27,2026-08-02,6:00:00 PM,BACALAO VISCAINA,3.0,0.089,60.17
3883,2026-07-27,2026-08-02,6:00:00 PM,BATIDO MAMEY,4.0,0.032,21.96
3884,2026-07-27,2026-08-02,6:00:00 PM,BATIDO MANGO,2.0,0.015,9.98
3885,2026-07-27,2026-08-02,6:00:00 PM,BATIDO VAINILLA,1.0,0.007,4.99
3886,2026-07-27,2026-08-02,6:00:00 PM,BISTEC A CABALLO,1.0,0.021,14.49
3887,2026-07-27,2026-08-02,6:00:00 PM,-BISTEC DE HIGADO,1.0,0.02,13.69
3888,2026-07-27,2026-08-02,6:00:00 PM,BISTEC DE POLLO-,2.0,0.04,27.38
3889,2026-07-27,2026-08-02,6:00:00 PM,BISTEC DE POLLO.,5.0,0.101,68.05
3890,2026-07-27,2026-08-02,6:00:00 PM,-BISTEC DE POLLO.,5.0,0.101,68.25
3891,2026-07-27,2026-08-02,6:00:00 PM,BISTEC DE POLLO..,5.0,0.105,71.25
3892,2026-07-27,2026-08-02,6:00:00 PM,BISTEC DE POLLO...,17.0,0.342,231.33
3893,2026-07-27,2026-08-02,6:00:00 PM,-BISTEC DE PUERCO,5.0,0.12,81.55
3894,2026-07-27,2026-08-02,6:00:00 PM,BISTEC JAMON,1.0,0.02,13.49
3895,2026-07-27,2026-08-02,6:00:00 PM,-BISTEC PALOMILLA,11.0,0.297,201.09
3896,2026-07-27,2026-08-02,6:00:00 PM,BISTEC POLLO PLANCHA,5.0,0.101,68.45
3897,2026-07-27,2026-08-02,6:00:00 PM,-BISTECDE POLLO,2.0,0.04,27.18
3898,2026-07-27,2026-08-02,6:00:00 PM,BOLICHE ..,2.0,0.045,30.38
3899,2026-07-27,2026-08-02,6:00:00 PM,-BOLICHE ASADO,1.0,0.025,16.69
3900,2026-07-27,2026-08-02,6:00:00 PM,BONIATILLO.,1.0,0.002,1.5
3901,2026-07-27,2026-08-02,6:00:00 PM,BONIATO FRITO..,4.0,0.029,19.96
3902,2026-07-27,2026-08-02,6:00:00 PM,BONIATO HERVIDO,2.0,0.015,9.98
3903,2026-07-27,2026-08-02,6:00:00 PM,BOÑUELOS.,1.0,0.008,5.49
3904,2026-07-27,2026-08-02,6:00:00 PM,CAESAR /POLLO,1.0,0.019,12.99
3905,2026-07-27,2026-08-02,6:00:00 PM,CAESAR CHIQUITA SALDAD,1.0,0.004,3.0
3906,2026-07-27,2026-08-02,6:00:00 PM,CAFE CON LECHE PEQUENO,1.0,0.004,2.5
3907,2026-07-27,2026-08-02,6:00:00 PM,CAFE CUBANO.,23.0,0.051,34.5
3908,2026-07-27,2026-08-02,6:00:00 PM,CALDO GALLEGO.MEDIANO.,1.0,0.012,8.19
3909,2026-07-27,2026-08-02,6:00:00 PM,CALDO.GALLEGO GRANDE.,1.0,0.017,11.69
3910,2026-07-27,2026-08-02,6:00:00 PM,caldosos,1.0,0.0,0.0
3911,2026-07-27,2026-08-02,6:00:00 PM,CAMARONES ENCHILADO.,3.0,0.089,59.97
3912,2026-07-27,2026-08-02,6:00:00 PM,CANT 4 DELIVER,1.0,0.083,56.0
3913,2026-07-27,2026-08-02,6:00:00 PM,CANT 4 RECOGER,1.0,0.071,48.0
3914,2026-07-27,2026-08-02,6:00:00 PM,CANT 5 DELIVER,1.0,0.103,70.0
3915,2026-07-27,2026-08-02,6:00:00 PM,CANT 5 RECOGER,3.0,0.266,180.0
3916,2026-07-27,2026-08-02,6:00:00 PM,CARNE CON PAPAS.,7.0,0.15,101.33
3917,2026-07-27,2026-08-02,6:00:00 PM,CASCOS GUAVA QUESO,1.0,0.009,5.99
3918,2026-07-27,2026-08-02,6:00:00 PM,CHICHAR POLLO SIN HUES,2.0,0.04,27.18
3919,2026-07-27,2026-08-02,6:00:00 PM,CHICHARO MEDIANO.,1.0,0.01,6.99
3920,2026-07-27,2026-08-02,6:00:00 PM,CHICHARRON DE POLLO.,1.0,0.018,11.99
3921,2026-07-27,2026-08-02,6:00:00 PM,CHILINDRON D CHIVO,2.0,0.066,44.38
3922,2026-07-27,2026-08-02,6:00:00 PM,CHULETAS DE PUERCO,2.0,0.043,28.98
3923,2026-07-27,2026-08-02,6:00:00 PM,CHULETAS DE PUERCO.,3.0,0.065,43.87
3924,2026-07-27,2026-08-02,6:00:00 PM,"CHURRASCO ,,,",9.0,0.35,236.71
3925,2026-07-27,2026-08-02,6:00:00 PM,CLAMATO JUICE,1.0,0.004,2.99
3926,2026-07-27,2026-08-02,6:00:00 PM,CLUB SANDWICH.,3.0,0.055,37.42
3927,2026-07-27,2026-08-02,6:00:00 PM,cocacola.botella,1.0,0.005,3.49
3928,2026-07-27,2026-08-02,6:00:00 PM,COKE CERO.,2.0,0.007,5.0
3929,2026-07-27,2026-08-02,6:00:00 PM,COKE.,5.0,0.018,12.5
3930,2026-07-27,2026-08-02,6:00:00 PM,COLADA.,8.0,0.033,22.0
3931,2026-07-27,2026-08-02,6:00:00 PM,COLORADOS GRANDE.,2.0,0.029,19.38
3932,2026-07-27,2026-08-02,6:00:00 PM,COPA DE SANGRIA.,1.0,0.013,8.99
3933,2026-07-27,2026-08-02,6:00:00 PM,COPA VINO,6.0,0.08,53.94
3934,2026-07-27,2026-08-02,6:00:00 PM,-CORONA.,5.0,0.041,27.45
3935,2026-07-27,2026-08-02,6:00:00 PM,Cortadito Evaporada,4.0,0.015,10.0
3936,2026-07-27,2026-08-02,6:00:00 PM,"Cortadito,.",5.0,0.016,10.73
3937,2026-07-27,2026-08-02,6:00:00 PM,CREMA BROCOLY,1.0,0.014,9.25
3938,2026-07-27,2026-08-02,6:00:00 PM,CREMA CALABAZA GRANDE,4.0,0.059,39.96
3939,2026-07-27,2026-08-02,6:00:00 PM,CREMA CALABAZA MEDIAN,2.0,0.021,13.98
3940,2026-07-27,2026-08-02,6:00:00 PM,CREMA MALANGA MEDIAN,1.0,0.01,6.99
3941,2026-07-27,2026-08-02,6:00:00 PM,CREMA MALANGA MEDIANA.,12.0,0.124,83.88
3942,2026-07-27,2026-08-02,6:00:00 PM,CREMA VEGETAL GRANDE.,1.0,0.015,10.49
3943,2026-07-27,2026-08-02,6:00:00 PM,CREMA VEGETAL MEDIANA,1.0,0.01,6.99
3944,2026-07-27,2026-08-02,6:00:00 PM,CREMA VEGETALE.MEDIAN,1.0,0.01,6.99
3945,2026-07-27,2026-08-02,6:00:00 PM,CREMA. MALANGA CHIQUIT,2.0,0.013,9.0
3946,2026-07-27,2026-08-02,6:00:00 PM,CREMA. MALANGA GRANDE.,5.0,0.077,52.45
3947,2026-07-27,2026-08-02,6:00:00 PM,croqueta bacalao.,5.0,0.015,9.95
3948,2026-07-27,2026-08-02,6:00:00 PM,croqueta jamon.,24.0,0.062,42.0
3949,2026-07-27,2026-08-02,6:00:00 PM,croqueta pollo.,24.0,0.062,42.0
3950,2026-07-27,2026-08-02,6:00:00 PM,CUBANO REGULAR.,1.0,0.015,10.19
3951,2026-07-27,2026-08-02,6:00:00 PM,DEDITOS .PESCADO.,2.0,0.045,30.18
3952,2026-07-27,2026-08-02,6:00:00 PM,DEDITOS DE PESCADO,3.0,0.071,48.37
3953,2026-07-27,2026-08-02,6:00:00 PM,DIET COKE.,1.0,0.003,2.25
3954,2026-07-27,2026-08-02,6:00:00 PM,DOS HUEVO AROS. MADUR,1.0,0.013,8.99
3955,2026-07-27,2026-08-02,6:00:00 PM,DULCE DE LECHE,3.0,0.024,16.47
3956,2026-07-27,2026-08-02,6:00:00 PM,E PAGUETI SOLO ROJA.,1.0,0.013,8.99
3957,2026-07-27,2026-08-02,6:00:00 PM,Empanada carne,6.0,0.027,17.94
3958,2026-07-27,2026-08-02,6:00:00 PM,Empanada Jamon/Queso,2.0,0.009,5.98
3959,2026-07-27,2026-08-02,6:00:00 PM,Empanada Pollo,2.0,0.009,5.98
3960,2026-07-27,2026-08-02,6:00:00 PM,ENPANISADO. RES,6.0,0.143,96.74
3961,2026-07-27,2026-08-02,6:00:00 PM,"ENPELLAS,chicharones.",3.0,0.027,18.0
3962,2026-07-27,2026-08-02,6:00:00 PM,ENSALA AGUACAT PEQUE,8.0,0.053,36.0
3963,2026-07-27,2026-08-02,6:00:00 PM,ENSALA POLLO 2 CROQUET,2.0,0.037,24.98
3964,2026-07-27,2026-08-02,6:00:00 PM,ENSALADA AGUACAT GRAND,5.0,0.041,27.5
3965,2026-07-27,2026-08-02,6:00:00 PM,Espaguetti jamon,1.0,0.019,13.19
3966,2026-07-27,2026-08-02,6:00:00 PM,extra.coco,1.0,0.003,1.99
3967,2026-07-27,2026-08-02,6:00:00 PM,FILETE ALA VILVAINA,3.0,0.095,63.97
3968,2026-07-27,2026-08-02,6:00:00 PM,FILETE DE MAHIMAHI,1.0,0.025,16.99
3969,2026-07-27,2026-08-02,6:00:00 PM,FILETE PARGO PLANCHA,3.0,0.094,63.37
3970,2026-07-27,2026-08-02,6:00:00 PM,FILETE PESCADO EMPANI,1.0,0.026,17.49
3971,2026-07-27,2026-08-02,6:00:00 PM,-FILETE PESCADO PLANCH,4.0,0.101,68.56
3972,2026-07-27,2026-08-02,6:00:00 PM,FILETE SALMON.,2.0,0.056,38.2
3973,2026-07-27,2026-08-02,6:00:00 PM,FILETILLO DE CARNE.,2.0,0.04,27.38
3974,2026-07-27,2026-08-02,6:00:00 PM,FILETILLO POLLO PLANCH,6.0,0.134,90.54
3975,2026-07-27,2026-08-02,6:00:00 PM,FLAN ESPECIAL.,7.0,0.062,41.93
3976,2026-07-27,2026-08-02,6:00:00 PM,-FLAN.,8.0,0.059,39.92
3977,2026-07-27,2026-08-02,6:00:00 PM,-FRICASE DE POLLO,1.0,0.017,11.19
3978,2026-07-27,2026-08-02,6:00:00 PM,FRIJOL GRANDE,2.0,0.024,15.98
3979,2026-07-27,2026-08-02,6:00:00 PM,FRIJOL MEDIANO.,3.0,0.022,14.97
3980,2026-07-27,2026-08-02,6:00:00 PM,FRIJOL PEQUENO.,5.0,0.022,14.95
3981,2026-07-27,2026-08-02,6:00:00 PM,FRIJOL.COLORADO CHIQUI,1.0,0.006,3.99
3982,2026-07-27,2026-08-02,6:00:00 PM,FRITURAS DE MALANGA,5.0,0.048,32.5
3983,2026-07-27,2026-08-02,6:00:00 PM,GALLETA DELICIOSAS,3.0,0.016,10.8
3984,2026-07-27,2026-08-02,6:00:00 PM,GARBANZO GRANDE.,2.0,0.031,20.98
3985,2026-07-27,2026-08-02,6:00:00 PM,GARBANZO.FRITO.,2.0,0.042,28.38
3986,2026-07-27,2026-08-02,6:00:00 PM,GARBANZO.MEDIANO.,2.0,0.021,13.98
3987,2026-07-27,2026-08-02,6:00:00 PM,GATORADE LIMON,1.0,0.006,3.99
3988,2026-07-27,2026-08-02,6:00:00 PM,GUARAPO.,6.0,0.047,31.5
3989,2026-07-27,2026-08-02,6:00:00 PM,Heineken,3.0,0.024,16.47
3990,2026-07-27,2026-08-02,6:00:00 PM,HORDE DEPAN,1.0,0.002,1.5
3991,2026-07-27,2026-08-02,6:00:00 PM,HORDEN DE CHICHARON.,1.0,0.005,3.25
3992,2026-07-27,2026-08-02,6:00:00 PM,HORDEN DE 3 CHICHARONE,1.0,0.005,3.25
3993,2026-07-27,2026-08-02,6:00:00 PM,HORDEN DE LIMON,1.0,0.002,1.25
3994,2026-07-27,2026-08-02,6:00:00 PM,HUEVO FRITO,2.0,0.004,3.0
3995,2026-07-27,2026-08-02,6:00:00 PM,IMPERIAL .,1.0,0.018,12.19
3996,2026-07-27,2026-08-02,6:00:00 PM,IRON BEER.,1.0,0.004,2.5
3997,2026-07-27,2026-08-02,6:00:00 PM,JARRA DE SANGRIA,1.0,0.035,24.0
3998,2026-07-27,2026-08-02,6:00:00 PM,JUGO MARACULLA,4.0,0.027,18.0
3999,2026-07-27,2026-08-02,6:00:00 PM,JUGO PINA,1.0,0.007,4.5
4000,2026-07-27,2026-08-02,6:00:00 PM,JUGO ZANAHORIA NARAJA,5.0,0.037,24.95
4001,2026-07-27,2026-08-02,6:00:00 PM,JUGO.NARANJA.,3.0,0.023,15.75
4002,2026-07-27,2026-08-02,6:00:00 PM,JUPINA DIETA,3.0,0.011,7.5
4003,2026-07-27,2026-08-02,6:00:00 PM,JUPIÑA.,1.0,0.004,2.5
4004,2026-07-27,2026-08-02,6:00:00 PM,-LECHE MALTEADA,1.0,0.007,4.99
4005,2026-07-27,2026-08-02,6:00:00 PM,LENTEJAS GRANDE.,2.0,0.028,18.98
4006,2026-07-27,2026-08-02,6:00:00 PM,LENTEJAS MEDIANA.,5.0,0.052,34.95
4007,2026-07-27,2026-08-02,6:00:00 PM,LIMANADA COCO.,2.0,0.018,11.98
4008,2026-07-27,2026-08-02,6:00:00 PM,LIMONADA,6.0,0.04,27.0
4009,2026-07-27,2026-08-02,6:00:00 PM,MADIO.POLLO A la brasa,2.0,0.042,28.38
4010,2026-07-27,2026-08-02,6:00:00 PM,-MADUROS.,7.0,0.046,31.43
4011,2026-07-27,2026-08-02,6:00:00 PM,MARIQUITAS DE MALANGA,3.0,0.027,17.97
4012,2026-07-27,2026-08-02,6:00:00 PM,-MARIQUITAS.,1.0,0.009,5.99
4013,2026-07-27,2026-08-02,6:00:00 PM,MARLBORO ROJO,1.0,0.018,12.0
4014,2026-07-27,2026-08-02,6:00:00 PM,-MASAS DE PUERCO,5.0,0.105,70.75
4015,2026-07-27,2026-08-02,6:00:00 PM,MASAS DE PUERCO.,6.0,0.124,83.94
4016,2026-07-27,2026-08-02,6:00:00 PM,-MASAS DE PUERCO.,3.0,0.062,42.17
4017,2026-07-27,2026-08-02,6:00:00 PM,MEDIA JARRA,1.0,0.024,16.0
4018,2026-07-27,2026-08-02,6:00:00 PM,-MEDIO POLLO FRITO,2.0,0.04,26.98
4019,2026-07-27,2026-08-02,6:00:00 PM,MEDIO POLLO.ASADO.,2.0,0.039,26.38
4020,2026-07-27,2026-08-02,6:00:00 PM,MELON..SANDIA,2.0,0.013,9.0
4021,2026-07-27,2026-08-02,6:00:00 PM,-MILANESA DE POLLO,4.0,0.097,65.66
4022,2026-07-27,2026-08-02,6:00:00 PM,MILANESA RES.,3.0,0.089,60.37
4023,2026-07-27,2026-08-02,6:00:00 PM,MISC COCINA,3.0,0.013,9.0
4024,2026-07-27,2026-08-02,6:00:00 PM,MODELO,3.0,0.024,16.47
4025,2026-07-27,2026-08-02,6:00:00 PM,MOFONGO PUERCO.,2.0,0.05,33.98
4026,2026-07-27,2026-08-02,6:00:00 PM,Mofongo solo,1.0,0.012,7.99
4027,2026-07-27,2026-08-02,6:00:00 PM,MOROS...,1.0,0.006,3.99
4028,2026-07-27,2026-08-02,6:00:00 PM,NATILLA CATALANA,4.0,0.037,25.0
4029,2026-07-27,2026-08-02,6:00:00 PM,PAELLA VALENCIANA,1.0,0.062,42.19
4030,2026-07-27,2026-08-02,6:00:00 PM,palomilla baby,2.0,0.033,22.2
4031,2026-07-27,2026-08-02,6:00:00 PM,-PAN CON BISTEC.,5.0,0.082,55.75
4032,2026-07-27,2026-08-02,6:00:00 PM,PAPA RELLENA,1.0,0.004,2.99
4033,2026-07-27,2026-08-02,6:00:00 PM,PAPAS FRITAS,3.0,0.02,13.47
4034,2026-07-27,2026-08-02,6:00:00 PM,-PARGO FRITO ENTERO.,1.0,0.038,25.99
4035,2026-07-27,2026-08-02,6:00:00 PM,Pasteles Guayaba,1.0,0.002,1.5
4036,2026-07-27,2026-08-02,6:00:00 PM,Pasteles Queso/Guayaba,1.0,0.002,1.5
4037,2026-07-27,2026-08-02,6:00:00 PM,pera,2.0,0.007,5.0
4038,2026-07-27,2026-08-02,6:00:00 PM,PICADILLO,1.0,0.02,13.69
4039,2026-07-27,2026-08-02,6:00:00 PM,-PICADILLO,1.0,0.022,14.69
4040,2026-07-27,2026-08-02,6:00:00 PM,pizza personal,1.0,0.016,10.99
4041,2026-07-27,2026-08-02,6:00:00 PM,POLLO EMPANIZADO,2.0,0.046,31.18
4042,2026-07-27,2026-08-02,6:00:00 PM,POTAJE COLORADOS MEDIA,1.0,0.011,7.19
4043,2026-07-27,2026-08-02,6:00:00 PM,PRESIDENTE..,1.0,0.008,5.49
4044,2026-07-27,2026-08-02,6:00:00 PM,PUDIN DE PAN.,3.0,0.024,16.47
4045,2026-07-27,2026-08-02,6:00:00 PM,PUDIN DIPLOMATICO.,1.0,0.008,5.49
4046,2026-07-27,2026-08-02,6:00:00 PM,RABO ENCENDIDO.,3.0,0.107,72.57
4047,2026-07-27,2026-08-02,6:00:00 PM,Ribeye Steak,1.0,0.044,30.0
4048,2026-07-27,2026-08-02,6:00:00 PM,RIÑONADA.,2.0,0.063,42.38
4049,2026-07-27,2026-08-02,6:00:00 PM,ROPA VIEJA..,3.0,0.07,47.57
4050,2026-07-27,2026-08-02,6:00:00 PM,ROPA VIEJA...,4.0,0.099,66.76
4051,2026-07-27,2026-08-02,6:00:00 PM,SAND JAMON QUESO,1.0,0.014,9.19
4052,2026-07-27,2026-08-02,6:00:00 PM,SANDWICH BACON.,2.0,0.03,20.38
4053,2026-07-27,2026-08-02,6:00:00 PM,SANDWICH ENSAL POLLO,1.0,0.015,10.19
4054,2026-07-27,2026-08-02,6:00:00 PM,SANDWICHES..POLLO.EMPA,1.0,0.022,15.04
4055,2026-07-27,2026-08-02,6:00:00 PM,-SDWC TUNA REGULAR.,1.0,0.015,10.49
4056,2026-07-27,2026-08-02,6:00:00 PM,SDWCH DE PAVO REGL.,1.0,0.015,9.99
4057,2026-07-27,2026-08-02,6:00:00 PM,SOLO.TOMATE,3.0,0.011,7.5
4058,2026-07-27,2026-08-02,6:00:00 PM,Sopa de Pollo Grande,17.0,0.213,144.33
4059,2026-07-27,2026-08-02,6:00:00 PM,SOPA DE RES GRANDE,2.0,0.036,24.38
4060,2026-07-27,2026-08-02,6:00:00 PM,SOPA DE RES MEDIANA,2.0,0.024,16.18
4061,2026-07-27,2026-08-02,6:00:00 PM,SOPA DE RES PEQUENA,1.0,0.007,4.99
4062,2026-07-27,2026-08-02,6:00:00 PM,SOPA PESCADO MEDIANA.,1.0,0.01,6.99
4063,2026-07-27,2026-08-02,6:00:00 PM,SOPA PLATANO GRANDE.,1.0,0.015,10.49
4064,2026-07-27,2026-08-02,6:00:00 PM,SOPA PLATANO MEDIANA.,3.0,0.031,20.97
4065,2026-07-27,2026-08-02,6:00:00 PM,Sopa Pollo Medina,15.0,0.122,82.35
4066,2026-07-27,2026-08-02,6:00:00 PM,SOPA. POLLO CHIQUITA,3.0,0.016,10.5
4067,2026-07-27,2026-08-02,6:00:00 PM,SPAGHETTI ALFRED JAMON,1.0,0.019,13.19
4068,2026-07-27,2026-08-02,6:00:00 PM,SPAGHETTI POLLO ALFRED,1.0,0.022,15.19
4069,2026-07-27,2026-08-02,6:00:00 PM,SPRIET.,1.0,0.004,2.5
4070,2026-07-27,2026-08-02,6:00:00 PM,T0 GO MESA,28.0,0.014,9.8
4071,2026-07-27,2026-08-02,6:00:00 PM,TAMAL,3.0,0.013,8.97
4072,2026-07-27,2026-08-02,6:00:00 PM,TAMAL CAZUELA.MEDIANO.,1.0,0.01,6.99
4073,2026-07-27,2026-08-02,6:00:00 PM,TAMAL.CAZUELA GRANDE.,2.0,0.033,22.38
4074,2026-07-27,2026-08-02,6:00:00 PM,To Go.,11.0,0.003,2.2
4075,2026-07-27,2026-08-02,6:00:00 PM,To Go..,66.0,0.02,13.65
4076,2026-07-27,2026-08-02,6:00:00 PM,TOREJA CUBANA,2.0,0.018,11.98
4077,2026-07-27,2026-08-02,6:00:00 PM,TOSTONES.,3.0,0.022,14.97
4078,2026-07-27,2026-08-02,6:00:00 PM,TRES LECHES.,2.0,0.018,11.98
4079,2026-07-27,2026-08-02,6:00:00 PM,-VACA FRITA,16.0,0.408,275.84
4080,2026-07-27,2026-08-02,6:00:00 PM,-VACA FRITA.,5.0,0.12,80.95
4081,2026-07-27,2026-08-02,6:00:00 PM,vegetal.hervido,1.0,0.007,4.99
4082,2026-07-27,2026-08-02,6:00:00 PM,YUCA FRITA.,1.0,0.008,5.49
4083,2026-07-27,2026-08-02,7:00:00 PM,.ARROZ FRITO,2.0,0.04,27.38
4084,2026-07-27,2026-08-02,7:00:00 PM,.BISTEC DE POLLO,5.0,0.101,68.25
4085,2026-07-27,2026-08-02,7:00:00 PM,_=====================,21.0,0.0,0.0
4086,2026-07-27,2026-08-02,7:00:00 PM,== TO GO ==,28.0,0.008,5.6
4087,2026-07-27,2026-08-02,7:00:00 PM,======================,16.0,0.0,0.0
4088,2026-07-27,2026-08-02,7:00:00 PM,1 BOLA HELADO..,3.0,0.013,8.97
4089,2026-07-27,2026-08-02,7:00:00 PM,1 PIEZA DE CORDERO,2.0,0.053,35.98
4090,2026-07-27,2026-08-02,7:00:00 PM,1.LIBRA ENSALA POLLO.,1.0,0.013,8.99
4091,2026-07-27,2026-08-02,7:00:00 PM,2 PIEZAS DE CORDERO.,1.0,0.04,27.19
4092,2026-07-27,2026-08-02,7:00:00 PM,AJIACO MEDIANO,5.0,0.053,35.55
4093,2026-07-27,2026-08-02,7:00:00 PM,AJIACO..GRANDE,4.0,0.063,42.76
4094,2026-07-27,2026-08-02,7:00:00 PM,ALBONDIGAS.RES.,2.0,0.042,28.38
4095,2026-07-27,2026-08-02,7:00:00 PM,ARROS CON MARISCOS.,1.0,0.059,39.99
4096,2026-07-27,2026-08-02,7:00:00 PM,ARROZ CON LECHE,1.0,0.008,5.49
4097,2026-07-27,2026-08-02,7:00:00 PM,ARROZ BLANCO..,3.0,0.014,9.75
4098,2026-07-27,2026-08-02,7:00:00 PM,ARROZ CHIQUITO,4.0,0.016,11.0
4099,2026-07-27,2026-08-02,7:00:00 PM,Arroz con puerco,3.0,0.058,39.57
4100,2026-07-27,2026-08-02,7:00:00 PM,ARROZ FRITO,2.0,0.043,29.38
4101,2026-07-27,2026-08-02,7:00:00 PM,-ARROZ FRITO,2.0,0.04,27.18
4102,2026-07-27,2026-08-02,7:00:00 PM,ARROZ IMPERIAL..,2.0,0.042,28.18
4103,2026-07-27,2026-08-02,7:00:00 PM,Arroz pollo.desmenuza.,2.0,0.037,25.18
4104,2026-07-27,2026-08-02,7:00:00 PM,BABY CHURASCO,6.0,0.178,120.74
4105,2026-07-27,2026-08-02,7:00:00 PM,BABY CHURRASCO,2.0,0.054,36.38
4106,2026-07-27,2026-08-02,7:00:00 PM,BACALAO VISCAINA,2.0,0.06,40.38
4107,2026-07-27,2026-08-02,7:00:00 PM,BATIDO CHOCOLATE.,2.0,0.015,9.98
4108,2026-07-27,2026-08-02,7:00:00 PM,BATIDO FRUTA BONBA,1.0,0.007,4.99
4109,2026-07-27,2026-08-02,7:00:00 PM,BATIDO MAMEY,4.0,0.032,21.96
4110,2026-07-27,2026-08-02,7:00:00 PM,BATIDO MANGO,1.0,0.007,4.99
4111,2026-07-27,2026-08-02,7:00:00 PM,BATIDO TRIGO,1.0,0.007,4.99
4112,2026-07-27,2026-08-02,7:00:00 PM,Best Mango,1.0,0.004,2.99
4113,2026-07-27,2026-08-02,7:00:00 PM,-BISTEC DE HIGADO,1.0,0.02,13.49
4114,2026-07-27,2026-08-02,7:00:00 PM,BISTEC DE POLLO-,4.0,0.084,56.56
4115,2026-07-27,2026-08-02,7:00:00 PM,BISTEC DE POLLO.,1.0,0.02,13.49
4116,2026-07-27,2026-08-02,7:00:00 PM,-BISTEC DE POLLO.,4.0,0.084,56.76
4117,2026-07-27,2026-08-02,7:00:00 PM,BISTEC DE POLLO..,4.0,0.081,54.76
4118,2026-07-27,2026-08-02,7:00:00 PM,BISTEC DE POLLO...,7.0,0.141,95.63
4119,2026-07-27,2026-08-02,7:00:00 PM,-BISTEC DE PUERCO,1.0,0.023,15.69
4120,2026-07-27,2026-08-02,7:00:00 PM,BISTEC EN CAZUELA,3.0,0.065,43.87
4121,2026-07-27,2026-08-02,7:00:00 PM,BISTEC JAMON,1.0,0.02,13.49
4122,2026-07-27,2026-08-02,7:00:00 PM,-BISTEC PALOMILLA,10.0,0.271,183.5
4123,2026-07-27,2026-08-02,7:00:00 PM,-BISTECDE POLLO,6.0,0.124,83.94
4124,2026-07-27,2026-08-02,7:00:00 PM,BOCADITO PREPARADO.,1.0,0.013,8.99
4125,2026-07-27,2026-08-02,7:00:00 PM,BOLA ENSALADA POLLO,2.0,0.01,6.5
4126,2026-07-27,2026-08-02,7:00:00 PM,BOLICHE ..,1.0,0.022,15.19
4127,2026-07-27,2026-08-02,7:00:00 PM,-BOLICHE ASADO,2.0,0.049,33.18
4128,2026-07-27,2026-08-02,7:00:00 PM,BONIATO FRITO..,2.0,0.015,9.98
4129,2026-07-27,2026-08-02,7:00:00 PM,BONIATO HERVIDO,1.0,0.007,4.99
4130,2026-07-27,2026-08-02,7:00:00 PM,BOÑUELOS.,3.0,0.024,16.47
4131,2026-07-27,2026-08-02,7:00:00 PM,Bud Light,2.0,0.015,9.98
4132,2026-07-27,2026-08-02,7:00:00 PM,CAFE CON LECHE GRANDE,3.0,0.02,13.5
4133,2026-07-27,2026-08-02,7:00:00 PM,CAFE CON LECHE PEQUENO,1.0,0.004,2.5
4134,2026-07-27,2026-08-02,7:00:00 PM,CAFE CUBANO.,25.0,0.055,37.5
4135,2026-07-27,2026-08-02,7:00:00 PM,CALDO GALLEGO.CHIQUITO,1.0,0.007,4.49
4136,2026-07-27,2026-08-02,7:00:00 PM,CALDO GALLEGO.MEDIANO.,4.0,0.048,32.36
4137,2026-07-27,2026-08-02,7:00:00 PM,CALDO.GALLEGO GRANDE.,2.0,0.034,23.18
4138,2026-07-27,2026-08-02,7:00:00 PM,CAMARONES ENCHILADO.,2.0,0.06,40.38
4139,2026-07-27,2026-08-02,7:00:00 PM,CANT 5 DELIVER,4.0,0.414,280.0
4140,2026-07-27,2026-08-02,7:00:00 PM,CARNE CON PAPAS.,3.0,0.066,44.57
4141,2026-07-27,2026-08-02,7:00:00 PM,CHICHAR POLLO SIN HUES,2.0,0.043,29.18
4142,2026-07-27,2026-08-02,7:00:00 PM,CHICHARO GRANDE.,4.0,0.054,36.76
4143,2026-07-27,2026-08-02,7:00:00 PM,CHICHARO MEDIANO.,1.0,0.01,6.99
4144,2026-07-27,2026-08-02,7:00:00 PM,CHULETAS DE PUERCO,1.0,0.022,14.69
4145,2026-07-27,2026-08-02,7:00:00 PM,CHULETAS DE PUERCO.,6.0,0.13,87.94
4146,2026-07-27,2026-08-02,7:00:00 PM,"CHURRASCO ,,,",4.0,0.154,104.36
4147,2026-07-27,2026-08-02,7:00:00 PM,churros.con dulce,1.0,0.009,6.25
4148,2026-07-27,2026-08-02,7:00:00 PM,churros.solo.4,1.0,0.007,4.99
4149,2026-07-27,2026-08-02,7:00:00 PM,COKE CERO.,1.0,0.004,2.5
4150,2026-07-27,2026-08-02,7:00:00 PM,COKE.,5.0,0.018,12.5
4151,2026-07-27,2026-08-02,7:00:00 PM,COLADA.,7.0,0.028,19.25
4152,2026-07-27,2026-08-02,7:00:00 PM,COLORADOS GRANDE.,1.0,0.014,9.49
4153,2026-07-27,2026-08-02,7:00:00 PM,COPA VINO,3.0,0.04,26.97
4154,2026-07-27,2026-08-02,7:00:00 PM,-CORONA.,2.0,0.016,10.98
4155,2026-07-27,2026-08-02,7:00:00 PM,Cortadito Evaporada,5.0,0.018,12.5
4156,2026-07-27,2026-08-02,7:00:00 PM,"Cortadito,.",7.0,0.023,15.49
4157,2026-07-27,2026-08-02,7:00:00 PM,CREMA BROCOLY,1.0,0.014,9.25
4158,2026-07-27,2026-08-02,7:00:00 PM,CREMA CALABAZA GRANDE,3.0,0.044,29.97
4159,2026-07-27,2026-08-02,7:00:00 PM,CREMA CALABAZA MEDIAN,3.0,0.031,20.97
4160,2026-07-27,2026-08-02,7:00:00 PM,CREMA MALANGA MEDIANA.,8.0,0.083,55.92
4161,2026-07-27,2026-08-02,7:00:00 PM,CREMA VEGETALES.CHIQ,2.0,0.012,7.98
4162,2026-07-27,2026-08-02,7:00:00 PM,CREMA. MALANGA CHIQUIT,7.0,0.047,31.5
4163,2026-07-27,2026-08-02,7:00:00 PM,CREMA. MALANGA GRANDE.,5.0,0.077,52.45
4164,2026-07-27,2026-08-02,7:00:00 PM,CREMA. VEGETALCHIQUITA,1.0,0.007,4.5
4165,2026-07-27,2026-08-02,7:00:00 PM,croqueta bacalao.,1.0,0.003,1.99
4166,2026-07-27,2026-08-02,7:00:00 PM,croqueta jamon.,22.0,0.057,38.5
4167,2026-07-27,2026-08-02,7:00:00 PM,croqueta pollo.,4.0,0.01,7.0
4168,2026-07-27,2026-08-02,7:00:00 PM,CROQUETA PREPARADA.,4.0,0.071,48.36
4169,2026-07-27,2026-08-02,7:00:00 PM,CUBANO ESPECIAL..,1.0,0.018,12.19
4170,2026-07-27,2026-08-02,7:00:00 PM,CUBANO REGULAR.,1.0,0.015,9.99
4171,2026-07-27,2026-08-02,7:00:00 PM,DEDITOS .PESCADO.,2.0,0.045,30.18
4172,2026-07-27,2026-08-02,7:00:00 PM,-DEDITOS DE POLLO,1.0,0.019,12.99
4173,2026-07-27,2026-08-02,7:00:00 PM,deditos de pollo kids,2.0,0.024,15.98
4174,2026-07-27,2026-08-02,7:00:00 PM,DESALLUNOS..,1.0,0.02,13.49
4175,2026-07-27,2026-08-02,7:00:00 PM,DIET COKE.,1.0,0.003,2.25
4176,2026-07-27,2026-08-02,7:00:00 PM,DULCE DE LECHE,1.0,0.008,5.49
4177,2026-07-27,2026-08-02,7:00:00 PM,ELENA RUZ.,2.0,0.03,20.38
4178,2026-07-27,2026-08-02,7:00:00 PM,Empanada carne,1.0,0.004,2.99
4179,2026-07-27,2026-08-02,7:00:00 PM,Empanada Jamon/Queso,5.0,0.022,14.95
4180,2026-07-27,2026-08-02,7:00:00 PM,Empnda Espinaca/Queso,1.0,0.004,2.99
4181,2026-07-27,2026-08-02,7:00:00 PM,ENPANISADO. RES,1.0,0.024,15.99
4182,2026-07-27,2026-08-02,7:00:00 PM,"ENPELLAS,chicharones.",2.0,0.018,12.0
4183,2026-07-27,2026-08-02,7:00:00 PM,ENSALA AGUACAT PEQUE,8.0,0.053,36.0
4184,2026-07-27,2026-08-02,7:00:00 PM,ENSALA POLLO 2 CROQUET,3.0,0.055,37.47
4185,2026-07-27,2026-08-02,7:00:00 PM,ENSALADA AGUACAT GRAND,4.0,0.033,22.0
4186,2026-07-27,2026-08-02,7:00:00 PM,Ensalada Small,1.0,0.004,2.75
4187,2026-07-27,2026-08-02,7:00:00 PM,EXTRA AGUACATE.,1.0,0.003,1.75
4188,2026-07-27,2026-08-02,7:00:00 PM,extra.coco,2.0,0.006,3.98
4189,2026-07-27,2026-08-02,7:00:00 PM,FILETE PARGO PLANCHA,4.0,0.127,85.66
4190,2026-07-27,2026-08-02,7:00:00 PM,FILETE PESCADO EMPANI,4.0,0.104,70.36
4191,2026-07-27,2026-08-02,7:00:00 PM,-FILETE PESCADO PLANCH,2.0,0.051,34.18
4192,2026-07-27,2026-08-02,7:00:00 PM,FILETILL POLLO SALSA,1.0,0.022,14.99
4193,2026-07-27,2026-08-02,7:00:00 PM,FILETILLO POLLO PLANCH,1.0,0.022,14.99
4194,2026-07-27,2026-08-02,7:00:00 PM,FILETILLO RES PLANCHA.,5.0,0.111,75.35
4195,2026-07-27,2026-08-02,7:00:00 PM,FLAN ESPECIAL.,4.0,0.035,23.96
4196,2026-07-27,2026-08-02,7:00:00 PM,-FLAN.,3.0,0.022,14.97
4197,2026-07-27,2026-08-02,7:00:00 PM,FRICASE PUERCO.,2.0,0.039,26.7
4198,2026-07-27,2026-08-02,7:00:00 PM,FRIJOL MEDIANO.,3.0,0.022,14.97
4199,2026-07-27,2026-08-02,7:00:00 PM,FRIJOL PEQUENO.,3.0,0.013,8.97
4200,2026-07-27,2026-08-02,7:00:00 PM,FRITA CUBANA,2.0,0.032,21.68
4201,2026-07-27,2026-08-02,7:00:00 PM,FRITURA VACALAO.,1.0,0.01,6.5
4202,2026-07-27,2026-08-02,7:00:00 PM,FRITURAS DE MALANGA,1.0,0.01,6.5
4203,2026-07-27,2026-08-02,7:00:00 PM,GALLETA DELICIOSAS,1.0,0.005,3.6
4204,2026-07-27,2026-08-02,7:00:00 PM,GARBANZO GRANDE.,1.0,0.015,10.49
4205,2026-07-27,2026-08-02,7:00:00 PM,GARBANZO.FRITO.,3.0,0.063,42.57
4206,2026-07-27,2026-08-02,7:00:00 PM,GARBANZO.MEDIANO.,5.0,0.052,34.95
4207,2026-07-27,2026-08-02,7:00:00 PM,GUARAPO.,4.0,0.031,21.0
4208,2026-07-27,2026-08-02,7:00:00 PM,Heineken,1.0,0.008,5.49
4209,2026-07-27,2026-08-02,7:00:00 PM,HELADO CONO..,3.0,0.016,10.5
4210,2026-07-27,2026-08-02,7:00:00 PM,HIGADO ITALIANA,2.0,0.044,29.98
4211,2026-07-27,2026-08-02,7:00:00 PM,HORDEN DE 3 CHICHARONE,1.0,0.005,3.25
4212,2026-07-27,2026-08-02,7:00:00 PM,HUEVO FRITO,2.0,0.004,2.5
4213,2026-07-27,2026-08-02,7:00:00 PM,JUGO PINA,5.0,0.033,22.5
4214,2026-07-27,2026-08-02,7:00:00 PM,JUGO ZANAHORIA NARAJA,2.0,0.015,9.98
4215,2026-07-27,2026-08-02,7:00:00 PM,JUGO.NARANJA.,3.0,0.023,15.75
4216,2026-07-27,2026-08-02,7:00:00 PM,Juntas,6.0,0.0,0.0
4217,2026-07-27,2026-08-02,7:00:00 PM,JUPIÑA.,2.0,0.007,5.0
4218,2026-07-27,2026-08-02,7:00:00 PM,-LECHON ASADO,4.0,0.084,56.76
4219,2026-07-27,2026-08-02,7:00:00 PM,LENTEJAS GRANDE.,1.0,0.014,9.49
4220,2026-07-27,2026-08-02,7:00:00 PM,LENTEJAS MEDIANA.,4.0,0.041,27.96
4221,2026-07-27,2026-08-02,7:00:00 PM,LIMONADA,4.0,0.027,18.0
4222,2026-07-27,2026-08-02,7:00:00 PM,MADIO.POLLO A la brasa,2.0,0.042,28.18
4223,2026-07-27,2026-08-02,7:00:00 PM,-MADUROS.,7.0,0.046,31.43
4224,2026-07-27,2026-08-02,7:00:00 PM,MALBORO LIGHT,1.0,0.018,12.0
4225,2026-07-27,2026-08-02,7:00:00 PM,-MALTA,1.0,0.005,3.25
4226,2026-07-27,2026-08-02,7:00:00 PM,MARIQUITAS DE MALANGA,3.0,0.027,17.97
4227,2026-07-27,2026-08-02,7:00:00 PM,-MARIQUITAS.,5.0,0.044,29.95
4228,2026-07-27,2026-08-02,7:00:00 PM,MARIQUITAS..MIXTA,1.0,0.008,5.49
4229,2026-07-27,2026-08-02,7:00:00 PM,Mariquitas.togo.,1.0,0.007,4.5
4230,2026-07-27,2026-08-02,7:00:00 PM,-MASAS DE PUERCO,12.0,0.254,171.88
4231,2026-07-27,2026-08-02,7:00:00 PM,MASAS DE PUERCO.,7.0,0.146,98.93
4232,2026-07-27,2026-08-02,7:00:00 PM,-MASAS DE PUERCO.,3.0,0.062,41.97
4233,2026-07-27,2026-08-02,7:00:00 PM,MATERVA.,3.0,0.011,7.5
4234,2026-07-27,2026-08-02,7:00:00 PM,MEDIA JARRA,1.0,0.024,16.0
4235,2026-07-27,2026-08-02,7:00:00 PM,MEDIA NOCHE.,9.0,0.135,91.51
4236,2026-07-27,2026-08-02,7:00:00 PM,-MEDIO POLLO A BRASA.,2.0,0.042,28.38
4237,2026-07-27,2026-08-02,7:00:00 PM,-MEDIO POLLO FRITO,1.0,0.02,13.49
4238,2026-07-27,2026-08-02,7:00:00 PM,MEDIO POLLO.ASADO.,2.0,0.042,28.38
4239,2026-07-27,2026-08-02,7:00:00 PM,MELON..SANDIA,6.0,0.04,27.0
4240,2026-07-27,2026-08-02,7:00:00 PM,MIAMI SANDWICH.,1.0,0.018,12.19
4241,2026-07-27,2026-08-02,7:00:00 PM,-MILANESA DE POLLO,4.0,0.095,64.36
4242,2026-07-27,2026-08-02,7:00:00 PM,MILANESA RES.,1.0,0.03,19.99
4243,2026-07-27,2026-08-02,7:00:00 PM,MISC COCINA,2.0,0.021,14.51
4244,2026-07-27,2026-08-02,7:00:00 PM,MOFONGO PUERCO.,1.0,0.025,16.99
4245,2026-07-27,2026-08-02,7:00:00 PM,MOJITO,1.0,0.002,1.25
4246,2026-07-27,2026-08-02,7:00:00 PM,MOJO CHIQUITO.,2.0,0.011,7.7
4247,2026-07-27,2026-08-02,7:00:00 PM,MOROS...,1.0,0.006,3.99
4248,2026-07-27,2026-08-02,7:00:00 PM,NATILLA CATALANA,1.0,0.009,6.25
4249,2026-07-27,2026-08-02,7:00:00 PM,PAELLA VALENCIANA,2.0,0.124,84.18
4250,2026-07-27,2026-08-02,7:00:00 PM,palomilla baby,3.0,0.05,33.6
4251,2026-07-27,2026-08-02,7:00:00 PM,-PAN CON BISTEC.,9.0,0.148,100.31
4252,2026-07-27,2026-08-02,7:00:00 PM,PAN CON TORTILLA.,1.0,0.017,11.19
4253,2026-07-27,2026-08-02,7:00:00 PM,PAN DE BONO..,1.0,0.003,1.99
4254,2026-07-27,2026-08-02,7:00:00 PM,PAPA RELLENA,1.0,0.004,2.99
4255,2026-07-27,2026-08-02,7:00:00 PM,PAPAS FRITAS,5.0,0.033,22.45
4256,2026-07-27,2026-08-02,7:00:00 PM,-PARGO FRITO,2.0,0.071,47.98
4257,2026-07-27,2026-08-02,7:00:00 PM,-PARGO FRITO ENTERO.,3.0,0.118,79.97
4258,2026-07-27,2026-08-02,7:00:00 PM,Pasteles Queso,2.0,0.004,3.0
4259,2026-07-27,2026-08-02,7:00:00 PM,PICADILLO,3.0,0.061,41.07
4260,2026-07-27,2026-08-02,7:00:00 PM,pizza peperoni,1.0,0.019,12.99
4261,2026-07-27,2026-08-02,7:00:00 PM,POLLO EMPANIZADO,2.0,0.043,29.38
4262,2026-07-27,2026-08-02,7:00:00 PM,POTAJE COLORADOS MEDIA,1.0,0.011,7.19
4263,2026-07-27,2026-08-02,7:00:00 PM,PRESIDENTE..,1.0,0.008,5.49
4264,2026-07-27,2026-08-02,7:00:00 PM,PUDIN DE PAN.,3.0,0.024,16.47
4265,2026-07-27,2026-08-02,7:00:00 PM,QUESO SUIZO,1.0,0.003,1.99
4266,2026-07-27,2026-08-02,7:00:00 PM,-RACION DE MALANGA.,1.0,0.009,5.99
4267,2026-07-27,2026-08-02,7:00:00 PM,RIÑONADA.,1.0,0.031,20.99
4268,2026-07-27,2026-08-02,7:00:00 PM,ROPA VIEJA..,2.0,0.045,30.18
4269,2026-07-27,2026-08-02,7:00:00 PM,ROPA VIEJA...,2.0,0.052,35.18
4270,2026-07-27,2026-08-02,7:00:00 PM,RUEDA DE SERRUCHO.,1.0,0.025,16.69
4271,2026-07-27,2026-08-02,7:00:00 PM,RUEDA SERRUCO FRITA.,5.0,0.118,80.15
4272,2026-07-27,2026-08-02,7:00:00 PM,SAND JAMON QUESO,2.0,0.027,18.38
4273,2026-07-27,2026-08-02,7:00:00 PM,SANDWICH ENSAL POLLO,1.0,0.015,10.19
4274,2026-07-27,2026-08-02,7:00:00 PM,SM CREMA MALANGA..,1.0,0.006,3.99
4275,2026-07-27,2026-08-02,7:00:00 PM,SOLO.TOMATE,1.0,0.004,2.5
4276,2026-07-27,2026-08-02,7:00:00 PM,Sopa de Pollo Grande,8.0,0.1,67.92
4277,2026-07-27,2026-08-02,7:00:00 PM,SOPA PESCADO GRANDE.,2.0,0.032,21.98
4278,2026-07-27,2026-08-02,7:00:00 PM,SOPA PLATANO CHIQUITA.,2.0,0.012,7.98
4279,2026-07-27,2026-08-02,7:00:00 PM,SOPA PLATANO GRANDE.,1.0,0.015,10.49
4280,2026-07-27,2026-08-02,7:00:00 PM,Sopa Pollo Medina,4.0,0.032,21.96
4281,2026-07-27,2026-08-02,7:00:00 PM,SOPA. POLLO CHIQUITA,1.0,0.005,3.5
4282,2026-07-27,2026-08-02,7:00:00 PM,SOPON MARINERO.,3.0,0.115,77.97
4283,2026-07-27,2026-08-02,7:00:00 PM,SPAGHETTI POLLO ALFRED,2.0,0.048,32.18
4284,2026-07-27,2026-08-02,7:00:00 PM,stella ARTOIS,2.0,0.016,10.98
4285,2026-07-27,2026-08-02,7:00:00 PM,SUNKIST.,1.0,0.004,2.5
4286,2026-07-27,2026-08-02,7:00:00 PM,T0 GO MESA,31.0,0.016,10.85
4287,2026-07-27,2026-08-02,7:00:00 PM,TAMAL,13.0,0.057,38.87
4288,2026-07-27,2026-08-02,7:00:00 PM,TAMAL CAZUELA.MEDIANO.,4.0,0.042,28.76
4289,2026-07-27,2026-08-02,7:00:00 PM,TAMAL.CAZUELA GRANDE.,2.0,0.033,22.38
4290,2026-07-27,2026-08-02,7:00:00 PM,TAMAL.JAMON PIERN.QUES,1.0,0.019,12.99
4291,2026-07-27,2026-08-02,7:00:00 PM,To Go.,12.0,0.004,2.4
4292,2026-07-27,2026-08-02,7:00:00 PM,To Go..,51.0,0.015,10.2
4293,2026-07-27,2026-08-02,7:00:00 PM,TOREJA CUBANA,4.0,0.035,23.96
4294,2026-07-27,2026-08-02,7:00:00 PM,TORTILLA.,1.0,0.017,11.19
4295,2026-07-27,2026-08-02,7:00:00 PM,TOSTADA,3.0,0.009,5.97
4296,2026-07-27,2026-08-02,7:00:00 PM,TOSTONES.,3.0,0.022,14.97
4297,2026-07-27,2026-08-02,7:00:00 PM,TRES LECHES.,4.0,0.035,23.96
4298,2026-07-27,2026-08-02,7:00:00 PM,-VACA FRITA,12.0,0.304,205.68
4299,2026-07-27,2026-08-02,7:00:00 PM,-VACA FRITA.,11.0,0.261,176.69
4300,2026-07-27,2026-08-02,7:00:00 PM,YUCA.,1.0,0.007,4.49
4301,2026-07-27,2026-08-02,8:00:00 PM,.BISTEC DE POLLO,4.0,0.081,54.56
4302,2026-07-27,2026-08-02,8:00:00 PM,_=====================,14.0,0.0,0.0
4303,2026-07-27,2026-08-02,8:00:00 PM,== TO GO ==,26.0,0.008,5.2
4304,2026-07-27,2026-08-02,8:00:00 PM,======================,7.0,0.0,0.0
4305,2026-07-27,2026-08-02,8:00:00 PM,1 BOLA HELADO..,2.0,0.009,5.98
4306,2026-07-27,2026-08-02,8:00:00 PM,1 PIEZA DE CORDERO,1.0,0.027,17.99
4307,2026-07-27,2026-08-02,8:00:00 PM,305 Morados,1.0,0.009,6.25
4308,2026-07-27,2026-08-02,8:00:00 PM,AGUA NATURAL,2.0,0.006,3.98
4309,2026-07-27,2026-08-02,8:00:00 PM,AGUA PERRIER,2.0,0.01,6.98
4310,2026-07-27,2026-08-02,8:00:00 PM,ARROZ CON LECHE,2.0,0.016,10.98
4311,2026-07-27,2026-08-02,8:00:00 PM,ARROZ BLANCO..,5.0,0.024,16.25
4312,2026-07-27,2026-08-02,8:00:00 PM,ARROZ CHIQUITO,6.0,0.023,15.5
4313,2026-07-27,2026-08-02,8:00:00 PM,ARROZ CON POLLO,1.0,0.018,12.49
4314,2026-07-27,2026-08-02,8:00:00 PM,Arroz con puerco,2.0,0.039,26.18
4315,2026-07-27,2026-08-02,8:00:00 PM,ARROZ FRITO,1.0,0.022,14.69
4316,2026-07-27,2026-08-02,8:00:00 PM,-ARROZ FRITO,1.0,0.02,13.49
4317,2026-07-27,2026-08-02,8:00:00 PM,BABY CHURASCO,4.0,0.122,82.36
4318,2026-07-27,2026-08-02,8:00:00 PM,BABY CHURRASCO,2.0,0.053,35.98
4319,2026-07-27,2026-08-02,8:00:00 PM,BATIDO MAMEY,2.0,0.016,10.98
4320,2026-07-27,2026-08-02,8:00:00 PM,BATIDO MANGO,1.0,0.007,4.99
4321,2026-07-27,2026-08-02,8:00:00 PM,BATIDO TRIGO,1.0,0.007,4.99
4322,2026-07-27,2026-08-02,8:00:00 PM,BISTEC DE POLLO-,1.0,0.02,13.69
4323,2026-07-27,2026-08-02,8:00:00 PM,BISTEC DE POLLO.,1.0,0.023,15.49
4324,2026-07-27,2026-08-02,8:00:00 PM,-BISTEC DE POLLO.,4.0,0.085,57.36
4325,2026-07-27,2026-08-02,8:00:00 PM,BISTEC DE POLLO..,3.0,0.06,40.87
4326,2026-07-27,2026-08-02,8:00:00 PM,BISTEC DE POLLO...,2.0,0.04,27.38
4327,2026-07-27,2026-08-02,8:00:00 PM,-BISTEC DE PUERCO,3.0,0.07,47.07
4328,2026-07-27,2026-08-02,8:00:00 PM,-BISTEC PALOMILLA,6.0,0.16,108.54
4329,2026-07-27,2026-08-02,8:00:00 PM,BISTEC POLLO PLANCHA,1.0,0.02,13.69
4330,2026-07-27,2026-08-02,8:00:00 PM,-BISTECDE POLLO,2.0,0.04,26.98
4331,2026-07-27,2026-08-02,8:00:00 PM,BOLITA DE TUNA.,2.0,0.01,6.5
4332,2026-07-27,2026-08-02,8:00:00 PM,BONIATO FRITO..,2.0,0.015,9.98
4333,2026-07-27,2026-08-02,8:00:00 PM,BOÑUELOS.,2.0,0.016,10.98
4334,2026-07-27,2026-08-02,8:00:00 PM,CAFE CON LECHE PEQUENO,4.0,0.015,10.0
4335,2026-07-27,2026-08-02,8:00:00 PM,CAFE CUBANO.,28.0,0.062,42.0
4336,2026-07-27,2026-08-02,8:00:00 PM,CALDO GALLEGO.MEDIANO.,2.0,0.024,15.98
4337,2026-07-27,2026-08-02,8:00:00 PM,CAMARONE A LA PLANCHA.,1.0,0.032,21.99
4338,2026-07-27,2026-08-02,8:00:00 PM,CAMARONES AL AJILLO.,2.0,0.06,40.38
4339,2026-07-27,2026-08-02,8:00:00 PM,CANT 5 DELIVER,2.0,0.207,140.0
4340,2026-07-27,2026-08-02,8:00:00 PM,CARNE CON PAPAS.,2.0,0.041,27.98
4341,2026-07-27,2026-08-02,8:00:00 PM,CASCOS GUAVA QUESO,1.0,0.009,5.99
4342,2026-07-27,2026-08-02,8:00:00 PM,CHICHAR POLLO C HUESO.,1.0,0.02,13.49
4343,2026-07-27,2026-08-02,8:00:00 PM,CHICHAR POLLO SIN HUES,1.0,0.02,13.49
4344,2026-07-27,2026-08-02,8:00:00 PM,CHICHARO CHIQUITO.,1.0,0.006,3.99
4345,2026-07-27,2026-08-02,8:00:00 PM,chimichurri,1.0,0.002,1.25
4346,2026-07-27,2026-08-02,8:00:00 PM,CHULETAS DE PUERCO,2.0,0.043,28.98
4347,2026-07-27,2026-08-02,8:00:00 PM,CHULETAS DE PUERCO.,1.0,0.02,13.69
4348,2026-07-27,2026-08-02,8:00:00 PM,"CHURRASCO ,,,",5.0,0.193,130.55
4349,2026-07-27,2026-08-02,8:00:00 PM,churros.solo.4,1.0,0.007,4.99
4350,2026-07-27,2026-08-02,8:00:00 PM,CLUB SANDWICH.,1.0,0.018,12.19
4351,2026-07-27,2026-08-02,8:00:00 PM,COKE CERO.,1.0,0.004,2.5
4352,2026-07-27,2026-08-02,8:00:00 PM,COKE.,9.0,0.033,22.5
4353,2026-07-27,2026-08-02,8:00:00 PM,COLADA.,6.0,0.024,16.5
4354,2026-07-27,2026-08-02,8:00:00 PM,COLORADOS GRANDE.,2.0,0.028,19.18
4355,2026-07-27,2026-08-02,8:00:00 PM,COPA DE SANGRIA.,1.0,0.013,8.99
4356,2026-07-27,2026-08-02,8:00:00 PM,COPA VINO,3.0,0.04,26.97
4357,2026-07-27,2026-08-02,8:00:00 PM,-CORONA.,1.0,0.008,5.49
4358,2026-07-27,2026-08-02,8:00:00 PM,Cortadito Evaporada,7.0,0.026,17.5
4359,2026-07-27,2026-08-02,8:00:00 PM,"Cortadito,.",3.0,0.009,6.23
4360,2026-07-27,2026-08-02,8:00:00 PM,CREMA CALABAZA MEDIAN,1.0,0.01,6.99
4361,2026-07-27,2026-08-02,8:00:00 PM,CREMA CALABAZACHIQUIT,1.0,0.007,4.5
4362,2026-07-27,2026-08-02,8:00:00 PM,CREMA MALANGA MEDIANA.,4.0,0.041,27.96
4363,2026-07-27,2026-08-02,8:00:00 PM,CREMA VEGETAL GRANDE.,1.0,0.015,10.49
4364,2026-07-27,2026-08-02,8:00:00 PM,CREMA. MALANGA CHIQUIT,2.0,0.013,9.0
4365,2026-07-27,2026-08-02,8:00:00 PM,CREMA. MALANGA GRANDE.,2.0,0.031,20.98
4366,2026-07-27,2026-08-02,8:00:00 PM,croqueta jamon.,10.0,0.026,17.5
4367,2026-07-27,2026-08-02,8:00:00 PM,CROQUETA PREPARADA.,2.0,0.036,24.38
4368,2026-07-27,2026-08-02,8:00:00 PM,CUBANO ESPECIAL..,2.0,0.036,24.18
4369,2026-07-27,2026-08-02,8:00:00 PM,CUBANO REGULAR.,2.0,0.03,20.38
4370,2026-07-27,2026-08-02,8:00:00 PM,DEDITOS .PESCADO.,4.0,0.089,60.16
4371,2026-07-27,2026-08-02,8:00:00 PM,DEDITOS DE PESCADO,2.0,0.048,32.38
4372,2026-07-27,2026-08-02,8:00:00 PM,Deditos De Queso.,2.0,0.006,3.98
4373,2026-07-27,2026-08-02,8:00:00 PM,DIET COKE.,1.0,0.003,2.25
4374,2026-07-27,2026-08-02,8:00:00 PM,DIET MATERVA.,1.0,0.004,2.5
4375,2026-07-27,2026-08-02,8:00:00 PM,Empanada Pollo,1.0,0.004,2.99
4376,2026-07-27,2026-08-02,8:00:00 PM,ENPANISADO. RES,3.0,0.071,48.37
4377,2026-07-27,2026-08-02,8:00:00 PM,ENSALA AGUACAT PEQUE,7.0,0.047,31.5
4378,2026-07-27,2026-08-02,8:00:00 PM,ENSALA POLLO 2 CROQUET,5.0,0.092,62.45
4379,2026-07-27,2026-08-02,8:00:00 PM,ENSALADA AGUACAT GRAND,2.0,0.016,11.0
4380,2026-07-27,2026-08-02,8:00:00 PM,FABADA CHIQUITA.,1.0,0.006,3.99
4381,2026-07-27,2026-08-02,8:00:00 PM,-FILETE PESCADO PLANCH,3.0,0.079,53.17
4382,2026-07-27,2026-08-02,8:00:00 PM,FILETILLO DE CARNE.,1.0,0.02,13.49
4383,2026-07-27,2026-08-02,8:00:00 PM,FILETILLO POLLO PLANCH,2.0,0.045,30.38
4384,2026-07-27,2026-08-02,8:00:00 PM,FLAN ESPECIAL.,7.0,0.062,41.93
4385,2026-07-27,2026-08-02,8:00:00 PM,-FLAN.,4.0,0.029,19.96
4386,2026-07-27,2026-08-02,8:00:00 PM,-FRICASE DE POLLO,1.0,0.018,11.99
4387,2026-07-27,2026-08-02,8:00:00 PM,FRICASE PUERCO.,1.0,0.023,15.45
4388,2026-07-27,2026-08-02,8:00:00 PM,FRIJOL MEDIANO.,2.0,0.015,9.98
4389,2026-07-27,2026-08-02,8:00:00 PM,FRIJOL PEQUENO.,2.0,0.009,5.98
4390,2026-07-27,2026-08-02,8:00:00 PM,FRITURA VACALAO.,1.0,0.01,6.5
4391,2026-07-27,2026-08-02,8:00:00 PM,FRITURAS DE MALANGA,2.0,0.019,13.0
4392,2026-07-27,2026-08-02,8:00:00 PM,GARBANZO GRANDE.,2.0,0.031,20.98
4393,2026-07-27,2026-08-02,8:00:00 PM,GARBANZO.CHIQUITO.,2.0,0.012,7.98
4394,2026-07-27,2026-08-02,8:00:00 PM,GUARAPO.,1.0,0.008,5.25
4395,2026-07-27,2026-08-02,8:00:00 PM,GUISO MAIZ GRANDE.,1.0,0.015,10.49
4396,2026-07-27,2026-08-02,8:00:00 PM,HAMBURQUESA.CON QUESO,1.0,0.016,10.99
4397,2026-07-27,2026-08-02,8:00:00 PM,HELADO CONO..,1.0,0.005,3.5
4398,2026-07-27,2026-08-02,8:00:00 PM,IRON BEER.,2.0,0.007,5.0
4399,2026-07-27,2026-08-02,8:00:00 PM,JUGO MARACULLA,1.0,0.007,4.5
4400,2026-07-27,2026-08-02,8:00:00 PM,JUGO PINA,1.0,0.007,4.5
4401,2026-07-27,2026-08-02,8:00:00 PM,JUGO.NARANJA.,3.0,0.023,15.75
4402,2026-07-27,2026-08-02,8:00:00 PM,Juntas,2.0,0.0,0.0
4403,2026-07-27,2026-08-02,8:00:00 PM,JUPINA DIETA,1.0,0.004,2.5
4404,2026-07-27,2026-08-02,8:00:00 PM,JUPIÑA.,2.0,0.007,5.0
4405,2026-07-27,2026-08-02,8:00:00 PM,LANGOSTA ALA JILLO,1.0,0.056,38.0
4406,2026-07-27,2026-08-02,8:00:00 PM,-LECHON ASADO,1.0,0.021,14.19
4407,2026-07-27,2026-08-02,8:00:00 PM,LENTEJAS GRANDE.,1.0,0.014,9.49
4408,2026-07-27,2026-08-02,8:00:00 PM,LENTEJAS MEDIANA.,1.0,0.01,6.99
4409,2026-07-27,2026-08-02,8:00:00 PM,LIMONADA,5.0,0.033,22.5
4410,2026-07-27,2026-08-02,8:00:00 PM,LIMONADA FRESA,2.0,0.018,11.98
4411,2026-07-27,2026-08-02,8:00:00 PM,-MADUROS.,5.0,0.033,22.45
4412,2026-07-27,2026-08-02,8:00:00 PM,MARIQUITAS DE MALANGA,1.0,0.009,5.99
4413,2026-07-27,2026-08-02,8:00:00 PM,-MARIQUITAS.,3.0,0.027,17.97
4414,2026-07-27,2026-08-02,8:00:00 PM,-MASAS DE PUERCO,3.0,0.065,44.07
4415,2026-07-27,2026-08-02,8:00:00 PM,MASAS DE PUERCO.,7.0,0.144,97.23
4416,2026-07-27,2026-08-02,8:00:00 PM,-MASAS DE PUERCO.,6.0,0.124,84.14
4417,2026-07-27,2026-08-02,8:00:00 PM,MATERVA.,2.0,0.007,5.0
4418,2026-07-27,2026-08-02,8:00:00 PM,MEDIA NOCHE.,5.0,0.075,50.95
4419,2026-07-27,2026-08-02,8:00:00 PM,-MEDIO POLLO FRITO,1.0,0.02,13.49
4420,2026-07-27,2026-08-02,8:00:00 PM,MEDIO POLLO.ASADO.,1.0,0.019,13.19
4421,2026-07-27,2026-08-02,8:00:00 PM,MELON..SANDIA,1.0,0.007,4.5
4422,2026-07-27,2026-08-02,8:00:00 PM,-MILANESA DE POLLO,1.0,0.024,15.99
4423,2026-07-27,2026-08-02,8:00:00 PM,MILANESA RES.,1.0,0.03,20.19
4424,2026-07-27,2026-08-02,8:00:00 PM,Miller Light,1.0,0.007,4.99
4425,2026-07-27,2026-08-02,8:00:00 PM,MISC COCINA,1.0,0.007,5.0
4426,2026-07-27,2026-08-02,8:00:00 PM,MODELO,4.0,0.032,21.96
4427,2026-07-27,2026-08-02,8:00:00 PM,NATILLA CATALANA,2.0,0.018,12.5
4428,2026-07-27,2026-08-02,8:00:00 PM,palomilla baby,1.0,0.017,11.2
4429,2026-07-27,2026-08-02,8:00:00 PM,-PAN CON BISTEC.,5.0,0.082,55.75
4430,2026-07-27,2026-08-02,8:00:00 PM,PAPA RELLENA,1.0,0.004,2.99
4431,2026-07-27,2026-08-02,8:00:00 PM,PAPAS FRITAS,2.0,0.013,8.98
4432,2026-07-27,2026-08-02,8:00:00 PM,-PARGO FRITO,2.0,0.071,47.98
4433,2026-07-27,2026-08-02,8:00:00 PM,-PARGO FRITO ENTERO.,1.0,0.04,26.99
4434,2026-07-27,2026-08-02,8:00:00 PM,PEPSI.,1.0,0.004,2.5
4435,2026-07-27,2026-08-02,8:00:00 PM,PICADILLO,1.0,0.02,13.69
4436,2026-07-27,2026-08-02,8:00:00 PM,-PICADILLO,1.0,0.022,14.69
4437,2026-07-27,2026-08-02,8:00:00 PM,POTAJE COLORADOS MEDIA,1.0,0.01,6.99
4438,2026-07-27,2026-08-02,8:00:00 PM,PRESIDENTE..,1.0,0.008,5.49
4439,2026-07-27,2026-08-02,8:00:00 PM,PUDIN DE PAN.,1.0,0.008,5.49
4440,2026-07-27,2026-08-02,8:00:00 PM,PUDIN DIPLOMATICO.,1.0,0.008,5.49
4441,2026-07-27,2026-08-02,8:00:00 PM,ROPA VIEJA..,6.0,0.137,92.54
4442,2026-07-27,2026-08-02,8:00:00 PM,ROPA VIEJA...,2.0,0.049,33.18
4443,2026-07-27,2026-08-02,8:00:00 PM,salsa cilandro,1.0,0.002,1.25
4444,2026-07-27,2026-08-02,8:00:00 PM,SANDWECHES POLLO..,2.0,0.034,22.98
4445,2026-07-27,2026-08-02,8:00:00 PM,SANDWICH BACON.,1.0,0.015,10.19
4446,2026-07-27,2026-08-02,8:00:00 PM,-SDWC TUNA REGULAR.,1.0,0.015,10.49
4447,2026-07-27,2026-08-02,8:00:00 PM,SOLO.TOMATE,1.0,0.004,2.5
4448,2026-07-27,2026-08-02,8:00:00 PM,Sopa de Pollo Grande,17.0,0.213,144.33
4449,2026-07-27,2026-08-02,8:00:00 PM,SOPA PLATANO MEDIANA.,1.0,0.01,6.99
4450,2026-07-27,2026-08-02,8:00:00 PM,Sopa Pollo Medina,6.0,0.049,32.94
4451,2026-07-27,2026-08-02,8:00:00 PM,SPRIET.,4.0,0.015,10.0
4452,2026-07-27,2026-08-02,8:00:00 PM,T0 GO MESA,16.0,0.008,5.6
4453,2026-07-27,2026-08-02,8:00:00 PM,TAMAL,3.0,0.013,8.97
4454,2026-07-27,2026-08-02,8:00:00 PM,TAMAL CAZUELA.MEDIANO.,1.0,0.01,6.99
4455,2026-07-27,2026-08-02,8:00:00 PM,TARTARA...,2.0,0.003,2.0
4456,2026-07-27,2026-08-02,8:00:00 PM,To Go.,9.0,0.003,1.8
4457,2026-07-27,2026-08-02,8:00:00 PM,To Go..,35.0,0.011,7.15
4458,2026-07-27,2026-08-02,8:00:00 PM,TORTILLA.,2.0,0.033,22.38
4459,2026-07-27,2026-08-02,8:00:00 PM,TOSTADA,2.0,0.006,3.98
4460,2026-07-27,2026-08-02,8:00:00 PM,TOSTONES.,2.0,0.015,9.98
4461,2026-07-27,2026-08-02,8:00:00 PM,TRES LECHES.,4.0,0.035,23.96
4462,2026-07-27,2026-08-02,8:00:00 PM,tronchos pescado,1.0,0.025,17.19
4463,2026-07-27,2026-08-02,8:00:00 PM,-VACA FRITA,8.0,0.205,138.42
4464,2026-07-27,2026-08-02,8:00:00 PM,-VACA FRITA.,2.0,0.048,32.18
4465,2026-07-27,2026-08-02,9:00:00 PM,_=====================,3.0,0.0,0.0
4466,2026-07-27,2026-08-02,9:00:00 PM,== TO GO ==,14.0,0.004,2.8
4467,2026-07-27,2026-08-02,9:00:00 PM,======================,1.0,0.0,0.0
4468,2026-07-27,2026-08-02,9:00:00 PM,305 Morados,2.0,0.018,12.5
4469,2026-07-27,2026-08-02,9:00:00 PM,AGUA PERRIER,1.0,0.005,3.49
4470,2026-07-27,2026-08-02,9:00:00 PM,AGUACATE DE 3.00,1.0,0.004,3.0
4471,2026-07-27,2026-08-02,9:00:00 PM,AJIACO MEDIANO,1.0,0.011,7.19
4472,2026-07-27,2026-08-02,9:00:00 PM,ARROZ CON LECHE,1.0,0.008,5.49
4473,2026-07-27,2026-08-02,9:00:00 PM,ARROZ BLANCO..,2.0,0.01,6.5
4474,2026-07-27,2026-08-02,9:00:00 PM,ARROZ CHIQUITO,1.0,0.005,3.25
4475,2026-07-27,2026-08-02,9:00:00 PM,ARROZ CON POLLO.,1.0,0.02,13.69
4476,2026-07-27,2026-08-02,9:00:00 PM,-ARROZ FRITO,1.0,0.02,13.49
4477,2026-07-27,2026-08-02,9:00:00 PM,BABY CHURASCO,3.0,0.089,60.17
4478,2026-07-27,2026-08-02,9:00:00 PM,BABY CHURRASCO,1.0,0.027,17.99
4479,2026-07-27,2026-08-02,9:00:00 PM,Bananas.3 $ 1.50,1.0,0.002,1.5
4480,2026-07-27,2026-08-02,9:00:00 PM,BATIDO CHOCOLATE.,2.0,0.015,9.98
4481,2026-07-27,2026-08-02,9:00:00 PM,BATIDO FRUTA BONBA,1.0,0.007,4.99
4482,2026-07-27,2026-08-02,9:00:00 PM,BATIDO MAMEY,2.0,0.016,10.98
4483,2026-07-27,2026-08-02,9:00:00 PM,BATIDO MANGO,1.0,0.007,4.99
4484,2026-07-27,2026-08-02,9:00:00 PM,BATIDO VAINILLA,1.0,0.007,4.99
4485,2026-07-27,2026-08-02,9:00:00 PM,BISTEC DE POLLO-,2.0,0.04,27.38
4486,2026-07-27,2026-08-02,9:00:00 PM,BISTEC DE POLLO.,1.0,0.02,13.49
4487,2026-07-27,2026-08-02,9:00:00 PM,-BISTEC DE POLLO.,2.0,0.04,27.38
4488,2026-07-27,2026-08-02,9:00:00 PM,BISTEC DE POLLO...,1.0,0.02,13.49
4489,2026-07-27,2026-08-02,9:00:00 PM,-BISTEC PALOMILLA,1.0,0.027,18.19
4490,2026-07-27,2026-08-02,9:00:00 PM,BISTEC POLLO PLANCHA,1.0,0.02,13.69
4491,2026-07-27,2026-08-02,9:00:00 PM,-BISTECDE POLLO,4.0,0.083,56.06
4492,2026-07-27,2026-08-02,9:00:00 PM,BOLICHE ..,1.0,0.022,15.19
4493,2026-07-27,2026-08-02,9:00:00 PM,BONIATO HERVIDO,1.0,0.007,4.99
4494,2026-07-27,2026-08-02,9:00:00 PM,Bud Light,1.0,0.007,4.99
4495,2026-07-27,2026-08-02,9:00:00 PM,CAF.LEC.EVAP.CHICO,1.0,0.004,3.0
4496,2026-07-27,2026-08-02,9:00:00 PM,CAFE CON LECHE PEQUENO,1.0,0.004,2.5
4497,2026-07-27,2026-08-02,9:00:00 PM,CAFE CUBANO.,5.0,0.011,7.5
4498,2026-07-27,2026-08-02,9:00:00 PM,CAMARONE A LA PLANCHA.,1.0,0.03,19.99
4499,2026-07-27,2026-08-02,9:00:00 PM,CANT 5 DELIVER,1.0,0.103,70.0
4500,2026-07-27,2026-08-02,9:00:00 PM,CARNE CON PAPAS.,2.0,0.043,29.18
4501,2026-07-27,2026-08-02,9:00:00 PM,CHICHAR POLLO C HUESO.,1.0,0.02,13.69
4502,2026-07-27,2026-08-02,9:00:00 PM,CHICHARO MEDIANO.,1.0,0.01,6.99
4503,2026-07-27,2026-08-02,9:00:00 PM,CHULETAS DE PUERCO.,1.0,0.02,13.69
4504,2026-07-27,2026-08-02,9:00:00 PM,"CHURRASCO ,,,",1.0,0.039,26.19
4505,2026-07-27,2026-08-02,9:00:00 PM,CLUB SANDWICH.,1.0,0.018,11.99
4506,2026-07-27,2026-08-02,9:00:00 PM,COCTEL DE CAMARONES.,1.0,0.025,17.0
4507,2026-07-27,2026-08-02,9:00:00 PM,COKE CERO.,1.0,0.004,2.5
4508,2026-07-27,2026-08-02,9:00:00 PM,COKE.,3.0,0.011,7.5
4509,2026-07-27,2026-08-02,9:00:00 PM,COLADA.,2.0,0.008,5.5
4510,2026-07-27,2026-08-02,9:00:00 PM,COPA VINO,1.0,0.013,8.99
4511,2026-07-27,2026-08-02,9:00:00 PM,Cortadito Evaporada,2.0,0.007,5.0
4512,2026-07-27,2026-08-02,9:00:00 PM,"Cortadito,.",2.0,0.006,3.98
4513,2026-07-27,2026-08-02,9:00:00 PM,CREMA BROCOLY,4.0,0.055,37.0
4514,2026-07-27,2026-08-02,9:00:00 PM,CREMA CALABAZACHIQUIT,2.0,0.013,9.0
4515,2026-07-27,2026-08-02,9:00:00 PM,CREMA MALANGA MEDIAN,1.0,0.01,6.99
4516,2026-07-27,2026-08-02,9:00:00 PM,CREMA MALANGA MEDIANA.,3.0,0.031,20.97
4517,2026-07-27,2026-08-02,9:00:00 PM,CREMA. MALANGA GRANDE.,3.0,0.046,31.47
4518,2026-07-27,2026-08-02,9:00:00 PM,croqueta jamon.,9.0,0.023,15.75
4519,2026-07-27,2026-08-02,9:00:00 PM,CROQUETA PREPARADA.,1.0,0.018,12.19
4520,2026-07-27,2026-08-02,9:00:00 PM,CUBANO REGULAR.,1.0,0.015,10.19
4521,2026-07-27,2026-08-02,9:00:00 PM,DEDITOS .PESCADO.,1.0,0.021,13.99
4522,2026-07-27,2026-08-02,9:00:00 PM,-DEDITOS DE POLLO,1.0,0.019,12.99
4523,2026-07-27,2026-08-02,9:00:00 PM,deditos de pollo kids,1.0,0.012,8.19
4524,2026-07-27,2026-08-02,9:00:00 PM,Deditos De Queso.,3.0,0.009,5.97
4525,2026-07-27,2026-08-02,9:00:00 PM,DIET MATERVA.,2.0,0.007,5.0
4526,2026-07-27,2026-08-02,9:00:00 PM,ELENA RUZ.,1.0,0.015,10.19
4527,2026-07-27,2026-08-02,9:00:00 PM,Empanada carne,15.0,0.066,44.85
4528,2026-07-27,2026-08-02,9:00:00 PM,Empanada Pollo,2.0,0.009,5.98
4529,2026-07-27,2026-08-02,9:00:00 PM,ENPANISADO. RES,2.0,0.048,32.38
4530,2026-07-27,2026-08-02,9:00:00 PM,ENSALA AGUACAT PEQUE,2.0,0.013,9.0
4531,2026-07-27,2026-08-02,9:00:00 PM,ENSALA POLLO 2 CROQUET,3.0,0.055,37.47
4532,2026-07-27,2026-08-02,9:00:00 PM,FABADA GRANDE,1.0,0.016,10.69
4533,2026-07-27,2026-08-02,9:00:00 PM,FABADA MEDIANA.,1.0,0.01,6.99
4534,2026-07-27,2026-08-02,9:00:00 PM,FILETE CURVINA PLANCHA,1.0,0.028,18.99
4535,2026-07-27,2026-08-02,9:00:00 PM,FILETE CURVINA SALSA,1.0,0.031,21.0
4536,2026-07-27,2026-08-02,9:00:00 PM,FILETILLO DE CARNE.,1.0,0.02,13.69
4537,2026-07-27,2026-08-02,9:00:00 PM,-FLAN.,1.0,0.007,4.99
4538,2026-07-27,2026-08-02,9:00:00 PM,FRIJOL MEDIANO.,3.0,0.022,14.97
4539,2026-07-27,2026-08-02,9:00:00 PM,GALLETA DELICIOSAS,1.0,0.005,3.6
4540,2026-07-27,2026-08-02,9:00:00 PM,GUARAPO.,1.0,0.008,5.25
4541,2026-07-27,2026-08-02,9:00:00 PM,HORDE DEPAN,1.0,0.002,1.5
4542,2026-07-27,2026-08-02,9:00:00 PM,HORDEN DE CHICHARON.,3.0,0.014,9.75
4543,2026-07-27,2026-08-02,9:00:00 PM,HORDEN DE 3 CHICHARONE,1.0,0.005,3.25
4544,2026-07-27,2026-08-02,9:00:00 PM,IRON BEER.,1.0,0.004,2.5
4545,2026-07-27,2026-08-02,9:00:00 PM,JARRITO NARANJA.,1.0,0.005,3.49
4546,2026-07-27,2026-08-02,9:00:00 PM,JUGO MARACULLA,2.0,0.013,9.0
4547,2026-07-27,2026-08-02,9:00:00 PM,JUGO PINA,1.0,0.007,4.5
4548,2026-07-27,2026-08-02,9:00:00 PM,JUGO ZANAHORIA NARAJA,1.0,0.007,4.99
4549,2026-07-27,2026-08-02,9:00:00 PM,JUGO.NARANJA.,3.0,0.023,15.75
4550,2026-07-27,2026-08-02,9:00:00 PM,JUPINA DIETA,1.0,0.004,2.5
4551,2026-07-27,2026-08-02,9:00:00 PM,LIMONADA,2.0,0.013,9.0
4552,2026-07-27,2026-08-02,9:00:00 PM,MADIO.POLLO A la brasa,2.0,0.042,28.38
4553,2026-07-27,2026-08-02,9:00:00 PM,-MADUROS.,2.0,0.013,8.98
4554,2026-07-27,2026-08-02,9:00:00 PM,MALBORO LIGHT,1.0,0.018,12.0
4555,2026-07-27,2026-08-02,9:00:00 PM,-MASAS DE PUERCO,1.0,0.021,13.99
4556,2026-07-27,2026-08-02,9:00:00 PM,-MASAS DE PUERCO.,1.0,0.021,13.99
4557,2026-07-27,2026-08-02,9:00:00 PM,-MEDIO POLLO A BRASA.,1.0,0.019,13.19
4558,2026-07-27,2026-08-02,9:00:00 PM,MELON..SANDIA,2.0,0.013,9.0
4559,2026-07-27,2026-08-02,9:00:00 PM,MIAMI SANDWICH.,1.0,0.018,11.99
4560,2026-07-27,2026-08-02,9:00:00 PM,MILANESA RES.,1.0,0.03,20.19
4561,2026-07-27,2026-08-02,9:00:00 PM,NATILLA,1.0,0.007,4.99
4562,2026-07-27,2026-08-02,9:00:00 PM,NATILLA CATALANA,1.0,0.009,6.25
4563,2026-07-27,2026-08-02,9:00:00 PM,PAELLA VALENCIANA,1.0,0.062,41.99
4564,2026-07-27,2026-08-02,9:00:00 PM,-PAN CON BISTEC.,4.0,0.066,44.36
4565,2026-07-27,2026-08-02,9:00:00 PM,PAN JAMAICA,2.0,0.005,3.2
4566,2026-07-27,2026-08-02,9:00:00 PM,PAPAS FRITAS,1.0,0.007,4.49
4567,2026-07-27,2026-08-02,9:00:00 PM,PICADILLO,1.0,0.02,13.69
4568,2026-07-27,2026-08-02,9:00:00 PM,-PICADILLO,1.0,0.022,14.69
4569,2026-07-27,2026-08-02,9:00:00 PM,-RACION DE MALANGA.,2.0,0.018,11.98
4570,2026-07-27,2026-08-02,9:00:00 PM,ROPA VIEJA..,1.0,0.022,15.19
4571,2026-07-27,2026-08-02,9:00:00 PM,ROPA VIEJA...,1.0,0.025,16.69
4572,2026-07-27,2026-08-02,9:00:00 PM,SOLO.TOMATE,1.0,0.004,2.5
4573,2026-07-27,2026-08-02,9:00:00 PM,Sopa de Pollo Grande,7.0,0.088,59.43
4574,2026-07-27,2026-08-02,9:00:00 PM,Sopa Pollo Medina,6.0,0.049,32.94
4575,2026-07-27,2026-08-02,9:00:00 PM,T0 GO MESA,10.0,0.005,3.5
4576,2026-07-27,2026-08-02,9:00:00 PM,TAMA. CAZUELA CHIQUITO,1.0,0.007,4.5
4577,2026-07-27,2026-08-02,9:00:00 PM,To Go.,4.0,0.001,0.8
4578,2026-07-27,2026-08-02,9:00:00 PM,To Go..,10.0,0.003,2.0
4579,2026-07-27,2026-08-02,9:00:00 PM,TOSTADA,2.0,0.006,3.98
4580,2026-07-27,2026-08-02,9:00:00 PM,TRES LECHES.,3.0,0.027,17.97
4581,2026-07-27,2026-08-02,9:00:00 PM,-VACA FRITA,5.0,0.127,85.95
4582,2026-07-27,2026-08-02,9:00:00 PM,-VACA FRITA.,2.0,0.048,32.18
4583,2026-07-27,2026-08-02,10:00:00 PM,Bananas.3 $ 1.50,1.0,0.002,1.5
4584,2026-07-27,2026-08-02,10:00:00 PM,RESUMEN DE LA HORA,1.0,0.002,1.5
4585,2026-08-10,2026-08-16,6:00:00 AM,1.SOLO.PANQUEY,5.0,0.016,11.25
4586,2026-08-10,2026-08-16,6:00:00 AM,Bananas.3 $ 1.50,2.0,0.004,3.0
4587,2026-08-10,2026-08-16,6:00:00 AM,BISTEC DE POLLO..,1.0,0.019,13.49
4588,2026-08-10,2026-08-16,6:00:00 AM,CAFE CON LECHE PEQUENO,2.0,0.007,5.0
4589,2026-08-10,2026-08-16,6:00:00 AM,CAFE CUBANO.,4.0,0.008,6.0
4590,2026-08-10,2026-08-16,6:00:00 AM,CANT 5 DELIVER,3.0,0.296,210.0
4591,2026-08-10,2026-08-16,6:00:00 AM,COLADA.,2.0,0.008,5.5
4592,2026-08-10,2026-08-16,6:00:00 AM,Cortadito Evaporada,1.0,0.004,2.5
4593,2026-08-10,2026-08-16,6:00:00 AM,"Cortadito,.",1.0,0.003,2.25
4594,2026-08-10,2026-08-16,6:00:00 AM,croqueta jamon.,3.0,0.007,5.25
4595,2026-08-10,2026-08-16,6:00:00 AM,Deditos De Queso.,1.0,0.003,1.99
4596,2026-08-10,2026-08-16,6:00:00 AM,DESALLUNOS..,3.0,0.051,36.37
4597,2026-08-10,2026-08-16,6:00:00 AM,Empanada carne,1.0,0.004,2.99
4598,2026-08-10,2026-08-16,6:00:00 AM,Empanada Jamon/Queso,1.0,0.004,2.99
4599,2026-08-10,2026-08-16,6:00:00 AM,ENSALA POLLO 2 CROQUET,1.0,0.018,12.49
4600,2026-08-10,2026-08-16,6:00:00 AM,HUEVO FRITO,3.0,0.006,4.5
4601,2026-08-10,2026-08-16,6:00:00 AM,JUGO.NARANJA.,3.0,0.022,15.75
4602,2026-08-10,2026-08-16,6:00:00 AM,Pasteles Guayaba,3.0,0.006,4.5
4603,2026-08-10,2026-08-16,6:00:00 AM,To Go.,1.0,0.0,0.2
4604,2026-08-10,2026-08-16,6:00:00 AM,TOSTADA,1.0,0.003,1.99
4605,2026-08-10,2026-08-16,6:00:00 AM,RESUMEN DE LA HORA,42.0,0.49,348.01
4606,2026-08-10,2026-08-16,7:00:00 AM,1.SOLO.PANQUEY,1.0,0.003,2.25
4607,2026-08-10,2026-08-16,7:00:00 AM,AGUA PERRIER,1.0,0.005,3.49
4608,2026-08-10,2026-08-16,7:00:00 AM,AGUACATE DE 3.00,2.0,0.008,6.0
4609,2026-08-10,2026-08-16,7:00:00 AM,BACON,1.0,0.007,4.99
4610,2026-08-10,2026-08-16,7:00:00 AM,Best Mango,2.0,0.008,5.98
4611,2026-08-10,2026-08-16,7:00:00 AM,BISTEC A CABALLO,1.0,0.02,14.49
4612,2026-08-10,2026-08-16,7:00:00 AM,BOLSA DE HIELO,1.0,0.004,3.0
4613,2026-08-10,2026-08-16,7:00:00 AM,CAFE CON LECHE GRANDE,2.0,0.013,9.0
4614,2026-08-10,2026-08-16,7:00:00 AM,CAFE CON LECHE MEDIANO,2.0,0.011,7.5
4615,2026-08-10,2026-08-16,7:00:00 AM,CAFE CON LECHE PEQUENO,8.0,0.028,20.0
4616,2026-08-10,2026-08-16,7:00:00 AM,CAFE CUBANO.,22.0,0.046,33.0
4617,2026-08-10,2026-08-16,7:00:00 AM,CAFECITO.,2.0,0.003,1.98
4618,2026-08-10,2026-08-16,7:00:00 AM,cholcolate chico,1.0,0.004,2.89
4619,2026-08-10,2026-08-16,7:00:00 AM,choriso regular,1.0,0.006,3.99
4620,2026-08-10,2026-08-16,7:00:00 AM,COKE.,4.0,0.014,10.0
4621,2026-08-10,2026-08-16,7:00:00 AM,COLADA.,9.0,0.035,24.75
4622,2026-08-10,2026-08-16,7:00:00 AM,"Cortadito,.",8.0,0.023,16.44
4623,2026-08-10,2026-08-16,7:00:00 AM,croqueta bacalao.,2.0,0.006,3.98
4624,2026-08-10,2026-08-16,7:00:00 AM,croqueta jamon.,21.0,0.052,36.75
4625,2026-08-10,2026-08-16,7:00:00 AM,croqueta pollo.,2.0,0.005,3.5
4626,2026-08-10,2026-08-16,7:00:00 AM,Deditos De Queso.,3.0,0.008,5.97
4627,2026-08-10,2026-08-16,7:00:00 AM,DESALLUNOS..,13.0,0.225,159.82
4628,2026-08-10,2026-08-16,7:00:00 AM,Empanada carne,4.0,0.017,11.96
4629,2026-08-10,2026-08-16,7:00:00 AM,Empanada Pollo,2.0,0.008,5.98
4630,2026-08-10,2026-08-16,7:00:00 AM,Empnda Espinaca/Queso,1.0,0.004,2.99
4631,2026-08-10,2026-08-16,7:00:00 AM,ENPANADA COLONBIANA..,5.0,0.018,12.45
4632,2026-08-10,2026-08-16,7:00:00 AM,ENSALA AGUACAT PEQUE,2.0,0.013,9.0
4633,2026-08-10,2026-08-16,7:00:00 AM,Ensalada Small,1.0,0.004,2.75
4634,2026-08-10,2026-08-16,7:00:00 AM,FELITOS,19.0,0.04,28.31
4635,2026-08-10,2026-08-16,7:00:00 AM,fosforera..,1.0,0.003,2.25
4636,2026-08-10,2026-08-16,7:00:00 AM,HARINA MEDIANA,1.0,0.009,6.45
4637,2026-08-10,2026-08-16,7:00:00 AM,HUEVO FRITO,1.0,0.002,1.5
4638,2026-08-10,2026-08-16,7:00:00 AM,HUEVO REVUELTO,6.0,0.011,8.0
4639,2026-08-10,2026-08-16,7:00:00 AM,HUEVOS AL PORCH,2.0,0.036,25.48
4640,2026-08-10,2026-08-16,7:00:00 AM,JAMON.,1.0,0.006,3.99
4641,2026-08-10,2026-08-16,7:00:00 AM,JUEGO DE MANZANA,1.0,0.005,3.25
4642,2026-08-10,2026-08-16,7:00:00 AM,JUGO DE PERA.,1.0,0.004,2.5
4643,2026-08-10,2026-08-16,7:00:00 AM,JUGO MARACULLA,1.0,0.006,4.5
4644,2026-08-10,2026-08-16,7:00:00 AM,JUGO PINA,1.0,0.006,4.5
4645,2026-08-10,2026-08-16,7:00:00 AM,JUGO.NARANJA.,4.0,0.03,21.0
4646,2026-08-10,2026-08-16,7:00:00 AM,LECHE PEQUENA,1.0,0.002,1.5
4647,2026-08-10,2026-08-16,7:00:00 AM,MATERVA.,1.0,0.004,2.5
4648,2026-08-10,2026-08-16,7:00:00 AM,MISC COCINA,3.0,0.012,8.75
4649,2026-08-10,2026-08-16,7:00:00 AM,NEWPORT,3.0,0.054,38.25
4650,2026-08-10,2026-08-16,7:00:00 AM,PAN DE BONO..,3.0,0.008,5.97
4651,2026-08-10,2026-08-16,7:00:00 AM,PAN JAMAICA,2.0,0.005,3.2
4652,2026-08-10,2026-08-16,7:00:00 AM,Pasteles Guayaba,5.0,0.011,7.5
4653,2026-08-10,2026-08-16,7:00:00 AM,Pasteles Queso/Guayaba,8.0,0.017,12.0
4654,2026-08-10,2026-08-16,7:00:00 AM,PEPSI.,5.0,0.018,12.5
4655,2026-08-10,2026-08-16,7:00:00 AM,PERICO DE CLARAS.,1.0,0.02,13.99
4656,2026-08-10,2026-08-16,7:00:00 AM,PERICO RIPIADO.,2.0,0.034,23.98
4657,2026-08-10,2026-08-16,7:00:00 AM,QUESO SUIZO,3.0,0.008,5.97
4658,2026-08-10,2026-08-16,7:00:00 AM,RANCHERO....,1.0,0.018,12.5
4659,2026-08-10,2026-08-16,7:00:00 AM,SAND JAMON QUESO,1.0,0.013,9.19
4660,2026-08-10,2026-08-16,7:00:00 AM,-SDWC TUNA REGULAR.,1.0,0.015,10.69
4661,2026-08-10,2026-08-16,7:00:00 AM,To Go.,1.0,0.0,0.2
4662,2026-08-10,2026-08-16,7:00:00 AM,To Go..,1.0,0.0,0.2
4663,2026-08-10,2026-08-16,7:00:00 AM,TOSTADA,23.0,0.066,46.77
4664,2026-08-10,2026-08-16,7:00:00 AM,TOSTADA 2 CROQUETAS.,1.0,0.007,4.99
4665,2026-08-10,2026-08-16,7:00:00 AM,RESUMEN DE LA HORA,229.0,1.067,757.28
4666,2026-08-10,2026-08-16,8:00:00 AM,======================,1.0,0.0,0.0
4667,2026-08-10,2026-08-16,8:00:00 AM,1.LIBRA ENSALA POLLO.,1.0,0.013,8.99
4668,2026-08-10,2026-08-16,8:00:00 AM,1.SOLO.PANQUEY,1.0,0.003,2.25
4669,2026-08-10,2026-08-16,8:00:00 AM,"3,,PANQUEQUES..",1.0,0.008,5.99
4670,2026-08-10,2026-08-16,8:00:00 AM,305 Morados,1.0,0.009,6.25
4671,2026-08-10,2026-08-16,8:00:00 AM,AGUACATE$4.00,4.0,0.023,16.0
4672,2026-08-10,2026-08-16,8:00:00 AM,BACON,3.0,0.021,14.97
4673,2026-08-10,2026-08-16,8:00:00 AM,BATIDO MAMEY,2.0,0.015,10.98
4674,2026-08-10,2026-08-16,8:00:00 AM,BATIDO MANGO,1.0,0.007,4.99
4675,2026-08-10,2026-08-16,8:00:00 AM,BATIDO VAINILLA,1.0,0.007,4.99
4676,2026-08-10,2026-08-16,8:00:00 AM,BISTEC A CABALLO,7.0,0.145,102.93
4677,2026-08-10,2026-08-16,8:00:00 AM,BISTEC DE POLLO..,1.0,0.019,13.69
4678,2026-08-10,2026-08-16,8:00:00 AM,-BISTEC PALOMILLA,1.0,0.025,17.99
4679,2026-08-10,2026-08-16,8:00:00 AM,CAF.LEC.EVAP.CHICO,1.0,0.004,3.0
4680,2026-08-10,2026-08-16,8:00:00 AM,CAF.LEC.EVAP.MEDIA,1.0,0.006,4.5
4681,2026-08-10,2026-08-16,8:00:00 AM,CAFE CON LECHE GRANDE,5.0,0.032,22.5
4682,2026-08-10,2026-08-16,8:00:00 AM,CAFE CON LECHE MEDIANO,5.0,0.026,18.75
4683,2026-08-10,2026-08-16,8:00:00 AM,CAFE CON LECHE PEQUENO,16.0,0.056,40.0
4684,2026-08-10,2026-08-16,8:00:00 AM,CAFE CUBANO.,24.0,0.051,36.0
4685,2026-08-10,2026-08-16,8:00:00 AM,CAFECITO.,1.0,0.001,0.99
4686,2026-08-10,2026-08-16,8:00:00 AM,CANT 5 DELIVER,3.0,0.296,210.0
4687,2026-08-10,2026-08-16,8:00:00 AM,cholcolate chico,1.0,0.004,2.89
4688,2026-08-10,2026-08-16,8:00:00 AM,COKE.,1.0,0.004,2.5
4689,2026-08-10,2026-08-16,8:00:00 AM,COLADA.,15.0,0.058,41.25
4690,2026-08-10,2026-08-16,8:00:00 AM,con evaporada,1.0,0.002,1.5
4691,2026-08-10,2026-08-16,8:00:00 AM,Cortadito Evaporada,1.0,0.004,2.5
4692,2026-08-10,2026-08-16,8:00:00 AM,croqueta bacalao.,2.0,0.006,3.98
4693,2026-08-10,2026-08-16,8:00:00 AM,croqueta jamon.,31.0,0.076,54.25
4694,2026-08-10,2026-08-16,8:00:00 AM,croqueta pollo.,11.0,0.027,19.25
4695,2026-08-10,2026-08-16,8:00:00 AM,CROQUETA PREPARADA.,1.0,0.017,12.19
4696,2026-08-10,2026-08-16,8:00:00 AM,Deditos De Queso.,2.0,0.006,3.98
4697,2026-08-10,2026-08-16,8:00:00 AM,DESALLUNOS..,39.0,0.676,480.06
4698,2026-08-10,2026-08-16,8:00:00 AM,DIET COKE.,2.0,0.006,4.5
4699,2026-08-10,2026-08-16,8:00:00 AM,Empanada carne,4.0,0.017,11.96
4700,2026-08-10,2026-08-16,8:00:00 AM,Empanada Jamon/Queso,3.0,0.013,8.97
4701,2026-08-10,2026-08-16,8:00:00 AM,Empanada Pollo,4.0,0.017,11.96
4702,2026-08-10,2026-08-16,8:00:00 AM,Empnda Espinaca/Queso,2.0,0.008,5.98
4703,2026-08-10,2026-08-16,8:00:00 AM,ENPANADA COLONBIANA..,2.0,0.007,4.98
4704,2026-08-10,2026-08-16,8:00:00 AM,ENSALDA DE TUNA,1.0,0.017,11.99
4705,2026-08-10,2026-08-16,8:00:00 AM,FELITOS,11.0,0.023,16.39
4706,2026-08-10,2026-08-16,8:00:00 AM,GARBANZO.MEDIANO.,2.0,0.02,13.98
4707,2026-08-10,2026-08-16,8:00:00 AM,GUARAPO.,1.0,0.007,5.25
4708,2026-08-10,2026-08-16,8:00:00 AM,HUEVO CON BUTIFARA.,1.0,0.017,11.99
4709,2026-08-10,2026-08-16,8:00:00 AM,HUEVO FRITO,2.0,0.004,3.0
4710,2026-08-10,2026-08-16,8:00:00 AM,HUEVOS AL PORCH,3.0,0.055,38.97
4711,2026-08-10,2026-08-16,8:00:00 AM,JUGO DE MANZANA.,1.0,0.005,3.25
4712,2026-08-10,2026-08-16,8:00:00 AM,JUGO ZANAHORIA NARAJA,2.0,0.014,9.98
4713,2026-08-10,2026-08-16,8:00:00 AM,JUGO.NARANJA.,6.0,0.044,31.5
4714,2026-08-10,2026-08-16,8:00:00 AM,-MADUROS.,1.0,0.006,4.49
4715,2026-08-10,2026-08-16,8:00:00 AM,MARIQUITA.GRANDE,1.0,0.063,45.0
4716,2026-08-10,2026-08-16,8:00:00 AM,-MASAS DE PUERCO,1.0,0.02,13.99
4717,2026-08-10,2026-08-16,8:00:00 AM,MEDIA NOCHE.,1.0,0.014,10.19
4718,2026-08-10,2026-08-16,8:00:00 AM,MISC COCINA,1.0,0.001,1.0
4719,2026-08-10,2026-08-16,8:00:00 AM,NEWPORT,1.0,0.018,12.75
4720,2026-08-10,2026-08-16,8:00:00 AM,-PAN CON BISTEC.,1.0,0.016,11.19
4721,2026-08-10,2026-08-16,8:00:00 AM,PAN CON TORTILLA.,1.0,0.015,10.99
4722,2026-08-10,2026-08-16,8:00:00 AM,PAN DE BONO..,4.0,0.011,7.96
4723,2026-08-10,2026-08-16,8:00:00 AM,PAN JAMAICA,2.0,0.005,3.2
4724,2026-08-10,2026-08-16,8:00:00 AM,PAPA RELLENA,1.0,0.004,2.99
4725,2026-08-10,2026-08-16,8:00:00 AM,PAPAS FRITAS,1.0,0.006,4.49
4726,2026-08-10,2026-08-16,8:00:00 AM,Pasteles Guayaba,3.0,0.006,4.5
4727,2026-08-10,2026-08-16,8:00:00 AM,Pasteles Queso,4.0,0.008,6.0
4728,2026-08-10,2026-08-16,8:00:00 AM,Pasteles Queso/Guayaba,1.0,0.002,1.5
4729,2026-08-10,2026-08-16,8:00:00 AM,PEPSI.,2.0,0.007,5.0
4730,2026-08-10,2026-08-16,8:00:00 AM,PERICO RIPIADO.,3.0,0.051,36.17
4731,2026-08-10,2026-08-16,8:00:00 AM,PICADILLO,1.0,0.021,14.69
4732,2026-08-10,2026-08-16,8:00:00 AM,QUESO SUIZO,2.0,0.006,3.98
4733,2026-08-10,2026-08-16,8:00:00 AM,Rinconcito BREAKFAST,6.0,0.121,85.64
4734,2026-08-10,2026-08-16,8:00:00 AM,SANDWICH BACON.,1.0,0.014,9.99
4735,2026-08-10,2026-08-16,8:00:00 AM,-SDWC TUNA REGULAR.,3.0,0.045,32.07
4736,2026-08-10,2026-08-16,8:00:00 AM,SOPA DE RES GRANDE,1.0,0.017,12.19
4737,2026-08-10,2026-08-16,8:00:00 AM,SOPA DE RES MEDIANA,1.0,0.011,7.99
4738,2026-08-10,2026-08-16,8:00:00 AM,Sopa Pollo Medina,1.0,0.008,5.49
4739,2026-08-10,2026-08-16,8:00:00 AM,SPRIET.,1.0,0.004,2.5
4740,2026-08-10,2026-08-16,8:00:00 AM,T0 GO MESA,4.0,0.002,1.4
4741,2026-08-10,2026-08-16,8:00:00 AM,-TE CALIENTE,1.0,0.003,2.25
4742,2026-08-10,2026-08-16,8:00:00 AM,To Go.,1.0,0.0,0.2
4743,2026-08-10,2026-08-16,8:00:00 AM,To Go..,3.0,0.001,0.6
4744,2026-08-10,2026-08-16,8:00:00 AM,TORTILLA.,2.0,0.031,21.98
4745,2026-08-10,2026-08-16,8:00:00 AM,TOSTADA,28.0,0.078,55.72
4746,2026-08-10,2026-08-16,8:00:00 AM,TOSTADA 2 CROQUETAS.,1.0,0.007,4.99
4747,2026-08-10,2026-08-16,8:00:00 AM,Western Omlet reg,5.0,0.085,60.55
4748,2026-08-10,2026-08-16,8:00:00 AM,Westren Omlet Clara,1.0,0.017,11.99
4749,2026-08-10,2026-08-16,9:00:00 AM,_=====================,1.0,0.0,0.0
4750,2026-08-10,2026-08-16,9:00:00 AM,== TO GO ==,4.0,0.001,0.8
4751,2026-08-10,2026-08-16,9:00:00 AM,1 BOLA HELADO..,1.0,0.004,2.99
4752,2026-08-10,2026-08-16,9:00:00 AM,"3,,PANQUEQUES..",1.0,0.008,5.99
4753,2026-08-10,2026-08-16,9:00:00 AM,AGUA NATURAL,2.0,0.006,3.98
4754,2026-08-10,2026-08-16,9:00:00 AM,AGUACATE $5.00,2.0,0.014,10.0
4755,2026-08-10,2026-08-16,9:00:00 AM,ALBONDIGAS.RES.,1.0,0.02,14.19
4756,2026-08-10,2026-08-16,9:00:00 AM,BABY CHURASCO,1.0,0.028,19.99
4757,2026-08-10,2026-08-16,9:00:00 AM,BACON,1.0,0.007,4.99
4758,2026-08-10,2026-08-16,9:00:00 AM,BATIDO FRUTA BONBA,1.0,0.007,4.99
4759,2026-08-10,2026-08-16,9:00:00 AM,BATIDO MAMEY,1.0,0.008,5.49
4760,2026-08-10,2026-08-16,9:00:00 AM,BATIDO TRIGO,1.0,0.007,4.99
4761,2026-08-10,2026-08-16,9:00:00 AM,BISTEC A CABALLO,7.0,0.143,101.43
4762,2026-08-10,2026-08-16,9:00:00 AM,BISTEC DE POLLO-,1.0,0.022,15.69
4763,2026-08-10,2026-08-16,9:00:00 AM,CAF.LEC.EVAP.CHICO,1.0,0.004,3.0
4764,2026-08-10,2026-08-16,9:00:00 AM,CAFE AMERICANO CHIQUIT,1.0,0.004,2.99
4765,2026-08-10,2026-08-16,9:00:00 AM,CAFE CON LECHE GRANDE,6.0,0.038,27.0
4766,2026-08-10,2026-08-16,9:00:00 AM,CAFE CON LECHE MEDIANO,4.0,0.021,15.0
4767,2026-08-10,2026-08-16,9:00:00 AM,CAFE CON LECHE PEQUENO,21.0,0.074,52.5
4768,2026-08-10,2026-08-16,9:00:00 AM,CAFE CUBANO.,16.0,0.034,24.0
4769,2026-08-10,2026-08-16,9:00:00 AM,CANT 5 DELIVER,1.0,0.099,70.0
4770,2026-08-10,2026-08-16,9:00:00 AM,chevere.,2.0,0.004,2.5
4771,2026-08-10,2026-08-16,9:00:00 AM,CHICHARO MEDIANO.,1.0,0.01,6.99
4772,2026-08-10,2026-08-16,9:00:00 AM,CHICHARRON DE POLLO.,2.0,0.034,23.98
4773,2026-08-10,2026-08-16,9:00:00 AM,cholcolate chico,1.0,0.004,2.89
4774,2026-08-10,2026-08-16,9:00:00 AM,CHORIPAN.,1.0,0.014,9.99
4775,2026-08-10,2026-08-16,9:00:00 AM,CHULETAS DE PUERCO.,1.0,0.019,13.69
4776,2026-08-10,2026-08-16,9:00:00 AM,CLUB SANDWICH.,1.0,0.017,12.19
4777,2026-08-10,2026-08-16,9:00:00 AM,COKE CERO.,2.0,0.007,5.0
4778,2026-08-10,2026-08-16,9:00:00 AM,COKE.,2.0,0.007,5.0
4779,2026-08-10,2026-08-16,9:00:00 AM,COLADA.,4.0,0.015,11.0
4780,2026-08-10,2026-08-16,9:00:00 AM,con evaporada,3.0,0.006,4.5
4781,2026-08-10,2026-08-16,9:00:00 AM,Cortadito Evaporada,1.0,0.004,2.5
4782,2026-08-10,2026-08-16,9:00:00 AM,"Cortadito,.",8.0,0.023,16.44
4783,2026-08-10,2026-08-16,9:00:00 AM,CREMA MALANGA MEDIANA.,1.0,0.01,6.99
4784,2026-08-10,2026-08-16,9:00:00 AM,CREMA. MALANGA GRANDE.,2.0,0.03,20.98
4785,2026-08-10,2026-08-16,9:00:00 AM,croqueta bacalao.,12.0,0.034,23.88
4786,2026-08-10,2026-08-16,9:00:00 AM,croqueta jamon.,29.0,0.071,50.75
4787,2026-08-10,2026-08-16,9:00:00 AM,croqueta pollo.,4.0,0.01,7.0
4788,2026-08-10,2026-08-16,9:00:00 AM,CROQUETA PREPARADA.,1.0,0.017,11.99
4789,2026-08-10,2026-08-16,9:00:00 AM,CUBANO ESPECIAL..,1.0,0.017,11.99
4790,2026-08-10,2026-08-16,9:00:00 AM,CUBANO REGULAR.,4.0,0.057,40.56
4791,2026-08-10,2026-08-16,9:00:00 AM,Deditos De Queso.,7.0,0.02,13.93
4792,2026-08-10,2026-08-16,9:00:00 AM,DESALLUNOS..,64.0,1.12,795.01
4793,2026-08-10,2026-08-16,9:00:00 AM,DIET COKE.,2.0,0.006,4.5
4794,2026-08-10,2026-08-16,9:00:00 AM,DIET MATERVA.,1.0,0.004,2.5
4795,2026-08-10,2026-08-16,9:00:00 AM,DOS HUEVO AROS. MADUR,1.0,0.013,8.99
4796,2026-08-10,2026-08-16,9:00:00 AM,Empanada carne,7.0,0.029,20.93
4797,2026-08-10,2026-08-16,9:00:00 AM,Empanada Jamon/Queso,6.0,0.025,17.94
4798,2026-08-10,2026-08-16,9:00:00 AM,Empanada Pollo,7.0,0.029,20.93
4799,2026-08-10,2026-08-16,9:00:00 AM,Empnda Espinaca/Queso,2.0,0.008,5.98
4800,2026-08-10,2026-08-16,9:00:00 AM,ENPANADA COLONBIANA..,2.0,0.007,4.98
4801,2026-08-10,2026-08-16,9:00:00 AM,ENSALDA DE TUNA,1.0,0.017,11.99
4802,2026-08-10,2026-08-16,9:00:00 AM,FABADA MEDIANA.,1.0,0.01,7.19
4803,2026-08-10,2026-08-16,9:00:00 AM,FELITOS,7.0,0.015,10.43
4804,2026-08-10,2026-08-16,9:00:00 AM,FILETILLO DE CARNE.,1.0,0.022,15.69
4805,2026-08-10,2026-08-16,9:00:00 AM,FRIJOL GRANDE,2.0,0.023,15.98
4806,2026-08-10,2026-08-16,9:00:00 AM,FRITA CUBANA,1.0,0.014,10.19
4807,2026-08-10,2026-08-16,9:00:00 AM,GALLETA DELICIOSAS,2.0,0.01,7.2
4808,2026-08-10,2026-08-16,9:00:00 AM,GARBANZO.MEDIANO.,2.0,0.02,13.98
4809,2026-08-10,2026-08-16,9:00:00 AM,GUARAPO.,1.0,0.007,5.25
4810,2026-08-10,2026-08-16,9:00:00 AM,HARINA GRANDE,1.0,0.014,10.19
4811,2026-08-10,2026-08-16,9:00:00 AM,HARINA MEDIANA,1.0,0.009,6.25
4812,2026-08-10,2026-08-16,9:00:00 AM,HARINA PEQUEÑA,1.0,0.006,3.99
4813,2026-08-10,2026-08-16,9:00:00 AM,HORDEN DE 3 CHICHARONE,2.0,0.009,6.5
4814,2026-08-10,2026-08-16,9:00:00 AM,HUEVO CON BUTIFARA.,1.0,0.017,11.99
4815,2026-08-10,2026-08-16,9:00:00 AM,HUEVO FRITO,10.0,0.021,15.0
4816,2026-08-10,2026-08-16,9:00:00 AM,HUEVOS AL PORCH,2.0,0.034,23.98
4817,2026-08-10,2026-08-16,9:00:00 AM,JUGO PINA,3.0,0.019,13.5
4818,2026-08-10,2026-08-16,9:00:00 AM,JUGO ZANAHORIA NARAJA,2.0,0.014,9.98
4819,2026-08-10,2026-08-16,9:00:00 AM,JUGO.NARANJA.,20.0,0.148,105.0
4820,2026-08-10,2026-08-16,9:00:00 AM,LENTEJAS MEDIANA.,1.0,0.01,6.99
4821,2026-08-10,2026-08-16,9:00:00 AM,-MADUROS.,3.0,0.019,13.47
4822,2026-08-10,2026-08-16,9:00:00 AM,-MALTA,2.0,0.009,6.5
4823,2026-08-10,2026-08-16,9:00:00 AM,-MARIQUITAS.,1.0,0.008,5.99
4824,2026-08-10,2026-08-16,9:00:00 AM,MASAS DE PUERCO.,1.0,0.019,13.69
4825,2026-08-10,2026-08-16,9:00:00 AM,MEDIA NOCHE.,6.0,0.086,61.14
4826,2026-08-10,2026-08-16,9:00:00 AM,-MEDIO POLLO FRITO,1.0,0.019,13.69
4827,2026-08-10,2026-08-16,9:00:00 AM,MEDIO POLLO.ASADO.,1.0,0.019,13.19
4828,2026-08-10,2026-08-16,9:00:00 AM,MELON..SANDIA,3.0,0.019,13.5
4829,2026-08-10,2026-08-16,9:00:00 AM,MIAMI SANDWICH.,3.0,0.052,36.57
4830,2026-08-10,2026-08-16,9:00:00 AM,MISC COCINA,1.0,0.014,10.0
4831,2026-08-10,2026-08-16,9:00:00 AM,MIXTO PAVO ESPINACA.,1.0,0.018,12.49
4832,2026-08-10,2026-08-16,9:00:00 AM,Mofongo solo,1.0,0.011,7.99
4833,2026-08-10,2026-08-16,9:00:00 AM,MOROS...,1.0,0.006,3.99
4834,2026-08-10,2026-08-16,9:00:00 AM,-PAN CON BISTEC.,1.0,0.016,11.19
4835,2026-08-10,2026-08-16,9:00:00 AM,PAN CON LECHON.,1.0,0.014,9.69
4836,2026-08-10,2026-08-16,9:00:00 AM,PAN CON TORTILLA.,4.0,0.062,44.36
4837,2026-08-10,2026-08-16,9:00:00 AM,PAN DE BONO..,4.0,0.011,7.96
4838,2026-08-10,2026-08-16,9:00:00 AM,PAPA CASA..,2.0,0.011,7.98
4839,2026-08-10,2026-08-16,9:00:00 AM,PAPAS FRITAS,2.0,0.013,8.98
4840,2026-08-10,2026-08-16,9:00:00 AM,Pasteles Guayaba,13.0,0.027,19.5
4841,2026-08-10,2026-08-16,9:00:00 AM,Pasteles Queso/Guayaba,1.0,0.002,1.5
4842,2026-08-10,2026-08-16,9:00:00 AM,PERICO DE CLARAS.,1.0,0.02,13.99
4843,2026-08-10,2026-08-16,9:00:00 AM,PERICO RIPIADO.,10.0,0.172,122.05
4844,2026-08-10,2026-08-16,9:00:00 AM,Rinconcito BREAKFAST,6.0,0.12,84.94
4845,2026-08-10,2026-08-16,9:00:00 AM,SAND JAMON QUESO,1.0,0.013,8.99
4846,2026-08-10,2026-08-16,9:00:00 AM,SANDWICH BACON.,2.0,0.032,22.98
4847,2026-08-10,2026-08-16,9:00:00 AM,-SDWC TUNA REGULAR.,2.0,0.03,21.38
4848,2026-08-10,2026-08-16,9:00:00 AM,Sopa de Pollo Grande,1.0,0.012,8.49
4849,2026-08-10,2026-08-16,9:00:00 AM,SOPA DE RES GRANDE,1.0,0.017,12.19
4850,2026-08-10,2026-08-16,9:00:00 AM,SOPA DE RES MEDIANA,2.0,0.023,15.98
4851,2026-08-10,2026-08-16,9:00:00 AM,Sopa Pollo Medina,1.0,0.008,5.49
4852,2026-08-10,2026-08-16,9:00:00 AM,SPRIET.,1.0,0.004,2.5
4853,2026-08-10,2026-08-16,9:00:00 AM,T0 GO MESA,7.0,0.003,2.45
4854,2026-08-10,2026-08-16,9:00:00 AM,TAMA. CAZUELA CHIQUITO,1.0,0.006,4.5
4855,2026-08-10,2026-08-16,9:00:00 AM,To Go.,1.0,0.0,0.2
4856,2026-08-10,2026-08-16,9:00:00 AM,To Go..,13.0,0.004,2.75
4857,2026-08-10,2026-08-16,9:00:00 AM,TORTILLA.,7.0,0.116,82.03
4858,2026-08-10,2026-08-16,9:00:00 AM,TOSTADA,21.0,0.059,41.79
4859,2026-08-10,2026-08-16,9:00:00 AM,TOSTADA 2 CROQUETAS.,1.0,0.007,4.99
4860,2026-08-10,2026-08-16,9:00:00 AM,-VACA FRITA.,1.0,0.023,15.99
4861,2026-08-10,2026-08-16,9:00:00 AM,Western Omlet reg,2.0,0.031,22.18
4862,2026-08-10,2026-08-16,10:00:00 AM,.BISTEC DE POLLO,1.0,0.019,13.69
4863,2026-08-10,2026-08-16,10:00:00 AM,== TO GO ==,7.0,0.002,1.4
4864,2026-08-10,2026-08-16,10:00:00 AM,======================,7.0,0.0,0.0
4865,2026-08-10,2026-08-16,10:00:00 AM,"1,,WAFLE,,",1.0,0.004,2.5
4866,2026-08-10,2026-08-16,10:00:00 AM,1.SOLO.PANQUEY,1.0,0.003,2.25
4867,2026-08-10,2026-08-16,10:00:00 AM,"2,,WAFLE,,",1.0,0.007,4.99
4868,2026-08-10,2026-08-16,10:00:00 AM,305 Morados,3.0,0.026,18.75
4869,2026-08-10,2026-08-16,10:00:00 AM,AGUA NATURAL,4.0,0.011,7.96
4870,2026-08-10,2026-08-16,10:00:00 AM,AGUACATE $5.00,3.0,0.021,15.0
4871,2026-08-10,2026-08-16,10:00:00 AM,ARROZ CON LECHE,1.0,0.008,5.49
4872,2026-08-10,2026-08-16,10:00:00 AM,ARROZ FRITO,1.0,0.021,14.69
4873,2026-08-10,2026-08-16,10:00:00 AM,Arroz pollo.desmenuza.,1.0,0.018,12.69
4874,2026-08-10,2026-08-16,10:00:00 AM,banana,4.0,0.003,2.0
4875,2026-08-10,2026-08-16,10:00:00 AM,BATIDO .FRESA,1.0,0.007,4.99
4876,2026-08-10,2026-08-16,10:00:00 AM,BATIDO CHOCOLATE.,1.0,0.007,4.99
4877,2026-08-10,2026-08-16,10:00:00 AM,BATIDO FRUTA BONBA,3.0,0.021,14.97
4878,2026-08-10,2026-08-16,10:00:00 AM,BATIDO MAMEY,7.0,0.054,38.43
4879,2026-08-10,2026-08-16,10:00:00 AM,BATIDO MANGO,1.0,0.007,4.99
4880,2026-08-10,2026-08-16,10:00:00 AM,BATIDO TRIGO,1.0,0.007,4.99
4881,2026-08-10,2026-08-16,10:00:00 AM,Best Mango,1.0,0.004,2.99
4882,2026-08-10,2026-08-16,10:00:00 AM,BISTEC A CABALLO,6.0,0.123,87.34
4883,2026-08-10,2026-08-16,10:00:00 AM,-BISTEC DE HIGADO,1.0,0.019,13.69
4884,2026-08-10,2026-08-16,10:00:00 AM,BISTEC DE POLLO.,1.0,0.019,13.69
4885,2026-08-10,2026-08-16,10:00:00 AM,BISTEC DE POLLO...,1.0,0.019,13.69
4886,2026-08-10,2026-08-16,10:00:00 AM,BISTEC EN CAZUELA,1.0,0.021,14.69
4887,2026-08-10,2026-08-16,10:00:00 AM,BOLICHE ..,2.0,0.045,31.88
4888,2026-08-10,2026-08-16,10:00:00 AM,CAF.LEC.EVAP.MEDIA,1.0,0.006,4.5
4889,2026-08-10,2026-08-16,10:00:00 AM,CAF.LEC.GRANDE.EVA,2.0,0.015,11.0
4890,2026-08-10,2026-08-16,10:00:00 AM,CAFE AMERICAN GRANDE.,1.0,0.005,3.25
4891,2026-08-10,2026-08-16,10:00:00 AM,CAFE AMERICANO CHIQUIT,3.0,0.013,8.97
4892,2026-08-10,2026-08-16,10:00:00 AM,CAFE CON LECHE GRANDE,3.0,0.019,13.5
4893,2026-08-10,2026-08-16,10:00:00 AM,CAFE CON LECHE MEDIANO,1.0,0.005,3.75
4894,2026-08-10,2026-08-16,10:00:00 AM,CAFE CON LECHE PEQUENO,19.0,0.067,47.5
4895,2026-08-10,2026-08-16,10:00:00 AM,CAFE CUBANO.,27.0,0.057,40.5
4896,2026-08-10,2026-08-16,10:00:00 AM,CAFECITO.,1.0,0.001,0.99
4897,2026-08-10,2026-08-16,10:00:00 AM,CALDO.GALLEGO GRANDE.,1.0,0.016,11.69
4898,2026-08-10,2026-08-16,10:00:00 AM,CANT 4 DELIVER,2.0,0.158,112.0
4899,2026-08-10,2026-08-16,10:00:00 AM,CANT 5 DELIVER,3.0,0.296,210.0
4900,2026-08-10,2026-08-16,10:00:00 AM,CANT 5 RECOGER,1.0,0.085,60.0
4901,2026-08-10,2026-08-16,10:00:00 AM,CARNE CON PAPAS.,1.0,0.02,14.19
4902,2026-08-10,2026-08-16,10:00:00 AM,chevere.,2.0,0.004,2.5
4903,2026-08-10,2026-08-16,10:00:00 AM,CHICHARO GRANDE.,1.0,0.013,9.19
4904,2026-08-10,2026-08-16,10:00:00 AM,"CHURRASCO ,,,",3.0,0.112,79.37
4905,2026-08-10,2026-08-16,10:00:00 AM,CLUB SANDWICH.,2.0,0.034,23.98
4906,2026-08-10,2026-08-16,10:00:00 AM,COKE.,3.0,0.011,7.5
4907,2026-08-10,2026-08-16,10:00:00 AM,COLADA.,4.0,0.015,11.0
4908,2026-08-10,2026-08-16,10:00:00 AM,con evaporada,1.0,0.002,1.5
4909,2026-08-10,2026-08-16,10:00:00 AM,Cortadito Evaporada,2.0,0.007,5.0
4910,2026-08-10,2026-08-16,10:00:00 AM,"Cortadito,.",9.0,0.026,18.43
4911,2026-08-10,2026-08-16,10:00:00 AM,CREMA CALABAZA GRANDE,1.0,0.014,9.99
4912,2026-08-10,2026-08-16,10:00:00 AM,CREMA CALABAZA MEDIAN,1.0,0.01,6.99
4913,2026-08-10,2026-08-16,10:00:00 AM,CREMA MALANGA MEDIANA.,2.0,0.02,13.98
4914,2026-08-10,2026-08-16,10:00:00 AM,CREMA VEGETALES MEDIAN,1.0,0.01,6.99
4915,2026-08-10,2026-08-16,10:00:00 AM,CREMA. MALANGA GRANDE.,4.0,0.059,41.96
4916,2026-08-10,2026-08-16,10:00:00 AM,croqueta bacalao.,10.0,0.028,19.9
4917,2026-08-10,2026-08-16,10:00:00 AM,croqueta jamon.,59.0,0.145,103.25
4918,2026-08-10,2026-08-16,10:00:00 AM,CROQUETA PREPARADA.,1.0,0.017,11.99
4919,2026-08-10,2026-08-16,10:00:00 AM,CUBANO REGULAR.,2.0,0.029,20.38
4920,2026-08-10,2026-08-16,10:00:00 AM,DEDITOS .PESCADO.,1.0,0.02,14.19
4921,2026-08-10,2026-08-16,10:00:00 AM,DEDITOS DE PESCADO,1.0,0.023,16.19
4922,2026-08-10,2026-08-16,10:00:00 AM,-DEDITOS DE POLLO,1.0,0.018,12.99
4923,2026-08-10,2026-08-16,10:00:00 AM,Deditos De Queso.,5.0,0.014,9.95
4924,2026-08-10,2026-08-16,10:00:00 AM,DESALLUNOS..,67.0,1.162,824.63
4925,2026-08-10,2026-08-16,10:00:00 AM,DIET COKE.,6.0,0.019,13.5
4926,2026-08-10,2026-08-16,10:00:00 AM,Empanada carne,16.0,0.067,47.84
4927,2026-08-10,2026-08-16,10:00:00 AM,Empanada Jamon/Queso,5.0,0.021,14.95
4928,2026-08-10,2026-08-16,10:00:00 AM,Empanada Pollo,4.0,0.017,11.96
4929,2026-08-10,2026-08-16,10:00:00 AM,ENSALA AGUACAT PEQUE,1.0,0.006,4.5
4930,2026-08-10,2026-08-16,10:00:00 AM,ENSALA POLLO 2 CROQUET,1.0,0.018,12.49
4931,2026-08-10,2026-08-16,10:00:00 AM,ENSALADA AGUACAT GRAND,5.0,0.039,27.5
4932,2026-08-10,2026-08-16,10:00:00 AM,ENSALDA DE TUNA,1.0,0.017,11.99
4933,2026-08-10,2026-08-16,10:00:00 AM,EXTRA QUESO CREMA.,2.0,0.005,3.5
4934,2026-08-10,2026-08-16,10:00:00 AM,FABADA GRANDE,1.0,0.015,10.69
4935,2026-08-10,2026-08-16,10:00:00 AM,FILETE PARGO PLANCHA,1.0,0.03,21.19
4936,2026-08-10,2026-08-16,10:00:00 AM,-FILETE PESCADO PLANCH,1.0,0.024,17.19
4937,2026-08-10,2026-08-16,10:00:00 AM,FILETILLO RES PLANCHA.,1.0,0.021,15.19
4938,2026-08-10,2026-08-16,10:00:00 AM,FLAN ESPECIAL.,2.0,0.017,11.98
4939,2026-08-10,2026-08-16,10:00:00 AM,-FLAN.,1.0,0.007,4.99
4940,2026-08-10,2026-08-16,10:00:00 AM,-FRICASE DE POLLO,2.0,0.032,22.38
4941,2026-08-10,2026-08-16,10:00:00 AM,FRICASE PUERCO.,1.0,0.019,13.45
4942,2026-08-10,2026-08-16,10:00:00 AM,FRIJOL GRANDE,1.0,0.011,7.99
4943,2026-08-10,2026-08-16,10:00:00 AM,FRITA CUBANA,3.0,0.043,30.57
4944,2026-08-10,2026-08-16,10:00:00 AM,FRITURA VACALAO.,1.0,0.009,6.5
4945,2026-08-10,2026-08-16,10:00:00 AM,GARBANZO.FRITO.,1.0,0.02,14.19
4946,2026-08-10,2026-08-16,10:00:00 AM,GATORADE ORANGE,1.0,0.006,3.99
4947,2026-08-10,2026-08-16,10:00:00 AM,GUARAPO.,1.0,0.007,5.25
4948,2026-08-10,2026-08-16,10:00:00 AM,GUISO MAIZ GRANDE.,1.0,0.015,10.49
4949,2026-08-10,2026-08-16,10:00:00 AM,HARINA GRANDE,2.0,0.029,20.38
4950,2026-08-10,2026-08-16,10:00:00 AM,HARINA MEDIANA,2.0,0.018,12.7
4951,2026-08-10,2026-08-16,10:00:00 AM,HARINA PEQUEÑA,5.0,0.028,19.95
4952,2026-08-10,2026-08-16,10:00:00 AM,HUEVO CON BUTIFARA.,1.0,0.019,13.49
4953,2026-08-10,2026-08-16,10:00:00 AM,IMPERIALCHIQUITA. ALTA,2.0,0.268,190.0
4954,2026-08-10,2026-08-16,10:00:00 AM,IRON BEER.,1.0,0.004,2.5
4955,2026-08-10,2026-08-16,10:00:00 AM,JAMON.,1.0,0.006,3.99
4956,2026-08-10,2026-08-16,10:00:00 AM,JUGO ZANAHORIA NARAJA,5.0,0.035,24.95
4957,2026-08-10,2026-08-16,10:00:00 AM,JUGO.NARANJA.,13.0,0.096,68.25
4958,2026-08-10,2026-08-16,10:00:00 AM,Juntas,1.0,0.0,0.0
4959,2026-08-10,2026-08-16,10:00:00 AM,JUPIÑA.,1.0,0.004,2.5
4960,2026-08-10,2026-08-16,10:00:00 AM,LENTEJAS MEDIANA.,1.0,0.01,6.99
4961,2026-08-10,2026-08-16,10:00:00 AM,-MADUROS.,3.0,0.019,13.47
4962,2026-08-10,2026-08-16,10:00:00 AM,Mariquitas.togo.,1.0,0.006,4.5
4963,2026-08-10,2026-08-16,10:00:00 AM,-MASAS DE PUERCO,1.0,0.02,14.19
4964,2026-08-10,2026-08-16,10:00:00 AM,-MASAS DE PUERCO.,1.0,0.02,14.19
4965,2026-08-10,2026-08-16,10:00:00 AM,MEDIA NOCHE.,4.0,0.057,40.76
4966,2026-08-10,2026-08-16,10:00:00 AM,MISC COCINA,2.0,0.012,8.62
4967,2026-08-10,2026-08-16,10:00:00 AM,MIXTO PAVO ESPINACA.,1.0,0.018,12.49
4968,2026-08-10,2026-08-16,10:00:00 AM,MOROS...,5.0,0.028,19.95
4969,2026-08-10,2026-08-16,10:00:00 AM,PAELLA VALENCIANA,1.0,0.059,42.19
4970,2026-08-10,2026-08-16,10:00:00 AM,palomilla baby,4.0,0.062,44.0
4971,2026-08-10,2026-08-16,10:00:00 AM,-PAN CON BISTEC.,3.0,0.049,34.57
4972,2026-08-10,2026-08-16,10:00:00 AM,PAN CON TORTILLA.,2.0,0.031,22.18
4973,2026-08-10,2026-08-16,10:00:00 AM,PAN JAMAICA,1.0,0.002,1.6
4974,2026-08-10,2026-08-16,10:00:00 AM,PAPA HASH.BROWN.,2.0,0.011,7.98
4975,2026-08-10,2026-08-16,10:00:00 AM,PAPAS FRITAS,2.0,0.013,8.98
4976,2026-08-10,2026-08-16,10:00:00 AM,Pasteles Guayaba,4.0,0.008,6.0
4977,2026-08-10,2026-08-16,10:00:00 AM,Pasteles Queso/Guayaba,4.0,0.008,6.0
4978,2026-08-10,2026-08-16,10:00:00 AM,PERICO DE CLARAS.,2.0,0.037,25.98
4979,2026-08-10,2026-08-16,10:00:00 AM,PERICO RIPIADO.,9.0,0.154,109.61
4980,2026-08-10,2026-08-16,10:00:00 AM,POTAJE COLORADOS MEDIA,1.0,0.01,7.19
4981,2026-08-10,2026-08-16,10:00:00 AM,QUESO AMERICANO.,2.0,0.005,3.5
4982,2026-08-10,2026-08-16,10:00:00 AM,RABO ENCENDIDO.,1.0,0.034,24.19
4983,2026-08-10,2026-08-16,10:00:00 AM,RABO ENCENDIDO...,1.0,0.034,24.19
4984,2026-08-10,2026-08-16,10:00:00 AM,Rinconcito BREAKFAST,4.0,0.079,56.16
4985,2026-08-10,2026-08-16,10:00:00 AM,RIÑONADA.,1.0,0.03,21.19
4986,2026-08-10,2026-08-16,10:00:00 AM,SACHICHAS,1.0,0.004,2.99
4987,2026-08-10,2026-08-16,10:00:00 AM,SANDWICH BACON.,1.0,0.014,9.99
4988,2026-08-10,2026-08-16,10:00:00 AM,SOPA DE RES GRANDE,3.0,0.051,36.37
4989,2026-08-10,2026-08-16,10:00:00 AM,SOPA DE RES MEDIANA,1.0,0.012,8.19
4990,2026-08-10,2026-08-16,10:00:00 AM,SOPA PESCADO GRANDE.,2.0,0.031,21.98
4991,2026-08-10,2026-08-16,10:00:00 AM,SOPA PLATANO MEDIANA.,2.0,0.02,13.98
4992,2026-08-10,2026-08-16,10:00:00 AM,Sopa Pollo Medina,2.0,0.015,10.98
4993,2026-08-10,2026-08-16,10:00:00 AM,SPRIET.,1.0,0.004,2.5
4994,2026-08-10,2026-08-16,10:00:00 AM,T0 GO MESA,7.0,0.003,2.45
4995,2026-08-10,2026-08-16,10:00:00 AM,TAMAL,1.0,0.004,2.99
4996,2026-08-10,2026-08-16,10:00:00 AM,TAMAL.CAZUELA GRANDE.,2.0,0.032,22.38
4997,2026-08-10,2026-08-16,10:00:00 AM,TARTARA...,1.0,0.001,1.0
4998,2026-08-10,2026-08-16,10:00:00 AM,To Go.,1.0,0.0,0.2
4999,2026-08-10,2026-08-16,10:00:00 AM,To Go..,15.0,0.004,3.15
5000,2026-08-10,2026-08-16,10:00:00 AM,TORTILLA.,7.0,0.119,84.68
5001,2026-08-10,2026-08-16,10:00:00 AM,TOSTADA,36.0,0.101,71.64
5002,2026-08-10,2026-08-16,10:00:00 AM,-VACA FRITA,4.0,0.097,68.76
5003,2026-08-10,2026-08-16,10:00:00 AM,Western Omlet reg,3.0,0.047,33.37
5004,2026-08-10,2026-08-16,11:00:00 AM,.ARROZ FRITO,1.0,0.019,13.69
5005,2026-08-10,2026-08-16,11:00:00 AM,.BISTEC DE POLLO,2.0,0.039,27.38
5006,2026-08-10,2026-08-16,11:00:00 AM,== TO GO ==,26.0,0.007,5.2
5007,2026-08-10,2026-08-16,11:00:00 AM,======================,12.0,0.0,0.0
5008,2026-08-10,2026-08-16,11:00:00 AM,1 BOLA HELADO..,1.0,0.004,2.99
5009,2026-08-10,2026-08-16,11:00:00 AM,1 PIEZA DE CORDERO,2.0,0.051,36.18
5010,2026-08-10,2026-08-16,11:00:00 AM,"1,,WAFLE,,",2.0,0.007,5.0
5011,2026-08-10,2026-08-16,11:00:00 AM,2 PIEZAS DE CORDERO.,1.0,0.035,25.19
5012,2026-08-10,2026-08-16,11:00:00 AM,"3,,PANQUEQUES..",1.0,0.008,5.99
5013,2026-08-10,2026-08-16,11:00:00 AM,AGUA PERRIER,4.0,0.02,13.96
5014,2026-08-10,2026-08-16,11:00:00 AM,AGUACATE$4.00,1.0,0.006,4.0
5015,2026-08-10,2026-08-16,11:00:00 AM,AJIACO..GRANDE,7.0,0.105,74.83
5016,2026-08-10,2026-08-16,11:00:00 AM,ALBONDIGAS.RES.,1.0,0.02,14.19
5017,2026-08-10,2026-08-16,11:00:00 AM,ARROS CON MARISCOS.,1.0,0.057,40.19
5018,2026-08-10,2026-08-16,11:00:00 AM,ARROZ CON LECHE,3.0,0.023,16.47
5019,2026-08-10,2026-08-16,11:00:00 AM,ARROZ BLANCO..,1.0,0.005,3.25
5020,2026-08-10,2026-08-16,11:00:00 AM,ARROZ CHIQUITO,2.0,0.008,5.5
5021,2026-08-10,2026-08-16,11:00:00 AM,ARROZ CON POLLO,1.0,0.018,12.69
5022,2026-08-10,2026-08-16,11:00:00 AM,-ARROZ FRITO,3.0,0.058,41.07
5023,2026-08-10,2026-08-16,11:00:00 AM,ARROZ IMPERIAL..,1.0,0.02,14.19
5024,2026-08-10,2026-08-16,11:00:00 AM,Arroz pollo.desmenuza.,2.0,0.036,25.38
5025,2026-08-10,2026-08-16,11:00:00 AM,BABY CHURASCO,3.0,0.085,60.57
5026,2026-08-10,2026-08-16,11:00:00 AM,BACALAO VISCAINA,2.0,0.057,40.38
5027,2026-08-10,2026-08-16,11:00:00 AM,BACON,3.0,0.021,14.97
5028,2026-08-10,2026-08-16,11:00:00 AM,BATIDO BANANA,1.0,0.007,4.99
5029,2026-08-10,2026-08-16,11:00:00 AM,BATIDO MAMEY,7.0,0.054,38.43
5030,2026-08-10,2026-08-16,11:00:00 AM,BATIDO MANGO,3.0,0.021,14.97
5031,2026-08-10,2026-08-16,11:00:00 AM,BATIDO TRIGO,1.0,0.007,4.99
5032,2026-08-10,2026-08-16,11:00:00 AM,BISTEC A CABALLO,11.0,0.229,162.59
5033,2026-08-10,2026-08-16,11:00:00 AM,-BISTEC DE HIGADO,2.0,0.039,27.38
5034,2026-08-10,2026-08-16,11:00:00 AM,BISTEC DE POLLO-,4.0,0.077,54.56
5035,2026-08-10,2026-08-16,11:00:00 AM,-BISTEC DE POLLO.,4.0,0.079,55.76
5036,2026-08-10,2026-08-16,11:00:00 AM,BISTEC DE POLLO..,3.0,0.058,41.07
5037,2026-08-10,2026-08-16,11:00:00 AM,BISTEC DE POLLO...,5.0,0.096,68.25
5038,2026-08-10,2026-08-16,11:00:00 AM,-BISTEC PALOMILLA,5.0,0.128,90.75
5039,2026-08-10,2026-08-16,11:00:00 AM,BISTEC POLLO PLANCHA,1.0,0.022,15.69
5040,2026-08-10,2026-08-16,11:00:00 AM,-BISTECDE POLLO,3.0,0.057,40.67
5041,2026-08-10,2026-08-16,11:00:00 AM,BOLA ENSALADA POLLO,1.0,0.005,3.25
5042,2026-08-10,2026-08-16,11:00:00 AM,BOLICHE ..,7.0,0.15,106.33
5043,2026-08-10,2026-08-16,11:00:00 AM,BOLITA DE TUNA.,1.0,0.005,3.25
5044,2026-08-10,2026-08-16,11:00:00 AM,BOÑUELOS.,2.0,0.015,10.98
5045,2026-08-10,2026-08-16,11:00:00 AM,CAF.LEC.EVAP.CHICO,2.0,0.008,6.0
5046,2026-08-10,2026-08-16,11:00:00 AM,CAFE AMERICANO CHIQUIT,2.0,0.008,5.98
5047,2026-08-10,2026-08-16,11:00:00 AM,CAFE CON LECHE GRANDE,6.0,0.038,27.0
5048,2026-08-10,2026-08-16,11:00:00 AM,CAFE CON LECHE MEDIANO,3.0,0.016,11.25
5049,2026-08-10,2026-08-16,11:00:00 AM,CAFE CON LECHE PEQUENO,17.0,0.06,42.5
5050,2026-08-10,2026-08-16,11:00:00 AM,CAFE CUBANO.,18.0,0.038,27.0
5051,2026-08-10,2026-08-16,11:00:00 AM,CALABAZA HERVIDA..,1.0,0.007,4.99
5052,2026-08-10,2026-08-16,11:00:00 AM,CALDO GALLEGO.MEDIANO.,1.0,0.012,8.19
5053,2026-08-10,2026-08-16,11:00:00 AM,CALDO.GALLEGO GRANDE.,1.0,0.016,11.49
5054,2026-08-10,2026-08-16,11:00:00 AM,CANT 4 DELIVER,3.0,0.237,168.0
5055,2026-08-10,2026-08-16,11:00:00 AM,CANT 5 DELIVER,3.0,0.296,210.0
5056,2026-08-10,2026-08-16,11:00:00 AM,CARNE CON PAPAS.,4.0,0.079,56.36
5057,2026-08-10,2026-08-16,11:00:00 AM,CEVICHE MIXTO,1.0,0.032,22.99
5058,2026-08-10,2026-08-16,11:00:00 AM,CHICHARO MEDIANO.,2.0,0.02,13.98
5059,2026-08-10,2026-08-16,11:00:00 AM,CHULETAS DE PUERCO,1.0,0.021,14.69
5060,2026-08-10,2026-08-16,11:00:00 AM,CHULETAS DE PUERCO.,3.0,0.066,46.57
5061,2026-08-10,2026-08-16,11:00:00 AM,"CHURRASCO ,,,",1.0,0.037,26.19
5062,2026-08-10,2026-08-16,11:00:00 AM,COKE CERO.,1.0,0.004,2.5
5063,2026-08-10,2026-08-16,11:00:00 AM,COKE.,9.0,0.032,22.5
5064,2026-08-10,2026-08-16,11:00:00 AM,COLADA.,3.0,0.012,8.25
5065,2026-08-10,2026-08-16,11:00:00 AM,COLORADOS GRANDE.,3.0,0.041,29.07
5066,2026-08-10,2026-08-16,11:00:00 AM,con evaporada,1.0,0.002,1.5
5067,2026-08-10,2026-08-16,11:00:00 AM,CONGRI.,4.0,0.022,15.96
5068,2026-08-10,2026-08-16,11:00:00 AM,Cortadito Evaporada,3.0,0.011,7.5
5069,2026-08-10,2026-08-16,11:00:00 AM,"Cortadito,.",8.0,0.024,17.22
5070,2026-08-10,2026-08-16,11:00:00 AM,CREMA CALABAZA GRANDE,1.0,0.014,9.99
5071,2026-08-10,2026-08-16,11:00:00 AM,CREMA CALABAZA MEDIAN,5.0,0.049,34.95
5072,2026-08-10,2026-08-16,11:00:00 AM,CREMA CALABAZA MEDIAN,2.0,0.02,13.98
5073,2026-08-10,2026-08-16,11:00:00 AM,CREMA CALABAZACHIQUIT,1.0,0.006,4.5
5074,2026-08-10,2026-08-16,11:00:00 AM,CREMA MALANGA MEDIANA.,5.0,0.049,34.95
5075,2026-08-10,2026-08-16,11:00:00 AM,CREMA VEGETAL MEDIANA,2.0,0.02,13.98
5076,2026-08-10,2026-08-16,11:00:00 AM,CREMA. MALANGA GRANDE.,4.0,0.059,41.96
5077,2026-08-10,2026-08-16,11:00:00 AM,croqueta bacalao.,4.0,0.011,7.96
5078,2026-08-10,2026-08-16,11:00:00 AM,croqueta jamon.,43.0,0.106,75.25
5079,2026-08-10,2026-08-16,11:00:00 AM,CROQUETA PREPARADA.,3.0,0.051,36.37
5080,2026-08-10,2026-08-16,11:00:00 AM,CUBIERTO.....,1.0,0.0,0.0
5081,2026-08-10,2026-08-16,11:00:00 AM,DEDITOS .PESCADO.,2.0,0.04,28.38
5082,2026-08-10,2026-08-16,11:00:00 AM,DEDITOS DE PESCADO,3.0,0.068,48.37
5083,2026-08-10,2026-08-16,11:00:00 AM,Deditos De Queso.,2.0,0.006,3.98
5084,2026-08-10,2026-08-16,11:00:00 AM,DESALLUNOS..,32.0,0.55,390.18
5085,2026-08-10,2026-08-16,11:00:00 AM,desayuno baby,3.0,0.038,26.97
5086,2026-08-10,2026-08-16,11:00:00 AM,DIET COKE.,2.0,0.006,4.5
5087,2026-08-10,2026-08-16,11:00:00 AM,ELENA RUZ.,2.0,0.028,20.18
5088,2026-08-10,2026-08-16,11:00:00 AM,Empanada carne,8.0,0.034,23.92
5089,2026-08-10,2026-08-16,11:00:00 AM,Empanada Jamon/Queso,1.0,0.004,2.99
5090,2026-08-10,2026-08-16,11:00:00 AM,Empanada Pollo,8.0,0.034,23.92
5091,2026-08-10,2026-08-16,11:00:00 AM,Empnda Espinaca/Queso,3.0,0.013,8.97
5092,2026-08-10,2026-08-16,11:00:00 AM,ENPANADA COLONBIANA..,4.0,0.014,9.96
5093,2026-08-10,2026-08-16,11:00:00 AM,ENPANISADO. RES,3.0,0.071,50.07
5094,2026-08-10,2026-08-16,11:00:00 AM,"ENPELLAS,chicharones.",1.0,0.008,6.0
5095,2026-08-10,2026-08-16,11:00:00 AM,ENSALA AGUACAT PEQUE,5.0,0.032,22.5
5096,2026-08-10,2026-08-16,11:00:00 AM,ENSALA POLLO 2 CROQUET,4.0,0.07,49.96
5097,2026-08-10,2026-08-16,11:00:00 AM,ENSALADA AGUACAT GRAND,2.0,0.015,11.0
5098,2026-08-10,2026-08-16,11:00:00 AM,Ensalada Small,2.0,0.008,5.5
5099,2026-08-10,2026-08-16,11:00:00 AM,ENSALDA DE TUNA,1.0,0.017,11.99
5100,2026-08-10,2026-08-16,11:00:00 AM,EXTRA QUESO CREMA.,3.0,0.007,5.25
5101,2026-08-10,2026-08-16,11:00:00 AM,extra.coco,1.0,0.003,1.99
5102,2026-08-10,2026-08-16,11:00:00 AM,FABADA GRANDE,2.0,0.03,21.18
5103,2026-08-10,2026-08-16,11:00:00 AM,FABADA MEDIANA.,2.0,0.02,14.18
5104,2026-08-10,2026-08-16,11:00:00 AM,FELITOS,4.0,0.008,5.96
5105,2026-08-10,2026-08-16,11:00:00 AM,FILETE ALA FRANCESA,1.0,0.028,19.99
5106,2026-08-10,2026-08-16,11:00:00 AM,FILETE DE MAHIMAHI,1.0,0.024,16.99
5107,2026-08-10,2026-08-16,11:00:00 AM,-FILETE PESCADO PLANCH,1.0,0.024,16.99
5108,2026-08-10,2026-08-16,11:00:00 AM,FILETE SALMON.,3.0,0.077,54.4
5109,2026-08-10,2026-08-16,11:00:00 AM,FILETILLO POLLO PLANCH,2.0,0.043,30.18
5110,2026-08-10,2026-08-16,11:00:00 AM,FILETILLO RES PLANCHA.,1.0,0.021,15.19
5111,2026-08-10,2026-08-16,11:00:00 AM,FILETILLO RES SALSA.,1.0,0.021,15.19
5112,2026-08-10,2026-08-16,11:00:00 AM,FLAN ESPECIAL.,1.0,0.008,5.99
5113,2026-08-10,2026-08-16,11:00:00 AM,-FLAN.,7.0,0.049,34.93
5114,2026-08-10,2026-08-16,11:00:00 AM,-FRICASE DE POLLO,1.0,0.015,10.99
5115,2026-08-10,2026-08-16,11:00:00 AM,FRICASE PUERCO.,1.0,0.019,13.25
5116,2026-08-10,2026-08-16,11:00:00 AM,FRIJOL MEDIANO.,1.0,0.007,4.99
5117,2026-08-10,2026-08-16,11:00:00 AM,FRIJOL PEQUENO.,3.0,0.013,8.97
5118,2026-08-10,2026-08-16,11:00:00 AM,FRITURAS DE MALANGA,1.0,0.009,6.5
5119,2026-08-10,2026-08-16,11:00:00 AM,GARBANZO.MEDIANO.,2.0,0.02,13.98
5120,2026-08-10,2026-08-16,11:00:00 AM,GUARAPO.,4.0,0.03,21.0
5121,2026-08-10,2026-08-16,11:00:00 AM,GUISO.MAIZ MEDIANO.,3.0,0.03,20.97
5122,2026-08-10,2026-08-16,11:00:00 AM,HAMBURQUESA.CON QUESO,2.0,0.032,22.38
5123,2026-08-10,2026-08-16,11:00:00 AM,HARINA PEQUEÑA,1.0,0.006,4.19
5124,2026-08-10,2026-08-16,11:00:00 AM,Heineken,2.0,0.015,10.98
5125,2026-08-10,2026-08-16,11:00:00 AM,HELADO CONO..,1.0,0.005,3.5
5126,2026-08-10,2026-08-16,11:00:00 AM,HIGADO ITALIANA,1.0,0.021,15.19
5127,2026-08-10,2026-08-16,11:00:00 AM,HORDEN DE CHICHARON.,1.0,0.005,3.25
5128,2026-08-10,2026-08-16,11:00:00 AM,HORDEN DE 3 CHICHARONE,4.0,0.018,13.0
5129,2026-08-10,2026-08-16,11:00:00 AM,HUEVO CON BUTIFARA.,2.0,0.034,23.98
5130,2026-08-10,2026-08-16,11:00:00 AM,HUEVO FRITO,11.0,0.023,16.5
5131,2026-08-10,2026-08-16,11:00:00 AM,HUEVO HERVIDO.,2.0,0.005,3.5
5132,2026-08-10,2026-08-16,11:00:00 AM,HUEVOS AL PORCH,1.0,0.017,11.99
5133,2026-08-10,2026-08-16,11:00:00 AM,IMPERIAL .,1.0,0.017,11.99
5134,2026-08-10,2026-08-16,11:00:00 AM,JUGO MARACULLA,1.0,0.006,4.5
5135,2026-08-10,2026-08-16,11:00:00 AM,JUGO PINA,2.0,0.013,9.0
5136,2026-08-10,2026-08-16,11:00:00 AM,JUGO ZANAHORIA NARAJA,5.0,0.035,24.95
5137,2026-08-10,2026-08-16,11:00:00 AM,JUGO.NARANJA.,22.0,0.163,115.5
5138,2026-08-10,2026-08-16,11:00:00 AM,JUPIÑA.,1.0,0.004,2.5
5139,2026-08-10,2026-08-16,11:00:00 AM,LECHE PEQUENA,1.0,0.002,1.5
5140,2026-08-10,2026-08-16,11:00:00 AM,-LECHON ASADO,1.0,0.02,13.99
5141,2026-08-10,2026-08-16,11:00:00 AM,LIMANADA COCO.,1.0,0.008,5.99
5142,2026-08-10,2026-08-16,11:00:00 AM,LIMONADA,1.0,0.006,4.5
5143,2026-08-10,2026-08-16,11:00:00 AM,MADIO.POLLO A la brasa,2.0,0.04,28.38
5144,2026-08-10,2026-08-16,11:00:00 AM,-MADUROS.,1.0,0.006,4.49
5145,2026-08-10,2026-08-16,11:00:00 AM,-MALTA,1.0,0.005,3.25
5146,2026-08-10,2026-08-16,11:00:00 AM,MARIQUITAS DE MALANGA,2.0,0.017,11.98
5147,2026-08-10,2026-08-16,11:00:00 AM,-MARIQUITAS.,4.0,0.034,23.96
5148,2026-08-10,2026-08-16,11:00:00 AM,MARIQUITAS..MIXTA,2.0,0.015,10.98
5149,2026-08-10,2026-08-16,11:00:00 AM,Mariquitas.togo.,1.0,0.006,4.5
5150,2026-08-10,2026-08-16,11:00:00 AM,-MASAS DE PUERCO,7.0,0.145,102.93
5151,2026-08-10,2026-08-16,11:00:00 AM,MASAS DE PUERCO.,1.0,0.019,13.69
5152,2026-08-10,2026-08-16,11:00:00 AM,-MASAS DE PUERCO.,4.0,0.079,56.16
5153,2026-08-10,2026-08-16,11:00:00 AM,MATERVA.,1.0,0.004,2.5
5154,2026-08-10,2026-08-16,11:00:00 AM,MED CREMA DE CALABAZA,1.0,0.01,7.19
5155,2026-08-10,2026-08-16,11:00:00 AM,MEDIA NOCHE.,5.0,0.071,50.55
5156,2026-08-10,2026-08-16,11:00:00 AM,-MEDIO POLLO A BRASA.,1.0,0.019,13.19
5157,2026-08-10,2026-08-16,11:00:00 AM,-MEDIO POLLO FRITO,2.0,0.039,27.38
5158,2026-08-10,2026-08-16,11:00:00 AM,MEDIO POLLO.ASADO.,1.0,0.018,12.99
5159,2026-08-10,2026-08-16,11:00:00 AM,MELON..SANDIA,2.0,0.013,9.0
5160,2026-08-10,2026-08-16,11:00:00 AM,MIAMI SANDWICH.,3.0,0.051,36.37
5161,2026-08-10,2026-08-16,11:00:00 AM,-MILANESA DE POLLO,1.0,0.023,16.19
5162,2026-08-10,2026-08-16,11:00:00 AM,Mini sandwich,2.0,0.017,12.18
5163,2026-08-10,2026-08-16,11:00:00 AM,MISC COCINA,7.0,0.076,54.0
5164,2026-08-10,2026-08-16,11:00:00 AM,MOFONGO PUERCO.,1.0,0.024,16.99
5165,2026-08-10,2026-08-16,11:00:00 AM,MOROS...,1.0,0.006,3.99
5166,2026-08-10,2026-08-16,11:00:00 AM,palomilla baby,1.0,0.015,11.0
5167,2026-08-10,2026-08-16,11:00:00 AM,-PAN CON BISTEC.,9.0,0.142,100.51
5168,2026-08-10,2026-08-16,11:00:00 AM,PAN CON LECHON.,1.0,0.013,9.49
5169,2026-08-10,2026-08-16,11:00:00 AM,PAN JAMAICA,2.0,0.005,3.2
5170,2026-08-10,2026-08-16,11:00:00 AM,PAPA CASA..,2.0,0.011,7.98
5171,2026-08-10,2026-08-16,11:00:00 AM,PAPA RELLENA,3.0,0.013,8.97
5172,2026-08-10,2026-08-16,11:00:00 AM,PAPAS FRITAS,3.0,0.019,13.47
5173,2026-08-10,2026-08-16,11:00:00 AM,Pasteles Guayaba,2.0,0.004,3.0
5174,2026-08-10,2026-08-16,11:00:00 AM,Pasteles Queso/Guayaba,1.0,0.002,1.5
5175,2026-08-10,2026-08-16,11:00:00 AM,PERICO RIPIADO.,8.0,0.137,97.42
5176,2026-08-10,2026-08-16,11:00:00 AM,PICADILLO,1.0,0.019,13.69
5177,2026-08-10,2026-08-16,11:00:00 AM,PUDIN DE PAN.,1.0,0.008,5.49
5178,2026-08-10,2026-08-16,11:00:00 AM,PUDIN DIPLOMATICO.,3.0,0.023,16.47
5179,2026-08-10,2026-08-16,11:00:00 AM,RABO ENCENDIDO.,2.0,0.068,48.18
5180,2026-08-10,2026-08-16,11:00:00 AM,RABO ENCENDIDO...,3.0,0.102,72.57
5181,2026-08-10,2026-08-16,11:00:00 AM,Rinconcito BREAKFAST,8.0,0.158,112.32
5182,2026-08-10,2026-08-16,11:00:00 AM,ROPA VIEJA..,2.0,0.043,30.38
5183,2026-08-10,2026-08-16,11:00:00 AM,ROPA VIEJA...,3.0,0.073,51.57
5184,2026-08-10,2026-08-16,11:00:00 AM,S.PELLECRINO,1.0,0.005,3.49
5185,2026-08-10,2026-08-16,11:00:00 AM,SANDWECHES POLLO..,3.0,0.054,38.07
5186,2026-08-10,2026-08-16,11:00:00 AM,SANDWICH ENSAL POLLO,1.0,0.014,10.19
5187,2026-08-10,2026-08-16,11:00:00 AM,SANDWICHES..POLLO.EMPA,1.0,0.018,12.49
5188,2026-08-10,2026-08-16,11:00:00 AM,-SDWC TUNA REGULAR.,1.0,0.015,10.69
5189,2026-08-10,2026-08-16,11:00:00 AM,Sopa de Pollo Grande,6.0,0.072,50.94
5190,2026-08-10,2026-08-16,11:00:00 AM,SOPA DE RES GRANDE,2.0,0.034,24.18
5191,2026-08-10,2026-08-16,11:00:00 AM,SOPA DE RES PEQUENA,1.0,0.007,4.99
5192,2026-08-10,2026-08-16,11:00:00 AM,SOPA PESCADO GRANDE.,2.0,0.031,21.98
5193,2026-08-10,2026-08-16,11:00:00 AM,SOPA PLATANO CHIQUITA.,1.0,0.006,3.99
5194,2026-08-10,2026-08-16,11:00:00 AM,SOPA PLATANO MEDIANA.,1.0,0.01,6.99
5195,2026-08-10,2026-08-16,11:00:00 AM,Sopa Pollo Medina,4.0,0.031,21.96
5196,2026-08-10,2026-08-16,11:00:00 AM,SOPA. POLLO CHIQUITA,4.0,0.02,14.0
5197,2026-08-10,2026-08-16,11:00:00 AM,spageti carne,1.0,0.023,16.19
5198,2026-08-10,2026-08-16,11:00:00 AM,SPAGHETTI CARNE ALFRED,1.0,0.023,16.19
5199,2026-08-10,2026-08-16,11:00:00 AM,T0 GO MESA,11.0,0.005,3.85
5200,2026-08-10,2026-08-16,11:00:00 AM,TAMAL,3.0,0.013,8.97
5201,2026-08-10,2026-08-16,11:00:00 AM,TAMAL CAZUELA.MEDIANO.,2.0,0.02,13.98
5202,2026-08-10,2026-08-16,11:00:00 AM,TAMAL.CAZUELA GRANDE.,2.0,0.032,22.38
5203,2026-08-10,2026-08-16,11:00:00 AM,TAMAL.JAMON PIERN.QUES,1.0,0.018,12.99
5204,2026-08-10,2026-08-16,11:00:00 AM,TE FRIO.,2.0,0.008,5.98
5205,2026-08-10,2026-08-16,11:00:00 AM,To Go.,8.0,0.002,1.6
5206,2026-08-10,2026-08-16,11:00:00 AM,To Go..,33.0,0.01,6.75
5207,2026-08-10,2026-08-16,11:00:00 AM,TOREJA CUBANA,1.0,0.008,5.99
5208,2026-08-10,2026-08-16,11:00:00 AM,TORTILLA BASCA.,1.0,0.018,12.49
5209,2026-08-10,2026-08-16,11:00:00 AM,TORTILLA.,7.0,0.11,78.13
5210,2026-08-10,2026-08-16,11:00:00 AM,TOSTADA,15.0,0.042,29.85
5211,2026-08-10,2026-08-16,11:00:00 AM,TOSTONES.,2.0,0.014,9.98
5212,2026-08-10,2026-08-16,11:00:00 AM,TRES LECHES.,2.0,0.017,11.98
5213,2026-08-10,2026-08-16,11:00:00 AM,-VACA FRITA,2.0,0.048,34.38
5214,2026-08-10,2026-08-16,11:00:00 AM,Western Omlet reg,2.0,0.031,21.98
5215,2026-08-10,2026-08-16,11:00:00 AM,Western Omlet reg - LATE,4.0,0.068,48.16
5216,2026-08-10,2026-08-16,11:00:00 AM,YUCA FRITA.,1.0,0.008,5.49
5217,2026-08-10,2026-08-16,11:00:00 AM,YUCA.,1.0,0.006,4.49
5218,2026-08-10,2026-08-16,12:00:00 PM,.BISTEC DE POLLO,5.0,0.096,68.25
5219,2026-08-10,2026-08-16,12:00:00 PM,== TO GO ==,26.0,0.007,5.2
5220,2026-08-10,2026-08-16,12:00:00 PM,======================,6.0,0.0,0.0
5221,2026-08-10,2026-08-16,12:00:00 PM,1 PIEZA DE CORDERO,2.0,0.051,36.18
5222,2026-08-10,2026-08-16,12:00:00 PM,1.LIBRA ENSALA POLLO.,2.0,0.025,17.98
5223,2026-08-10,2026-08-16,12:00:00 PM,1.SOLO.PANQUEY,2.0,0.006,4.5
5224,2026-08-10,2026-08-16,12:00:00 PM,2 PIEZAS DE CORDERO.,3.0,0.106,75.37
5225,2026-08-10,2026-08-16,12:00:00 PM,"2,,WAFLE,,",1.0,0.007,4.99
5226,2026-08-10,2026-08-16,12:00:00 PM,AGUA COCO,1.0,0.005,3.25
5227,2026-08-10,2026-08-16,12:00:00 PM,AGUA NATURAL,1.0,0.003,1.99
5228,2026-08-10,2026-08-16,12:00:00 PM,AGUACATE $5.00,1.0,0.007,5.0
5229,2026-08-10,2026-08-16,12:00:00 PM,AGUACATE DE 3.00,1.0,0.004,3.0
5230,2026-08-10,2026-08-16,12:00:00 PM,AJIACO MEDIANO,4.0,0.04,28.56
5231,2026-08-10,2026-08-16,12:00:00 PM,AJIACO..GRANDE,6.0,0.089,63.34
5232,2026-08-10,2026-08-16,12:00:00 PM,ALBONDIGAS.RES.,2.0,0.04,28.38
5233,2026-08-10,2026-08-16,12:00:00 PM,"arros pollo V,alta",1.0,0.106,75.0
5234,2026-08-10,2026-08-16,12:00:00 PM,ARROZ CON LECHE,1.0,0.008,5.49
5235,2026-08-10,2026-08-16,12:00:00 PM,ARROZ BLANCO..,3.0,0.014,9.75
5236,2026-08-10,2026-08-16,12:00:00 PM,ARROZ CHIQUITO,2.0,0.008,5.5
5237,2026-08-10,2026-08-16,12:00:00 PM,ARROZ CON POLLO,1.0,0.018,12.69
5238,2026-08-10,2026-08-16,12:00:00 PM,ARROZ CON POLLO.,1.0,0.019,13.69
5239,2026-08-10,2026-08-16,12:00:00 PM,Arroz con puerco,2.0,0.037,26.18
5240,2026-08-10,2026-08-16,12:00:00 PM,ARROZ FRITO,1.0,0.021,14.69
5241,2026-08-10,2026-08-16,12:00:00 PM,ARROZ IMPERIAL..,1.0,0.02,14.19
5242,2026-08-10,2026-08-16,12:00:00 PM,Arroz pollo.desmenuza.,3.0,0.054,38.07
5243,2026-08-10,2026-08-16,12:00:00 PM,BABY CHURASCO,7.0,0.198,140.53
5244,2026-08-10,2026-08-16,12:00:00 PM,BABY CHURRASCO,1.0,0.025,17.99
5245,2026-08-10,2026-08-16,12:00:00 PM,BACALAO VISCAINA,3.0,0.085,60.37
5246,2026-08-10,2026-08-16,12:00:00 PM,BACON,2.0,0.014,9.98
5247,2026-08-10,2026-08-16,12:00:00 PM,BATIDO .FRESA,2.0,0.014,9.98
5248,2026-08-10,2026-08-16,12:00:00 PM,BATIDO BANANA,1.0,0.007,4.99
5249,2026-08-10,2026-08-16,12:00:00 PM,BATIDO CHOCOLATE.,4.0,0.028,19.96
5250,2026-08-10,2026-08-16,12:00:00 PM,BATIDO MAMEY,7.0,0.054,38.43
5251,2026-08-10,2026-08-16,12:00:00 PM,BATIDO TRIGO,5.0,0.035,24.95
5252,2026-08-10,2026-08-16,12:00:00 PM,BATIDO VAINILLA,1.0,0.007,4.99
5253,2026-08-10,2026-08-16,12:00:00 PM,BISTEC A CABALLO,3.0,0.062,43.87
5254,2026-08-10,2026-08-16,12:00:00 PM,BISTEC DE POLLO-,4.0,0.078,55.16
5255,2026-08-10,2026-08-16,12:00:00 PM,BISTEC DE POLLO.,7.0,0.138,97.83
5256,2026-08-10,2026-08-16,12:00:00 PM,-BISTEC DE POLLO.,3.0,0.06,42.87
5257,2026-08-10,2026-08-16,12:00:00 PM,BISTEC DE POLLO..,5.0,0.095,67.65
5258,2026-08-10,2026-08-16,12:00:00 PM,BISTEC DE POLLO...,9.0,0.172,122.21
5259,2026-08-10,2026-08-16,12:00:00 PM,-BISTEC DE PUERCO,6.0,0.134,95.14
5260,2026-08-10,2026-08-16,12:00:00 PM,BISTEC EN CAZUELA,5.0,0.104,74.05
5261,2026-08-10,2026-08-16,12:00:00 PM,BISTEC JAMON,1.0,0.022,15.49
5262,2026-08-10,2026-08-16,12:00:00 PM,-BISTEC PALOMILLA,10.0,0.262,186.1
5263,2026-08-10,2026-08-16,12:00:00 PM,BISTEC POLLO PLANCHA,4.0,0.077,54.76
5264,2026-08-10,2026-08-16,12:00:00 PM,-BISTECDE POLLO,5.0,0.099,70.35
5265,2026-08-10,2026-08-16,12:00:00 PM,BOCADITO DE TUNA.,1.0,0.013,9.19
5266,2026-08-10,2026-08-16,12:00:00 PM,BOLICHE ..,3.0,0.064,45.17
5267,2026-08-10,2026-08-16,12:00:00 PM,BONIATILLO.,1.0,0.002,1.5
5268,2026-08-10,2026-08-16,12:00:00 PM,BONIATO FRITO..,1.0,0.007,4.99
5269,2026-08-10,2026-08-16,12:00:00 PM,BOÑUELOS.,2.0,0.015,10.98
5270,2026-08-10,2026-08-16,12:00:00 PM,CAESAR /POLLO,1.0,0.018,12.99
5271,2026-08-10,2026-08-16,12:00:00 PM,CAFE AMERICANO CHIQUIT,2.0,0.008,5.98
5272,2026-08-10,2026-08-16,12:00:00 PM,CAFE CON LECHE PEQUENO,4.0,0.014,10.0
5273,2026-08-10,2026-08-16,12:00:00 PM,CAFE CUBANO.,42.0,0.089,63.0
5274,2026-08-10,2026-08-16,12:00:00 PM,CALDO GALLEGO.MEDIANO.,1.0,0.012,8.19
5275,2026-08-10,2026-08-16,12:00:00 PM,CAMARONES AL AJILLO.,2.0,0.058,40.98
5276,2026-08-10,2026-08-16,12:00:00 PM,CAMARONES ENCHILADO.,2.0,0.057,40.18
5277,2026-08-10,2026-08-16,12:00:00 PM,CANT 4 DELIVER,4.0,0.316,224.0
5278,2026-08-10,2026-08-16,12:00:00 PM,CANT 5 RECOGER,2.0,0.169,120.0
5279,2026-08-10,2026-08-16,12:00:00 PM,CARNE CON PAPAS.,3.0,0.062,44.17
5280,2026-08-10,2026-08-16,12:00:00 PM,CHICHAR POLLO C HUESO.,1.0,0.019,13.49
5281,2026-08-10,2026-08-16,12:00:00 PM,CHICHARO GRANDE.,2.0,0.026,18.38
5282,2026-08-10,2026-08-16,12:00:00 PM,CHICHARO MEDIANO.,3.0,0.03,20.97
5283,2026-08-10,2026-08-16,12:00:00 PM,CHILINDRON D CHIVO,2.0,0.062,43.98
5284,2026-08-10,2026-08-16,12:00:00 PM,chimichurri,2.0,0.004,2.5
5285,2026-08-10,2026-08-16,12:00:00 PM,CHULETAS DE PUERCO,2.0,0.044,30.98
5286,2026-08-10,2026-08-16,12:00:00 PM,CHULETAS DE PUERCO.,4.0,0.076,54.16
5287,2026-08-10,2026-08-16,12:00:00 PM,"CHURRASCO ,,,",3.0,0.11,77.97
5288,2026-08-10,2026-08-16,12:00:00 PM,CLUB SANDWICH.,2.0,0.034,24.18
5289,2026-08-10,2026-08-16,12:00:00 PM,cocacola.botella,1.0,0.005,3.49
5290,2026-08-10,2026-08-16,12:00:00 PM,COKE CERO.,2.0,0.007,5.0
5291,2026-08-10,2026-08-16,12:00:00 PM,COKE.,12.0,0.042,30.0
5292,2026-08-10,2026-08-16,12:00:00 PM,COLADA.,11.0,0.043,30.25
5293,2026-08-10,2026-08-16,12:00:00 PM,COLORADOS GRANDE.,2.0,0.027,19.18
5294,2026-08-10,2026-08-16,12:00:00 PM,CONGRI.,1.0,0.006,3.99
5295,2026-08-10,2026-08-16,12:00:00 PM,COPA ..HELADO,2.0,0.014,9.98
5296,2026-08-10,2026-08-16,12:00:00 PM,COPA VINO,1.0,0.013,8.99
5297,2026-08-10,2026-08-16,12:00:00 PM,-CORONA.,3.0,0.023,16.47
5298,2026-08-10,2026-08-16,12:00:00 PM,Cortadito Evaporada,6.0,0.021,15.0
5299,2026-08-10,2026-08-16,12:00:00 PM,"Cortadito,.",10.0,0.032,22.5
5300,2026-08-10,2026-08-16,12:00:00 PM,CREMA CALABAZA GRANDE,5.0,0.07,49.95
5301,2026-08-10,2026-08-16,12:00:00 PM,CREMA CALABAZA MEDIAN,2.0,0.02,13.98
5302,2026-08-10,2026-08-16,12:00:00 PM,CREMA CALABAZACHIQUIT,1.0,0.006,4.5
5303,2026-08-10,2026-08-16,12:00:00 PM,CREMA MALANGA MEDIANA.,10.0,0.098,69.9
5304,2026-08-10,2026-08-16,12:00:00 PM,CREMA. MALANGA CHIQUIT,1.0,0.006,4.5
5305,2026-08-10,2026-08-16,12:00:00 PM,CREMA. MALANGA GRANDE.,4.0,0.059,41.96
5306,2026-08-10,2026-08-16,12:00:00 PM,croqueta bacalao.,2.0,0.006,3.98
5307,2026-08-10,2026-08-16,12:00:00 PM,croqueta jamon.,25.0,0.062,43.75
5308,2026-08-10,2026-08-16,12:00:00 PM,CROQUETA PREPARADA.,1.0,0.017,12.19
5309,2026-08-10,2026-08-16,12:00:00 PM,CUBANO REGULAR.,2.0,0.029,20.38
5310,2026-08-10,2026-08-16,12:00:00 PM,CUBIERTO.....,3.0,0.0,0.0
5311,2026-08-10,2026-08-16,12:00:00 PM,CUCHURA-----,1.0,0.0,0.0
5312,2026-08-10,2026-08-16,12:00:00 PM,DEDITOS .PESCADO.,3.0,0.063,44.37
5313,2026-08-10,2026-08-16,12:00:00 PM,DEDITOS DE PESCADO,4.0,0.091,64.36
5314,2026-08-10,2026-08-16,12:00:00 PM,-DEDITOS DE POLLO,2.0,0.037,26.18
5315,2026-08-10,2026-08-16,12:00:00 PM,DESALLUNOS..,11.0,0.196,139.49
5316,2026-08-10,2026-08-16,12:00:00 PM,desayuno baby,1.0,0.013,8.99
5317,2026-08-10,2026-08-16,12:00:00 PM,DIET COKE.,4.0,0.013,9.0
5318,2026-08-10,2026-08-16,12:00:00 PM,DOS HUEVO AROS. MADUR,1.0,0.013,8.99
5319,2026-08-10,2026-08-16,12:00:00 PM,DULCE DE LECHE,2.0,0.015,10.98
5320,2026-08-10,2026-08-16,12:00:00 PM,Empanada carne,11.0,0.046,32.89
5321,2026-08-10,2026-08-16,12:00:00 PM,Empanada Jamon/Queso,1.0,0.004,2.99
5322,2026-08-10,2026-08-16,12:00:00 PM,Empanada Pollo,3.0,0.013,8.97
5323,2026-08-10,2026-08-16,12:00:00 PM,Empnda Espinaca/Queso,2.0,0.008,5.98
5324,2026-08-10,2026-08-16,12:00:00 PM,ENPANISADO. RES,1.0,0.023,16.19
5325,2026-08-10,2026-08-16,12:00:00 PM,"ENPELLAS,chicharones.",2.0,0.017,12.0
5326,2026-08-10,2026-08-16,12:00:00 PM,ENSALA AGUACAT PEQUE,12.0,0.076,54.0
5327,2026-08-10,2026-08-16,12:00:00 PM,ENSALA POLLO 2 CROQUET,1.0,0.018,12.49
5328,2026-08-10,2026-08-16,12:00:00 PM,EXTRA AGUACATE.,1.0,0.002,1.75
5329,2026-08-10,2026-08-16,12:00:00 PM,EXTRA QUESO CREMA.,1.0,0.002,1.75
5330,2026-08-10,2026-08-16,12:00:00 PM,extra.coco,1.0,0.003,1.99
5331,2026-08-10,2026-08-16,12:00:00 PM,FABADA GRANDE,1.0,0.015,10.69
5332,2026-08-10,2026-08-16,12:00:00 PM,FABADA MEDIANA.,1.0,0.01,6.99
5333,2026-08-10,2026-08-16,12:00:00 PM,FILETE ALA FRANCESA,1.0,0.028,19.99
5334,2026-08-10,2026-08-16,12:00:00 PM,FILETE PESCADO EMPANI,1.0,0.025,17.49
5335,2026-08-10,2026-08-16,12:00:00 PM,-FILETE PESCADO PLANCH,2.0,0.051,35.98
5336,2026-08-10,2026-08-16,12:00:00 PM,FILETILL POLLO SALSA,1.0,0.021,15.19
5337,2026-08-10,2026-08-16,12:00:00 PM,FILETILLO DE CARNE.,4.0,0.079,56.36
5338,2026-08-10,2026-08-16,12:00:00 PM,FILETILLO POLLO PLANCH,3.0,0.067,47.37
5339,2026-08-10,2026-08-16,12:00:00 PM,FILETILLO RES PLANCHA.,1.0,0.021,14.99
5340,2026-08-10,2026-08-16,12:00:00 PM,FILETILLO RES SALSA.,1.0,0.021,15.19
5341,2026-08-10,2026-08-16,12:00:00 PM,FLAN ESPECIAL.,3.0,0.025,17.97
5342,2026-08-10,2026-08-16,12:00:00 PM,-FLAN.,8.0,0.056,39.92
5343,2026-08-10,2026-08-16,12:00:00 PM,-FRICASE DE POLLO,7.0,0.112,79.73
5344,2026-08-10,2026-08-16,12:00:00 PM,FRICASE PUERCO.,1.0,0.019,13.25
5345,2026-08-10,2026-08-16,12:00:00 PM,FRIJOL GRANDE,1.0,0.011,7.99
5346,2026-08-10,2026-08-16,12:00:00 PM,FRIJOL MEDIANO.,5.0,0.035,24.95
5347,2026-08-10,2026-08-16,12:00:00 PM,FRIJOL PEQUENO.,3.0,0.013,8.97
5348,2026-08-10,2026-08-16,12:00:00 PM,FRIJOL.COLORADO CHIQUI,2.0,0.011,7.98
5349,2026-08-10,2026-08-16,12:00:00 PM,FRITA CUBANA,1.0,0.017,11.79
5350,2026-08-10,2026-08-16,12:00:00 PM,FRITURA VACALAO.,2.0,0.018,13.0
5351,2026-08-10,2026-08-16,12:00:00 PM,FRITURAS DE MALANGA,1.0,0.009,6.5
5352,2026-08-10,2026-08-16,12:00:00 PM,GALLETA DELICIOSAS,2.0,0.01,7.2
5353,2026-08-10,2026-08-16,12:00:00 PM,GARBANZO GRANDE.,2.0,0.03,20.98
5354,2026-08-10,2026-08-16,12:00:00 PM,GARBANZO.CHIQUITO.,1.0,0.006,3.99
5355,2026-08-10,2026-08-16,12:00:00 PM,GARBANZO.FRITO.,5.0,0.102,72.35
5356,2026-08-10,2026-08-16,12:00:00 PM,GARBANZO.MEDIANO.,4.0,0.039,27.96
5357,2026-08-10,2026-08-16,12:00:00 PM,GUARAPO.,13.0,0.096,68.25
5358,2026-08-10,2026-08-16,12:00:00 PM,GUISO.MAIZ MEDIANO.,3.0,0.03,20.97
5359,2026-08-10,2026-08-16,12:00:00 PM,HELADO CONO..,4.0,0.02,14.0
5360,2026-08-10,2026-08-16,12:00:00 PM,HIGADO ITALIANA,1.0,0.021,14.99
5361,2026-08-10,2026-08-16,12:00:00 PM,HORDEN DE 3 CHICHARONE,1.0,0.005,3.25
5362,2026-08-10,2026-08-16,12:00:00 PM,IMPERIAL .,1.0,0.017,11.99
5363,2026-08-10,2026-08-16,12:00:00 PM,imperial grande.30.PER,1.0,0.225,160.0
5364,2026-08-10,2026-08-16,12:00:00 PM,IMPERIALCHIQUITA. ALTA,1.0,0.134,95.0
5365,2026-08-10,2026-08-16,12:00:00 PM,JUGO DE MANZANA.,3.0,0.014,9.75
5366,2026-08-10,2026-08-16,12:00:00 PM,JUGO MARACULLA,2.0,0.013,9.0
5367,2026-08-10,2026-08-16,12:00:00 PM,JUGO PINA,1.0,0.006,4.5
5368,2026-08-10,2026-08-16,12:00:00 PM,JUGO ZANAHORIA NARAJA,2.0,0.014,9.98
5369,2026-08-10,2026-08-16,12:00:00 PM,JUGO.NARANJA.,15.0,0.111,78.75
5370,2026-08-10,2026-08-16,12:00:00 PM,JUPIÑA.,2.0,0.007,5.0
5371,2026-08-10,2026-08-16,12:00:00 PM,LENTEJAS GRANDE.,2.0,0.027,18.98
5372,2026-08-10,2026-08-16,12:00:00 PM,LENTEJAS MEDIANA.,1.0,0.01,6.99
5373,2026-08-10,2026-08-16,12:00:00 PM,LIMONADA,8.0,0.051,36.0
5374,2026-08-10,2026-08-16,12:00:00 PM,MADIO.POLLO A la brasa,2.0,0.039,27.98
5375,2026-08-10,2026-08-16,12:00:00 PM,-MADUROS.,1.0,0.006,4.49
5376,2026-08-10,2026-08-16,12:00:00 PM,MARIQUITAS DE MALANGA,3.0,0.025,17.97
5377,2026-08-10,2026-08-16,12:00:00 PM,-MARIQUITAS.,1.0,0.008,5.99
5378,2026-08-10,2026-08-16,12:00:00 PM,-MASAS DE PUERCO,5.0,0.105,74.55
5379,2026-08-10,2026-08-16,12:00:00 PM,MASAS DE PUERCO.,4.0,0.081,57.56
5380,2026-08-10,2026-08-16,12:00:00 PM,MEDIA DE TORO.,1.0,0.023,15.99
5381,2026-08-10,2026-08-16,12:00:00 PM,MEDIA NOCHE.,2.0,0.029,20.38
5382,2026-08-10,2026-08-16,12:00:00 PM,-MEDIO POLLO A BRASA.,5.0,0.093,65.95
5383,2026-08-10,2026-08-16,12:00:00 PM,-MEDIO POLLO FRITO,1.0,0.019,13.49
5384,2026-08-10,2026-08-16,12:00:00 PM,MEDIO POLLO.ASADO.,4.0,0.074,52.56
5385,2026-08-10,2026-08-16,12:00:00 PM,MELON..SANDIA,4.0,0.025,18.0
5386,2026-08-10,2026-08-16,12:00:00 PM,MIAMI SANDWICH.,2.0,0.034,24.38
5387,2026-08-10,2026-08-16,12:00:00 PM,-MILANESA DE POLLO,2.0,0.045,32.18
5388,2026-08-10,2026-08-16,12:00:00 PM,Mini sandwich,1.0,0.009,6.19
5389,2026-08-10,2026-08-16,12:00:00 PM,MISC COCINA,1.0,0.008,6.0
5390,2026-08-10,2026-08-16,12:00:00 PM,MOFONGO PUERCO.,1.0,0.024,16.99
5391,2026-08-10,2026-08-16,12:00:00 PM,MOFONGO VACA FRITA.,1.0,0.03,21.0
5392,2026-08-10,2026-08-16,12:00:00 PM,MOROS...,1.0,0.006,3.99
5393,2026-08-10,2026-08-16,12:00:00 PM,NATILLA,1.0,0.007,4.99
5394,2026-08-10,2026-08-16,12:00:00 PM,NATILLA CATALANA,1.0,0.009,6.25
5395,2026-08-10,2026-08-16,12:00:00 PM,palomilla baby,1.0,0.016,11.2
5396,2026-08-10,2026-08-16,12:00:00 PM,-PAN CON BISTEC.,20.0,0.315,223.8
5397,2026-08-10,2026-08-16,12:00:00 PM,PAN CON LECHON.,2.0,0.027,19.18
5398,2026-08-10,2026-08-16,12:00:00 PM,PAN CON TORTILLA.,1.0,0.016,11.19
5399,2026-08-10,2026-08-16,12:00:00 PM,PAN JAMAICA,2.0,0.005,3.2
5400,2026-08-10,2026-08-16,12:00:00 PM,PAPA CASA..,1.0,0.006,3.99
5401,2026-08-10,2026-08-16,12:00:00 PM,PAPA RELLENA,7.0,0.029,20.93
5402,2026-08-10,2026-08-16,12:00:00 PM,PAPAS FRITAS,4.0,0.025,17.96
5403,2026-08-10,2026-08-16,12:00:00 PM,-PARGO FRITO,2.0,0.068,48.18
5404,2026-08-10,2026-08-16,12:00:00 PM,Pasteles Guayaba,3.0,0.006,4.5
5405,2026-08-10,2026-08-16,12:00:00 PM,PERICO DE CLARAS.,1.0,0.018,12.99
5406,2026-08-10,2026-08-16,12:00:00 PM,PERICO RIPIADO.,3.0,0.051,35.97
5407,2026-08-10,2026-08-16,12:00:00 PM,PICADILLO,2.0,0.038,27.18
5408,2026-08-10,2026-08-16,12:00:00 PM,-PICADILLO,3.0,0.062,44.07
5409,2026-08-10,2026-08-16,12:00:00 PM,pizza personal,1.0,0.015,10.99
5410,2026-08-10,2026-08-16,12:00:00 PM,POLLO EMPANIZADO,2.0,0.041,29.38
5411,2026-08-10,2026-08-16,12:00:00 PM,POTAJE COLORADOS MEDIA,1.0,0.01,7.19
5412,2026-08-10,2026-08-16,12:00:00 PM,PRESIDENTE..,1.0,0.008,5.49
5413,2026-08-10,2026-08-16,12:00:00 PM,PUDIN DE PAN.,3.0,0.023,16.47
5414,2026-08-10,2026-08-16,12:00:00 PM,PUDIN DIPLOMATICO.,2.0,0.015,10.98
5415,2026-08-10,2026-08-16,12:00:00 PM,RABO ENCENDIDO.,2.0,0.07,49.48
5416,2026-08-10,2026-08-16,12:00:00 PM,RABO ENCENDIDO...,1.0,0.034,24.19
5417,2026-08-10,2026-08-16,12:00:00 PM,Rinconcito BREAKFAST,3.0,0.06,42.72
5418,2026-08-10,2026-08-16,12:00:00 PM,RIÑONADA.,3.0,0.091,64.37
5419,2026-08-10,2026-08-16,12:00:00 PM,ROPA VIEJA..,5.0,0.107,75.75
5420,2026-08-10,2026-08-16,12:00:00 PM,ROPA VIEJA...,2.0,0.047,33.18
5421,2026-08-10,2026-08-16,12:00:00 PM,S.PELLECRINO,1.0,0.005,3.49
5422,2026-08-10,2026-08-16,12:00:00 PM,SANDWECHES POLLO..,1.0,0.016,11.69
5423,2026-08-10,2026-08-16,12:00:00 PM,-SDWC TUNA REGULAR.,1.0,0.015,10.69
5424,2026-08-10,2026-08-16,12:00:00 PM,SM SOPA PESCADO,3.0,0.018,12.75
5425,2026-08-10,2026-08-16,12:00:00 PM,Sopa de Pollo Grande,11.0,0.132,93.39
5426,2026-08-10,2026-08-16,12:00:00 PM,SOPA DE RES GRANDE,4.0,0.069,48.76
5427,2026-08-10,2026-08-16,12:00:00 PM,SOPA DE RES MEDIANA,2.0,0.023,16.18
5428,2026-08-10,2026-08-16,12:00:00 PM,SOPA PESCADO GRANDE.,3.0,0.046,32.97
5429,2026-08-10,2026-08-16,12:00:00 PM,SOPA PESCADO MEDIANA.,1.0,0.01,6.99
5430,2026-08-10,2026-08-16,12:00:00 PM,SOPA PLATANO MEDIANA.,3.0,0.03,20.97
5431,2026-08-10,2026-08-16,12:00:00 PM,Sopa Pollo Medina,3.0,0.023,16.47
5432,2026-08-10,2026-08-16,12:00:00 PM,SOPA. POLLO CHIQUITA,4.0,0.02,14.0
5433,2026-08-10,2026-08-16,12:00:00 PM,spageti carne,3.0,0.068,48.57
5434,2026-08-10,2026-08-16,12:00:00 PM,SPAGHETTI POLLO ALFRED,1.0,0.021,15.19
5435,2026-08-10,2026-08-16,12:00:00 PM,SPAGUETTI/W CARNE,1.0,0.023,16.19
5436,2026-08-10,2026-08-16,12:00:00 PM,SPRIET.,1.0,0.004,2.5
5437,2026-08-10,2026-08-16,12:00:00 PM,T0 GO MESA,23.0,0.011,8.05
5438,2026-08-10,2026-08-16,12:00:00 PM,TAMAL,2.0,0.008,5.98
5439,2026-08-10,2026-08-16,12:00:00 PM,TAMAL CAZUELA.MEDIANO.,4.0,0.04,28.36
5440,2026-08-10,2026-08-16,12:00:00 PM,TAMAL.CAZUELA GRANDE.,6.0,0.094,66.94
5441,2026-08-10,2026-08-16,12:00:00 PM,To Go.,12.0,0.003,2.4
5442,2026-08-10,2026-08-16,12:00:00 PM,To Go..,37.0,0.011,7.85
5443,2026-08-10,2026-08-16,12:00:00 PM,TORRE.TINTO,1.0,0.042,30.0
5444,2026-08-10,2026-08-16,12:00:00 PM,TORTILLA BASCA. - LATE,1.0,0.019,13.49
5445,2026-08-10,2026-08-16,12:00:00 PM,TORTILLA.,4.0,0.065,45.86
5446,2026-08-10,2026-08-16,12:00:00 PM,TOSTADA,5.0,0.014,9.95
5447,2026-08-10,2026-08-16,12:00:00 PM,TOSTONES.,4.0,0.028,19.96
5448,2026-08-10,2026-08-16,12:00:00 PM,TRES LECHES.,4.0,0.034,23.96
5449,2026-08-10,2026-08-16,12:00:00 PM,"TRIO,,HELADO",1.0,0.009,6.5
5450,2026-08-10,2026-08-16,12:00:00 PM,-VACA FRITA,17.0,0.42,298.03
5451,2026-08-10,2026-08-16,12:00:00 PM,-VACA FRITA.,3.0,0.068,48.17
5452,2026-08-10,2026-08-16,12:00:00 PM,Vaso.hielo,1.0,0.0,0.25
5453,2026-08-10,2026-08-16,12:00:00 PM,vegetal.salteado,1.0,0.008,5.49
5454,2026-08-10,2026-08-16,12:00:00 PM,YUCA.,1.0,0.006,4.49
5455,2026-08-10,2026-08-16,1:00:00 PM,.ARROZ FRITO,2.0,0.039,27.38
5456,2026-08-10,2026-08-16,1:00:00 PM,.BISTEC DE POLLO,3.0,0.062,43.67
5457,2026-08-10,2026-08-16,1:00:00 PM,== TO GO ==,32.0,0.009,6.4
5458,2026-08-10,2026-08-16,1:00:00 PM,======================,18.0,0.0,0.0
5459,2026-08-10,2026-08-16,1:00:00 PM,1 BOLA HELADO..,1.0,0.004,2.99
5460,2026-08-10,2026-08-16,1:00:00 PM,2 PIEZAS DE CORDERO.,3.0,0.106,75.57
5461,2026-08-10,2026-08-16,1:00:00 PM,"3,,PANQUEQUES..",1.0,0.008,5.99
5462,2026-08-10,2026-08-16,1:00:00 PM,305 Morados,1.0,0.009,6.25
5463,2026-08-10,2026-08-16,1:00:00 PM,AGUA NATURAL,2.0,0.006,3.98
5464,2026-08-10,2026-08-16,1:00:00 PM,AGUA PERRIER,5.0,0.025,17.45
5465,2026-08-10,2026-08-16,1:00:00 PM,AGUACATE $5.00,3.0,0.021,15.0
5466,2026-08-10,2026-08-16,1:00:00 PM,AJIACO MEDIANO,6.0,0.06,42.54
5467,2026-08-10,2026-08-16,1:00:00 PM,AJIACO..GRANDE,5.0,0.075,53.25
5468,2026-08-10,2026-08-16,1:00:00 PM,ARROS CON MARISCOS.,1.0,0.056,39.99
5469,2026-08-10,2026-08-16,1:00:00 PM,ARROZ CON LECHE,3.0,0.023,16.47
5470,2026-08-10,2026-08-16,1:00:00 PM,ARROZ BLANCO..,8.0,0.037,26.0
5471,2026-08-10,2026-08-16,1:00:00 PM,ARROZ CHIQUITO,3.0,0.012,8.75
5472,2026-08-10,2026-08-16,1:00:00 PM,ARROZ CON CALAMARES.,1.0,0.023,15.99
5473,2026-08-10,2026-08-16,1:00:00 PM,ARROZ CON POLLO,2.0,0.036,25.38
5474,2026-08-10,2026-08-16,1:00:00 PM,ARROZ CON POLLO.,5.0,0.096,68.25
5475,2026-08-10,2026-08-16,1:00:00 PM,Arroz con puerco,2.0,0.037,26.38
5476,2026-08-10,2026-08-16,1:00:00 PM,ARROZ FRITO,1.0,0.021,14.69
5477,2026-08-10,2026-08-16,1:00:00 PM,ARROZ IMPERIAL..,3.0,0.06,42.57
5478,2026-08-10,2026-08-16,1:00:00 PM,Arroz pollo.desmenuza.,3.0,0.055,39.17
5479,2026-08-10,2026-08-16,1:00:00 PM,BABY CHURASCO,4.0,0.113,80.56
5480,2026-08-10,2026-08-16,1:00:00 PM,BACALAO VISCAINA,3.0,0.085,60.57
5481,2026-08-10,2026-08-16,1:00:00 PM,BACON,1.0,0.007,4.99
5482,2026-08-10,2026-08-16,1:00:00 PM,Bananas.3 $ 1.50,2.0,0.004,3.0
5483,2026-08-10,2026-08-16,1:00:00 PM,BATIDO CHOCOLATE.,3.0,0.021,14.97
5484,2026-08-10,2026-08-16,1:00:00 PM,BATIDO FRUTA BONBA,1.0,0.007,4.99
5485,2026-08-10,2026-08-16,1:00:00 PM,BATIDO MAMEY,3.0,0.023,16.47
5486,2026-08-10,2026-08-16,1:00:00 PM,BATIDO VAINILLA,1.0,0.007,4.99
5487,2026-08-10,2026-08-16,1:00:00 PM,BISTEC A CABALLO,4.0,0.083,58.76
5488,2026-08-10,2026-08-16,1:00:00 PM,-BISTEC DE HIGADO,1.0,0.019,13.49
5489,2026-08-10,2026-08-16,1:00:00 PM,BISTEC DE POLLO-,4.0,0.079,56.06
5490,2026-08-10,2026-08-16,1:00:00 PM,BISTEC DE POLLO.,2.0,0.038,26.98
5491,2026-08-10,2026-08-16,1:00:00 PM,-BISTEC DE POLLO.,17.0,0.334,237.33
5492,2026-08-10,2026-08-16,1:00:00 PM,BISTEC DE POLLO..,2.0,0.04,28.18
5493,2026-08-10,2026-08-16,1:00:00 PM,BISTEC DE POLLO...,6.0,0.118,83.74
5494,2026-08-10,2026-08-16,1:00:00 PM,-BISTEC DE PUERCO,2.0,0.047,33.18
5495,2026-08-10,2026-08-16,1:00:00 PM,BISTEC EN CAZUELA,2.0,0.044,31.18
5496,2026-08-10,2026-08-16,1:00:00 PM,-BISTEC PALOMILLA,9.0,0.229,162.51
5497,2026-08-10,2026-08-16,1:00:00 PM,BISTEC POLLO PLANCHA,1.0,0.019,13.69
5498,2026-08-10,2026-08-16,1:00:00 PM,-BISTECDE POLLO,6.0,0.119,84.74
5499,2026-08-10,2026-08-16,1:00:00 PM,BOLICHE ..,2.0,0.043,30.18
5500,2026-08-10,2026-08-16,1:00:00 PM,BONIATILLO.,1.0,0.002,1.5
5501,2026-08-10,2026-08-16,1:00:00 PM,BONIATO FRITO..,3.0,0.021,14.97
5502,2026-08-10,2026-08-16,1:00:00 PM,BONIATO HERVIDO,1.0,0.007,4.99
5503,2026-08-10,2026-08-16,1:00:00 PM,BOÑUELOS.,3.0,0.023,16.47
5504,2026-08-10,2026-08-16,1:00:00 PM,CAFE CON LECHE GRANDE,5.0,0.032,22.5
5505,2026-08-10,2026-08-16,1:00:00 PM,CAFE CON LECHE PEQUENO,5.0,0.018,12.5
5506,2026-08-10,2026-08-16,1:00:00 PM,CAFE CUBANO.,41.0,0.087,61.5
5507,2026-08-10,2026-08-16,1:00:00 PM,CAFECITO.,1.0,0.001,0.99
5508,2026-08-10,2026-08-16,1:00:00 PM,CALDO.GALLEGO GRANDE.,2.0,0.033,23.38
5509,2026-08-10,2026-08-16,1:00:00 PM,CAMARONES ENCHILADO.,2.0,0.057,40.18
5510,2026-08-10,2026-08-16,1:00:00 PM,CANT 5 RECOGER,1.0,0.085,60.0
5511,2026-08-10,2026-08-16,1:00:00 PM,CARNE CON PAPAS.,8.0,0.163,115.52
5512,2026-08-10,2026-08-16,1:00:00 PM,CHICHAR POLLO SIN HUES,2.0,0.039,27.38
5513,2026-08-10,2026-08-16,1:00:00 PM,CHICHARO CHIQUITO.,1.0,0.006,3.99
5514,2026-08-10,2026-08-16,1:00:00 PM,CHICHARO GRANDE.,3.0,0.039,27.37
5515,2026-08-10,2026-08-16,1:00:00 PM,CHICHARO MEDIANO.,5.0,0.049,34.95
5516,2026-08-10,2026-08-16,1:00:00 PM,CHILINDRON D CHIVO,1.0,0.031,21.99
5517,2026-08-10,2026-08-16,1:00:00 PM,CHULETAS DE PUERCO,4.0,0.082,58.16
5518,2026-08-10,2026-08-16,1:00:00 PM,CHULETAS DE PUERCO.,3.0,0.06,42.67
5519,2026-08-10,2026-08-16,1:00:00 PM,"CHURRASCO ,,,",5.0,0.184,130.55
5520,2026-08-10,2026-08-16,1:00:00 PM,CLUB SANDWICH.,5.0,0.086,60.95
5521,2026-08-10,2026-08-16,1:00:00 PM,cocacola.botella,2.0,0.01,6.98
5522,2026-08-10,2026-08-16,1:00:00 PM,COKE CERO.,1.0,0.004,2.5
5523,2026-08-10,2026-08-16,1:00:00 PM,COKE.,10.0,0.035,25.0
5524,2026-08-10,2026-08-16,1:00:00 PM,COLADA.,12.0,0.046,33.0
5525,2026-08-10,2026-08-16,1:00:00 PM,COLORADOS GRANDE.,4.0,0.055,38.76
5526,2026-08-10,2026-08-16,1:00:00 PM,COPA DE SANGRIA.,1.0,0.013,8.99
5527,2026-08-10,2026-08-16,1:00:00 PM,COPA VINO,1.0,0.013,8.99
5528,2026-08-10,2026-08-16,1:00:00 PM,-CORONA.,1.0,0.008,5.49
5529,2026-08-10,2026-08-16,1:00:00 PM,Cortadito Evaporada,12.0,0.042,30.0
5530,2026-08-10,2026-08-16,1:00:00 PM,"Cortadito,.",7.0,0.022,15.75
5531,2026-08-10,2026-08-16,1:00:00 PM,CREMA BROCOLY,2.0,0.026,18.5
5532,2026-08-10,2026-08-16,1:00:00 PM,CREMA CALABAZA GRANDE,1.0,0.014,9.99
5533,2026-08-10,2026-08-16,1:00:00 PM,CREMA CALABAZA MEDIAN,2.0,0.02,13.98
5534,2026-08-10,2026-08-16,1:00:00 PM,CREMA GRANDE CALABAZA.,1.0,0.014,10.19
5535,2026-08-10,2026-08-16,1:00:00 PM,CREMA MALANGA MEDIAN,1.0,0.01,6.99
5536,2026-08-10,2026-08-16,1:00:00 PM,CREMA MALANGA MEDIANA.,4.0,0.039,27.96
5537,2026-08-10,2026-08-16,1:00:00 PM,CREMA VEGETAL GRANDE.,1.0,0.015,10.49
5538,2026-08-10,2026-08-16,1:00:00 PM,CREMA VEGETAL MEDIANA,6.0,0.059,41.94
5539,2026-08-10,2026-08-16,1:00:00 PM,CREMA. MALANGA CHIQUIT,3.0,0.019,13.5
5540,2026-08-10,2026-08-16,1:00:00 PM,CREMA. MALANGA GRANDE.,3.0,0.044,31.47
5541,2026-08-10,2026-08-16,1:00:00 PM,CREMA. VEGETALCHIQUITA,2.0,0.013,9.0
5542,2026-08-10,2026-08-16,1:00:00 PM,croqueta bacalao.,3.0,0.008,5.97
5543,2026-08-10,2026-08-16,1:00:00 PM,croqueta jamon.,23.0,0.057,40.25
5544,2026-08-10,2026-08-16,1:00:00 PM,CUBANO ESPECIAL..,1.0,0.017,12.19
5545,2026-08-10,2026-08-16,1:00:00 PM,CUBANO REGULAR.,9.0,0.129,91.51
5546,2026-08-10,2026-08-16,1:00:00 PM,CUBIERTO.....,2.0,0.0,0.0
5547,2026-08-10,2026-08-16,1:00:00 PM,CUCHURA-----,1.0,0.0,0.0
5548,2026-08-10,2026-08-16,1:00:00 PM,DEDITOS .PESCADO.,4.0,0.082,57.96
5549,2026-08-10,2026-08-16,1:00:00 PM,DEDITOS DE PESCADO,1.0,0.023,16.19
5550,2026-08-10,2026-08-16,1:00:00 PM,-DEDITOS DE POLLO,2.0,0.037,26.18
5551,2026-08-10,2026-08-16,1:00:00 PM,deditos de pollo kids,1.0,0.011,7.99
5552,2026-08-10,2026-08-16,1:00:00 PM,deditos Queso/Guayaba,2.0,0.006,3.98
5553,2026-08-10,2026-08-16,1:00:00 PM,DESALLUNOS..,8.0,0.141,99.82
5554,2026-08-10,2026-08-16,1:00:00 PM,DIET COKE.,3.0,0.01,6.75
5555,2026-08-10,2026-08-16,1:00:00 PM,DIET MATERVA.,2.0,0.007,5.0
5556,2026-08-10,2026-08-16,1:00:00 PM,DULCE DE LECHE,3.0,0.023,16.47
5557,2026-08-10,2026-08-16,1:00:00 PM,E PAGUETI SOLO ROJA.,1.0,0.013,8.99
5558,2026-08-10,2026-08-16,1:00:00 PM,Empanada carne,6.0,0.025,17.94
5559,2026-08-10,2026-08-16,1:00:00 PM,Empanada Jamon/Queso,1.0,0.004,2.99
5560,2026-08-10,2026-08-16,1:00:00 PM,Empanada Pollo,2.0,0.008,5.98
5561,2026-08-10,2026-08-16,1:00:00 PM,Empnda Espinaca/Queso,2.0,0.008,5.98
5562,2026-08-10,2026-08-16,1:00:00 PM,ENPANADA COLONBIANA..,4.0,0.014,9.96
5563,2026-08-10,2026-08-16,1:00:00 PM,ENPANISADO. RES,3.0,0.068,48.17
5564,2026-08-10,2026-08-16,1:00:00 PM,ENSALA AGUACAT PEQUE,10.0,0.063,45.0
5565,2026-08-10,2026-08-16,1:00:00 PM,ENSALA POLLO 2 CROQUET,2.0,0.035,24.98
5566,2026-08-10,2026-08-16,1:00:00 PM,ENSALADA AGUACAT GRAND,1.0,0.008,5.5
5567,2026-08-10,2026-08-16,1:00:00 PM,Ensalada Small,1.0,0.004,2.75
5568,2026-08-10,2026-08-16,1:00:00 PM,ENSALDA DE TUNA,2.0,0.034,23.98
5569,2026-08-10,2026-08-16,1:00:00 PM,Espaguetti jamon,1.0,0.018,12.99
5570,2026-08-10,2026-08-16,1:00:00 PM,extra.coco,1.0,0.003,1.99
5571,2026-08-10,2026-08-16,1:00:00 PM,FABADA MEDIANA.,1.0,0.01,6.99
5572,2026-08-10,2026-08-16,1:00:00 PM,FILETE ALA FRANCESA,1.0,0.028,19.99
5573,2026-08-10,2026-08-16,1:00:00 PM,FILETE PARGO PLANCHA,3.0,0.089,63.17
5574,2026-08-10,2026-08-16,1:00:00 PM,FILETE PESCADO EMPANI,2.0,0.05,35.18
5575,2026-08-10,2026-08-16,1:00:00 PM,FILETE SALMON.,2.0,0.051,36.2
5576,2026-08-10,2026-08-16,1:00:00 PM,FILETILLO DE CARNE.,2.0,0.038,27.18
5577,2026-08-10,2026-08-16,1:00:00 PM,FILETILLO POLLO PLANCH,8.0,0.171,121.12
5578,2026-08-10,2026-08-16,1:00:00 PM,FILETILLO RES PLANCHA.,1.0,0.021,14.99
5579,2026-08-10,2026-08-16,1:00:00 PM,FILETILLO RES SALSA.,1.0,0.021,14.99
5580,2026-08-10,2026-08-16,1:00:00 PM,FLAN ESPECIAL.,5.0,0.042,29.95
5581,2026-08-10,2026-08-16,1:00:00 PM,-FLAN.,9.0,0.063,44.91
5582,2026-08-10,2026-08-16,1:00:00 PM,-FRICASE DE POLLO,3.0,0.05,35.57
5583,2026-08-10,2026-08-16,1:00:00 PM,FRIJOL GRANDE,1.0,0.011,7.99
5584,2026-08-10,2026-08-16,1:00:00 PM,FRIJOL MEDIANO.,2.0,0.014,9.98
5585,2026-08-10,2026-08-16,1:00:00 PM,FRIJOL PEQUENO.,2.0,0.008,5.98
5586,2026-08-10,2026-08-16,1:00:00 PM,FRIJOL.COLORADO CHIQUI,4.0,0.022,15.96
5587,2026-08-10,2026-08-16,1:00:00 PM,FRITA CUBANA,1.0,0.016,11.69
5588,2026-08-10,2026-08-16,1:00:00 PM,FRITURA VACALAO.,1.0,0.009,6.5
5589,2026-08-10,2026-08-16,1:00:00 PM,FRITURAS DE MALANGA,1.0,0.009,6.5
5590,2026-08-10,2026-08-16,1:00:00 PM,GALLETA DELICIOSAS,4.0,0.02,14.4
5591,2026-08-10,2026-08-16,1:00:00 PM,GARBANZO.FRITO.,1.0,0.02,13.99
5592,2026-08-10,2026-08-16,1:00:00 PM,GARBANZO.MEDIANO.,2.0,0.02,13.98
5593,2026-08-10,2026-08-16,1:00:00 PM,GUARAPO.,3.0,0.022,15.75
5594,2026-08-10,2026-08-16,1:00:00 PM,HARINA MEDIANA,1.0,0.009,6.45
5595,2026-08-10,2026-08-16,1:00:00 PM,HARINA PEQUEÑA,1.0,0.006,3.99
5596,2026-08-10,2026-08-16,1:00:00 PM,Heineken,1.0,0.008,5.49
5597,2026-08-10,2026-08-16,1:00:00 PM,HIGADO ITALIANA,1.0,0.021,15.19
5598,2026-08-10,2026-08-16,1:00:00 PM,HORDEN DE 3 CHICHARONE,1.0,0.005,3.25
5599,2026-08-10,2026-08-16,1:00:00 PM,HUEVO FRITO,6.0,0.011,7.5
5600,2026-08-10,2026-08-16,1:00:00 PM,JUGO DE MANZANA.,2.0,0.009,6.5
5601,2026-08-10,2026-08-16,1:00:00 PM,JUGO PINA,3.0,0.019,13.5
5602,2026-08-10,2026-08-16,1:00:00 PM,JUGO ZANAHORIA NARAJA,2.0,0.014,9.98
5603,2026-08-10,2026-08-16,1:00:00 PM,JUGO.NARANJA.,12.0,0.089,63.0
5604,2026-08-10,2026-08-16,1:00:00 PM,Juntas,4.0,0.0,0.0
5605,2026-08-10,2026-08-16,1:00:00 PM,-LECHON ASADO,1.0,0.02,13.99
5606,2026-08-10,2026-08-16,1:00:00 PM,LENTEJAS GRANDE.,1.0,0.013,9.49
5607,2026-08-10,2026-08-16,1:00:00 PM,LENTEJAS MEDIANA.,2.0,0.02,13.98
5608,2026-08-10,2026-08-16,1:00:00 PM,LIMONADA,9.0,0.057,40.5
5609,2026-08-10,2026-08-16,1:00:00 PM,MADIO.POLLO A la brasa,2.0,0.04,28.38
5610,2026-08-10,2026-08-16,1:00:00 PM,-MADUROS.,10.0,0.063,44.9
5611,2026-08-10,2026-08-16,1:00:00 PM,MALBORO REG,1.0,0.017,12.0
5612,2026-08-10,2026-08-16,1:00:00 PM,-MARIQUITAS.,3.0,0.025,17.97
5613,2026-08-10,2026-08-16,1:00:00 PM,MARIQUITAS..MIXTA,2.0,0.015,10.98
5614,2026-08-10,2026-08-16,1:00:00 PM,-MASAS DE PUERCO,6.0,0.121,86.04
5615,2026-08-10,2026-08-16,1:00:00 PM,MASAS DE PUERCO.,7.0,0.137,97.43
5616,2026-08-10,2026-08-16,1:00:00 PM,-MASAS DE PUERCO.,6.0,0.121,85.84
5617,2026-08-10,2026-08-16,1:00:00 PM,MATERVA.,4.0,0.014,10.0
5618,2026-08-10,2026-08-16,1:00:00 PM,MEDIA NOCHE.,3.0,0.043,30.57
5619,2026-08-10,2026-08-16,1:00:00 PM,-MEDIO POLLO A BRASA.,2.0,0.043,30.38
5620,2026-08-10,2026-08-16,1:00:00 PM,MEDIO POLLO.ASADO.,6.0,0.111,78.74
5621,2026-08-10,2026-08-16,1:00:00 PM,MELON..SANDIA,4.0,0.025,18.0
5622,2026-08-10,2026-08-16,1:00:00 PM,MIAMI SANDWICH.,1.0,0.017,12.19
5623,2026-08-10,2026-08-16,1:00:00 PM,-MILANESA DE POLLO,2.0,0.045,31.98
5624,2026-08-10,2026-08-16,1:00:00 PM,MILANESA RES.,1.0,0.028,20.19
5625,2026-08-10,2026-08-16,1:00:00 PM,MISC COCINA,1.0,0.001,1.0
5626,2026-08-10,2026-08-16,1:00:00 PM,MOFONGO PUERCO.,1.0,0.024,16.99
5627,2026-08-10,2026-08-16,1:00:00 PM,MOROS...,6.0,0.034,23.94
5628,2026-08-10,2026-08-16,1:00:00 PM,NATILLA CATALANA,2.0,0.018,12.5
5629,2026-08-10,2026-08-16,1:00:00 PM,palomilla baby,1.0,0.015,11.0
5630,2026-08-10,2026-08-16,1:00:00 PM,-PAN CON BISTEC.,12.0,0.188,133.48
5631,2026-08-10,2026-08-16,1:00:00 PM,PAN CON LECHON.,5.0,0.068,48.25
5632,2026-08-10,2026-08-16,1:00:00 PM,PAN CON TORTILLA.,3.0,0.047,33.57
5633,2026-08-10,2026-08-16,1:00:00 PM,PAPA RELLENA,1.0,0.004,2.99
5634,2026-08-10,2026-08-16,1:00:00 PM,PAPAS FRITAS,5.0,0.032,22.45
5635,2026-08-10,2026-08-16,1:00:00 PM,-PARGO FRITO,1.0,0.034,24.19
5636,2026-08-10,2026-08-16,1:00:00 PM,Pasteles Guayaba,2.0,0.004,3.0
5637,2026-08-10,2026-08-16,1:00:00 PM,Pasteles Queso,1.0,0.002,1.5
5638,2026-08-10,2026-08-16,1:00:00 PM,PEPSI.,1.0,0.004,2.5
5639,2026-08-10,2026-08-16,1:00:00 PM,PERICO RIPIADO.,2.0,0.034,24.18
5640,2026-08-10,2026-08-16,1:00:00 PM,PICADILLO,10.0,0.193,136.9
5641,2026-08-10,2026-08-16,1:00:00 PM,-PICADILLO,1.0,0.021,14.69
5642,2026-08-10,2026-08-16,1:00:00 PM,pizza personal,2.0,0.031,21.98
5643,2026-08-10,2026-08-16,1:00:00 PM,POLLO EMPANIZADO,3.0,0.062,43.67
5644,2026-08-10,2026-08-16,1:00:00 PM,POTAJE COLORADOS MEDIA,3.0,0.03,21.37
5645,2026-08-10,2026-08-16,1:00:00 PM,PRESIDENTE..,1.0,0.008,5.49
5646,2026-08-10,2026-08-16,1:00:00 PM,PUDIN DE PAN.,6.0,0.046,32.94
5647,2026-08-10,2026-08-16,1:00:00 PM,PUDIN DIPLOMATICO.,1.0,0.008,5.49
5648,2026-08-10,2026-08-16,1:00:00 PM,PURE PAPAS.,1.0,0.006,4.49
5649,2026-08-10,2026-08-16,1:00:00 PM,RABO ENCENDIDO.,9.0,0.308,218.91
5650,2026-08-10,2026-08-16,1:00:00 PM,RABO ENCENDIDO...,7.0,0.238,168.73
5651,2026-08-10,2026-08-16,1:00:00 PM,-RACION DE MALANGA.,3.0,0.025,17.97
5652,2026-08-10,2026-08-16,1:00:00 PM,RED BULL,1.0,0.006,3.99
5653,2026-08-10,2026-08-16,1:00:00 PM,RINCONCITO APEI MASAS,1.0,0.024,16.99
5654,2026-08-10,2026-08-16,1:00:00 PM,RIÑONADA.,1.0,0.031,21.99
5655,2026-08-10,2026-08-16,1:00:00 PM,ROPA VIEJA..,5.0,0.106,75.35
5656,2026-08-10,2026-08-16,1:00:00 PM,ROPA VIEJA...,5.0,0.116,82.65
5657,2026-08-10,2026-08-16,1:00:00 PM,RUEDA DE SERRUCHO.,1.0,0.021,15.19
5658,2026-08-10,2026-08-16,1:00:00 PM,SANDWECHES POLLO..,2.0,0.033,23.18
5659,2026-08-10,2026-08-16,1:00:00 PM,SANDWICH BACON.,2.0,0.028,19.98
5660,2026-08-10,2026-08-16,1:00:00 PM,-SDWC TUNA REGULAR.,1.0,0.017,12.29
5661,2026-08-10,2026-08-16,1:00:00 PM,SM AJIACO,1.0,0.006,3.99
5662,2026-08-10,2026-08-16,1:00:00 PM,SM CREMA CALABAZA..,3.0,0.017,11.97
5663,2026-08-10,2026-08-16,1:00:00 PM,SM CREMA- MALANGA,1.0,0.006,3.99
5664,2026-08-10,2026-08-16,1:00:00 PM,SODA GINJER.,3.0,0.011,7.5
5665,2026-08-10,2026-08-16,1:00:00 PM,SOLO.TOMATE,1.0,0.004,2.5
5666,2026-08-10,2026-08-16,1:00:00 PM,Sopa de Pollo Grande,9.0,0.108,76.41
5667,2026-08-10,2026-08-16,1:00:00 PM,SOPA DE RES GRANDE,12.0,0.205,145.28
5668,2026-08-10,2026-08-16,1:00:00 PM,SOPA DE RES MEDIANA,6.0,0.069,48.74
5669,2026-08-10,2026-08-16,1:00:00 PM,SOPA PESCADO GRANDE.,3.0,0.046,32.97
5670,2026-08-10,2026-08-16,1:00:00 PM,SOPA PESCADO MEDIANA.,2.0,0.02,13.98
5671,2026-08-10,2026-08-16,1:00:00 PM,SOPA PLATANO CHIQUITA.,1.0,0.006,3.99
5672,2026-08-10,2026-08-16,1:00:00 PM,SOPA PLATANO GRANDE.,3.0,0.044,31.47
5673,2026-08-10,2026-08-16,1:00:00 PM,SOPA PLATANO MEDIANA.,3.0,0.03,20.97
5674,2026-08-10,2026-08-16,1:00:00 PM,Sopa Pollo Medina,10.0,0.077,54.9
5675,2026-08-10,2026-08-16,1:00:00 PM,SPAGHETTI CAMARON ALFR,1.0,0.031,21.99
5676,2026-08-10,2026-08-16,1:00:00 PM,SPAGHETTI POLLO ALFRED,1.0,0.021,14.99
5677,2026-08-10,2026-08-16,1:00:00 PM,SPRIET.,3.0,0.011,7.5
5678,2026-08-10,2026-08-16,1:00:00 PM,stella ARTOIS,5.0,0.039,27.45
5679,2026-08-10,2026-08-16,1:00:00 PM,SUNKIST.,1.0,0.004,2.5
5680,2026-08-10,2026-08-16,1:00:00 PM,T0 GO MESA,30.0,0.015,10.5
5681,2026-08-10,2026-08-16,1:00:00 PM,TAMAL,4.0,0.017,11.96
5682,2026-08-10,2026-08-16,1:00:00 PM,TAMAL CAZUELA.MEDIANO.,4.0,0.043,30.56
5683,2026-08-10,2026-08-16,1:00:00 PM,TAMAL.CAZUELA GRANDE.,1.0,0.016,11.19
5684,2026-08-10,2026-08-16,1:00:00 PM,TE FRIO.,1.0,0.004,2.99
5685,2026-08-10,2026-08-16,1:00:00 PM,To Go.,8.0,0.002,1.6
5686,2026-08-10,2026-08-16,1:00:00 PM,To Go..,55.0,0.016,11.45
5687,2026-08-10,2026-08-16,1:00:00 PM,TOSTADA,1.0,0.003,1.99
5688,2026-08-10,2026-08-16,1:00:00 PM,TOSTONES.,1.0,0.007,4.99
5689,2026-08-10,2026-08-16,1:00:00 PM,TRES LECHES.,6.0,0.051,35.94
5690,2026-08-10,2026-08-16,1:00:00 PM,-VACA FRITA,10.0,0.241,171.3
5691,2026-08-10,2026-08-16,1:00:00 PM,-VACA FRITA.,6.0,0.136,96.74
5692,2026-08-10,2026-08-16,1:00:00 PM,vegetal.hervido,1.0,0.007,4.99
5693,2026-08-10,2026-08-16,2:00:00 PM,.ARROZ FRITO,4.0,0.077,54.56
5694,2026-08-10,2026-08-16,2:00:00 PM,.BISTEC DE POLLO,5.0,0.096,68.25
5695,2026-08-10,2026-08-16,2:00:00 PM,_=====================,3.0,0.0,0.0
5696,2026-08-10,2026-08-16,2:00:00 PM,== TO GO ==,30.0,0.008,6.0
5697,2026-08-10,2026-08-16,2:00:00 PM,======================,16.0,0.0,0.0
5698,2026-08-10,2026-08-16,2:00:00 PM,1 BOLA HELADO..,4.0,0.017,11.96
5699,2026-08-10,2026-08-16,2:00:00 PM,1.LIBRA ENSALA POLLO.,1.0,0.013,8.99
5700,2026-08-10,2026-08-16,2:00:00 PM,AGUA PERRIER,2.0,0.01,6.98
5701,2026-08-10,2026-08-16,2:00:00 PM,AGUACATE DE 3.00,1.0,0.004,3.0
5702,2026-08-10,2026-08-16,2:00:00 PM,AGUACATE$4.00,1.0,0.006,4.0
5703,2026-08-10,2026-08-16,2:00:00 PM,AJIACO MEDIANO,1.0,0.01,6.99
5704,2026-08-10,2026-08-16,2:00:00 PM,AJIACO..GRANDE,1.0,0.015,10.69
5705,2026-08-10,2026-08-16,2:00:00 PM,ALBONDIGAS.RES.,5.0,0.102,72.75
5706,2026-08-10,2026-08-16,2:00:00 PM,ARROS CON MARISCOS.,1.0,0.058,41.49
5707,2026-08-10,2026-08-16,2:00:00 PM,ARROZ CON LECHE,1.0,0.008,5.49
5708,2026-08-10,2026-08-16,2:00:00 PM,ARROZ BLANCO..,3.0,0.014,9.75
5709,2026-08-10,2026-08-16,2:00:00 PM,ARROZ CHIQUITO,3.0,0.012,8.75
5710,2026-08-10,2026-08-16,2:00:00 PM,ARROZ CON POLLO.,3.0,0.057,40.67
5711,2026-08-10,2026-08-16,2:00:00 PM,Arroz con puerco,3.0,0.055,39.37
5712,2026-08-10,2026-08-16,2:00:00 PM,-ARROZ FRITO,3.0,0.057,40.47
5713,2026-08-10,2026-08-16,2:00:00 PM,Arroz pollo.desmenuza.,2.0,0.036,25.38
5714,2026-08-10,2026-08-16,2:00:00 PM,BABY CHURASCO,8.0,0.231,163.72
5715,2026-08-10,2026-08-16,2:00:00 PM,BABY CHURRASCO,1.0,0.026,18.19
5716,2026-08-10,2026-08-16,2:00:00 PM,BACALAO VISCAINA,2.0,0.056,39.98
5717,2026-08-10,2026-08-16,2:00:00 PM,BACON,1.0,0.007,4.99
5718,2026-08-10,2026-08-16,2:00:00 PM,banana,1.0,0.001,0.5
5719,2026-08-10,2026-08-16,2:00:00 PM,Bananas.3 $ 1.50,1.0,0.002,1.5
5720,2026-08-10,2026-08-16,2:00:00 PM,BATIDO FRUTA BONBA,2.0,0.014,9.98
5721,2026-08-10,2026-08-16,2:00:00 PM,BATIDO MAMEY,6.0,0.046,32.94
5722,2026-08-10,2026-08-16,2:00:00 PM,Best Mango,1.0,0.004,2.99
5723,2026-08-10,2026-08-16,2:00:00 PM,BISTEC A CABALLO,1.0,0.02,14.49
5724,2026-08-10,2026-08-16,2:00:00 PM,BISTEC DE POLLO-,1.0,0.019,13.49
5725,2026-08-10,2026-08-16,2:00:00 PM,BISTEC DE POLLO.,1.0,0.019,13.69
5726,2026-08-10,2026-08-16,2:00:00 PM,BISTEC DE POLLO..,1.0,0.019,13.69
5727,2026-08-10,2026-08-16,2:00:00 PM,BISTEC DE POLLO...,4.0,0.076,54.16
5728,2026-08-10,2026-08-16,2:00:00 PM,-BISTEC DE PUERCO,4.0,0.087,61.96
5729,2026-08-10,2026-08-16,2:00:00 PM,BISTEC EN CAZUELA,3.0,0.062,43.87
5730,2026-08-10,2026-08-16,2:00:00 PM,BISTEC JAMON,1.0,0.019,13.49
5731,2026-08-10,2026-08-16,2:00:00 PM,-BISTEC PALOMILLA,6.0,0.153,108.54
5732,2026-08-10,2026-08-16,2:00:00 PM,BISTEC POLLO PLANCHA,1.0,0.019,13.49
5733,2026-08-10,2026-08-16,2:00:00 PM,-BISTECDE POLLO,9.0,0.176,124.91
5734,2026-08-10,2026-08-16,2:00:00 PM,BOLA ENSALADA POLLO,2.0,0.009,6.5
5735,2026-08-10,2026-08-16,2:00:00 PM,BOLICHE ..,4.0,0.085,60.56
5736,2026-08-10,2026-08-16,2:00:00 PM,-BOLICHE ASADO,1.0,0.024,16.69
5737,2026-08-10,2026-08-16,2:00:00 PM,BONIATILLO.,1.0,0.002,1.5
5738,2026-08-10,2026-08-16,2:00:00 PM,BONIATO FRITO..,3.0,0.021,14.97
5739,2026-08-10,2026-08-16,2:00:00 PM,BONIATO HERVIDO,1.0,0.007,4.99
5740,2026-08-10,2026-08-16,2:00:00 PM,BOÑUELOS.,2.0,0.015,10.98
5741,2026-08-10,2026-08-16,2:00:00 PM,CAF.LEC.EVAP.CHICO,2.0,0.008,6.0
5742,2026-08-10,2026-08-16,2:00:00 PM,CAFE AMERICANO CHIQUIT,1.0,0.004,2.99
5743,2026-08-10,2026-08-16,2:00:00 PM,CAFE CON LECHE PEQUENO,7.0,0.025,17.5
5744,2026-08-10,2026-08-16,2:00:00 PM,CAFE CUBANO.,27.0,0.057,40.5
5745,2026-08-10,2026-08-16,2:00:00 PM,CALDO GALLEGO.CHIQUITO,1.0,0.006,4.49
5746,2026-08-10,2026-08-16,2:00:00 PM,CALDO GALLEGO.MEDIANO.,3.0,0.034,24.17
5747,2026-08-10,2026-08-16,2:00:00 PM,CALDO.GALLEGO GRANDE.,2.0,0.033,23.38
5748,2026-08-10,2026-08-16,2:00:00 PM,CAMARONE A LA PLANCHA.,1.0,0.028,19.99
5749,2026-08-10,2026-08-16,2:00:00 PM,CANT 4 DELIVER,6.0,0.473,336.0
5750,2026-08-10,2026-08-16,2:00:00 PM,CANT 4 RECOGER,1.0,0.068,48.0
5751,2026-08-10,2026-08-16,2:00:00 PM,CANT 5 DELIVER,1.0,0.099,70.0
5752,2026-08-10,2026-08-16,2:00:00 PM,CANT 5 RECOGER,3.0,0.254,180.0
5753,2026-08-10,2026-08-16,2:00:00 PM,CARNE CON PAPAS.,3.0,0.063,44.37
5754,2026-08-10,2026-08-16,2:00:00 PM,CASCOS GUAVA QUESO,3.0,0.025,17.97
5755,2026-08-10,2026-08-16,2:00:00 PM,CHICHAR POLLO C HUESO.,1.0,0.019,13.49
5756,2026-08-10,2026-08-16,2:00:00 PM,CHICHAR POLLO SIN HUES,3.0,0.06,42.47
5757,2026-08-10,2026-08-16,2:00:00 PM,CHICHARO CHIQUITO.,2.0,0.011,7.98
5758,2026-08-10,2026-08-16,2:00:00 PM,CHICHARO GRANDE.,2.0,0.026,18.18
5759,2026-08-10,2026-08-16,2:00:00 PM,chichek wings,3.0,0.032,22.5
5760,2026-08-10,2026-08-16,2:00:00 PM,CHILINDRON D CHIVO,2.0,0.063,44.38
5761,2026-08-10,2026-08-16,2:00:00 PM,CHULETAS DE PUERCO,1.0,0.02,14.49
5762,2026-08-10,2026-08-16,2:00:00 PM,CHULETAS DE PUERCO.,2.0,0.039,27.38
5763,2026-08-10,2026-08-16,2:00:00 PM,"CHURRASCO ,,,",5.0,0.184,130.35
5764,2026-08-10,2026-08-16,2:00:00 PM,churros.solo.4,1.0,0.007,4.99
5765,2026-08-10,2026-08-16,2:00:00 PM,CLUB SANDWICH.,2.0,0.034,24.38
5766,2026-08-10,2026-08-16,2:00:00 PM,COKE.,12.0,0.042,30.0
5767,2026-08-10,2026-08-16,2:00:00 PM,COLADA.,5.0,0.019,13.75
5768,2026-08-10,2026-08-16,2:00:00 PM,COLORADOS GRANDE.,1.0,0.014,9.69
5769,2026-08-10,2026-08-16,2:00:00 PM,COPA VINO,3.0,0.038,26.97
5770,2026-08-10,2026-08-16,2:00:00 PM,-CORONA.,4.0,0.031,21.96
5771,2026-08-10,2026-08-16,2:00:00 PM,Cortadito Evaporada,13.0,0.046,32.5
5772,2026-08-10,2026-08-16,2:00:00 PM,"Cortadito,.",4.0,0.013,9.0
5773,2026-08-10,2026-08-16,2:00:00 PM,CREMA BROCOLY,1.0,0.013,9.25
5774,2026-08-10,2026-08-16,2:00:00 PM,CREMA CALABAZA GRANDE,2.0,0.028,19.98
5775,2026-08-10,2026-08-16,2:00:00 PM,CREMA CALABAZACHIQUIT,1.0,0.006,4.5
5776,2026-08-10,2026-08-16,2:00:00 PM,CREMA MALANGA MEDIANA.,4.0,0.039,27.96
5777,2026-08-10,2026-08-16,2:00:00 PM,CREMA VEGETAL MEDIANA,1.0,0.01,6.99
5778,2026-08-10,2026-08-16,2:00:00 PM,CREMA VEGETALES MEDIAN,1.0,0.01,6.99
5779,2026-08-10,2026-08-16,2:00:00 PM,CREMA. MALANGA CHIQUIT,2.0,0.013,9.0
5780,2026-08-10,2026-08-16,2:00:00 PM,CREMA. MALANGA GRANDE.,3.0,0.044,31.47
5781,2026-08-10,2026-08-16,2:00:00 PM,CREMA. VEGETALCHIQUITA,3.0,0.019,13.5
5782,2026-08-10,2026-08-16,2:00:00 PM,croqueta jamon.,23.0,0.057,40.25
5783,2026-08-10,2026-08-16,2:00:00 PM,croqueta pollo.,2.0,0.005,3.5
5784,2026-08-10,2026-08-16,2:00:00 PM,CROQUETA PREPARADA.,4.0,0.069,48.76
5785,2026-08-10,2026-08-16,2:00:00 PM,CUBANO REGULAR.,1.0,0.014,10.19
5786,2026-08-10,2026-08-16,2:00:00 PM,CUBIERTO.....,1.0,0.0,0.0
5787,2026-08-10,2026-08-16,2:00:00 PM,DEDITOS DE PESCADO,3.0,0.068,48.17
5788,2026-08-10,2026-08-16,2:00:00 PM,-DEDITOS DE POLLO,1.0,0.018,12.99
5789,2026-08-10,2026-08-16,2:00:00 PM,Deditos De Queso.,5.0,0.014,9.95
5790,2026-08-10,2026-08-16,2:00:00 PM,deditos Queso/Guayaba,2.0,0.006,3.98
5791,2026-08-10,2026-08-16,2:00:00 PM,DIET COKE.,4.0,0.013,9.0
5792,2026-08-10,2026-08-16,2:00:00 PM,DIET MATERVA.,1.0,0.004,2.5
5793,2026-08-10,2026-08-16,2:00:00 PM,DULCE DE LECHE,2.0,0.015,10.98
5794,2026-08-10,2026-08-16,2:00:00 PM,E PAGUETI SOLO ROJA.,3.0,0.038,26.97
5795,2026-08-10,2026-08-16,2:00:00 PM,Empanada carne,5.0,0.021,14.95
5796,2026-08-10,2026-08-16,2:00:00 PM,Empanada Jamon/Queso,2.0,0.008,5.98
5797,2026-08-10,2026-08-16,2:00:00 PM,Empanada Pollo,6.0,0.025,17.94
5798,2026-08-10,2026-08-16,2:00:00 PM,Empnda Espinaca/Queso,8.0,0.034,23.92
5799,2026-08-10,2026-08-16,2:00:00 PM,ENPANADA COLONBIANA..,2.0,0.007,4.98
5800,2026-08-10,2026-08-16,2:00:00 PM,ENPANISADO. RES,2.0,0.046,32.38
5801,2026-08-10,2026-08-16,2:00:00 PM,ENSALA AGUACAT PEQUE,14.0,0.089,63.0
5802,2026-08-10,2026-08-16,2:00:00 PM,ENSALA POLLO 2 CROQUET,6.0,0.106,74.94
5803,2026-08-10,2026-08-16,2:00:00 PM,ENSALADA AGUACAT GRAND,1.0,0.008,5.5
5804,2026-08-10,2026-08-16,2:00:00 PM,Ensalada Small,2.0,0.008,5.5
5805,2026-08-10,2026-08-16,2:00:00 PM,ENSALDA DE TUNA,2.0,0.034,23.98
5806,2026-08-10,2026-08-16,2:00:00 PM,ESPAQUETI .SOLO ALFRED,1.0,0.013,8.99
5807,2026-08-10,2026-08-16,2:00:00 PM,extra.coco,2.0,0.006,3.98
5808,2026-08-10,2026-08-16,2:00:00 PM,FABADA GRANDE,1.0,0.015,10.69
5809,2026-08-10,2026-08-16,2:00:00 PM,FABADA MEDIANA.,3.0,0.03,21.17
5810,2026-08-10,2026-08-16,2:00:00 PM,FILETE ALA FRANCESA,1.0,0.028,19.99
5811,2026-08-10,2026-08-16,2:00:00 PM,FILETE CURVINA PLANCHA,1.0,0.027,18.99
5812,2026-08-10,2026-08-16,2:00:00 PM,FILETE PARGO EN SALSA,1.0,0.035,25.0
5813,2026-08-10,2026-08-16,2:00:00 PM,-FILETE PESCADO PLANCH,5.0,0.126,89.35
5814,2026-08-10,2026-08-16,2:00:00 PM,FILETILL POLLO SALSA,1.0,0.021,15.19
5815,2026-08-10,2026-08-16,2:00:00 PM,FILETILLO DE CARNE.,3.0,0.057,40.67
5816,2026-08-10,2026-08-16,2:00:00 PM,FILETILLO POLLO PLANCH,3.0,0.064,45.37
5817,2026-08-10,2026-08-16,2:00:00 PM,FILETILLO RES PLANCHA.,2.0,0.042,29.98
5818,2026-08-10,2026-08-16,2:00:00 PM,FLAN ESPECIAL.,3.0,0.025,17.97
5819,2026-08-10,2026-08-16,2:00:00 PM,-FLAN.,2.0,0.014,9.98
5820,2026-08-10,2026-08-16,2:00:00 PM,-FRICASE DE POLLO,5.0,0.084,59.35
5821,2026-08-10,2026-08-16,2:00:00 PM,FRICASE PUERCO.,3.0,0.059,41.95
5822,2026-08-10,2026-08-16,2:00:00 PM,FRIJOL GRANDE,4.0,0.045,31.96
5823,2026-08-10,2026-08-16,2:00:00 PM,FRIJOL MEDIANO.,2.0,0.014,9.98
5824,2026-08-10,2026-08-16,2:00:00 PM,FRIJOL PEQUENO.,3.0,0.013,8.97
5825,2026-08-10,2026-08-16,2:00:00 PM,FRITURA VACALAO.,2.0,0.018,13.0
5826,2026-08-10,2026-08-16,2:00:00 PM,GALLETA DELICIOSAS,1.0,0.005,3.6
5827,2026-08-10,2026-08-16,2:00:00 PM,GARBANZO GRANDE.,3.0,0.044,31.47
5828,2026-08-10,2026-08-16,2:00:00 PM,GARBANZO.MEDIANO.,4.0,0.039,27.96
5829,2026-08-10,2026-08-16,2:00:00 PM,GUARAPO.,4.0,0.03,21.0
5830,2026-08-10,2026-08-16,2:00:00 PM,GUISO.MAIZ MEDIANO.,1.0,0.01,6.99
5831,2026-08-10,2026-08-16,2:00:00 PM,Heineken,2.0,0.015,10.98
5832,2026-08-10,2026-08-16,2:00:00 PM,HORDEN DE CHICHARON.,1.0,0.005,3.25
5833,2026-08-10,2026-08-16,2:00:00 PM,HORDEN DE 3 CHICHARONE,3.0,0.014,9.75
5834,2026-08-10,2026-08-16,2:00:00 PM,HUEVO FRITO,2.0,0.004,3.0
5835,2026-08-10,2026-08-16,2:00:00 PM,IMPERIAL.OVALADO.,1.0,0.197,140.0
5836,2026-08-10,2026-08-16,2:00:00 PM,JUGO MARACULLA,3.0,0.019,13.5
5837,2026-08-10,2026-08-16,2:00:00 PM,JUGO PINA,2.0,0.013,9.0
5838,2026-08-10,2026-08-16,2:00:00 PM,JUGO ZANAHORIA NARAJA,5.0,0.035,24.95
5839,2026-08-10,2026-08-16,2:00:00 PM,JUGO.NARANJA.,7.0,0.052,36.75
5840,2026-08-10,2026-08-16,2:00:00 PM,Juntas,1.0,0.0,0.0
5841,2026-08-10,2026-08-16,2:00:00 PM,JUPIÑA.,6.0,0.021,15.0
5842,2026-08-10,2026-08-16,2:00:00 PM,-LECHE MALTEADA,4.0,0.028,19.96
5843,2026-08-10,2026-08-16,2:00:00 PM,-LECHON ASADO,8.0,0.159,113.12
5844,2026-08-10,2026-08-16,2:00:00 PM,LENTEJAS GRANDE.,1.0,0.013,9.49
5845,2026-08-10,2026-08-16,2:00:00 PM,LENTEJAS MEDIANA.,5.0,0.049,34.95
5846,2026-08-10,2026-08-16,2:00:00 PM,LIMONADA,4.0,0.025,18.0
5847,2026-08-10,2026-08-16,2:00:00 PM,LIMONADA FRESA,1.0,0.008,5.99
5848,2026-08-10,2026-08-16,2:00:00 PM,MADIO.POLLO A la brasa,4.0,0.08,56.96
5849,2026-08-10,2026-08-16,2:00:00 PM,-MADUROS.,7.0,0.044,31.43
5850,2026-08-10,2026-08-16,2:00:00 PM,MALBORO LIGHT,1.0,0.017,12.0
5851,2026-08-10,2026-08-16,2:00:00 PM,-MALTA,2.0,0.009,6.5
5852,2026-08-10,2026-08-16,2:00:00 PM,MARIQUITAS DE MALANGA,2.0,0.017,11.98
5853,2026-08-10,2026-08-16,2:00:00 PM,-MARIQUITAS.,1.0,0.008,5.99
5854,2026-08-10,2026-08-16,2:00:00 PM,MARIQUITAS..MIXTA,2.0,0.015,10.98
5855,2026-08-10,2026-08-16,2:00:00 PM,-MASAS DE PUERCO,3.0,0.063,44.37
5856,2026-08-10,2026-08-16,2:00:00 PM,MASAS DE PUERCO.,1.0,0.019,13.69
5857,2026-08-10,2026-08-16,2:00:00 PM,-MASAS DE PUERCO.,3.0,0.059,42.17
5858,2026-08-10,2026-08-16,2:00:00 PM,MATERVA.,1.0,0.004,2.5
5859,2026-08-10,2026-08-16,2:00:00 PM,MEDIA NOCHE.,11.0,0.157,111.49
5860,2026-08-10,2026-08-16,2:00:00 PM,-MEDIO POLLO A BRASA.,1.0,0.018,12.99
5861,2026-08-10,2026-08-16,2:00:00 PM,MEDIO POLLO.ASADO.,2.0,0.037,26.18
5862,2026-08-10,2026-08-16,2:00:00 PM,MELON..SANDIA,1.0,0.006,4.5
5863,2026-08-10,2026-08-16,2:00:00 PM,MIAMI SANDWICH.,2.0,0.034,24.18
5864,2026-08-10,2026-08-16,2:00:00 PM,-MILANESA DE POLLO,3.0,0.068,48.17
5865,2026-08-10,2026-08-16,2:00:00 PM,Miller Light,1.0,0.007,4.99
5866,2026-08-10,2026-08-16,2:00:00 PM,MODELO,3.0,0.023,16.47
5867,2026-08-10,2026-08-16,2:00:00 PM,MOFONGO PUERCO.,2.0,0.048,33.98
5868,2026-08-10,2026-08-16,2:00:00 PM,Mofongo solo,2.0,0.023,15.98
5869,2026-08-10,2026-08-16,2:00:00 PM,MOFONGO VACA FRITA.,1.0,0.03,21.2
5870,2026-08-10,2026-08-16,2:00:00 PM,MOJO CHIQUITO.,1.0,0.006,3.95
5871,2026-08-10,2026-08-16,2:00:00 PM,MOROS...,2.0,0.011,7.98
5872,2026-08-10,2026-08-16,2:00:00 PM,-PAN CON BISTEC.,8.0,0.125,88.72
5873,2026-08-10,2026-08-16,2:00:00 PM,PAN CON LECHON.,2.0,0.027,19.38
5874,2026-08-10,2026-08-16,2:00:00 PM,PAN DE BONO..,1.0,0.003,1.99
5875,2026-08-10,2026-08-16,2:00:00 PM,PAPA RELLENA,1.0,0.004,2.99
5876,2026-08-10,2026-08-16,2:00:00 PM,PAPAS FRITAS,1.0,0.006,4.49
5877,2026-08-10,2026-08-16,2:00:00 PM,-PARGO FRITO,3.0,0.102,72.37
5878,2026-08-10,2026-08-16,2:00:00 PM,-PARGO FRITO ENTERO.,1.0,0.037,26.19
5879,2026-08-10,2026-08-16,2:00:00 PM,Pasteles Guayaba,7.0,0.015,10.5
5880,2026-08-10,2026-08-16,2:00:00 PM,PERICO RIPIADO.,2.0,0.038,26.68
5881,2026-08-10,2026-08-16,2:00:00 PM,PICADILLO,6.0,0.115,81.54
5882,2026-08-10,2026-08-16,2:00:00 PM,-PICADILLO,4.0,0.082,58.56
5883,2026-08-10,2026-08-16,2:00:00 PM,PIERNA LASQUIADA.,1.0,0.268,189.99
5884,2026-08-10,2026-08-16,2:00:00 PM,POLLO EMPANIZADO,2.0,0.041,28.98
5885,2026-08-10,2026-08-16,2:00:00 PM,PRESIDENTE..,1.0,0.008,5.49
5886,2026-08-10,2026-08-16,2:00:00 PM,PUDIN DE PAN.,2.0,0.015,10.98
5887,2026-08-10,2026-08-16,2:00:00 PM,PUDIN DIPLOMATICO.,1.0,0.008,5.49
5888,2026-08-10,2026-08-16,2:00:00 PM,QUESO AMERICANO.,1.0,0.002,1.75
5889,2026-08-10,2026-08-16,2:00:00 PM,RABO ENCENDIDO.,2.0,0.068,48.38
5890,2026-08-10,2026-08-16,2:00:00 PM,RABO ENCENDIDO...,8.0,0.272,193.12
5891,2026-08-10,2026-08-16,2:00:00 PM,-RACION DE MALANGA.,1.0,0.008,5.99
5892,2026-08-10,2026-08-16,2:00:00 PM,RIÑONADA.CON.3. CAMAR,1.0,0.042,29.99
5893,2026-08-10,2026-08-16,2:00:00 PM,ROPA VIEJA..,1.0,0.021,14.99
5894,2026-08-10,2026-08-16,2:00:00 PM,ROPA VIEJA...,3.0,0.071,50.07
5895,2026-08-10,2026-08-16,2:00:00 PM,RUEDA DE SERRUCHO.,1.0,0.021,15.19
5896,2026-08-10,2026-08-16,2:00:00 PM,SANDWECHES POLLO..,1.0,0.016,11.69
5897,2026-08-10,2026-08-16,2:00:00 PM,Sopa de Pollo Grande,10.0,0.12,84.9
5898,2026-08-10,2026-08-16,2:00:00 PM,SOPA DE RES GRANDE,7.0,0.119,84.53
5899,2026-08-10,2026-08-16,2:00:00 PM,SOPA PESCADO GRANDE.,3.0,0.046,32.97
5900,2026-08-10,2026-08-16,2:00:00 PM,SOPA PESCADO MEDIANA.,1.0,0.01,6.99
5901,2026-08-10,2026-08-16,2:00:00 PM,SOPA PLATANO GRANDE.,1.0,0.015,10.49
5902,2026-08-10,2026-08-16,2:00:00 PM,SOPA PLATANO MEDIANA.,3.0,0.03,20.97
5903,2026-08-10,2026-08-16,2:00:00 PM,Sopa Pollo Medina,8.0,0.062,43.92
5904,2026-08-10,2026-08-16,2:00:00 PM,SOPA. POLLO CHIQUITA,2.0,0.01,7.0
5905,2026-08-10,2026-08-16,2:00:00 PM,SPAGHETTI CAMARON ALFR,1.0,0.033,23.49
5906,2026-08-10,2026-08-16,2:00:00 PM,SPRIET.,6.0,0.021,15.0
5907,2026-08-10,2026-08-16,2:00:00 PM,T0 GO MESA,33.0,0.016,11.55
5908,2026-08-10,2026-08-16,2:00:00 PM,TAMAL,3.0,0.013,8.97
5909,2026-08-10,2026-08-16,2:00:00 PM,TAMAL CAZUELA.MEDIANO.,3.0,0.03,21.37
5910,2026-08-10,2026-08-16,2:00:00 PM,TAMAL.CAZUELA GRANDE.,1.0,0.016,11.19
5911,2026-08-10,2026-08-16,2:00:00 PM,TE FRIO.,1.0,0.004,2.99
5912,2026-08-10,2026-08-16,2:00:00 PM,To Go.,9.0,0.003,1.8
5913,2026-08-10,2026-08-16,2:00:00 PM,To Go..,48.0,0.014,9.9
5914,2026-08-10,2026-08-16,2:00:00 PM,TOSTONES.,3.0,0.021,14.97
5915,2026-08-10,2026-08-16,2:00:00 PM,TRES LECHES.,4.0,0.034,23.96
5916,2026-08-10,2026-08-16,2:00:00 PM,-VACA FRITA,5.0,0.121,85.75
5917,2026-08-10,2026-08-16,2:00:00 PM,-VACA FRITA.,3.0,0.068,48.57
5918,2026-08-10,2026-08-16,2:00:00 PM,YUCA.,2.0,0.013,8.98
5919,2026-08-10,2026-08-16,3:00:00 PM,.ARROZ FRITO,1.0,0.019,13.69
5920,2026-08-10,2026-08-16,3:00:00 PM,.BISTEC DE POLLO,2.0,0.038,27.18
5921,2026-08-10,2026-08-16,3:00:00 PM,_=====================,20.0,0.0,0.0
5922,2026-08-10,2026-08-16,3:00:00 PM,== TO GO ==,21.0,0.006,4.2
5923,2026-08-10,2026-08-16,3:00:00 PM,======================,2.0,0.0,0.0
5924,2026-08-10,2026-08-16,3:00:00 PM,1 PIEZA DE CORDERO,2.0,0.051,36.18
5925,2026-08-10,2026-08-16,3:00:00 PM,305 Morados,1.0,0.009,6.25
5926,2026-08-10,2026-08-16,3:00:00 PM,AGUA PERRIER,1.0,0.005,3.49
5927,2026-08-10,2026-08-16,3:00:00 PM,AJIACO MEDIANO,5.0,0.05,35.55
5928,2026-08-10,2026-08-16,3:00:00 PM,AJIACO..GRANDE,5.0,0.075,53.45
5929,2026-08-10,2026-08-16,3:00:00 PM,ALBONDIGAS.RES.,4.0,0.081,57.56
5930,2026-08-10,2026-08-16,3:00:00 PM,ARROZ CON LECHE,4.0,0.031,21.96
5931,2026-08-10,2026-08-16,3:00:00 PM,ARROZ BLANCO..,3.0,0.014,9.75
5932,2026-08-10,2026-08-16,3:00:00 PM,ARROZ CHIQUITO,2.0,0.006,4.5
5933,2026-08-10,2026-08-16,3:00:00 PM,ARROZ CON CALAMARES.,1.0,0.023,15.99
5934,2026-08-10,2026-08-16,3:00:00 PM,ARROZ CON POLLO,3.0,0.053,37.87
5935,2026-08-10,2026-08-16,3:00:00 PM,ARROZ CON POLLO.,1.0,0.019,13.69
5936,2026-08-10,2026-08-16,3:00:00 PM,Arroz con puerco,5.0,0.096,67.95
5937,2026-08-10,2026-08-16,3:00:00 PM,ARROZ FRITO,1.0,0.021,14.69
5938,2026-08-10,2026-08-16,3:00:00 PM,ARROZ IMPERIAL..,1.0,0.02,13.99
5939,2026-08-10,2026-08-16,3:00:00 PM,Arroz pollo.desmenuza.,1.0,0.018,12.49
5940,2026-08-10,2026-08-16,3:00:00 PM,BABY CHURASCO,5.0,0.148,105.15
5941,2026-08-10,2026-08-16,3:00:00 PM,BABY CHURRASCO,3.0,0.076,54.17
5942,2026-08-10,2026-08-16,3:00:00 PM,BACALAO VISCAINA,2.0,0.057,40.38
5943,2026-08-10,2026-08-16,3:00:00 PM,Bananas.3 $ 1.50,2.0,0.004,3.0
5944,2026-08-10,2026-08-16,3:00:00 PM,bandeja rinconcito 87,1.0,0.046,32.99
5945,2026-08-10,2026-08-16,3:00:00 PM,BATIDO .FRESA,1.0,0.007,4.99
5946,2026-08-10,2026-08-16,3:00:00 PM,BATIDO CHOCOLATE.,8.0,0.056,39.92
5947,2026-08-10,2026-08-16,3:00:00 PM,BATIDO FRUTA BONBA,1.0,0.007,4.99
5948,2026-08-10,2026-08-16,3:00:00 PM,BATIDO MAMEY,8.0,0.062,43.92
5949,2026-08-10,2026-08-16,3:00:00 PM,BATIDO MANGO,2.0,0.014,9.98
5950,2026-08-10,2026-08-16,3:00:00 PM,BATIDO TRIGO,1.0,0.007,4.99
5951,2026-08-10,2026-08-16,3:00:00 PM,BISTEC A CABALLO,1.0,0.02,14.49
5952,2026-08-10,2026-08-16,3:00:00 PM,-BISTEC DE HIGADO,1.0,0.019,13.49
5953,2026-08-10,2026-08-16,3:00:00 PM,BISTEC DE POLLO-,4.0,0.078,55.36
5954,2026-08-10,2026-08-16,3:00:00 PM,BISTEC DE POLLO.,4.0,0.08,56.56
5955,2026-08-10,2026-08-16,3:00:00 PM,-BISTEC DE POLLO.,2.0,0.041,29.18
5956,2026-08-10,2026-08-16,3:00:00 PM,BISTEC DE POLLO..,4.0,0.08,56.56
5957,2026-08-10,2026-08-16,3:00:00 PM,BISTEC DE POLLO...,4.0,0.077,54.56
5958,2026-08-10,2026-08-16,3:00:00 PM,-BISTEC DE PUERCO,2.0,0.045,31.98
5959,2026-08-10,2026-08-16,3:00:00 PM,-BISTEC PALOMILLA,11.0,0.284,201.59
5960,2026-08-10,2026-08-16,3:00:00 PM,BISTEC POLLO PLANCHA,4.0,0.079,56.36
5961,2026-08-10,2026-08-16,3:00:00 PM,-BISTECDE POLLO,3.0,0.058,40.87
5962,2026-08-10,2026-08-16,3:00:00 PM,BOLICHE ..,3.0,0.064,45.57
5963,2026-08-10,2026-08-16,3:00:00 PM,BONIATO FRITO..,1.0,0.007,4.99
5964,2026-08-10,2026-08-16,3:00:00 PM,BONIATO HERVIDO,4.0,0.028,19.96
5965,2026-08-10,2026-08-16,3:00:00 PM,BOÑUELOS.,3.0,0.023,16.47
5966,2026-08-10,2026-08-16,3:00:00 PM,CAESAR /POLLO,1.0,0.018,12.99
5967,2026-08-10,2026-08-16,3:00:00 PM,CAFE CON LECHE GRANDE,1.0,0.006,4.5
5968,2026-08-10,2026-08-16,3:00:00 PM,CAFE CON LECHE MEDIANO,2.0,0.011,7.5
5969,2026-08-10,2026-08-16,3:00:00 PM,CAFE CON LECHE PEQUENO,1.0,0.004,2.5
5970,2026-08-10,2026-08-16,3:00:00 PM,CAFE CUBANO.,26.0,0.055,39.0
5971,2026-08-10,2026-08-16,3:00:00 PM,CALDO GALLEGO.MEDIANO.,2.0,0.023,16.38
5972,2026-08-10,2026-08-16,3:00:00 PM,CALDO.GALLEGO GRANDE.,1.0,0.016,11.69
5973,2026-08-10,2026-08-16,3:00:00 PM,CAMARONES AL AJILLO.,2.0,0.057,40.18
5974,2026-08-10,2026-08-16,3:00:00 PM,CANT 4 DELIVER,1.0,0.079,56.0
5975,2026-08-10,2026-08-16,3:00:00 PM,CANT 4 RECOGER,2.0,0.135,96.0
5976,2026-08-10,2026-08-16,3:00:00 PM,CANT 5 DELIVER,1.0,0.099,70.0
5977,2026-08-10,2026-08-16,3:00:00 PM,CARNE CON PAPAS.,2.0,0.04,28.38
5978,2026-08-10,2026-08-16,3:00:00 PM,CASCOS GUAVA QUESO,1.0,0.008,5.99
5979,2026-08-10,2026-08-16,3:00:00 PM,CHICHAR POLLO SIN HUES,1.0,0.019,13.69
5980,2026-08-10,2026-08-16,3:00:00 PM,CHICHARO CHIQUITO.,2.0,0.011,7.98
5981,2026-08-10,2026-08-16,3:00:00 PM,CHICHARO MEDIANO.,1.0,0.01,6.99
5982,2026-08-10,2026-08-16,3:00:00 PM,CHILINDRON D CHIVO,1.0,0.031,22.19
5983,2026-08-10,2026-08-16,3:00:00 PM,CHULETAS DE PUERCO.,1.0,0.019,13.69
5984,2026-08-10,2026-08-16,3:00:00 PM,"CHURRASCO ,,,",7.0,0.257,182.53
5985,2026-08-10,2026-08-16,3:00:00 PM,COKE CERO.,8.0,0.028,20.0
5986,2026-08-10,2026-08-16,3:00:00 PM,COKE.,3.0,0.011,7.5
5987,2026-08-10,2026-08-16,3:00:00 PM,COLADA.,7.0,0.027,19.25
5988,2026-08-10,2026-08-16,3:00:00 PM,CONGRI.,1.0,0.006,3.99
5989,2026-08-10,2026-08-16,3:00:00 PM,COPA VINO,1.0,0.013,8.99
5990,2026-08-10,2026-08-16,3:00:00 PM,-CORONA.,4.0,0.031,21.96
5991,2026-08-10,2026-08-16,3:00:00 PM,Cortadito Evaporada,10.0,0.035,25.0
5992,2026-08-10,2026-08-16,3:00:00 PM,"Cortadito,.",1.0,0.003,2.25
5993,2026-08-10,2026-08-16,3:00:00 PM,CREMA BROCOLY,4.0,0.052,37.0
5994,2026-08-10,2026-08-16,3:00:00 PM,CREMA MALANGA MEDIANA.,6.0,0.059,41.94
5995,2026-08-10,2026-08-16,3:00:00 PM,CREMA. MALANGA CHIQUIT,1.0,0.006,4.5
5996,2026-08-10,2026-08-16,3:00:00 PM,CREMA. MALANGA GRANDE.,2.0,0.03,20.98
5997,2026-08-10,2026-08-16,3:00:00 PM,CREMA. VEGETALCHIQUITA,3.0,0.019,13.5
5998,2026-08-10,2026-08-16,3:00:00 PM,croqueta bacalao.,6.0,0.017,11.94
5999,2026-08-10,2026-08-16,3:00:00 PM,croqueta jamon.,5.0,0.012,8.75
6000,2026-08-10,2026-08-16,3:00:00 PM,croqueta pollo.,3.0,0.007,5.25
6001,2026-08-10,2026-08-16,3:00:00 PM,CUBANO ESPECIAL..,2.0,0.034,24.38
6002,2026-08-10,2026-08-16,3:00:00 PM,CUNE.1/2,1.0,0.024,16.99
6003,2026-08-10,2026-08-16,3:00:00 PM,DEDITOS .PESCADO.,2.0,0.04,28.38
6004,2026-08-10,2026-08-16,3:00:00 PM,deditos de pollo kids,1.0,0.011,7.99
6005,2026-08-10,2026-08-16,3:00:00 PM,DIET COKE.,1.0,0.003,2.25
6006,2026-08-10,2026-08-16,3:00:00 PM,Empnda Espinaca/Queso,1.0,0.004,2.99
6007,2026-08-10,2026-08-16,3:00:00 PM,ENPANISADO. RES,3.0,0.068,48.57
6008,2026-08-10,2026-08-16,3:00:00 PM,ENSALA AGUACAT PEQUE,14.0,0.089,63.0
6009,2026-08-10,2026-08-16,3:00:00 PM,ENSALA POLLO 2 CROQUET,2.0,0.035,24.98
6010,2026-08-10,2026-08-16,3:00:00 PM,ENSALADA MIXTA,1.0,0.009,6.5
6011,2026-08-10,2026-08-16,3:00:00 PM,Ensalada Small,4.0,0.015,11.0
6012,2026-08-10,2026-08-16,3:00:00 PM,EXTRA AGUACATE.,1.0,0.002,1.75
6013,2026-08-10,2026-08-16,3:00:00 PM,FABADA GRANDE,1.0,0.015,10.69
6014,2026-08-10,2026-08-16,3:00:00 PM,FILETE DE MAHIMAHI,1.0,0.024,16.99
6015,2026-08-10,2026-08-16,3:00:00 PM,FILETE PARGO EN SALSA,2.0,0.068,48.0
6016,2026-08-10,2026-08-16,3:00:00 PM,FILETE PARGO PLANCHA,2.0,0.059,41.98
6017,2026-08-10,2026-08-16,3:00:00 PM,-FILETE PESCADO PLANCH,2.0,0.051,35.98
6018,2026-08-10,2026-08-16,3:00:00 PM,FILETE SALMON.,2.0,0.051,36.0
6019,2026-08-10,2026-08-16,3:00:00 PM,FILETILLO POLLO PLANCH,1.0,0.021,14.99
6020,2026-08-10,2026-08-16,3:00:00 PM,FILETILLO RES PLANCHA.,1.0,0.021,15.19
6021,2026-08-10,2026-08-16,3:00:00 PM,FLAN ESPECIAL.,8.0,0.068,47.92
6022,2026-08-10,2026-08-16,3:00:00 PM,-FLAN.,2.0,0.014,9.98
6023,2026-08-10,2026-08-16,3:00:00 PM,-FRICASE DE POLLO,2.0,0.031,21.98
6024,2026-08-10,2026-08-16,3:00:00 PM,FRICASE PUERCO.,1.0,0.019,13.45
6025,2026-08-10,2026-08-16,3:00:00 PM,FRIJOL MEDIANO.,3.0,0.021,14.97
6026,2026-08-10,2026-08-16,3:00:00 PM,FRIJOL PEQUENO.,4.0,0.017,11.96
6027,2026-08-10,2026-08-16,3:00:00 PM,FRITURA VACALAO.,2.0,0.018,13.0
6028,2026-08-10,2026-08-16,3:00:00 PM,FRITURAS DE MALANGA,1.0,0.009,6.5
6029,2026-08-10,2026-08-16,3:00:00 PM,fuma-PITA,1.0,0.003,1.89
6030,2026-08-10,2026-08-16,3:00:00 PM,GARBANZO.FRITO.,4.0,0.079,56.36
6031,2026-08-10,2026-08-16,3:00:00 PM,GARBANZO.MEDIANO.,2.0,0.02,13.98
6032,2026-08-10,2026-08-16,3:00:00 PM,GUARAPO.,3.0,0.022,15.75
6033,2026-08-10,2026-08-16,3:00:00 PM,GUISO.MAIZ MEDIANO.,1.0,0.01,6.99
6034,2026-08-10,2026-08-16,3:00:00 PM,HELADO CONO..,3.0,0.015,10.5
6035,2026-08-10,2026-08-16,3:00:00 PM,HIGADO ITALIANA,2.0,0.045,32.18
6036,2026-08-10,2026-08-16,3:00:00 PM,HORDE DEPAN,1.0,0.002,1.5
6037,2026-08-10,2026-08-16,3:00:00 PM,HUEVO FRITO,1.0,0.002,1.5
6038,2026-08-10,2026-08-16,3:00:00 PM,HUEVO REVUELTO,6.0,0.013,9.0
6039,2026-08-10,2026-08-16,3:00:00 PM,IRON BEER.,1.0,0.004,2.5
6040,2026-08-10,2026-08-16,3:00:00 PM,JUGO MARACULLA,2.0,0.013,9.0
6041,2026-08-10,2026-08-16,3:00:00 PM,JUGO.NARANJA.,9.0,0.067,47.25
6042,2026-08-10,2026-08-16,3:00:00 PM,JUPINA DIETA,1.0,0.004,2.5
6043,2026-08-10,2026-08-16,3:00:00 PM,JUPIÑA.,1.0,0.004,2.5
6044,2026-08-10,2026-08-16,3:00:00 PM,-LECHON ASADO,1.0,0.02,14.19
6045,2026-08-10,2026-08-16,3:00:00 PM,LENTEJAS GRANDE.,2.0,0.027,18.98
6046,2026-08-10,2026-08-16,3:00:00 PM,LENTEJAS MEDIANA.,2.0,0.02,13.98
6047,2026-08-10,2026-08-16,3:00:00 PM,LIMANADA COCO.,1.0,0.008,5.99
6048,2026-08-10,2026-08-16,3:00:00 PM,LIMONADA,5.0,0.032,22.5
6049,2026-08-10,2026-08-16,3:00:00 PM,MADIO.POLLO A la brasa,1.0,0.02,14.19
6050,2026-08-10,2026-08-16,3:00:00 PM,MARIQUITAS DE MALANGA,1.0,0.008,5.99
6051,2026-08-10,2026-08-16,3:00:00 PM,-MARIQUITAS.,3.0,0.025,17.97
6052,2026-08-10,2026-08-16,3:00:00 PM,-MASAS DE PUERCO,5.0,0.102,72.25
6053,2026-08-10,2026-08-16,3:00:00 PM,MASAS DE PUERCO.,2.0,0.041,28.98
6054,2026-08-10,2026-08-16,3:00:00 PM,-MASAS DE PUERCO.,2.0,0.04,28.18
6055,2026-08-10,2026-08-16,3:00:00 PM,MATERVA.,3.0,0.011,7.5
6056,2026-08-10,2026-08-16,3:00:00 PM,MEDIA NOCHE.,1.0,0.014,10.19
6057,2026-08-10,2026-08-16,3:00:00 PM,MEDIO POLLO.ASADO.,1.0,0.019,13.19
6058,2026-08-10,2026-08-16,3:00:00 PM,MELON..SANDIA,5.0,0.032,22.5
6059,2026-08-10,2026-08-16,3:00:00 PM,-MILANESA DE POLLO,3.0,0.068,48.37
6060,2026-08-10,2026-08-16,3:00:00 PM,MILANESA RES.,1.0,0.028,20.19
6061,2026-08-10,2026-08-16,3:00:00 PM,MISC COCINA,2.0,0.021,15.0
6062,2026-08-10,2026-08-16,3:00:00 PM,MODELO,2.0,0.015,10.98
6063,2026-08-10,2026-08-16,3:00:00 PM,MOFONGO PUERCO.,1.0,0.024,16.99
6064,2026-08-10,2026-08-16,3:00:00 PM,NATILLA,1.0,0.007,4.99
6065,2026-08-10,2026-08-16,3:00:00 PM,NATILLA CATALANA,2.0,0.018,12.5
6066,2026-08-10,2026-08-16,3:00:00 PM,-PAN CON BISTEC.,2.0,0.032,22.38
6067,2026-08-10,2026-08-16,3:00:00 PM,PAPAS FRITAS,4.0,0.025,17.96
6068,2026-08-10,2026-08-16,3:00:00 PM,PERICO RIPIADO.,2.0,0.034,23.98
6069,2026-08-10,2026-08-16,3:00:00 PM,PICADILLO,4.0,0.077,54.56
6070,2026-08-10,2026-08-16,3:00:00 PM,-PICADILLO,1.0,0.021,14.69
6071,2026-08-10,2026-08-16,3:00:00 PM,PINA COLADA,2.0,0.02,13.98
6072,2026-08-10,2026-08-16,3:00:00 PM,POLLO EMPANIZADO,2.0,0.041,29.18
6073,2026-08-10,2026-08-16,3:00:00 PM,PUDIN DIPLOMATICO.,4.0,0.031,21.96
6074,2026-08-10,2026-08-16,3:00:00 PM,QUESO SUIZO,1.0,0.003,1.99
6075,2026-08-10,2026-08-16,3:00:00 PM,RABO ENCENDIDO.,3.0,0.108,76.37
6076,2026-08-10,2026-08-16,3:00:00 PM,RABO ENCENDIDO...,10.0,0.34,241.1
6077,2026-08-10,2026-08-16,3:00:00 PM,-RACION DE MALANGA.,2.0,0.017,11.98
6078,2026-08-10,2026-08-16,3:00:00 PM,Rinconcito BREAKFAST,1.0,0.02,14.19
6079,2026-08-10,2026-08-16,3:00:00 PM,ROPA VIEJA...,1.0,0.023,16.49
6080,2026-08-10,2026-08-16,3:00:00 PM,RUEDA SERRUCO FRITA.,2.0,0.045,31.98
6081,2026-08-10,2026-08-16,3:00:00 PM,salsa cilandro,1.0,0.002,1.25
6082,2026-08-10,2026-08-16,3:00:00 PM,SM SOPA PESCADO,1.0,0.006,4.25
6083,2026-08-10,2026-08-16,3:00:00 PM,Sopa de Pollo Grande,7.0,0.084,59.43
6084,2026-08-10,2026-08-16,3:00:00 PM,SOPA DE RES GRANDE,4.0,0.069,48.76
6085,2026-08-10,2026-08-16,3:00:00 PM,SOPA DE RES MEDIANA,1.0,0.012,8.19
6086,2026-08-10,2026-08-16,3:00:00 PM,SOPA PESCADO GRANDE.,9.0,0.139,98.91
6087,2026-08-10,2026-08-16,3:00:00 PM,SOPA PESCADO MEDIANA.,2.0,0.02,13.98
6088,2026-08-10,2026-08-16,3:00:00 PM,SOPA PLATANO CHIQUITA.,1.0,0.006,3.99
6089,2026-08-10,2026-08-16,3:00:00 PM,Sopa Pollo Medina,9.0,0.07,49.41
6090,2026-08-10,2026-08-16,3:00:00 PM,SOPA. POLLO CHIQUITA,3.0,0.015,10.5
6091,2026-08-10,2026-08-16,3:00:00 PM,SPRIET.,1.0,0.004,2.5
6092,2026-08-10,2026-08-16,3:00:00 PM,T0 GO MESA,26.0,0.013,9.1
6093,2026-08-10,2026-08-16,3:00:00 PM,TAMAL,2.0,0.008,5.98
6094,2026-08-10,2026-08-16,3:00:00 PM,TAMAL CAZUELA.MEDIANO.,2.0,0.02,13.98
6095,2026-08-10,2026-08-16,3:00:00 PM,TAMAL.CAZUELA GRANDE.,4.0,0.063,44.76
6096,2026-08-10,2026-08-16,3:00:00 PM,To Go.,12.0,0.003,2.4
6097,2026-08-10,2026-08-16,3:00:00 PM,To Go..,42.0,0.013,9.0
6098,2026-08-10,2026-08-16,3:00:00 PM,TOSTONES.,1.0,0.007,4.99
6099,2026-08-10,2026-08-16,3:00:00 PM,TRES LECHES.,2.0,0.017,11.98
6100,2026-08-10,2026-08-16,3:00:00 PM,-VACA FRITA,4.0,0.096,68.36
6101,2026-08-10,2026-08-16,3:00:00 PM,-VACA FRITA.,4.0,0.09,64.16
6102,2026-08-10,2026-08-16,4:00:00 PM,.ARROZ FRITO,3.0,0.057,40.67
6103,2026-08-10,2026-08-16,4:00:00 PM,.BISTEC DE POLLO,5.0,0.102,72.45
6104,2026-08-10,2026-08-16,4:00:00 PM,_=====================,25.0,0.0,0.0
6105,2026-08-10,2026-08-16,4:00:00 PM,== TO GO ==,34.0,0.01,6.8
6106,2026-08-10,2026-08-16,4:00:00 PM,======================,8.0,0.0,0.0
6107,2026-08-10,2026-08-16,4:00:00 PM,1 BOLA HELADO..,1.0,0.004,2.99
6108,2026-08-10,2026-08-16,4:00:00 PM,1 PIEZA DE CORDERO,1.0,0.026,18.19
6109,2026-08-10,2026-08-16,4:00:00 PM,305 Morados,1.0,0.009,6.25
6110,2026-08-10,2026-08-16,4:00:00 PM,AGUA NATURAL,4.0,0.011,7.96
6111,2026-08-10,2026-08-16,4:00:00 PM,AGUACATE $5.00,1.0,0.007,5.0
6112,2026-08-10,2026-08-16,4:00:00 PM,AGUACATE DE 3.00,1.0,0.004,3.0
6113,2026-08-10,2026-08-16,4:00:00 PM,AJIACO MEDIANO,1.0,0.01,7.19
6114,2026-08-10,2026-08-16,4:00:00 PM,ALBONDIGAS.RES.,2.0,0.04,28.18
6115,2026-08-10,2026-08-16,4:00:00 PM,ARROZ CON LECHE,2.0,0.015,10.98
6116,2026-08-10,2026-08-16,4:00:00 PM,ARROZ BLANCO..,13.0,0.06,42.25
6117,2026-08-10,2026-08-16,4:00:00 PM,ARROZ CHIQUITO,2.0,0.006,4.5
6118,2026-08-10,2026-08-16,4:00:00 PM,ARROZ CON POLLO,6.0,0.107,75.94
6119,2026-08-10,2026-08-16,4:00:00 PM,ARROZ CON POLLO.,3.0,0.058,40.87
6120,2026-08-10,2026-08-16,4:00:00 PM,Arroz con puerco,3.0,0.056,39.57
6121,2026-08-10,2026-08-16,4:00:00 PM,-ARROZ FRITO,2.0,0.038,27.18
6122,2026-08-10,2026-08-16,4:00:00 PM,ARROZ IMPERIAL..,1.0,0.02,14.19
6123,2026-08-10,2026-08-16,4:00:00 PM,Arroz pollo.desmenuza.,1.0,0.018,12.49
6124,2026-08-10,2026-08-16,4:00:00 PM,BABY CHURASCO,3.0,0.085,60.17
6125,2026-08-10,2026-08-16,4:00:00 PM,BABY CHURRASCO,3.0,0.076,54.17
6126,2026-08-10,2026-08-16,4:00:00 PM,BACON,1.0,0.007,4.99
6127,2026-08-10,2026-08-16,4:00:00 PM,Bananas.3 $ 1.50,1.0,0.002,1.5
6128,2026-08-10,2026-08-16,4:00:00 PM,BATIDO CHOCOLATE.,4.0,0.028,19.96
6129,2026-08-10,2026-08-16,4:00:00 PM,BATIDO FRUTA BONBA,3.0,0.021,14.97
6130,2026-08-10,2026-08-16,4:00:00 PM,BATIDO MAMEY,5.0,0.039,27.45
6131,2026-08-10,2026-08-16,4:00:00 PM,BATIDO MANGO,2.0,0.014,9.98
6132,2026-08-10,2026-08-16,4:00:00 PM,BATIDO VAINILLA,1.0,0.007,4.99
6133,2026-08-10,2026-08-16,4:00:00 PM,BISTEC DE POLLO-,4.0,0.077,54.36
6134,2026-08-10,2026-08-16,4:00:00 PM,BISTEC DE POLLO.,11.0,0.226,160.19
6135,2026-08-10,2026-08-16,4:00:00 PM,-BISTEC DE POLLO.,5.0,0.098,69.85
6136,2026-08-10,2026-08-16,4:00:00 PM,BISTEC DE POLLO..,5.0,0.098,69.45
6137,2026-08-10,2026-08-16,4:00:00 PM,BISTEC DE POLLO...,2.0,0.038,27.18
6138,2026-08-10,2026-08-16,4:00:00 PM,-BISTEC DE PUERCO,2.0,0.045,32.18
6139,2026-08-10,2026-08-16,4:00:00 PM,BISTEC EN CAZUELA,1.0,0.02,14.49
6140,2026-08-10,2026-08-16,4:00:00 PM,BISTEC JAMON,1.0,0.019,13.69
6141,2026-08-10,2026-08-16,4:00:00 PM,-BISTEC PALOMILLA,10.0,0.258,183.3
6142,2026-08-10,2026-08-16,4:00:00 PM,BISTEC POLLO PLANCHA,2.0,0.038,27.18
6143,2026-08-10,2026-08-16,4:00:00 PM,-BISTECDE POLLO,4.0,0.077,54.56
6144,2026-08-10,2026-08-16,4:00:00 PM,BOLICHE ..,3.0,0.064,45.57
6145,2026-08-10,2026-08-16,4:00:00 PM,BONIATO FRITO..,1.0,0.007,4.99
6146,2026-08-10,2026-08-16,4:00:00 PM,BONIATO HERVIDO,2.0,0.014,9.98
6147,2026-08-10,2026-08-16,4:00:00 PM,BOÑUELOS.,3.0,0.023,16.47
6148,2026-08-10,2026-08-16,4:00:00 PM,CAESAR /POLLO,1.0,0.018,12.99
6149,2026-08-10,2026-08-16,4:00:00 PM,CAF.LEC.GRANDE.EVA,1.0,0.008,5.5
6150,2026-08-10,2026-08-16,4:00:00 PM,CAFE CON LECHE GRANDE,2.0,0.013,9.0
6151,2026-08-10,2026-08-16,4:00:00 PM,CAFE CON LECHE MEDIANO,1.0,0.005,3.75
6152,2026-08-10,2026-08-16,4:00:00 PM,CAFE CON LECHE PEQUENO,1.0,0.004,2.5
6153,2026-08-10,2026-08-16,4:00:00 PM,CAFE CUBANO.,29.0,0.061,43.5
6154,2026-08-10,2026-08-16,4:00:00 PM,CAMARONE A LA PLANCHA.,2.0,0.056,39.98
6155,2026-08-10,2026-08-16,4:00:00 PM,CAMARONES AL AJILLO.,1.0,0.028,19.99
6156,2026-08-10,2026-08-16,4:00:00 PM,CAMARONES EMPANIZAD,1.0,0.03,21.19
6157,2026-08-10,2026-08-16,4:00:00 PM,CANT 4 DELIVER,2.0,0.158,112.0
6158,2026-08-10,2026-08-16,4:00:00 PM,CANT 5 DELIVER,1.0,0.099,70.0
6159,2026-08-10,2026-08-16,4:00:00 PM,CANT 5 RECOGER,3.0,0.254,180.0
6160,2026-08-10,2026-08-16,4:00:00 PM,CARNE CON PAPAS.,5.0,0.1,70.75
6161,2026-08-10,2026-08-16,4:00:00 PM,CASCOS GUAVA QUESO,1.0,0.008,5.99
6162,2026-08-10,2026-08-16,4:00:00 PM,chevere.,2.0,0.004,2.5
6163,2026-08-10,2026-08-16,4:00:00 PM,CHICHAR POLLO C HUESO.,3.0,0.058,40.87
6164,2026-08-10,2026-08-16,4:00:00 PM,CHICHAR POLLO SIN HUES,2.0,0.039,27.38
6165,2026-08-10,2026-08-16,4:00:00 PM,CHICHARO GRANDE.,4.0,0.052,36.76
6166,2026-08-10,2026-08-16,4:00:00 PM,CHICHARO MEDIANO.,2.0,0.02,13.98
6167,2026-08-10,2026-08-16,4:00:00 PM,CHULETAS DE PUERCO,4.0,0.084,59.36
6168,2026-08-10,2026-08-16,4:00:00 PM,CHULETAS DE PUERCO.,3.0,0.058,40.87
6169,2026-08-10,2026-08-16,4:00:00 PM,"CHURRASCO ,,,",4.0,0.148,104.76
6170,2026-08-10,2026-08-16,4:00:00 PM,churros.con dulce,1.0,0.009,6.25
6171,2026-08-10,2026-08-16,4:00:00 PM,COKE CERO.,2.0,0.007,5.0
6172,2026-08-10,2026-08-16,4:00:00 PM,COKE.,4.0,0.014,10.0
6173,2026-08-10,2026-08-16,4:00:00 PM,COLADA.,2.0,0.008,5.5
6174,2026-08-10,2026-08-16,4:00:00 PM,COLORADOS GRANDE.,2.0,0.027,19.18
6175,2026-08-10,2026-08-16,4:00:00 PM,CONGRI.,1.0,0.006,3.99
6176,2026-08-10,2026-08-16,4:00:00 PM,COPA VINO,3.0,0.038,26.97
6177,2026-08-10,2026-08-16,4:00:00 PM,-CORONA.,3.0,0.023,16.47
6178,2026-08-10,2026-08-16,4:00:00 PM,Cortadito Evaporada,12.0,0.042,30.0
6179,2026-08-10,2026-08-16,4:00:00 PM,"Cortadito,.",4.0,0.012,8.48
6180,2026-08-10,2026-08-16,4:00:00 PM,CREMA BROCOLY,3.0,0.039,27.75
6181,2026-08-10,2026-08-16,4:00:00 PM,CREMA CALABAZA GRANDE,2.0,0.028,19.98
6182,2026-08-10,2026-08-16,4:00:00 PM,CREMA CALABAZA MEDIAN,2.0,0.02,13.98
6183,2026-08-10,2026-08-16,4:00:00 PM,CREMA MALANGA MEDIANA.,9.0,0.089,62.91
6184,2026-08-10,2026-08-16,4:00:00 PM,CREMA VEGETAL GRANDE.,1.0,0.015,10.49
6185,2026-08-10,2026-08-16,4:00:00 PM,CREMA VEGETAL MEDIANA,2.0,0.02,13.98
6186,2026-08-10,2026-08-16,4:00:00 PM,CREMA VEGETALE.MEDIAN,1.0,0.01,6.99
6187,2026-08-10,2026-08-16,4:00:00 PM,CREMA VEGETALES MEDIAN,1.0,0.01,6.99
6188,2026-08-10,2026-08-16,4:00:00 PM,CREMA. MALANGA CHIQUIT,1.0,0.006,4.5
6189,2026-08-10,2026-08-16,4:00:00 PM,CREMA. MALANGA GRANDE.,6.0,0.089,62.94
6190,2026-08-10,2026-08-16,4:00:00 PM,CREMA. VEGETALCHIQUITA,2.0,0.013,9.0
6191,2026-08-10,2026-08-16,4:00:00 PM,croqueta jamon.,11.0,0.027,19.25
6192,2026-08-10,2026-08-16,4:00:00 PM,CROQUETA PREPARADA.,1.0,0.017,11.99
6193,2026-08-10,2026-08-16,4:00:00 PM,CUBANO REGULAR.,2.0,0.028,20.18
6194,2026-08-10,2026-08-16,4:00:00 PM,CUNE.1/2,1.0,0.024,16.99
6195,2026-08-10,2026-08-16,4:00:00 PM,DEDITOS DE PESCADO,1.0,0.023,16.19
6196,2026-08-10,2026-08-16,4:00:00 PM,-DEDITOS DE POLLO,1.0,0.018,12.99
6197,2026-08-10,2026-08-16,4:00:00 PM,deditos Queso/Guayaba,5.0,0.014,9.95
6198,2026-08-10,2026-08-16,4:00:00 PM,DULCE DE LECHE,1.0,0.008,5.49
6199,2026-08-10,2026-08-16,4:00:00 PM,Empanada carne,5.0,0.021,14.95
6200,2026-08-10,2026-08-16,4:00:00 PM,Empanada Pollo,2.0,0.008,5.98
6201,2026-08-10,2026-08-16,4:00:00 PM,ENPANISADO. RES,2.0,0.045,32.18
6202,2026-08-10,2026-08-16,4:00:00 PM,ENSALA AGUACAT PEQUE,6.0,0.038,27.0
6203,2026-08-10,2026-08-16,4:00:00 PM,ENSALA POLLO 2 CROQUET,1.0,0.018,12.49
6204,2026-08-10,2026-08-16,4:00:00 PM,ENSALADA AGUACAT GRAND,3.0,0.023,16.5
6205,2026-08-10,2026-08-16,4:00:00 PM,Ensalada Small,2.0,0.008,5.5
6206,2026-08-10,2026-08-16,4:00:00 PM,ENSALDA DE TUNA,1.0,0.017,11.99
6207,2026-08-10,2026-08-16,4:00:00 PM,FILETE ALA VILVAINA,2.0,0.059,41.98
6208,2026-08-10,2026-08-16,4:00:00 PM,FILETE CURVINA SALSA,1.0,0.03,21.0
6209,2026-08-10,2026-08-16,4:00:00 PM,FILETE DE MAHIMAHI,1.0,0.024,17.19
6210,2026-08-10,2026-08-16,4:00:00 PM,FILETE PESCADO EMPANI,2.0,0.05,35.18
6211,2026-08-10,2026-08-16,4:00:00 PM,-FILETE PESCADO PLANCH,3.0,0.072,51.17
6212,2026-08-10,2026-08-16,4:00:00 PM,FILETE SALMON.,1.0,0.025,18.0
6213,2026-08-10,2026-08-16,4:00:00 PM,FILETILLO DE CARNE.,5.0,0.096,68.05
6214,2026-08-10,2026-08-16,4:00:00 PM,FILETILLO POLLO PLANCH,7.0,0.149,105.73
6215,2026-08-10,2026-08-16,4:00:00 PM,FILETILLO RES PLANCHA.,3.0,0.064,45.37
6216,2026-08-10,2026-08-16,4:00:00 PM,FILETILLO RES SALSA.,1.0,0.021,14.99
6217,2026-08-10,2026-08-16,4:00:00 PM,FLAN ESPECIAL.,4.0,0.034,23.96
6218,2026-08-10,2026-08-16,4:00:00 PM,-FLAN.,4.0,0.028,19.96
6219,2026-08-10,2026-08-16,4:00:00 PM,-FRICASE DE POLLO,1.0,0.016,11.19
6220,2026-08-10,2026-08-16,4:00:00 PM,FRICASE PUERCO.,3.0,0.059,41.95
6221,2026-08-10,2026-08-16,4:00:00 PM,FRIJOL GRANDE,1.0,0.011,7.99
6222,2026-08-10,2026-08-16,4:00:00 PM,FRIJOL MEDIANO.,1.0,0.007,4.99
6223,2026-08-10,2026-08-16,4:00:00 PM,FRIJOL PEQUENO.,3.0,0.013,8.97
6224,2026-08-10,2026-08-16,4:00:00 PM,FRITURA VACALAO.,1.0,0.009,6.5
6225,2026-08-10,2026-08-16,4:00:00 PM,GALLETA DELICIOSAS,1.0,0.005,3.6
6226,2026-08-10,2026-08-16,4:00:00 PM,GARBANZO GRANDE.,2.0,0.03,20.98
6227,2026-08-10,2026-08-16,4:00:00 PM,GARBANZO.MEDIANO.,1.0,0.01,6.99
6228,2026-08-10,2026-08-16,4:00:00 PM,GUARAPO.,7.0,0.052,36.75
6229,2026-08-10,2026-08-16,4:00:00 PM,GUISO.MAIZ MEDIANO.,1.0,0.01,6.99
6230,2026-08-10,2026-08-16,4:00:00 PM,HAMBURQUESA.CON QUESO,2.0,0.031,22.18
6231,2026-08-10,2026-08-16,4:00:00 PM,Heineken,1.0,0.008,5.49
6232,2026-08-10,2026-08-16,4:00:00 PM,HELADO CONO..,4.0,0.02,14.0
6233,2026-08-10,2026-08-16,4:00:00 PM,HIGADO ITALIANA,1.0,0.021,15.19
6234,2026-08-10,2026-08-16,4:00:00 PM,HORDEN DE 3 CHICHARONE,2.0,0.009,6.5
6235,2026-08-10,2026-08-16,4:00:00 PM,HUEVO REVUELTO,6.0,0.013,9.0
6236,2026-08-10,2026-08-16,4:00:00 PM,JAMON.,1.0,0.006,3.99
6237,2026-08-10,2026-08-16,4:00:00 PM,JUGO MARACULLA,3.0,0.019,13.5
6238,2026-08-10,2026-08-16,4:00:00 PM,JUGO PINA,5.0,0.032,22.5
6239,2026-08-10,2026-08-16,4:00:00 PM,JUGO ZANAHORIA NARAJA,4.0,0.028,19.96
6240,2026-08-10,2026-08-16,4:00:00 PM,JUGO.NARANJA.,5.0,0.037,26.25
6241,2026-08-10,2026-08-16,4:00:00 PM,Juntas,4.0,0.0,0.0
6242,2026-08-10,2026-08-16,4:00:00 PM,JUPINA DIETA,2.0,0.007,5.0
6243,2026-08-10,2026-08-16,4:00:00 PM,-LECHE MALTEADA,2.0,0.014,9.98
6244,2026-08-10,2026-08-16,4:00:00 PM,LENTEJAS GRANDE.,3.0,0.04,28.47
6245,2026-08-10,2026-08-16,4:00:00 PM,LENTEJAS MEDIANA.,2.0,0.02,13.98
6246,2026-08-10,2026-08-16,4:00:00 PM,LENTEJAS.CHIQUITA.,1.0,0.006,3.99
6247,2026-08-10,2026-08-16,4:00:00 PM,LIMANADA COCO.,1.0,0.008,5.99
6248,2026-08-10,2026-08-16,4:00:00 PM,LIMONADA,5.0,0.032,22.5
6249,2026-08-10,2026-08-16,4:00:00 PM,MADIO.POLLO A la brasa,1.0,0.02,14.19
6250,2026-08-10,2026-08-16,4:00:00 PM,-MADUROS.,13.0,0.082,58.37
6251,2026-08-10,2026-08-16,4:00:00 PM,-MALTA,1.0,0.005,3.25
6252,2026-08-10,2026-08-16,4:00:00 PM,MARIQUITAS DE MALANGA,1.0,0.008,5.99
6253,2026-08-10,2026-08-16,4:00:00 PM,-MARIQUITAS.,8.0,0.068,47.92
6254,2026-08-10,2026-08-16,4:00:00 PM,-MASAS DE PUERCO,2.0,0.04,28.18
6255,2026-08-10,2026-08-16,4:00:00 PM,MASAS DE PUERCO.,2.0,0.039,27.38
6256,2026-08-10,2026-08-16,4:00:00 PM,-MASAS DE PUERCO.,5.0,0.1,70.75
6257,2026-08-10,2026-08-16,4:00:00 PM,MEDIA DE TORO.,1.0,0.023,15.99
6258,2026-08-10,2026-08-16,4:00:00 PM,MEDIA NOCHE.,1.0,0.014,10.19
6259,2026-08-10,2026-08-16,4:00:00 PM,-MEDIO POLLO A BRASA.,3.0,0.055,39.37
6260,2026-08-10,2026-08-16,4:00:00 PM,MEDIO POLLO.ASADO.,1.0,0.019,13.19
6261,2026-08-10,2026-08-16,4:00:00 PM,MELON..SANDIA,3.0,0.019,13.5
6262,2026-08-10,2026-08-16,4:00:00 PM,MILANESA RES.,3.0,0.085,60.37
6263,2026-08-10,2026-08-16,4:00:00 PM,Mini sandwich,2.0,0.017,11.98
6264,2026-08-10,2026-08-16,4:00:00 PM,MISC COCINA,4.0,0.006,4.0
6265,2026-08-10,2026-08-16,4:00:00 PM,MOFONGO PUERCO.,5.0,0.12,84.95
6266,2026-08-10,2026-08-16,4:00:00 PM,Mofongo solo,1.0,0.011,7.99
6267,2026-08-10,2026-08-16,4:00:00 PM,mofongo.bistec poll,1.0,0.026,18.5
6268,2026-08-10,2026-08-16,4:00:00 PM,MOJO CHIQUITO.,1.0,0.006,3.95
6269,2026-08-10,2026-08-16,4:00:00 PM,MOROS...,3.0,0.017,11.97
6270,2026-08-10,2026-08-16,4:00:00 PM,NATILLA CATALANA,1.0,0.009,6.25
6271,2026-08-10,2026-08-16,4:00:00 PM,NEWPORT,1.0,0.018,12.75
6272,2026-08-10,2026-08-16,4:00:00 PM,palomilla baby,1.0,0.015,11.0
6273,2026-08-10,2026-08-16,4:00:00 PM,-PAN CON BISTEC.,2.0,0.031,22.18
6274,2026-08-10,2026-08-16,4:00:00 PM,PAPA RELLENA,5.0,0.021,14.95
6275,2026-08-10,2026-08-16,4:00:00 PM,-PARGO FRITO ENTERO.,1.0,0.037,26.19
6276,2026-08-10,2026-08-16,4:00:00 PM,Pasteles Guayaba,1.0,0.002,1.5
6277,2026-08-10,2026-08-16,4:00:00 PM,PEPSI.,1.0,0.004,2.5
6278,2026-08-10,2026-08-16,4:00:00 PM,PICADILLO,1.0,0.019,13.69
6279,2026-08-10,2026-08-16,4:00:00 PM,-PICADILLO,1.0,0.024,16.69
6280,2026-08-10,2026-08-16,4:00:00 PM,POTAJE COLORADOS MEDIA,1.0,0.01,7.19
6281,2026-08-10,2026-08-16,4:00:00 PM,PUDIN DE PAN.,3.0,0.023,16.47
6282,2026-08-10,2026-08-16,4:00:00 PM,PUDIN DIPLOMATICO.,6.0,0.046,32.94
6283,2026-08-10,2026-08-16,4:00:00 PM,PURE PAPAS.,1.0,0.006,4.49
6284,2026-08-10,2026-08-16,4:00:00 PM,QUESO SUIZO,1.0,0.003,1.99
6285,2026-08-10,2026-08-16,4:00:00 PM,RABO ENCENDIDO.,4.0,0.136,96.36
6286,2026-08-10,2026-08-16,4:00:00 PM,RABO ENCENDIDO...,7.0,0.24,170.13
6287,2026-08-10,2026-08-16,4:00:00 PM,-RACION DE MALANGA.,3.0,0.025,17.97
6288,2026-08-10,2026-08-16,4:00:00 PM,ROPA VIEJA..,3.0,0.064,45.57
6289,2026-08-10,2026-08-16,4:00:00 PM,ROPA VIEJA...,1.0,0.023,16.49
6290,2026-08-10,2026-08-16,4:00:00 PM,RUEDA DE SERRUCHO.,2.0,0.043,30.18
6291,2026-08-10,2026-08-16,4:00:00 PM,RUEDA SERRUCO FRITA.,1.0,0.025,17.99
6292,2026-08-10,2026-08-16,4:00:00 PM,S.PELLECRINO,1.0,0.005,3.49
6293,2026-08-10,2026-08-16,4:00:00 PM,SANDWECHES POLLO..,1.0,0.016,11.69
6294,2026-08-10,2026-08-16,4:00:00 PM,SANDWICHES..POLLO.EMPA,1.0,0.018,12.69
6295,2026-08-10,2026-08-16,4:00:00 PM,SDWCH DE PAVO REGL.,1.0,0.014,9.99
6296,2026-08-10,2026-08-16,4:00:00 PM,SM SOPA PESCADO,1.0,0.006,4.25
6297,2026-08-10,2026-08-16,4:00:00 PM,SOLO.TOMATE,1.0,0.004,2.5
6298,2026-08-10,2026-08-16,4:00:00 PM,Sopa de Pollo Grande,11.0,0.132,93.39
6299,2026-08-10,2026-08-16,4:00:00 PM,SOPA DE RES GRANDE,2.0,0.034,23.98
6300,2026-08-10,2026-08-16,4:00:00 PM,SOPA PESCADO GRANDE.,1.0,0.015,10.99
6301,2026-08-10,2026-08-16,4:00:00 PM,SOPA PESCADO MEDIANA.,2.0,0.02,13.98
6302,2026-08-10,2026-08-16,4:00:00 PM,SOPA PLATANO MEDIANA.,2.0,0.02,13.98
6303,2026-08-10,2026-08-16,4:00:00 PM,Sopa Pollo Medina,7.0,0.054,38.43
6304,2026-08-10,2026-08-16,4:00:00 PM,Spagheti Carne SALSA R,1.0,0.023,16.19
6305,2026-08-10,2026-08-16,4:00:00 PM,SPAGHETTI CAMARON ALFR,1.0,0.033,23.49
6306,2026-08-10,2026-08-16,4:00:00 PM,SPAGHETTI POLLO ALFRED,1.0,0.021,14.99
6307,2026-08-10,2026-08-16,4:00:00 PM,SPRIET.,1.0,0.004,2.5
6308,2026-08-10,2026-08-16,4:00:00 PM,T0 GO MESA,25.0,0.012,8.75
6309,2026-08-10,2026-08-16,4:00:00 PM,TAMA. CAZUELA CHIQUITO,1.0,0.006,4.5
6310,2026-08-10,2026-08-16,4:00:00 PM,TAMAL,4.0,0.017,11.96
6311,2026-08-10,2026-08-16,4:00:00 PM,TAMAL.CAZUELA GRANDE.,2.0,0.031,22.18
6312,2026-08-10,2026-08-16,4:00:00 PM,To Go.,9.0,0.003,1.8
6313,2026-08-10,2026-08-16,4:00:00 PM,To Go..,45.0,0.014,9.75
6314,2026-08-10,2026-08-16,4:00:00 PM,TORTILLA.,2.0,0.031,22.18
6315,2026-08-10,2026-08-16,4:00:00 PM,TOSTADA,1.0,0.003,1.99
6316,2026-08-10,2026-08-16,4:00:00 PM,TOSTONES.,4.0,0.028,19.96
6317,2026-08-10,2026-08-16,4:00:00 PM,TRES LECHES.,8.0,0.068,47.92
6318,2026-08-10,2026-08-16,4:00:00 PM,-VACA FRITA,4.0,0.1,70.76
6319,2026-08-10,2026-08-16,4:00:00 PM,-VACA FRITA.,3.0,0.068,48.57
6320,2026-08-10,2026-08-16,4:00:00 PM,Vaso.hielo,1.0,0.0,0.25
6321,2026-08-10,2026-08-16,4:00:00 PM,vegetal.hervido,1.0,0.007,4.99
6322,2026-08-10,2026-08-16,4:00:00 PM,YUCA FRITA.,2.0,0.015,10.98
6323,2026-08-10,2026-08-16,4:00:00 PM,YUCA.,1.0,0.006,4.49
6324,2026-08-10,2026-08-16,5:00:00 PM,.ARROZ FRITO,3.0,0.058,40.87
6325,2026-08-10,2026-08-16,5:00:00 PM,.BISTEC DE POLLO,7.0,0.135,96.03
6326,2026-08-10,2026-08-16,5:00:00 PM,_=====================,30.0,0.0,0.0
6327,2026-08-10,2026-08-16,5:00:00 PM,== TO GO ==,39.0,0.011,7.8
6328,2026-08-10,2026-08-16,5:00:00 PM,======================,12.0,0.0,0.0
6329,2026-08-10,2026-08-16,5:00:00 PM,1 BOLA HELADO..,3.0,0.013,8.97
6330,2026-08-10,2026-08-16,5:00:00 PM,2 PIEZAS DE CORDERO.,1.0,0.035,25.19
6331,2026-08-10,2026-08-16,5:00:00 PM,AGUA NATURAL,1.0,0.003,1.99
6332,2026-08-10,2026-08-16,5:00:00 PM,AGUA PERRIER,3.0,0.015,10.47
6333,2026-08-10,2026-08-16,5:00:00 PM,AGUACATE DE 3.00,1.0,0.004,3.0
6334,2026-08-10,2026-08-16,5:00:00 PM,AGUACATE$4.00,1.0,0.006,4.0
6335,2026-08-10,2026-08-16,5:00:00 PM,AJIACO MEDIANO,4.0,0.04,28.56
6336,2026-08-10,2026-08-16,5:00:00 PM,AJIACO..GRANDE,3.0,0.045,31.87
6337,2026-08-10,2026-08-16,5:00:00 PM,ARROZ CON LECHE,1.0,0.008,5.49
6338,2026-08-10,2026-08-16,5:00:00 PM,ARROZ BLANCO..,9.0,0.041,29.25
6339,2026-08-10,2026-08-16,5:00:00 PM,ARROZ CHIQUITO,1.0,0.003,2.25
6340,2026-08-10,2026-08-16,5:00:00 PM,ARROZ CON POLLO,1.0,0.018,12.69
6341,2026-08-10,2026-08-16,5:00:00 PM,Arroz con puerco,2.0,0.037,26.38
6342,2026-08-10,2026-08-16,5:00:00 PM,ARROZ FRITO,2.0,0.041,29.18
6343,2026-08-10,2026-08-16,5:00:00 PM,-ARROZ FRITO,1.0,0.019,13.49
6344,2026-08-10,2026-08-16,5:00:00 PM,Arroz pollo.desmenuza.,3.0,0.053,37.87
6345,2026-08-10,2026-08-16,5:00:00 PM,BABY CHURASCO,3.0,0.084,59.97
6346,2026-08-10,2026-08-16,5:00:00 PM,BABY CHURRASCO,4.0,0.105,74.36
6347,2026-08-10,2026-08-16,5:00:00 PM,BACALAO VISCAINA,2.0,0.06,42.38
6348,2026-08-10,2026-08-16,5:00:00 PM,BATIDO FRUTA BONBA,5.0,0.035,24.95
6349,2026-08-10,2026-08-16,5:00:00 PM,BATIDO MAMEY,5.0,0.039,27.45
6350,2026-08-10,2026-08-16,5:00:00 PM,BATIDO VAINILLA,1.0,0.007,4.99
6351,2026-08-10,2026-08-16,5:00:00 PM,BISTEC DE POLLO-,3.0,0.062,44.07
6352,2026-08-10,2026-08-16,5:00:00 PM,BISTEC DE POLLO.,4.0,0.077,54.76
6353,2026-08-10,2026-08-16,5:00:00 PM,-BISTEC DE POLLO.,5.0,0.096,68.25
6354,2026-08-10,2026-08-16,5:00:00 PM,BISTEC DE POLLO..,2.0,0.039,27.38
6355,2026-08-10,2026-08-16,5:00:00 PM,BISTEC DE POLLO...,2.0,0.039,27.38
6356,2026-08-10,2026-08-16,5:00:00 PM,-BISTEC DE PUERCO,2.0,0.044,31.18
6357,2026-08-10,2026-08-16,5:00:00 PM,BISTEC JAMON,1.0,0.019,13.69
6358,2026-08-10,2026-08-16,5:00:00 PM,-BISTEC PALOMILLA,11.0,0.281,199.49
6359,2026-08-10,2026-08-16,5:00:00 PM,BISTEC POLLO PLANCHA,3.0,0.058,41.07
6360,2026-08-10,2026-08-16,5:00:00 PM,-BISTECDE POLLO,3.0,0.061,43.07
6361,2026-08-10,2026-08-16,5:00:00 PM,BOLA ENSALADA POLLO,1.0,0.005,3.25
6362,2026-08-10,2026-08-16,5:00:00 PM,BOLICHE ..,1.0,0.023,16.19
6363,2026-08-10,2026-08-16,5:00:00 PM,BONIATO FRITO..,3.0,0.021,14.97
6364,2026-08-10,2026-08-16,5:00:00 PM,BOÑUELOS.,1.0,0.008,5.49
6365,2026-08-10,2026-08-16,5:00:00 PM,CAFE CON LECHE GRANDE,1.0,0.006,4.5
6366,2026-08-10,2026-08-16,5:00:00 PM,CAFE CON LECHE MEDIANO,1.0,0.005,3.75
6367,2026-08-10,2026-08-16,5:00:00 PM,CAFE CON LECHE PEQUENO,3.0,0.011,7.5
6368,2026-08-10,2026-08-16,5:00:00 PM,CAFE CUBANO.,17.0,0.036,25.5
6369,2026-08-10,2026-08-16,5:00:00 PM,CALDO GALLEGO.MEDIANO.,1.0,0.012,8.19
6370,2026-08-10,2026-08-16,5:00:00 PM,CALDO.GALLEGO GRANDE.,2.0,0.033,23.18
6371,2026-08-10,2026-08-16,5:00:00 PM,caldosos,1.0,0.0,0.0
6372,2026-08-10,2026-08-16,5:00:00 PM,CANT 4 RECOGER,2.0,0.135,96.0
6373,2026-08-10,2026-08-16,5:00:00 PM,CANT 5 RECOGER,1.0,0.085,60.0
6374,2026-08-10,2026-08-16,5:00:00 PM,CARNE CON PAPAS.,7.0,0.145,102.93
6375,2026-08-10,2026-08-16,5:00:00 PM,CHICHAR POLLO C HUESO.,1.0,0.022,15.49
6376,2026-08-10,2026-08-16,5:00:00 PM,CHICHAR POLLO SIN HUES,4.0,0.077,54.56
6377,2026-08-10,2026-08-16,5:00:00 PM,CHICHARO GRANDE.,2.0,0.026,18.38
6378,2026-08-10,2026-08-16,5:00:00 PM,CHULETAS DE PUERCO.,1.0,0.019,13.69
6379,2026-08-10,2026-08-16,5:00:00 PM,"CHURRASCO ,,,",4.0,0.147,104.36
6380,2026-08-10,2026-08-16,5:00:00 PM,CLUB SANDWICH.,1.0,0.017,11.99
6381,2026-08-10,2026-08-16,5:00:00 PM,cocacola.botella,1.0,0.005,3.49
6382,2026-08-10,2026-08-16,5:00:00 PM,COKE CERO.,1.0,0.004,2.5
6383,2026-08-10,2026-08-16,5:00:00 PM,COKE.,6.0,0.021,15.0
6384,2026-08-10,2026-08-16,5:00:00 PM,COLADA.,4.0,0.015,11.0
6385,2026-08-10,2026-08-16,5:00:00 PM,COLORADOS GRANDE.,1.0,0.014,9.69
6386,2026-08-10,2026-08-16,5:00:00 PM,CONGRI.,1.0,0.006,3.99
6387,2026-08-10,2026-08-16,5:00:00 PM,COPA VINO,2.0,0.025,17.98
6388,2026-08-10,2026-08-16,5:00:00 PM,Cortadito Evaporada,8.0,0.028,20.0
6389,2026-08-10,2026-08-16,5:00:00 PM,"Cortadito,.",4.0,0.012,8.48
6390,2026-08-10,2026-08-16,5:00:00 PM,CREMA BROCOLY,1.0,0.013,9.25
6391,2026-08-10,2026-08-16,5:00:00 PM,CREMA CALABAZA GRANDE,1.0,0.014,9.99
6392,2026-08-10,2026-08-16,5:00:00 PM,CREMA CALABAZA MEDIAN,5.0,0.049,34.95
6393,2026-08-10,2026-08-16,5:00:00 PM,CREMA CALABAZACHIQUIT,1.0,0.006,4.5
6394,2026-08-10,2026-08-16,5:00:00 PM,CREMA MALANGA MEDIANA.,5.0,0.049,34.95
6395,2026-08-10,2026-08-16,5:00:00 PM,CREMA VEGETAL GRANDE.,1.0,0.015,10.49
6396,2026-08-10,2026-08-16,5:00:00 PM,CREMA VEGETAL MEDIANA,4.0,0.039,27.96
6397,2026-08-10,2026-08-16,5:00:00 PM,CREMA. MALANGA GRANDE.,4.0,0.059,41.96
6398,2026-08-10,2026-08-16,5:00:00 PM,CREMA. VEGETALCHIQUITA,2.0,0.013,9.0
6399,2026-08-10,2026-08-16,5:00:00 PM,CREMITA.,1.0,0.002,1.25
6400,2026-08-10,2026-08-16,5:00:00 PM,croqueta bacalao.,1.0,0.003,1.99
6401,2026-08-10,2026-08-16,5:00:00 PM,croqueta jamon.,27.0,0.067,47.25
6402,2026-08-10,2026-08-16,5:00:00 PM,CROQUETA PREPARADA.,1.0,0.017,12.19
6403,2026-08-10,2026-08-16,5:00:00 PM,CUBANO REGULAR.,1.0,0.014,10.19
6404,2026-08-10,2026-08-16,5:00:00 PM,DEDITOS .PESCADO.,1.0,0.02,14.19
6405,2026-08-10,2026-08-16,5:00:00 PM,DEDITOS DE PESCADO,3.0,0.068,48.57
6406,2026-08-10,2026-08-16,5:00:00 PM,-DEDITOS DE POLLO,4.0,0.075,53.56
6407,2026-08-10,2026-08-16,5:00:00 PM,deditos Queso/Guayaba,7.0,0.02,13.93
6408,2026-08-10,2026-08-16,5:00:00 PM,DIET COKE.,1.0,0.003,2.25
6409,2026-08-10,2026-08-16,5:00:00 PM,DULCE DE LECHE,2.0,0.015,10.98
6410,2026-08-10,2026-08-16,5:00:00 PM,Empanada carne,2.0,0.008,5.98
6411,2026-08-10,2026-08-16,5:00:00 PM,Empanada Jamon/Queso,4.0,0.017,11.96
6412,2026-08-10,2026-08-16,5:00:00 PM,Empanada Pollo,6.0,0.025,17.94
6413,2026-08-10,2026-08-16,5:00:00 PM,ENPANISADO. RES,4.0,0.091,64.36
6414,2026-08-10,2026-08-16,5:00:00 PM,ENSALA AGUACAT PEQUE,8.0,0.051,36.0
6415,2026-08-10,2026-08-16,5:00:00 PM,ENSALA POLLO 2 CROQUET,1.0,0.018,12.49
6416,2026-08-10,2026-08-16,5:00:00 PM,ENSALADA AGUACAT GRAND,2.0,0.015,11.0
6417,2026-08-10,2026-08-16,5:00:00 PM,ENSALDA DE TUNA,2.0,0.034,23.98
6418,2026-08-10,2026-08-16,5:00:00 PM,FABADA GRANDE,1.0,0.015,10.49
6419,2026-08-10,2026-08-16,5:00:00 PM,FABADA MEDIANA.,2.0,0.02,14.18
6420,2026-08-10,2026-08-16,5:00:00 PM,FILETE DE MAHIMAHI,1.0,0.027,19.19
6421,2026-08-10,2026-08-16,5:00:00 PM,FILETE PARGO PLANCHA,3.0,0.092,64.97
6422,2026-08-10,2026-08-16,5:00:00 PM,FILETE PESCADO EMPANI,1.0,0.025,17.69
6423,2026-08-10,2026-08-16,5:00:00 PM,-FILETE PESCADO PLANCH,3.0,0.072,51.37
6424,2026-08-10,2026-08-16,5:00:00 PM,FILETE SALMON.,1.0,0.026,18.2
6425,2026-08-10,2026-08-16,5:00:00 PM,FILETILL POLLO SALSA,1.0,0.021,14.99
6426,2026-08-10,2026-08-16,5:00:00 PM,FILETILLO DE CARNE.,1.0,0.019,13.69
6427,2026-08-10,2026-08-16,5:00:00 PM,FILETILLO POLLO PLANCH,4.0,0.085,60.16
6428,2026-08-10,2026-08-16,5:00:00 PM,FILETILLO RES PLANCHA.,1.0,0.021,14.99
6429,2026-08-10,2026-08-16,5:00:00 PM,FLAN ESPECIAL.,7.0,0.059,41.93
6430,2026-08-10,2026-08-16,5:00:00 PM,-FLAN.,6.0,0.042,29.94
6431,2026-08-10,2026-08-16,5:00:00 PM,-FRICASE DE POLLO,2.0,0.032,22.38
6432,2026-08-10,2026-08-16,5:00:00 PM,FRICASE PUERCO.,3.0,0.057,40.15
6433,2026-08-10,2026-08-16,5:00:00 PM,FRIJOL GRANDE,5.0,0.056,39.95
6434,2026-08-10,2026-08-16,5:00:00 PM,FRIJOL MEDIANO.,5.0,0.035,24.95
6435,2026-08-10,2026-08-16,5:00:00 PM,FRITURA VACALAO.,1.0,0.009,6.5
6436,2026-08-10,2026-08-16,5:00:00 PM,FRITURAS DE MALANGA,1.0,0.009,6.5
6437,2026-08-10,2026-08-16,5:00:00 PM,GALLETA DELICIOSAS,2.0,0.01,7.2
6438,2026-08-10,2026-08-16,5:00:00 PM,GARBANZO GRANDE.,1.0,0.015,10.49
6439,2026-08-10,2026-08-16,5:00:00 PM,GARBANZO.CHIQUITO.,1.0,0.006,3.99
6440,2026-08-10,2026-08-16,5:00:00 PM,GARBANZO.MEDIANO.,1.0,0.01,6.99
6441,2026-08-10,2026-08-16,5:00:00 PM,GATORADE FRUIT PUNCH,1.0,0.006,3.99
6442,2026-08-10,2026-08-16,5:00:00 PM,GUARAPO.,10.0,0.074,52.5
6443,2026-08-10,2026-08-16,5:00:00 PM,Heineken,2.0,0.015,10.98
6444,2026-08-10,2026-08-16,5:00:00 PM,HELADO CONO..,1.0,0.005,3.5
6445,2026-08-10,2026-08-16,5:00:00 PM,HIGADO ITALIANA,2.0,0.043,30.38
6446,2026-08-10,2026-08-16,5:00:00 PM,HORDEN DE CHICHARON.,2.0,0.009,6.5
6447,2026-08-10,2026-08-16,5:00:00 PM,inca kola,3.0,0.013,8.97
6448,2026-08-10,2026-08-16,5:00:00 PM,IRON BEER.,1.0,0.004,2.5
6449,2026-08-10,2026-08-16,5:00:00 PM,JUGO PINA,3.0,0.019,13.5
6450,2026-08-10,2026-08-16,5:00:00 PM,JUGO.NARANJA.,3.0,0.022,15.75
6451,2026-08-10,2026-08-16,5:00:00 PM,Juntas,2.0,0.0,0.0
6452,2026-08-10,2026-08-16,5:00:00 PM,JUPINA DIETA,1.0,0.004,2.5
6453,2026-08-10,2026-08-16,5:00:00 PM,-LECHE MALTEADA,1.0,0.007,4.99
6454,2026-08-10,2026-08-16,5:00:00 PM,-LECHON ASADO,2.0,0.04,28.18
6455,2026-08-10,2026-08-16,5:00:00 PM,LENTEJAS GRANDE.,2.0,0.027,18.98
6456,2026-08-10,2026-08-16,5:00:00 PM,LENTEJAS MEDIANA.,2.0,0.02,13.98
6457,2026-08-10,2026-08-16,5:00:00 PM,LIMONADA,4.0,0.025,18.0
6458,2026-08-10,2026-08-16,5:00:00 PM,MADIO.POLLO A la brasa,3.0,0.06,42.57
6459,2026-08-10,2026-08-16,5:00:00 PM,-MADUROS.,10.0,0.063,44.9
6460,2026-08-10,2026-08-16,5:00:00 PM,MARIQUITAS DE MALANGA,1.0,0.008,5.99
6461,2026-08-10,2026-08-16,5:00:00 PM,-MASAS DE PUERCO,5.0,0.099,70.35
6462,2026-08-10,2026-08-16,5:00:00 PM,-MASAS DE PUERCO.,4.0,0.082,58.56
6463,2026-08-10,2026-08-16,5:00:00 PM,MATERVA.,1.0,0.004,2.5
6464,2026-08-10,2026-08-16,5:00:00 PM,MEDIA DE TORO.,1.0,0.023,15.99
6465,2026-08-10,2026-08-16,5:00:00 PM,MEDIA NOCHE.,5.0,0.072,50.95
6466,2026-08-10,2026-08-16,5:00:00 PM,-MEDIO POLLO A BRASA.,1.0,0.021,15.19
6467,2026-08-10,2026-08-16,5:00:00 PM,MELON..SANDIA,2.0,0.013,9.0
6468,2026-08-10,2026-08-16,5:00:00 PM,MIAMI SANDWICH.,2.0,0.034,24.38
6469,2026-08-10,2026-08-16,5:00:00 PM,-MILANESA DE POLLO,2.0,0.045,32.18
6470,2026-08-10,2026-08-16,5:00:00 PM,MISC COCINA,3.0,0.013,9.0
6471,2026-08-10,2026-08-16,5:00:00 PM,MODELO,3.0,0.023,16.47
6472,2026-08-10,2026-08-16,5:00:00 PM,MOFONGO PUERCO.,2.0,0.048,33.98
6473,2026-08-10,2026-08-16,5:00:00 PM,mofongo.bistec poll,1.0,0.026,18.7
6474,2026-08-10,2026-08-16,5:00:00 PM,MOJO CHIQUITO.,1.0,0.006,3.95
6475,2026-08-10,2026-08-16,5:00:00 PM,MOROS...,1.0,0.006,3.99
6476,2026-08-10,2026-08-16,5:00:00 PM,NATILLA CATALANA,2.0,0.018,12.5
6477,2026-08-10,2026-08-16,5:00:00 PM,PAELLA VALENCIANA,1.0,0.059,41.99
6478,2026-08-10,2026-08-16,5:00:00 PM,palomilla baby,2.0,0.031,22.2
6479,2026-08-10,2026-08-16,5:00:00 PM,-PAN CON BISTEC.,5.0,0.079,55.95
6480,2026-08-10,2026-08-16,5:00:00 PM,PAPA RELLENA,3.0,0.013,8.97
6481,2026-08-10,2026-08-16,5:00:00 PM,PAPAS FRITAS,3.0,0.019,13.47
6482,2026-08-10,2026-08-16,5:00:00 PM,-PARGO FRITO ENTERO.,1.0,0.037,25.99
6483,2026-08-10,2026-08-16,5:00:00 PM,PEPSI.,1.0,0.004,2.5
6484,2026-08-10,2026-08-16,5:00:00 PM,-PICADILLO,1.0,0.02,14.49
6485,2026-08-10,2026-08-16,5:00:00 PM,PINA COLADA,1.0,0.01,6.99
6486,2026-08-10,2026-08-16,5:00:00 PM,POLLO EMPANIZADO,4.0,0.083,58.76
6487,2026-08-10,2026-08-16,5:00:00 PM,POTAJE COLORADOS MEDIA,2.0,0.02,14.18
6488,2026-08-10,2026-08-16,5:00:00 PM,PRESIDENTE..,1.0,0.008,5.49
6489,2026-08-10,2026-08-16,5:00:00 PM,PUDIN DE PAN.,1.0,0.008,5.49
6490,2026-08-10,2026-08-16,5:00:00 PM,PUDIN DIPLOMATICO.,2.0,0.015,10.98
6491,2026-08-10,2026-08-16,5:00:00 PM,RABO ENCENDIDO.,1.0,0.037,25.99
6492,2026-08-10,2026-08-16,5:00:00 PM,RABO ENCENDIDO...,4.0,0.135,96.16
6493,2026-08-10,2026-08-16,5:00:00 PM,REGULAR DE PIERNA.,1.0,0.013,9.19
6494,2026-08-10,2026-08-16,5:00:00 PM,RIÑONADA.,5.0,0.156,110.75
6495,2026-08-10,2026-08-16,5:00:00 PM,ROPA VIEJA..,2.0,0.043,30.18
6496,2026-08-10,2026-08-16,5:00:00 PM,ROPA VIEJA...,4.0,0.094,66.56
6497,2026-08-10,2026-08-16,5:00:00 PM,RUEDA DE SERRUCHO.,1.0,0.021,14.99
6498,2026-08-10,2026-08-16,5:00:00 PM,RUEDA SERRUCO FRITA.,2.0,0.045,31.98
6499,2026-08-10,2026-08-16,5:00:00 PM,SANDWECHES POLLO..,1.0,0.016,11.69
6500,2026-08-10,2026-08-16,5:00:00 PM,SANDWICH ENSAL POLLO,2.0,0.028,20.18
6501,2026-08-10,2026-08-16,5:00:00 PM,SANDWICHES..POLLO.EMPA,2.0,0.04,28.28
6502,2026-08-10,2026-08-16,5:00:00 PM,SODA GINJER.,1.0,0.004,2.5
6503,2026-08-10,2026-08-16,5:00:00 PM,Sopa de Pollo Grande,7.0,0.084,59.43
6504,2026-08-10,2026-08-16,5:00:00 PM,SOPA DE RES GRANDE,9.0,0.154,109.51
6505,2026-08-10,2026-08-16,5:00:00 PM,SOPA DE RES MEDIANA,4.0,0.046,32.76
6506,2026-08-10,2026-08-16,5:00:00 PM,SOPA PESCADO MEDIANA.,1.0,0.01,6.99
6507,2026-08-10,2026-08-16,5:00:00 PM,SOPA PLATANO CHIQUITA.,1.0,0.006,3.99
6508,2026-08-10,2026-08-16,5:00:00 PM,SOPA PLATANO GRANDE.,3.0,0.044,31.47
6509,2026-08-10,2026-08-16,5:00:00 PM,Sopa Pollo Medina,13.0,0.101,71.37
6510,2026-08-10,2026-08-16,5:00:00 PM,SOPA. POLLO CHIQUITA,1.0,0.005,3.5
6511,2026-08-10,2026-08-16,5:00:00 PM,SOPON MARINERO.,1.0,0.037,25.99
6512,2026-08-10,2026-08-16,5:00:00 PM,SPAGHETTI POLLO ALFRED,2.0,0.043,30.38
6513,2026-08-10,2026-08-16,5:00:00 PM,SPRIET.,1.0,0.004,2.5
6514,2026-08-10,2026-08-16,5:00:00 PM,stella ARTOIS,1.0,0.008,5.49
6515,2026-08-10,2026-08-16,5:00:00 PM,T0 GO MESA,18.0,0.009,6.3
6516,2026-08-10,2026-08-16,5:00:00 PM,TAMAL,5.0,0.021,14.95
6517,2026-08-10,2026-08-16,5:00:00 PM,TAMAL CAZUELA.MEDIANO.,3.0,0.03,21.17
6518,2026-08-10,2026-08-16,5:00:00 PM,To Go.,8.0,0.002,1.6
6519,2026-08-10,2026-08-16,5:00:00 PM,To Go..,65.0,0.019,13.15
6520,2026-08-10,2026-08-16,5:00:00 PM,TORTILLA BASCA. - LATE,1.0,0.019,13.69
6521,2026-08-10,2026-08-16,5:00:00 PM,TORTILLA.,3.0,0.049,34.87
6522,2026-08-10,2026-08-16,5:00:00 PM,TOSTADA,2.0,0.006,3.98
6523,2026-08-10,2026-08-16,5:00:00 PM,TOSTONES.,3.0,0.021,14.97
6524,2026-08-10,2026-08-16,5:00:00 PM,TRES LECHES.,6.0,0.051,35.94
6525,2026-08-10,2026-08-16,5:00:00 PM,-VACA FRITA,10.0,0.242,171.7
6526,2026-08-10,2026-08-16,5:00:00 PM,-VACA FRITA.,7.0,0.161,114.43
6527,2026-08-10,2026-08-16,5:00:00 PM,vegetal.hervido,7.0,0.049,34.93
6528,2026-08-10,2026-08-16,5:00:00 PM,YUCA FRITA.,1.0,0.008,5.49
6529,2026-08-10,2026-08-16,6:00:00 PM,.ARROZ FRITO,7.0,0.134,95.43
6530,2026-08-10,2026-08-16,6:00:00 PM,.BISTEC DE POLLO,8.0,0.154,109.32
6531,2026-08-10,2026-08-16,6:00:00 PM,_=====================,41.0,0.0,0.0
6532,2026-08-10,2026-08-16,6:00:00 PM,== TO GO ==,55.0,0.015,11.0
6533,2026-08-10,2026-08-16,6:00:00 PM,======================,12.0,0.0,0.0
6534,2026-08-10,2026-08-16,6:00:00 PM,1 BOLA HELADO..,1.0,0.004,2.99
6535,2026-08-10,2026-08-16,6:00:00 PM,1 PIEZA DE CORDERO,1.0,0.025,17.99
6536,2026-08-10,2026-08-16,6:00:00 PM,1.LIBRA ENSALA POLLO.,1.0,0.013,8.99
6537,2026-08-10,2026-08-16,6:00:00 PM,2 PIEZAS DE CORDERO.,1.0,0.035,25.19
6538,2026-08-10,2026-08-16,6:00:00 PM,"3,,PANQUEQUES..",1.0,0.008,5.99
6539,2026-08-10,2026-08-16,6:00:00 PM,305 Morados,2.0,0.018,12.5
6540,2026-08-10,2026-08-16,6:00:00 PM,AGUA NATURAL,1.0,0.003,1.99
6541,2026-08-10,2026-08-16,6:00:00 PM,AGUA PERRIER,1.0,0.005,3.49
6542,2026-08-10,2026-08-16,6:00:00 PM,AGUACATE $5.00,1.0,0.007,5.0
6543,2026-08-10,2026-08-16,6:00:00 PM,AJIACO MEDIANO,3.0,0.03,21.37
6544,2026-08-10,2026-08-16,6:00:00 PM,AJIACO..GRANDE,2.0,0.03,21.18
6545,2026-08-10,2026-08-16,6:00:00 PM,ALBONDIGAS.RES.,1.0,0.02,13.99
6546,2026-08-10,2026-08-16,6:00:00 PM,Arros con pescado,1.0,0.024,17.19
6547,2026-08-10,2026-08-16,6:00:00 PM,ARROZ CON LECHE,3.0,0.023,16.47
6548,2026-08-10,2026-08-16,6:00:00 PM,ARROZ BLANCO..,5.0,0.023,16.25
6549,2026-08-10,2026-08-16,6:00:00 PM,ARROZ CHIQUITO,2.0,0.006,4.5
6550,2026-08-10,2026-08-16,6:00:00 PM,ARROZ CON CAMARONES.,1.0,0.031,22.19
6551,2026-08-10,2026-08-16,6:00:00 PM,ARROZ CON POLLO.,1.0,0.019,13.69
6552,2026-08-10,2026-08-16,6:00:00 PM,Arroz con puerco,1.0,0.019,13.19
6553,2026-08-10,2026-08-16,6:00:00 PM,ARROZ FRITO,3.0,0.062,43.87
6554,2026-08-10,2026-08-16,6:00:00 PM,-ARROZ FRITO,1.0,0.019,13.49
6555,2026-08-10,2026-08-16,6:00:00 PM,ARROZ IMPERIAL..,1.0,0.02,14.19
6556,2026-08-10,2026-08-16,6:00:00 PM,BABY CHURASCO,6.0,0.169,120.14
6557,2026-08-10,2026-08-16,6:00:00 PM,BABY CHURRASCO,4.0,0.102,72.36
6558,2026-08-10,2026-08-16,6:00:00 PM,Bananas.3 $ 1.50,1.0,0.002,1.5
6559,2026-08-10,2026-08-16,6:00:00 PM,bandeja rinconcito 87,1.0,0.046,32.99
6560,2026-08-10,2026-08-16,6:00:00 PM,BATIDO CHOCOLATE.,4.0,0.028,19.96
6561,2026-08-10,2026-08-16,6:00:00 PM,BATIDO FRUTA BONBA,2.0,0.014,9.98
6562,2026-08-10,2026-08-16,6:00:00 PM,BATIDO MAMEY,8.0,0.062,43.92
6563,2026-08-10,2026-08-16,6:00:00 PM,BATIDO MANGO,1.0,0.007,4.99
6564,2026-08-10,2026-08-16,6:00:00 PM,BISTEC A CABALLO,1.0,0.02,14.49
6565,2026-08-10,2026-08-16,6:00:00 PM,BISTEC DE POLLO-,2.0,0.039,27.38
6566,2026-08-10,2026-08-16,6:00:00 PM,BISTEC DE POLLO.,6.0,0.117,82.94
6567,2026-08-10,2026-08-16,6:00:00 PM,-BISTEC DE POLLO.,8.0,0.154,109.12
6568,2026-08-10,2026-08-16,6:00:00 PM,BISTEC DE POLLO..,5.0,0.096,68.25
6569,2026-08-10,2026-08-16,6:00:00 PM,BISTEC DE POLLO...,6.0,0.117,83.04
6570,2026-08-10,2026-08-16,6:00:00 PM,-BISTEC DE PUERCO,1.0,0.022,15.69
6571,2026-08-10,2026-08-16,6:00:00 PM,BISTEC EN CAZUELA,2.0,0.041,29.38
6572,2026-08-10,2026-08-16,6:00:00 PM,BISTEC JAMON,2.0,0.041,29.38
6573,2026-08-10,2026-08-16,6:00:00 PM,-BISTEC PALOMILLA,8.0,0.204,144.92
6574,2026-08-10,2026-08-16,6:00:00 PM,BISTEC POLLO PLANCHA,6.0,0.115,81.74
6575,2026-08-10,2026-08-16,6:00:00 PM,-BISTECDE POLLO,9.0,0.172,122.41
6576,2026-08-10,2026-08-16,6:00:00 PM,BOCADITO DE TUNA.,1.0,0.013,9.19
6577,2026-08-10,2026-08-16,6:00:00 PM,BOLICHE ..,2.0,0.043,30.18
6578,2026-08-10,2026-08-16,6:00:00 PM,-BOLICHE ASADO,1.0,0.023,16.49
6579,2026-08-10,2026-08-16,6:00:00 PM,BONIATILLO.,1.0,0.002,1.5
6580,2026-08-10,2026-08-16,6:00:00 PM,BONIATO FRITO..,1.0,0.007,4.99
6581,2026-08-10,2026-08-16,6:00:00 PM,BOÑUELOS.,1.0,0.008,5.49
6582,2026-08-10,2026-08-16,6:00:00 PM,CAESAR /POLLO,1.0,0.018,12.99
6583,2026-08-10,2026-08-16,6:00:00 PM,CAFE CON LECHE GRANDE,1.0,0.006,4.5
6584,2026-08-10,2026-08-16,6:00:00 PM,CAFE CON LECHE MEDIANO,1.0,0.005,3.75
6585,2026-08-10,2026-08-16,6:00:00 PM,CAFE CUBANO.,20.0,0.042,30.0
6586,2026-08-10,2026-08-16,6:00:00 PM,CALDO GALLEGO.MEDIANO.,1.0,0.011,7.99
6587,2026-08-10,2026-08-16,6:00:00 PM,caldosos,1.0,0.0,0.0
6588,2026-08-10,2026-08-16,6:00:00 PM,CAMORON SALSA ALFREDO,1.0,0.028,19.99
6589,2026-08-10,2026-08-16,6:00:00 PM,CANT 4 DELIVER,1.0,0.079,56.0
6590,2026-08-10,2026-08-16,6:00:00 PM,CANT 5 DELIVER,1.0,0.099,70.0
6591,2026-08-10,2026-08-16,6:00:00 PM,CARNE CON PAPAS.,5.0,0.1,70.95
6592,2026-08-10,2026-08-16,6:00:00 PM,CASCOS GUAVA QUESO,1.0,0.008,5.99
6593,2026-08-10,2026-08-16,6:00:00 PM,CHICHAR POLLO SIN HUES,4.0,0.077,54.56
6594,2026-08-10,2026-08-16,6:00:00 PM,CHICHARO GRANDE.,3.0,0.039,27.37
6595,2026-08-10,2026-08-16,6:00:00 PM,CHICHARO MEDIANO.,1.0,0.01,6.99
6596,2026-08-10,2026-08-16,6:00:00 PM,chichek wings,2.0,0.021,15.0
6597,2026-08-10,2026-08-16,6:00:00 PM,CHULETAS DE PUERCO,2.0,0.041,29.18
6598,2026-08-10,2026-08-16,6:00:00 PM,CHULETAS DE PUERCO.,6.0,0.115,81.54
6599,2026-08-10,2026-08-16,6:00:00 PM,"CHURRASCO ,,,",11.0,0.405,287.29
6600,2026-08-10,2026-08-16,6:00:00 PM,churros.solo.4,1.0,0.007,4.99
6601,2026-08-10,2026-08-16,6:00:00 PM,CLUB SANDWICH.,4.0,0.068,48.36
6602,2026-08-10,2026-08-16,6:00:00 PM,COKE CERO.,1.0,0.004,2.5
6603,2026-08-10,2026-08-16,6:00:00 PM,COKE.,5.0,0.018,12.5
6604,2026-08-10,2026-08-16,6:00:00 PM,COLADA.,3.0,0.012,8.25
6605,2026-08-10,2026-08-16,6:00:00 PM,COLORADOS GRANDE.,1.0,0.014,9.69
6606,2026-08-10,2026-08-16,6:00:00 PM,CONGRI.,1.0,0.006,3.99
6607,2026-08-10,2026-08-16,6:00:00 PM,COPA VINO,2.0,0.025,17.98
6608,2026-08-10,2026-08-16,6:00:00 PM,Cortadito Evaporada,9.0,0.032,22.5
6609,2026-08-10,2026-08-16,6:00:00 PM,"Cortadito,.",5.0,0.015,10.47
6610,2026-08-10,2026-08-16,6:00:00 PM,CREMA CALABAZA GRANDE,1.0,0.014,9.99
6611,2026-08-10,2026-08-16,6:00:00 PM,CREMA CALABAZA MEDIAN,8.0,0.079,55.92
6612,2026-08-10,2026-08-16,6:00:00 PM,CREMA MALANGA MEDIANA.,16.0,0.158,111.84
6613,2026-08-10,2026-08-16,6:00:00 PM,CREMA VEGETAL GRANDE.,1.0,0.015,10.49
6614,2026-08-10,2026-08-16,6:00:00 PM,CREMA VEGETAL MEDIANA,2.0,0.02,13.98
6615,2026-08-10,2026-08-16,6:00:00 PM,CREMA. MALANGA CHIQUIT,1.0,0.006,4.5
6616,2026-08-10,2026-08-16,6:00:00 PM,CREMA. MALANGA GRANDE.,8.0,0.118,83.92
6617,2026-08-10,2026-08-16,6:00:00 PM,CREMA. VEGETALCHIQUITA,1.0,0.006,4.5
6618,2026-08-10,2026-08-16,6:00:00 PM,croqueta bacalao.,1.0,0.003,1.99
6619,2026-08-10,2026-08-16,6:00:00 PM,croqueta jamon.,32.0,0.079,56.0
6620,2026-08-10,2026-08-16,6:00:00 PM,CROQUETA PREPARADA.,3.0,0.052,36.57
6621,2026-08-10,2026-08-16,6:00:00 PM,CUBANO ESPECIAL..,1.0,0.017,11.99
6622,2026-08-10,2026-08-16,6:00:00 PM,CUBANO REGULAR.,7.0,0.1,71.33
6623,2026-08-10,2026-08-16,6:00:00 PM,DEDITOS .PESCADO.,2.0,0.04,28.18
6624,2026-08-10,2026-08-16,6:00:00 PM,DEDITOS DE PESCADO,5.0,0.114,80.75
6625,2026-08-10,2026-08-16,6:00:00 PM,-DEDITOS DE POLLO,1.0,0.021,15.19
6626,2026-08-10,2026-08-16,6:00:00 PM,deditos de pollo kids,1.0,0.011,7.99
6627,2026-08-10,2026-08-16,6:00:00 PM,DIET COKE.,6.0,0.019,13.5
6628,2026-08-10,2026-08-16,6:00:00 PM,DIET MATERVA.,1.0,0.004,2.5
6629,2026-08-10,2026-08-16,6:00:00 PM,DTC..,1.0,0.009,6.25
6630,2026-08-10,2026-08-16,6:00:00 PM,DULCE DE LECHE,1.0,0.008,5.49
6631,2026-08-10,2026-08-16,6:00:00 PM,E PAGUETI SOLO ROJA.,1.0,0.013,8.99
6632,2026-08-10,2026-08-16,6:00:00 PM,Empanada carne,6.0,0.025,17.94
6633,2026-08-10,2026-08-16,6:00:00 PM,Empanada Jamon/Queso,4.0,0.017,11.96
6634,2026-08-10,2026-08-16,6:00:00 PM,Empanada Pollo,2.0,0.008,5.98
6635,2026-08-10,2026-08-16,6:00:00 PM,ENPANADA COLONBIANA..,1.0,0.004,2.49
6636,2026-08-10,2026-08-16,6:00:00 PM,ENPANISADO. RES,7.0,0.161,114.63
6637,2026-08-10,2026-08-16,6:00:00 PM,"ENPELLAS,chicharones.",1.0,0.008,6.0
6638,2026-08-10,2026-08-16,6:00:00 PM,ENSALA AGUACAT PEQUE,7.0,0.044,31.5
6639,2026-08-10,2026-08-16,6:00:00 PM,ENSALA POLLO 2 CROQUET,2.0,0.035,24.98
6640,2026-08-10,2026-08-16,6:00:00 PM,ENSALADA AGUACAT GRAND,5.0,0.039,27.5
6641,2026-08-10,2026-08-16,6:00:00 PM,Ensalada Small,1.0,0.004,2.75
6642,2026-08-10,2026-08-16,6:00:00 PM,ENSALDA DE TUNA,1.0,0.017,11.99
6643,2026-08-10,2026-08-16,6:00:00 PM,FABADA MEDIANA.,1.0,0.01,7.19
6644,2026-08-10,2026-08-16,6:00:00 PM,FELITOS,5.0,0.01,7.45
6645,2026-08-10,2026-08-16,6:00:00 PM,FILETE ALA VILVAINA,1.0,0.028,19.99
6646,2026-08-10,2026-08-16,6:00:00 PM,FILETE DE MAHIMAHI,1.0,0.024,16.99
6647,2026-08-10,2026-08-16,6:00:00 PM,FILETE PARGO PLANCHA,3.0,0.093,66.37
6648,2026-08-10,2026-08-16,6:00:00 PM,FILETE PESCADO EMPANI,2.0,0.05,35.18
6649,2026-08-10,2026-08-16,6:00:00 PM,-FILETE PESCADO PLANCH,4.0,0.097,68.56
6650,2026-08-10,2026-08-16,6:00:00 PM,FILETE SALMON.,1.0,0.027,19.2
6651,2026-08-10,2026-08-16,6:00:00 PM,FILETILL POLLO SALSA,1.0,0.021,15.19
6652,2026-08-10,2026-08-16,6:00:00 PM,FILETILLO POLLO PLANCH,6.0,0.128,90.94
6653,2026-08-10,2026-08-16,6:00:00 PM,FILETILLO RES SALSA.,1.0,0.021,15.19
6654,2026-08-10,2026-08-16,6:00:00 PM,FLAN ESPECIAL.,7.0,0.059,41.93
6655,2026-08-10,2026-08-16,6:00:00 PM,-FLAN.,2.0,0.014,9.98
6656,2026-08-10,2026-08-16,6:00:00 PM,-FRICASE DE POLLO,1.0,0.016,11.19
6657,2026-08-10,2026-08-16,6:00:00 PM,FRICASE PUERCO.,6.0,0.113,80.3
6658,2026-08-10,2026-08-16,6:00:00 PM,FRIJOL GRANDE,4.0,0.045,31.96
6659,2026-08-10,2026-08-16,6:00:00 PM,FRIJOL PEQUENO.,2.0,0.008,5.98
6660,2026-08-10,2026-08-16,6:00:00 PM,FRITA CUBANA,5.0,0.071,50.35
6661,2026-08-10,2026-08-16,6:00:00 PM,FRITURAS DE MALANGA,5.0,0.046,32.5
6662,2026-08-10,2026-08-16,6:00:00 PM,GARBANZO GRANDE.,4.0,0.059,41.96
6663,2026-08-10,2026-08-16,6:00:00 PM,GARBANZO.CHIQUITO.,1.0,0.006,3.99
6664,2026-08-10,2026-08-16,6:00:00 PM,GARBANZO.MEDIANO.,2.0,0.02,13.98
6665,2026-08-10,2026-08-16,6:00:00 PM,GATORADE LIMON,1.0,0.006,3.99
6666,2026-08-10,2026-08-16,6:00:00 PM,GUARAPO.,7.0,0.052,36.75
6667,2026-08-10,2026-08-16,6:00:00 PM,GUISO MAIZ GRANDE.,1.0,0.015,10.49
6668,2026-08-10,2026-08-16,6:00:00 PM,GUISO.MAIZ MEDIANO.,1.0,0.01,6.99
6669,2026-08-10,2026-08-16,6:00:00 PM,HAMBURQUESA.CON QUESO,1.0,0.016,11.19
6670,2026-08-10,2026-08-16,6:00:00 PM,Heineken,1.0,0.008,5.49
6671,2026-08-10,2026-08-16,6:00:00 PM,HELADO CONO..,4.0,0.02,14.0
6672,2026-08-10,2026-08-16,6:00:00 PM,HIGADO ITALIANA,6.0,0.128,90.74
6673,2026-08-10,2026-08-16,6:00:00 PM,HORDE DEPAN,1.0,0.002,1.5
6674,2026-08-10,2026-08-16,6:00:00 PM,HORDEN DE 3 CHICHARONE,1.0,0.005,3.25
6675,2026-08-10,2026-08-16,6:00:00 PM,HUEVO FRITO,3.0,0.005,3.75
6676,2026-08-10,2026-08-16,6:00:00 PM,IRON BEER.,1.0,0.004,2.5
6677,2026-08-10,2026-08-16,6:00:00 PM,JALEA MiXTA......,1.0,0.037,25.99
6678,2026-08-10,2026-08-16,6:00:00 PM,JARRITO NARANJA.,1.0,0.005,3.49
6679,2026-08-10,2026-08-16,6:00:00 PM,JUGO MARACULLA,2.0,0.013,9.0
6680,2026-08-10,2026-08-16,6:00:00 PM,JUGO PINA,1.0,0.006,4.5
6681,2026-08-10,2026-08-16,6:00:00 PM,JUGO ZANAHORIA NARAJA,3.0,0.021,14.97
6682,2026-08-10,2026-08-16,6:00:00 PM,JUGO.NARANJA.,2.0,0.015,10.5
6683,2026-08-10,2026-08-16,6:00:00 PM,Juntas,2.0,0.0,0.0
6684,2026-08-10,2026-08-16,6:00:00 PM,-LECHE MALTEADA,1.0,0.007,4.99
6685,2026-08-10,2026-08-16,6:00:00 PM,-LECHON ASADO,3.0,0.062,43.67
6686,2026-08-10,2026-08-16,6:00:00 PM,LENTEJAS GRANDE.,2.0,0.027,18.98
6687,2026-08-10,2026-08-16,6:00:00 PM,LENTEJAS MEDIANA.,4.0,0.039,27.96
6688,2026-08-10,2026-08-16,6:00:00 PM,LIMANADA COCO.,3.0,0.025,17.97
6689,2026-08-10,2026-08-16,6:00:00 PM,LIMONADA,6.0,0.038,27.0
6690,2026-08-10,2026-08-16,6:00:00 PM,MADIO.POLLO A la brasa,1.0,0.02,14.19
6691,2026-08-10,2026-08-16,6:00:00 PM,-MADUROS.,4.0,0.025,17.96
6692,2026-08-10,2026-08-16,6:00:00 PM,-MARIQUITAS.,6.0,0.051,35.94
6693,2026-08-10,2026-08-16,6:00:00 PM,Mariquitas.togo.,1.0,0.006,4.5
6694,2026-08-10,2026-08-16,6:00:00 PM,-MASAS DE PUERCO,5.0,0.101,71.85
6695,2026-08-10,2026-08-16,6:00:00 PM,MASAS DE PUERCO.,2.0,0.041,29.38
6696,2026-08-10,2026-08-16,6:00:00 PM,-MASAS DE PUERCO.,1.0,0.02,13.99
6697,2026-08-10,2026-08-16,6:00:00 PM,MATERVA.,6.0,0.021,15.0
6698,2026-08-10,2026-08-16,6:00:00 PM,MEDIA JARRA,1.0,0.023,16.0
6699,2026-08-10,2026-08-16,6:00:00 PM,MEDIA NOCHE.,8.0,0.114,80.92
6700,2026-08-10,2026-08-16,6:00:00 PM,-MEDIO POLLO FRITO,3.0,0.062,44.07
6701,2026-08-10,2026-08-16,6:00:00 PM,MEDIO POLLO.ASADO.,5.0,0.099,69.95
6702,2026-08-10,2026-08-16,6:00:00 PM,MELON..SANDIA,10.0,0.063,45.0
6703,2026-08-10,2026-08-16,6:00:00 PM,MIAMI SANDWICH.,1.0,0.017,12.19
6704,2026-08-10,2026-08-16,6:00:00 PM,-MILANESA DE POLLO,3.0,0.074,52.57
6705,2026-08-10,2026-08-16,6:00:00 PM,MILANESA RES.,4.0,0.113,80.36
6706,2026-08-10,2026-08-16,6:00:00 PM,MISC COCINA,1.0,0.001,1.0
6707,2026-08-10,2026-08-16,6:00:00 PM,MODELO,1.0,0.008,5.49
6708,2026-08-10,2026-08-16,6:00:00 PM,MOFONGO VACA FRITA.,1.0,0.03,21.2
6709,2026-08-10,2026-08-16,6:00:00 PM,MOROS...,1.0,0.006,3.99
6710,2026-08-10,2026-08-16,6:00:00 PM,NATILLA,1.0,0.007,4.99
6711,2026-08-10,2026-08-16,6:00:00 PM,NATILLA CATALANA,1.0,0.009,6.25
6712,2026-08-10,2026-08-16,6:00:00 PM,palomilla baby,1.0,0.015,11.0
6713,2026-08-10,2026-08-16,6:00:00 PM,-PAN CON BISTEC.,6.0,0.094,66.74
6714,2026-08-10,2026-08-16,6:00:00 PM,PAN CON LECHON.,2.0,0.027,19.38
6715,2026-08-10,2026-08-16,6:00:00 PM,PAN CON TORTILLA.,1.0,0.016,11.19
6716,2026-08-10,2026-08-16,6:00:00 PM,PAN JAMAICA,1.0,0.002,1.6
6717,2026-08-10,2026-08-16,6:00:00 PM,PAPAS FRITAS,1.0,0.006,4.49
6718,2026-08-10,2026-08-16,6:00:00 PM,-PARGO FRITO ENTERO.,4.0,0.147,104.36
6719,2026-08-10,2026-08-16,6:00:00 PM,PICADILLO,3.0,0.058,40.87
6720,2026-08-10,2026-08-16,6:00:00 PM,-PICADILLO,3.0,0.068,48.07
6721,2026-08-10,2026-08-16,6:00:00 PM,POLLO EMPANIZADO,2.0,0.041,29.18
6722,2026-08-10,2026-08-16,6:00:00 PM,POTAJE COLORADOS MEDIA,1.0,0.01,7.19
6723,2026-08-10,2026-08-16,6:00:00 PM,PRESIDENTE..,1.0,0.008,5.49
6724,2026-08-10,2026-08-16,6:00:00 PM,PUDIN DE PAN.,4.0,0.031,21.96
6725,2026-08-10,2026-08-16,6:00:00 PM,PUDIN DIPLOMATICO.,6.0,0.046,32.94
6726,2026-08-10,2026-08-16,6:00:00 PM,PURE PAPAS.,1.0,0.006,4.49
6727,2026-08-10,2026-08-16,6:00:00 PM,RABO ENCENDIDO.,1.0,0.034,24.19
6728,2026-08-10,2026-08-16,6:00:00 PM,RABO ENCENDIDO...,3.0,0.101,71.97
6729,2026-08-10,2026-08-16,6:00:00 PM,-RACION DE MALANGA.,2.0,0.017,11.98
6730,2026-08-10,2026-08-16,6:00:00 PM,RIÑONADA.,5.0,0.15,106.35
6731,2026-08-10,2026-08-16,6:00:00 PM,ROPA VIEJA..,4.0,0.086,60.76
6732,2026-08-10,2026-08-16,6:00:00 PM,ROPA VIEJA...,2.0,0.047,33.38
6733,2026-08-10,2026-08-16,6:00:00 PM,S.PELLECRINO,1.0,0.005,3.49
6734,2026-08-10,2026-08-16,6:00:00 PM,SANDWECHES POLLO..,1.0,0.016,11.69
6735,2026-08-10,2026-08-16,6:00:00 PM,SANDWICHES..POLLO.EMPA,1.0,0.018,12.69
6736,2026-08-10,2026-08-16,6:00:00 PM,SOLO.TOMATE,1.0,0.004,2.5
6737,2026-08-10,2026-08-16,6:00:00 PM,Sopa de Pollo Grande,15.0,0.179,127.35
6738,2026-08-10,2026-08-16,6:00:00 PM,SOPA DE RES GRANDE,4.0,0.068,48.56
6739,2026-08-10,2026-08-16,6:00:00 PM,SOPA DE RES MEDIANA,2.0,0.023,15.98
6740,2026-08-10,2026-08-16,6:00:00 PM,SOPA PESCADO MEDIANA.,5.0,0.049,34.95
6741,2026-08-10,2026-08-16,6:00:00 PM,SOPA PLATANO CHIQUITA.,1.0,0.006,3.99
6742,2026-08-10,2026-08-16,6:00:00 PM,SOPA PLATANO GRANDE.,3.0,0.044,31.47
6743,2026-08-10,2026-08-16,6:00:00 PM,SOPA PLATANO MEDIANA.,2.0,0.02,13.98
6744,2026-08-10,2026-08-16,6:00:00 PM,Sopa Pollo Medina,17.0,0.131,93.33
6745,2026-08-10,2026-08-16,6:00:00 PM,SOPA. POLLO CHIQUITA,1.0,0.005,3.5
6746,2026-08-10,2026-08-16,6:00:00 PM,Spagheti Carne SALSA R,1.0,0.023,16.19
6747,2026-08-10,2026-08-16,6:00:00 PM,Spaghetti Pollo.ROJA,1.0,0.021,15.19
6748,2026-08-10,2026-08-16,6:00:00 PM,SPRIET.,3.0,0.011,7.5
6749,2026-08-10,2026-08-16,6:00:00 PM,SUNKIST.,1.0,0.004,2.5
6750,2026-08-10,2026-08-16,6:00:00 PM,T0 GO MESA,26.0,0.013,9.1
6751,2026-08-10,2026-08-16,6:00:00 PM,TAMA. CAZUELA CHIQUITO,1.0,0.006,4.5
6752,2026-08-10,2026-08-16,6:00:00 PM,TAMAL,4.0,0.017,11.96
6753,2026-08-10,2026-08-16,6:00:00 PM,TAMAL.CAZUELA GRANDE.,1.0,0.016,11.19
6754,2026-08-10,2026-08-16,6:00:00 PM,To Go.,9.0,0.003,1.8
6755,2026-08-10,2026-08-16,6:00:00 PM,To Go..,69.0,0.02,13.95
6756,2026-08-10,2026-08-16,6:00:00 PM,TOREJA CUBANA,2.0,0.017,11.98
6757,2026-08-10,2026-08-16,6:00:00 PM,TOSTADA,2.0,0.006,3.98
6758,2026-08-10,2026-08-16,6:00:00 PM,TOSTONES.,3.0,0.021,14.97
6759,2026-08-10,2026-08-16,6:00:00 PM,TRES LECHES.,5.0,0.042,29.95
6760,2026-08-10,2026-08-16,6:00:00 PM,"TRIO,,HELADO",1.0,0.009,6.5
6761,2026-08-10,2026-08-16,6:00:00 PM,tronchos pescado,1.0,0.023,16.19
6762,2026-08-10,2026-08-16,6:00:00 PM,-VACA FRITA,12.0,0.295,209.68
6763,2026-08-10,2026-08-16,6:00:00 PM,-VACA FRITA.,8.0,0.181,128.72
6764,2026-08-10,2026-08-16,6:00:00 PM,vegetal.hervido,1.0,0.007,4.99
6765,2026-08-10,2026-08-16,7:00:00 PM,.BISTEC DE POLLO,9.0,0.173,122.81
6766,2026-08-10,2026-08-16,7:00:00 PM,_=====================,24.0,0.0,0.0
6767,2026-08-10,2026-08-16,7:00:00 PM,== TO GO ==,50.0,0.014,10.0
6768,2026-08-10,2026-08-16,7:00:00 PM,======================,10.0,0.0,0.0
6769,2026-08-10,2026-08-16,7:00:00 PM,1 BOLA HELADO..,1.0,0.004,2.99
6770,2026-08-10,2026-08-16,7:00:00 PM,1 PIEZA DE CORDERO,2.0,0.051,36.38
6771,2026-08-10,2026-08-16,7:00:00 PM,305 Morados,1.0,0.009,6.25
6772,2026-08-10,2026-08-16,7:00:00 PM,AGUA NATURAL,4.0,0.011,7.96
6773,2026-08-10,2026-08-16,7:00:00 PM,AGUA PERRIER,4.0,0.02,13.96
6774,2026-08-10,2026-08-16,7:00:00 PM,AGUACATE $5.00,1.0,0.007,5.0
6775,2026-08-10,2026-08-16,7:00:00 PM,AJIACO MEDIANO,3.0,0.03,21.17
6776,2026-08-10,2026-08-16,7:00:00 PM,AJIACO..GRANDE,3.0,0.045,32.07
6777,2026-08-10,2026-08-16,7:00:00 PM,ARROS CON MARISCOS.,1.0,0.057,40.19
6778,2026-08-10,2026-08-16,7:00:00 PM,ARROZ CON LECHE,3.0,0.023,16.47
6779,2026-08-10,2026-08-16,7:00:00 PM,ARROZ BLANCO..,5.0,0.023,16.25
6780,2026-08-10,2026-08-16,7:00:00 PM,ARROZ CHIQUITO,4.0,0.014,10.0
6781,2026-08-10,2026-08-16,7:00:00 PM,ARROZ CON CAMARONES.,1.0,0.031,22.19
6782,2026-08-10,2026-08-16,7:00:00 PM,ARROZ CON POLLO.,1.0,0.019,13.69
6783,2026-08-10,2026-08-16,7:00:00 PM,-ARROZ FRITO,2.0,0.038,27.18
6784,2026-08-10,2026-08-16,7:00:00 PM,BABY CHURASCO,7.0,0.2,142.13
6785,2026-08-10,2026-08-16,7:00:00 PM,BABY CHURRASCO,7.0,0.179,126.93
6786,2026-08-10,2026-08-16,7:00:00 PM,BACON,1.0,0.007,4.99
6787,2026-08-10,2026-08-16,7:00:00 PM,Bananas.3 $ 1.50,2.0,0.004,3.0
6788,2026-08-10,2026-08-16,7:00:00 PM,BATIDO FRUTA BONBA,1.0,0.007,4.99
6789,2026-08-10,2026-08-16,7:00:00 PM,BATIDO MAMEY,1.0,0.008,5.49
6790,2026-08-10,2026-08-16,7:00:00 PM,BATIDO MANGO,3.0,0.021,14.97
6791,2026-08-10,2026-08-16,7:00:00 PM,BATIDO TRIGO,1.0,0.007,4.99
6792,2026-08-10,2026-08-16,7:00:00 PM,BATIDO VAINILLA,1.0,0.007,4.99
6793,2026-08-10,2026-08-16,7:00:00 PM,Best Mango,1.0,0.004,2.99
6794,2026-08-10,2026-08-16,7:00:00 PM,-BISTEC DE HIGADO,1.0,0.019,13.49
6795,2026-08-10,2026-08-16,7:00:00 PM,BISTEC DE POLLO-,5.0,0.096,68.45
6796,2026-08-10,2026-08-16,7:00:00 PM,BISTEC DE POLLO.,6.0,0.115,81.54
6797,2026-08-10,2026-08-16,7:00:00 PM,-BISTEC DE POLLO.,6.0,0.114,81.14
6798,2026-08-10,2026-08-16,7:00:00 PM,BISTEC DE POLLO..,3.0,0.058,40.87
6799,2026-08-10,2026-08-16,7:00:00 PM,BISTEC DE POLLO...,3.0,0.058,41.07
6800,2026-08-10,2026-08-16,7:00:00 PM,-BISTEC DE PUERCO,4.0,0.088,62.36
6801,2026-08-10,2026-08-16,7:00:00 PM,BISTEC EN CAZUELA,3.0,0.062,43.67
6802,2026-08-10,2026-08-16,7:00:00 PM,-BISTEC PALOMILLA,7.0,0.182,129.23
6803,2026-08-10,2026-08-16,7:00:00 PM,BISTEC POLLO PLANCHA,10.0,0.197,139.9
6804,2026-08-10,2026-08-16,7:00:00 PM,-BISTECDE POLLO,1.0,0.019,13.69
6805,2026-08-10,2026-08-16,7:00:00 PM,BOLICHE ..,2.0,0.043,30.18
6806,2026-08-10,2026-08-16,7:00:00 PM,-BOLICHE ASADO,2.0,0.05,35.18
6807,2026-08-10,2026-08-16,7:00:00 PM,BONIATO HERVIDO,1.0,0.007,4.99
6808,2026-08-10,2026-08-16,7:00:00 PM,BOÑUELOS.,3.0,0.023,16.47
6809,2026-08-10,2026-08-16,7:00:00 PM,Budweiser,1.0,0.007,4.99
6810,2026-08-10,2026-08-16,7:00:00 PM,CAESAR /POLLO,1.0,0.018,12.99
6811,2026-08-10,2026-08-16,7:00:00 PM,CAF.LEC.EVAP.CHICO,1.0,0.004,3.0
6812,2026-08-10,2026-08-16,7:00:00 PM,CAF.LEC.EVAP.MEDIA,2.0,0.013,9.0
6813,2026-08-10,2026-08-16,7:00:00 PM,CAFE CON LECHE MEDIANO,3.0,0.016,11.25
6814,2026-08-10,2026-08-16,7:00:00 PM,CAFE CON LECHE PEQUENO,2.0,0.007,5.0
6815,2026-08-10,2026-08-16,7:00:00 PM,CAFE CUBANO.,28.0,0.059,42.0
6816,2026-08-10,2026-08-16,7:00:00 PM,CAFECITO.,1.0,0.001,0.99
6817,2026-08-10,2026-08-16,7:00:00 PM,CALAMARES FRITOS,1.0,0.021,14.99
6818,2026-08-10,2026-08-16,7:00:00 PM,CALDO GALLEGO.MEDIANO.,1.0,0.012,8.19
6819,2026-08-10,2026-08-16,7:00:00 PM,CALDO.GALLEGO GRANDE.,1.0,0.016,11.69
6820,2026-08-10,2026-08-16,7:00:00 PM,caldosos,1.0,0.0,0.0
6821,2026-08-10,2026-08-16,7:00:00 PM,CANT 5 DELIVER,2.0,0.197,140.0
6822,2026-08-10,2026-08-16,7:00:00 PM,CARNE CON PAPAS.,6.0,0.12,84.94
6823,2026-08-10,2026-08-16,7:00:00 PM,CASCOS GUAVA QUESO,1.0,0.008,5.99
6824,2026-08-10,2026-08-16,7:00:00 PM,CHICHAR POLLO SIN HUES,2.0,0.039,27.38
6825,2026-08-10,2026-08-16,7:00:00 PM,CHULETAS DE PUERCO.,2.0,0.041,29.18
6826,2026-08-10,2026-08-16,7:00:00 PM,"CHURRASCO ,,,",10.0,0.374,265.3
6827,2026-08-10,2026-08-16,7:00:00 PM,CLAMATO,1.0,0.004,2.99
6828,2026-08-10,2026-08-16,7:00:00 PM,CLAMATO JUICE,1.0,0.004,2.99
6829,2026-08-10,2026-08-16,7:00:00 PM,CLUB SANDWICH.,1.0,0.017,12.19
6830,2026-08-10,2026-08-16,7:00:00 PM,COCTEL DE CAMARONES.,2.0,0.048,34.0
6831,2026-08-10,2026-08-16,7:00:00 PM,COKE CERO.,2.0,0.007,5.0
6832,2026-08-10,2026-08-16,7:00:00 PM,COKE.,5.0,0.018,12.5
6833,2026-08-10,2026-08-16,7:00:00 PM,COLADA.,2.0,0.008,5.5
6834,2026-08-10,2026-08-16,7:00:00 PM,COLORADOS GRANDE.,1.0,0.014,9.69
6835,2026-08-10,2026-08-16,7:00:00 PM,COPA VINO,2.0,0.025,17.98
6836,2026-08-10,2026-08-16,7:00:00 PM,-CORONA.,1.0,0.008,5.49
6837,2026-08-10,2026-08-16,7:00:00 PM,Cortadito Evaporada,5.0,0.018,12.5
6838,2026-08-10,2026-08-16,7:00:00 PM,"Cortadito,.",3.0,0.009,6.49
6839,2026-08-10,2026-08-16,7:00:00 PM,CREMA BROCOLY,1.0,0.013,9.25
6840,2026-08-10,2026-08-16,7:00:00 PM,CREMA CALABAZA GRANDE,2.0,0.028,19.98
6841,2026-08-10,2026-08-16,7:00:00 PM,CREMA CALABAZA MEDIAN,3.0,0.03,20.97
6842,2026-08-10,2026-08-16,7:00:00 PM,CREMA CALABAZA..GRAND,1.0,0.014,9.99
6843,2026-08-10,2026-08-16,7:00:00 PM,CREMA CALABAZACHIQUIT,2.0,0.013,9.0
6844,2026-08-10,2026-08-16,7:00:00 PM,CREMA MALANGA MEDIANA.,13.0,0.128,90.87
6845,2026-08-10,2026-08-16,7:00:00 PM,CREMA. MALANGA GRANDE.,8.0,0.118,83.92
6846,2026-08-10,2026-08-16,7:00:00 PM,croqueta bacalao.,8.0,0.022,15.92
6847,2026-08-10,2026-08-16,7:00:00 PM,croqueta jamon.,18.0,0.044,31.5
6848,2026-08-10,2026-08-16,7:00:00 PM,croqueta pollo.,1.0,0.002,1.75
6849,2026-08-10,2026-08-16,7:00:00 PM,DEDITOS .PESCADO.,1.0,0.023,15.99
6850,2026-08-10,2026-08-16,7:00:00 PM,DEDITOS DE PESCADO,1.0,0.025,17.69
6851,2026-08-10,2026-08-16,7:00:00 PM,-DEDITOS DE POLLO,2.0,0.037,26.18
6852,2026-08-10,2026-08-16,7:00:00 PM,deditos de pollo kids,4.0,0.046,32.36
6853,2026-08-10,2026-08-16,7:00:00 PM,Deditos De Queso.,3.0,0.008,5.97
6854,2026-08-10,2026-08-16,7:00:00 PM,deditos Queso/Guayaba,1.0,0.003,1.99
6855,2026-08-10,2026-08-16,7:00:00 PM,DIET COKE.,1.0,0.003,2.25
6856,2026-08-10,2026-08-16,7:00:00 PM,DIET MATERVA.,2.0,0.007,5.0
6857,2026-08-10,2026-08-16,7:00:00 PM,Empanada carne,2.0,0.008,5.98
6858,2026-08-10,2026-08-16,7:00:00 PM,Empanada Jamon/Queso,3.0,0.013,8.97
6859,2026-08-10,2026-08-16,7:00:00 PM,Empnda Espinaca/Queso,2.0,0.008,5.98
6860,2026-08-10,2026-08-16,7:00:00 PM,ENPANADA COLONBIANA..,1.0,0.004,2.49
6861,2026-08-10,2026-08-16,7:00:00 PM,ENPANISADO. RES,7.0,0.159,112.53
6862,2026-08-10,2026-08-16,7:00:00 PM,ENSALA AGUACAT PEQUE,7.0,0.044,31.5
6863,2026-08-10,2026-08-16,7:00:00 PM,ENSALA POLLO 2 CROQUET,7.0,0.123,87.43
6864,2026-08-10,2026-08-16,7:00:00 PM,ENSALADA AGUACAT GRAND,1.0,0.008,5.5
6865,2026-08-10,2026-08-16,7:00:00 PM,Ensalada Small,1.0,0.004,2.75
6866,2026-08-10,2026-08-16,7:00:00 PM,ENSALDA DE TUNA,1.0,0.017,11.99
6867,2026-08-10,2026-08-16,7:00:00 PM,extra.coco,1.0,0.003,1.99
6868,2026-08-10,2026-08-16,7:00:00 PM,FABADA GRANDE,2.0,0.03,21.38
6869,2026-08-10,2026-08-16,7:00:00 PM,FABADA CHIQUITA.,1.0,0.006,3.99
6870,2026-08-10,2026-08-16,7:00:00 PM,FELITOS,2.0,0.004,2.98
6871,2026-08-10,2026-08-16,7:00:00 PM,FILETE ALA FRANCESA,3.0,0.087,61.97
6872,2026-08-10,2026-08-16,7:00:00 PM,FILETE ALA VILVAINA,1.0,0.028,19.99
6873,2026-08-10,2026-08-16,7:00:00 PM,FILETE CURVINA PLANCHA,1.0,0.027,19.19
6874,2026-08-10,2026-08-16,7:00:00 PM,FILETE PESCADO EMPANI,5.0,0.127,90.45
6875,2026-08-10,2026-08-16,7:00:00 PM,-FILETE PESCADO PLANCH,1.0,0.024,17.19
6876,2026-08-10,2026-08-16,7:00:00 PM,FILETE SALMON.,1.0,0.026,18.2
6877,2026-08-10,2026-08-16,7:00:00 PM,FILETILLO DE CARNE.,3.0,0.058,40.87
6878,2026-08-10,2026-08-16,7:00:00 PM,FILETILLO POLLO PLANCH,3.0,0.066,47.17
6879,2026-08-10,2026-08-16,7:00:00 PM,FLAN ESPECIAL.,3.0,0.025,17.97
6880,2026-08-10,2026-08-16,7:00:00 PM,-FLAN.,4.0,0.028,19.96
6881,2026-08-10,2026-08-16,7:00:00 PM,-FRICASE DE POLLO,1.0,0.016,11.19
6882,2026-08-10,2026-08-16,7:00:00 PM,FRIJOL MEDIANO.,5.0,0.035,24.95
6883,2026-08-10,2026-08-16,7:00:00 PM,FRIJOL PEQUENO.,5.0,0.021,14.95
6884,2026-08-10,2026-08-16,7:00:00 PM,FRIJOL.COLORADO CHIQUI,2.0,0.011,7.98
6885,2026-08-10,2026-08-16,7:00:00 PM,FRITURA VACALAO.,1.0,0.009,6.5
6886,2026-08-10,2026-08-16,7:00:00 PM,FRITURAS DE MALANGA,1.0,0.009,6.5
6887,2026-08-10,2026-08-16,7:00:00 PM,GALLETA DELICIOSAS,1.0,0.005,3.6
6888,2026-08-10,2026-08-16,7:00:00 PM,GARBANZO GRANDE.,2.0,0.03,20.98
6889,2026-08-10,2026-08-16,7:00:00 PM,GARBANZO.CHIQUITO.,2.0,0.011,7.98
6890,2026-08-10,2026-08-16,7:00:00 PM,GARBANZO.FRITO.,1.0,0.02,13.99
6891,2026-08-10,2026-08-16,7:00:00 PM,GARBANZO.MEDIANO.,3.0,0.03,20.97
6892,2026-08-10,2026-08-16,7:00:00 PM,Heineken,3.0,0.023,16.47
6893,2026-08-10,2026-08-16,7:00:00 PM,HELADO CONO..,1.0,0.005,3.5
6894,2026-08-10,2026-08-16,7:00:00 PM,HIGADO ITALIANA,4.0,0.086,61.36
6895,2026-08-10,2026-08-16,7:00:00 PM,HORDEN DE CHICHARON.,2.0,0.009,6.5
6896,2026-08-10,2026-08-16,7:00:00 PM,HORDEN DE 3 CHICHARONE,1.0,0.005,3.25
6897,2026-08-10,2026-08-16,7:00:00 PM,HORDEN DE LIMON,2.0,0.006,3.98
6898,2026-08-10,2026-08-16,7:00:00 PM,inca kola,4.0,0.017,11.96
6899,2026-08-10,2026-08-16,7:00:00 PM,JARRITO NARANJA.,1.0,0.005,3.49
6900,2026-08-10,2026-08-16,7:00:00 PM,JUGO MARACULLA,1.0,0.006,4.5
6901,2026-08-10,2026-08-16,7:00:00 PM,JUGO PINA,4.0,0.025,18.0
6902,2026-08-10,2026-08-16,7:00:00 PM,JUGO ZANAHORIA NARAJA,2.0,0.014,9.98
6903,2026-08-10,2026-08-16,7:00:00 PM,JUGO.NARANJA.,6.0,0.044,31.5
6904,2026-08-10,2026-08-16,7:00:00 PM,Juntas,2.0,0.0,0.0
6905,2026-08-10,2026-08-16,7:00:00 PM,JUPINA DIETA,1.0,0.004,2.5
6906,2026-08-10,2026-08-16,7:00:00 PM,JUPIÑA.,1.0,0.004,2.5
6907,2026-08-10,2026-08-16,7:00:00 PM,LANGOSTA ENCHILADA.,2.0,0.113,80.0
6908,2026-08-10,2026-08-16,7:00:00 PM,LECHE PEQUENA,1.0,0.002,1.5
6909,2026-08-10,2026-08-16,7:00:00 PM,-LECHON ASADO,1.0,0.02,14.19
6910,2026-08-10,2026-08-16,7:00:00 PM,LENTEJAS GRANDE.,1.0,0.013,9.49
6911,2026-08-10,2026-08-16,7:00:00 PM,LENTEJAS MEDIANA.,3.0,0.03,20.97
6912,2026-08-10,2026-08-16,7:00:00 PM,LENTEJAS.CHIQUITA.,2.0,0.011,7.98
6913,2026-08-10,2026-08-16,7:00:00 PM,LIMONADA,7.0,0.044,31.5
6914,2026-08-10,2026-08-16,7:00:00 PM,-MADUROS.,7.0,0.044,31.43
6915,2026-08-10,2026-08-16,7:00:00 PM,MARIQUITAS DE MALANGA,2.0,0.017,11.98
6916,2026-08-10,2026-08-16,7:00:00 PM,-MARIQUITAS.,4.0,0.034,23.96
6917,2026-08-10,2026-08-16,7:00:00 PM,-MASAS DE PUERCO,6.0,0.12,85.14
6918,2026-08-10,2026-08-16,7:00:00 PM,MASAS DE PUERCO.,3.0,0.06,42.87
6919,2026-08-10,2026-08-16,7:00:00 PM,-MASAS DE PUERCO.,1.0,0.02,14.19
6920,2026-08-10,2026-08-16,7:00:00 PM,MATERVA.,3.0,0.011,7.5
6921,2026-08-10,2026-08-16,7:00:00 PM,MED CREMA -MALANGA,2.0,0.02,14.38
6922,2026-08-10,2026-08-16,7:00:00 PM,MEDIA NOCHE.,12.0,0.172,122.28
6923,2026-08-10,2026-08-16,7:00:00 PM,-MEDIO POLLO A BRASA.,1.0,0.018,12.99
6924,2026-08-10,2026-08-16,7:00:00 PM,-MEDIO POLLO FRITO,2.0,0.038,26.98
6925,2026-08-10,2026-08-16,7:00:00 PM,MELON..SANDIA,4.0,0.025,18.0
6926,2026-08-10,2026-08-16,7:00:00 PM,MIAMI SANDWICH.,2.0,0.034,24.38
6927,2026-08-10,2026-08-16,7:00:00 PM,-MILANESA DE POLLO,1.0,0.023,15.99
6928,2026-08-10,2026-08-16,7:00:00 PM,MILANESA RES.,4.0,0.115,81.36
6929,2026-08-10,2026-08-16,7:00:00 PM,MISC COCINA,2.0,0.028,19.99
6930,2026-08-10,2026-08-16,7:00:00 PM,MODELO,4.0,0.031,21.96
6931,2026-08-10,2026-08-16,7:00:00 PM,MOFONG.chicharon POLLO,1.0,0.023,15.99
6932,2026-08-10,2026-08-16,7:00:00 PM,MOROS...,1.0,0.006,3.99
6933,2026-08-10,2026-08-16,7:00:00 PM,-PAN CON BISTEC.,6.0,0.094,66.54
6934,2026-08-10,2026-08-16,7:00:00 PM,PAN JAMAICA,2.0,0.005,3.2
6935,2026-08-10,2026-08-16,7:00:00 PM,PAPA RELLENA,3.0,0.013,8.97
6936,2026-08-10,2026-08-16,7:00:00 PM,PAPAS FRITAS,5.0,0.032,22.45
6937,2026-08-10,2026-08-16,7:00:00 PM,-PARGO FRITO ENTERO.,1.0,0.037,25.99
6938,2026-08-10,2026-08-16,7:00:00 PM,PICADILLO,4.0,0.078,55.56
6939,2026-08-10,2026-08-16,7:00:00 PM,-PICADILLO,4.0,0.083,58.76
6940,2026-08-10,2026-08-16,7:00:00 PM,POLLO EMPANIZADO,2.0,0.041,29.38
6941,2026-08-10,2026-08-16,7:00:00 PM,POTAJE COLORADOS MEDIA,1.0,0.01,7.19
6942,2026-08-10,2026-08-16,7:00:00 PM,PUDIN DE PAN.,2.0,0.015,10.98
6943,2026-08-10,2026-08-16,7:00:00 PM,PUDIN DIPLOMATICO.,1.0,0.008,5.49
6944,2026-08-10,2026-08-16,7:00:00 PM,PURE PAPAS.,1.0,0.006,4.49
6945,2026-08-10,2026-08-16,7:00:00 PM,RABO ENCENDIDO.,2.0,0.068,47.98
6946,2026-08-10,2026-08-16,7:00:00 PM,-RACION DE MALANGA.,1.0,0.008,5.99
6947,2026-08-10,2026-08-16,7:00:00 PM,RIÑONADA.,3.0,0.089,62.97
6948,2026-08-10,2026-08-16,7:00:00 PM,ROPA VIEJA..,3.0,0.064,45.37
6949,2026-08-10,2026-08-16,7:00:00 PM,ROPA VIEJA...,3.0,0.071,50.07
6950,2026-08-10,2026-08-16,7:00:00 PM,RUEDA DE SERRUCHO.,3.0,0.063,44.97
6951,2026-08-10,2026-08-16,7:00:00 PM,S.PELLECRINO,3.0,0.015,10.47
6952,2026-08-10,2026-08-16,7:00:00 PM,salsa cilandro,2.0,0.004,2.5
6953,2026-08-10,2026-08-16,7:00:00 PM,SANDWECHES POLLO..,2.0,0.033,23.38
6954,2026-08-10,2026-08-16,7:00:00 PM,SANDWICH BOLICHE.,1.0,0.019,13.19
6955,2026-08-10,2026-08-16,7:00:00 PM,SANDWICH BACON.,1.0,0.014,10.19
6956,2026-08-10,2026-08-16,7:00:00 PM,SANDWICH ENSAL POLLO,1.0,0.014,10.19
6957,2026-08-10,2026-08-16,7:00:00 PM,Sopa de Pollo Grande,20.0,0.239,169.8
6958,2026-08-10,2026-08-16,7:00:00 PM,SOPA DE RES GRANDE,4.0,0.068,48.56
6959,2026-08-10,2026-08-16,7:00:00 PM,SOPA DE RES MEDIANA,5.0,0.057,40.75
6960,2026-08-10,2026-08-16,7:00:00 PM,SOPA DE RES PEQUENA,1.0,0.007,4.99
6961,2026-08-10,2026-08-16,7:00:00 PM,SOPA PESCADO GRANDE.,2.0,0.031,21.98
6962,2026-08-10,2026-08-16,7:00:00 PM,SOPA PESCADO MEDIANA.,1.0,0.01,6.99
6963,2026-08-10,2026-08-16,7:00:00 PM,SOPA PLATANO CHIQUITA.,2.0,0.011,7.98
6964,2026-08-10,2026-08-16,7:00:00 PM,SOPA PLATANO MEDIANA.,2.0,0.02,13.98
6965,2026-08-10,2026-08-16,7:00:00 PM,Sopa Pollo Medina,11.0,0.085,60.39
6966,2026-08-10,2026-08-16,7:00:00 PM,SOPA. POLLO CHIQUITA,1.0,0.005,3.5
6967,2026-08-10,2026-08-16,7:00:00 PM,Spageti pollo,1.0,0.021,15.19
6968,2026-08-10,2026-08-16,7:00:00 PM,SPAGHETTI CAMARON ALFR,1.0,0.031,22.19
6969,2026-08-10,2026-08-16,7:00:00 PM,SPAGHETTI POLLO ALFRED,2.0,0.043,30.18
6970,2026-08-10,2026-08-16,7:00:00 PM,SPRIET.,1.0,0.004,2.5
6971,2026-08-10,2026-08-16,7:00:00 PM,stella ARTOIS,3.0,0.023,16.47
6972,2026-08-10,2026-08-16,7:00:00 PM,T0 GO MESA,30.0,0.015,10.5
6973,2026-08-10,2026-08-16,7:00:00 PM,TAMAL,2.0,0.008,5.98
6974,2026-08-10,2026-08-16,7:00:00 PM,TAMAL CAZUELA.MEDIANO.,4.0,0.04,28.16
6975,2026-08-10,2026-08-16,7:00:00 PM,TAMAL.CAZUELA GRANDE.,3.0,0.047,33.37
6976,2026-08-10,2026-08-16,7:00:00 PM,To Go.,6.0,0.002,1.2
6977,2026-08-10,2026-08-16,7:00:00 PM,To Go..,48.0,0.014,9.75
6978,2026-08-10,2026-08-16,7:00:00 PM,TORTILLA.,1.0,0.015,10.99
6979,2026-08-10,2026-08-16,7:00:00 PM,TOSTADA,4.0,0.011,7.96
6980,2026-08-10,2026-08-16,7:00:00 PM,TOSTONES.,3.0,0.021,14.97
6981,2026-08-10,2026-08-16,7:00:00 PM,TRES LECHES.,2.0,0.017,11.98
6982,2026-08-10,2026-08-16,7:00:00 PM,TRUMPETERA 1/2 MALBEC,1.0,0.024,16.99
6983,2026-08-10,2026-08-16,7:00:00 PM,-VACA FRITA,5.0,0.12,85.35
6984,2026-08-10,2026-08-16,7:00:00 PM,-VACA FRITA.,3.0,0.068,48.57
6985,2026-08-10,2026-08-16,7:00:00 PM,Western Omlet reg - LATE,1.0,0.017,11.99
6986,2026-08-10,2026-08-16,7:00:00 PM,YUCA FRITA.,1.0,0.008,5.49
6987,2026-08-10,2026-08-16,7:00:00 PM,YUCA.,1.0,0.006,4.49
6988,2026-08-10,2026-08-16,8:00:00 PM,.ARROZ FRITO,1.0,0.019,13.69
6989,2026-08-10,2026-08-16,8:00:00 PM,.BISTEC DE POLLO,2.0,0.039,27.38
6990,2026-08-10,2026-08-16,8:00:00 PM,_=====================,24.0,0.0,0.0
6991,2026-08-10,2026-08-16,8:00:00 PM,== TO GO ==,26.0,0.007,5.2
6992,2026-08-10,2026-08-16,8:00:00 PM,======================,7.0,0.0,0.0
6993,2026-08-10,2026-08-16,8:00:00 PM,1 BOLA HELADO..,2.0,0.008,5.98
6994,2026-08-10,2026-08-16,8:00:00 PM,1 PIEZA DE CORDERO,2.0,0.051,35.98
6995,2026-08-10,2026-08-16,8:00:00 PM,305 Morados,3.0,0.026,18.75
6996,2026-08-10,2026-08-16,8:00:00 PM,AGUACATE $5.00,1.0,0.007,5.0
6997,2026-08-10,2026-08-16,8:00:00 PM,AJIACO MEDIANO,1.0,0.01,7.19
6998,2026-08-10,2026-08-16,8:00:00 PM,ALBONDIGAS.RES.,3.0,0.061,43.37
6999,2026-08-10,2026-08-16,8:00:00 PM,ARROS CON MARISCOS.,1.0,0.056,39.99
7000,2026-08-10,2026-08-16,8:00:00 PM,ARROZ BLANCO..,4.0,0.018,13.0
7001,2026-08-10,2026-08-16,8:00:00 PM,ARROZ CHIQUITO,4.0,0.017,12.0
7002,2026-08-10,2026-08-16,8:00:00 PM,ARROZ CON CALAMARES.,1.0,0.023,16.19
7003,2026-08-10,2026-08-16,8:00:00 PM,ARROZ CON POLLO.,1.0,0.019,13.69
7004,2026-08-10,2026-08-16,8:00:00 PM,ARROZ FRITO,2.0,0.041,28.98
7005,2026-08-10,2026-08-16,8:00:00 PM,-ARROZ FRITO,1.0,0.019,13.69
7006,2026-08-10,2026-08-16,8:00:00 PM,ARROZ IMPERIAL..,1.0,0.02,13.99
7007,2026-08-10,2026-08-16,8:00:00 PM,BABY CHURASCO,6.0,0.17,120.34
7008,2026-08-10,2026-08-16,8:00:00 PM,BABY CHURRASCO,2.0,0.051,35.98
7009,2026-08-10,2026-08-16,8:00:00 PM,BATIDO .FRESA,1.0,0.007,4.99
7010,2026-08-10,2026-08-16,8:00:00 PM,BATIDO BANANA,1.0,0.007,4.99
7011,2026-08-10,2026-08-16,8:00:00 PM,BATIDO FRUTA BONBA,1.0,0.007,4.99
7012,2026-08-10,2026-08-16,8:00:00 PM,BATIDO MAMEY,2.0,0.015,10.98
7013,2026-08-10,2026-08-16,8:00:00 PM,BATIDO MANGO,4.0,0.028,19.96
7014,2026-08-10,2026-08-16,8:00:00 PM,BATIDO TRIGO,1.0,0.007,4.99
7015,2026-08-10,2026-08-16,8:00:00 PM,BISTEC DE POLLO-,1.0,0.019,13.69
7016,2026-08-10,2026-08-16,8:00:00 PM,BISTEC DE POLLO.,6.0,0.117,82.94
7017,2026-08-10,2026-08-16,8:00:00 PM,-BISTEC DE POLLO.,3.0,0.058,40.87
7018,2026-08-10,2026-08-16,8:00:00 PM,BISTEC DE POLLO..,6.0,0.116,82.34
7019,2026-08-10,2026-08-16,8:00:00 PM,BISTEC DE POLLO...,3.0,0.058,41.07
7020,2026-08-10,2026-08-16,8:00:00 PM,-BISTEC DE PUERCO,3.0,0.066,47.07
7021,2026-08-10,2026-08-16,8:00:00 PM,-BISTEC PALOMILLA,9.0,0.23,163.11
7022,2026-08-10,2026-08-16,8:00:00 PM,BISTEC POLLO PLANCHA,2.0,0.039,27.38
7023,2026-08-10,2026-08-16,8:00:00 PM,-BISTECDE POLLO,10.0,0.191,135.9
7024,2026-08-10,2026-08-16,8:00:00 PM,BOLICHE ..,1.0,0.021,14.99
7025,2026-08-10,2026-08-16,8:00:00 PM,-BOLICHE ASADO,2.0,0.047,33.38
7026,2026-08-10,2026-08-16,8:00:00 PM,BOLITA DE TUNA.,1.0,0.005,3.25
7027,2026-08-10,2026-08-16,8:00:00 PM,BONIATILLO.,1.0,0.002,1.5
7028,2026-08-10,2026-08-16,8:00:00 PM,BONIATO FRITO..,2.0,0.014,9.98
7029,2026-08-10,2026-08-16,8:00:00 PM,BONIATO HERVIDO,2.0,0.014,9.98
7030,2026-08-10,2026-08-16,8:00:00 PM,BOÑUELOS.,2.0,0.015,10.98
7031,2026-08-10,2026-08-16,8:00:00 PM,CAESAR /POLLO,1.0,0.018,12.99
7032,2026-08-10,2026-08-16,8:00:00 PM,CAFE CON LECHE GRANDE,2.0,0.013,9.0
7033,2026-08-10,2026-08-16,8:00:00 PM,CAFE CUBANO.,22.0,0.046,33.0
7034,2026-08-10,2026-08-16,8:00:00 PM,CALDO GALLEGO.CHIQUITO,1.0,0.006,4.49
7035,2026-08-10,2026-08-16,8:00:00 PM,CALDO GALLEGO.MEDIANO.,1.0,0.012,8.19
7036,2026-08-10,2026-08-16,8:00:00 PM,CAMARONES AL AJILLO.,3.0,0.085,60.17
7037,2026-08-10,2026-08-16,8:00:00 PM,CAMARONES ENCHILADO.,1.0,0.028,19.99
7038,2026-08-10,2026-08-16,8:00:00 PM,CANT 4 DELIVER,2.0,0.158,112.0
7039,2026-08-10,2026-08-16,8:00:00 PM,CANT 5 DELIVER,1.0,0.099,70.0
7040,2026-08-10,2026-08-16,8:00:00 PM,CANT 5 RECOGER,1.0,0.085,60.0
7041,2026-08-10,2026-08-16,8:00:00 PM,CARNE CON PAPAS.,2.0,0.039,27.98
7042,2026-08-10,2026-08-16,8:00:00 PM,CHICHAR POLLO SIN HUES,2.0,0.041,29.18
7043,2026-08-10,2026-08-16,8:00:00 PM,CHICHARRON DE POLLO.,1.0,0.017,11.99
7044,2026-08-10,2026-08-16,8:00:00 PM,CHULETAS DE PUERCO.,2.0,0.04,28.18
7045,2026-08-10,2026-08-16,8:00:00 PM,"CHURRASCO ,,,",13.0,0.482,342.47
7046,2026-08-10,2026-08-16,8:00:00 PM,CLUB SANDWICH.,2.0,0.034,24.38
7047,2026-08-10,2026-08-16,8:00:00 PM,COCTEL DE CAMARONES.,1.0,0.024,17.0
7048,2026-08-10,2026-08-16,8:00:00 PM,COKE.,5.0,0.018,12.5
7049,2026-08-10,2026-08-16,8:00:00 PM,COLADA.,7.0,0.027,19.25
7050,2026-08-10,2026-08-16,8:00:00 PM,COPA VINO,6.0,0.076,53.94
7051,2026-08-10,2026-08-16,8:00:00 PM,-CORONA.,2.0,0.015,10.98
7052,2026-08-10,2026-08-16,8:00:00 PM,Cortadito Evaporada,6.0,0.021,15.0
7053,2026-08-10,2026-08-16,8:00:00 PM,"Cortadito,.",4.0,0.011,7.96
7054,2026-08-10,2026-08-16,8:00:00 PM,CREMA BROCOLY,1.0,0.013,9.25
7055,2026-08-10,2026-08-16,8:00:00 PM,CREMA CALABAZA MEDIAN,3.0,0.03,20.97
7056,2026-08-10,2026-08-16,8:00:00 PM,CREMA CALABAZACHIQUIT,2.0,0.013,9.0
7057,2026-08-10,2026-08-16,8:00:00 PM,CREMA MALANGA MEDIANA.,4.0,0.039,27.96
7058,2026-08-10,2026-08-16,8:00:00 PM,CREMA. MALANGA GRANDE.,7.0,0.103,73.43
7059,2026-08-10,2026-08-16,8:00:00 PM,croqueta bacalao.,1.0,0.003,1.99
7060,2026-08-10,2026-08-16,8:00:00 PM,croqueta jamon.,22.0,0.054,38.5
7061,2026-08-10,2026-08-16,8:00:00 PM,croqueta pollo.,2.0,0.005,3.5
7062,2026-08-10,2026-08-16,8:00:00 PM,CUBANO ESPECIAL..,1.0,0.017,12.19
7063,2026-08-10,2026-08-16,8:00:00 PM,DEDITOS DE PESCADO,3.0,0.068,47.97
7064,2026-08-10,2026-08-16,8:00:00 PM,-DEDITOS DE POLLO,1.0,0.019,13.19
7065,2026-08-10,2026-08-16,8:00:00 PM,deditos de pollo kids,1.0,0.012,8.19
7066,2026-08-10,2026-08-16,8:00:00 PM,Deditos De Queso.,2.0,0.006,3.98
7067,2026-08-10,2026-08-16,8:00:00 PM,DIET COKE.,2.0,0.006,4.5
7068,2026-08-10,2026-08-16,8:00:00 PM,DIET MATERVA.,2.0,0.007,5.0
7069,2026-08-10,2026-08-16,8:00:00 PM,DOS HUEVO AROS. MADUR,1.0,0.013,8.99
7070,2026-08-10,2026-08-16,8:00:00 PM,DULCE DE LECHE,2.0,0.015,10.98
7071,2026-08-10,2026-08-16,8:00:00 PM,Empanada carne,7.0,0.029,20.93
7072,2026-08-10,2026-08-16,8:00:00 PM,Empanada Jamon/Queso,3.0,0.013,8.97
7073,2026-08-10,2026-08-16,8:00:00 PM,Empanada Pollo,3.0,0.013,8.97
7074,2026-08-10,2026-08-16,8:00:00 PM,"ENPELLAS,chicharones.",2.0,0.017,12.0
7075,2026-08-10,2026-08-16,8:00:00 PM,ENSALA AGUACAT PEQUE,6.0,0.038,27.0
7076,2026-08-10,2026-08-16,8:00:00 PM,ENSALA POLLO 2 CROQUET,1.0,0.018,12.49
7077,2026-08-10,2026-08-16,8:00:00 PM,ENSALADA AGUACAT GRAND,4.0,0.031,22.0
7078,2026-08-10,2026-08-16,8:00:00 PM,Ensalada Small,2.0,0.008,5.5
7079,2026-08-10,2026-08-16,8:00:00 PM,Epaguetti con jamon.RO,1.0,0.018,12.99
7080,2026-08-10,2026-08-16,8:00:00 PM,FELITOS,1.0,0.002,1.49
7081,2026-08-10,2026-08-16,8:00:00 PM,FILETE PARGO EN SALSA,1.0,0.034,24.0
7082,2026-08-10,2026-08-16,8:00:00 PM,FILETE PARGO PLANCHA,1.0,0.032,22.99
7083,2026-08-10,2026-08-16,8:00:00 PM,-FILETE PESCADO PLANCH,3.0,0.072,50.97
7084,2026-08-10,2026-08-16,8:00:00 PM,FILETE SALMON.,1.0,0.025,18.0
7085,2026-08-10,2026-08-16,8:00:00 PM,FILETILLO POLLO PLANCH,1.0,0.021,14.99
7086,2026-08-10,2026-08-16,8:00:00 PM,FLAN ESPECIAL.,4.0,0.034,23.96
7087,2026-08-10,2026-08-16,8:00:00 PM,-FLAN.,4.0,0.028,19.96
7088,2026-08-10,2026-08-16,8:00:00 PM,-FRICASE DE POLLO,1.0,0.015,10.99
7089,2026-08-10,2026-08-16,8:00:00 PM,FRICASE PUERCO.,2.0,0.041,28.9
7090,2026-08-10,2026-08-16,8:00:00 PM,FRIJOL PEQUENO.,2.0,0.008,5.98
7091,2026-08-10,2026-08-16,8:00:00 PM,FRITURAS DE MALANGA,2.0,0.018,13.0
7092,2026-08-10,2026-08-16,8:00:00 PM,GARBANZO.MEDIANO.,3.0,0.03,20.97
7093,2026-08-10,2026-08-16,8:00:00 PM,GUARAPO.,1.0,0.007,5.25
7094,2026-08-10,2026-08-16,8:00:00 PM,GUISO MAIZ GRANDE.,3.0,0.044,31.47
7095,2026-08-10,2026-08-16,8:00:00 PM,GUISO.MAIZ MEDIANO.,4.0,0.039,27.96
7096,2026-08-10,2026-08-16,8:00:00 PM,HAMBURQUESA.CON QUESO,2.0,0.032,22.38
7097,2026-08-10,2026-08-16,8:00:00 PM,Heineken,7.0,0.054,38.43
7098,2026-08-10,2026-08-16,8:00:00 PM,HIGADO ITALIANA,1.0,0.021,14.99
7099,2026-08-10,2026-08-16,8:00:00 PM,HORDE DEPAN,1.0,0.002,1.5
7100,2026-08-10,2026-08-16,8:00:00 PM,HORDEN DE CHICHARON.,1.0,0.005,3.25
7101,2026-08-10,2026-08-16,8:00:00 PM,HORDEN DE 3 CHICHARONE,2.0,0.009,6.5
7102,2026-08-10,2026-08-16,8:00:00 PM,HUEVO FRITO,2.0,0.004,3.0
7103,2026-08-10,2026-08-16,8:00:00 PM,JAMO.PIERN.CHOR.QUESO,1.0,0.017,12.19
7104,2026-08-10,2026-08-16,8:00:00 PM,JUEGO DE MANZANA,1.0,0.005,3.25
7105,2026-08-10,2026-08-16,8:00:00 PM,JUGO MARACULLA,2.0,0.013,9.0
7106,2026-08-10,2026-08-16,8:00:00 PM,JUGO PINA,3.0,0.019,13.5
7107,2026-08-10,2026-08-16,8:00:00 PM,JUGO ZANAHORIA NARAJA,2.0,0.014,9.98
7108,2026-08-10,2026-08-16,8:00:00 PM,JUGO.NARANJA.,6.0,0.044,31.5
7109,2026-08-10,2026-08-16,8:00:00 PM,Juntas,3.0,0.0,0.0
7110,2026-08-10,2026-08-16,8:00:00 PM,JUPINA DIETA,4.0,0.014,10.0
7111,2026-08-10,2026-08-16,8:00:00 PM,JUPIÑA.,5.0,0.018,12.5
7112,2026-08-10,2026-08-16,8:00:00 PM,-LECHON ASADO,1.0,0.02,13.99
7113,2026-08-10,2026-08-16,8:00:00 PM,LECHUGA CEBOLLA PEPINO,1.0,0.007,4.99
7114,2026-08-10,2026-08-16,8:00:00 PM,LENTEJAS MEDIANA.,1.0,0.01,6.99
7115,2026-08-10,2026-08-16,8:00:00 PM,LIMANADA COCO.,4.0,0.034,23.96
7116,2026-08-10,2026-08-16,8:00:00 PM,LIMONADA,5.0,0.032,22.5
7117,2026-08-10,2026-08-16,8:00:00 PM,MADIO.POLLO A la brasa,1.0,0.021,14.99
7118,2026-08-10,2026-08-16,8:00:00 PM,-MADUROS.,1.0,0.006,4.49
7119,2026-08-10,2026-08-16,8:00:00 PM,MALBORO LIGHT,2.0,0.034,24.0
7120,2026-08-10,2026-08-16,8:00:00 PM,-MALTA,1.0,0.005,3.25
7121,2026-08-10,2026-08-16,8:00:00 PM,-MARIQUITAS.,3.0,0.025,17.97
7122,2026-08-10,2026-08-16,8:00:00 PM,MARIQUITAS..MIXTA,1.0,0.008,5.49
7123,2026-08-10,2026-08-16,8:00:00 PM,-MASAS DE PUERCO,4.0,0.079,56.36
7124,2026-08-10,2026-08-16,8:00:00 PM,-MASAS DE PUERCO.,1.0,0.02,13.99
7125,2026-08-10,2026-08-16,8:00:00 PM,MATERVA.,3.0,0.011,7.5
7126,2026-08-10,2026-08-16,8:00:00 PM,MEDIA NOCHE.,3.0,0.043,30.37
7127,2026-08-10,2026-08-16,8:00:00 PM,-MEDIO POLLO A BRASA.,1.0,0.019,13.19
7128,2026-08-10,2026-08-16,8:00:00 PM,MELON..SANDIA,3.0,0.019,13.5
7129,2026-08-10,2026-08-16,8:00:00 PM,MILANESA RES.,3.0,0.085,60.37
7130,2026-08-10,2026-08-16,8:00:00 PM,Miller Light,2.0,0.014,9.98
7131,2026-08-10,2026-08-16,8:00:00 PM,Mini sandwich,1.0,0.009,6.19
7132,2026-08-10,2026-08-16,8:00:00 PM,MISC COCINA,3.0,0.11,78.0
7133,2026-08-10,2026-08-16,8:00:00 PM,MODELO,1.0,0.008,5.49
7134,2026-08-10,2026-08-16,8:00:00 PM,MOFONGO PUERCO.,1.0,0.024,16.99
7135,2026-08-10,2026-08-16,8:00:00 PM,Mofongo solo,1.0,0.011,7.99
7136,2026-08-10,2026-08-16,8:00:00 PM,MOROS...,1.0,0.006,3.99
7137,2026-08-10,2026-08-16,8:00:00 PM,NATILLA,2.0,0.014,9.98
7138,2026-08-10,2026-08-16,8:00:00 PM,-PAN CON BISTEC.,7.0,0.112,79.33
7139,2026-08-10,2026-08-16,8:00:00 PM,PAN CON LECHON.,2.0,0.027,19.38
7140,2026-08-10,2026-08-16,8:00:00 PM,PAN CON TORTILLA.,1.0,0.016,11.19
7141,2026-08-10,2026-08-16,8:00:00 PM,PAN JAMAICA,1.0,0.002,1.6
7142,2026-08-10,2026-08-16,8:00:00 PM,PAPA RELLENA,4.0,0.017,11.96
7143,2026-08-10,2026-08-16,8:00:00 PM,PAPAS FRITAS,2.0,0.013,8.98
7144,2026-08-10,2026-08-16,8:00:00 PM,-PARGO FRITO ENTERO.,1.0,0.037,25.99
7145,2026-08-10,2026-08-16,8:00:00 PM,PICADILLO,1.0,0.019,13.49
7146,2026-08-10,2026-08-16,8:00:00 PM,-PICADILLO,2.0,0.041,29.18
7147,2026-08-10,2026-08-16,8:00:00 PM,pizza peperoni,1.0,0.018,12.99
7148,2026-08-10,2026-08-16,8:00:00 PM,pizza personal,1.0,0.015,10.99
7149,2026-08-10,2026-08-16,8:00:00 PM,POLLO EMPANIZADO,1.0,0.021,14.69
7150,2026-08-10,2026-08-16,8:00:00 PM,PUDIN DIPLOMATICO.,1.0,0.008,5.49
7151,2026-08-10,2026-08-16,8:00:00 PM,QUESO SUIZO,1.0,0.003,1.99
7152,2026-08-10,2026-08-16,8:00:00 PM,RABO ENCENDIDO.,3.0,0.102,72.57
7153,2026-08-10,2026-08-16,8:00:00 PM,-RACION DE MALANGA.,2.0,0.017,11.98
7154,2026-08-10,2026-08-16,8:00:00 PM,RIÑONADA.,2.0,0.059,42.18
7155,2026-08-10,2026-08-16,8:00:00 PM,ROPA VIEJA..,2.0,0.045,32.18
7156,2026-08-10,2026-08-16,8:00:00 PM,ROPA VIEJA...,3.0,0.07,49.87
7157,2026-08-10,2026-08-16,8:00:00 PM,RUEDA DE SERRUCHO.,2.0,0.043,30.38
7158,2026-08-10,2026-08-16,8:00:00 PM,RUEDA SERRUCO FRITA.,2.0,0.045,32.18
7159,2026-08-10,2026-08-16,8:00:00 PM,SANDWICHE QUESO REGULA,1.0,0.013,9.19
7160,2026-08-10,2026-08-16,8:00:00 PM,SM SOPA PESCADO,1.0,0.006,4.25
7161,2026-08-10,2026-08-16,8:00:00 PM,Sopa de Pollo Grande,6.0,0.072,50.94
7162,2026-08-10,2026-08-16,8:00:00 PM,SOPA DE RES GRANDE,4.0,0.068,47.96
7163,2026-08-10,2026-08-16,8:00:00 PM,SOPA PESCADO GRANDE.,1.0,0.015,10.99
7164,2026-08-10,2026-08-16,8:00:00 PM,SOPA PESCADO MEDIANA.,2.0,0.02,13.98
7165,2026-08-10,2026-08-16,8:00:00 PM,SOPA PLATANO GRANDE.,1.0,0.015,10.49
7166,2026-08-10,2026-08-16,8:00:00 PM,Sopa Pollo Medina,14.0,0.108,76.86
7167,2026-08-10,2026-08-16,8:00:00 PM,SPAGHETTI POLLO ALFRED,2.0,0.042,29.98
7168,2026-08-10,2026-08-16,8:00:00 PM,SPRIET.,2.0,0.007,5.0
7169,2026-08-10,2026-08-16,8:00:00 PM,stella ARTOIS,1.0,0.008,5.49
7170,2026-08-10,2026-08-16,8:00:00 PM,T0 GO MESA,26.0,0.013,9.1
7171,2026-08-10,2026-08-16,8:00:00 PM,TAMAL,2.0,0.008,5.98
7172,2026-08-10,2026-08-16,8:00:00 PM,TAMAL.CAZUELA GRANDE.,2.0,0.031,22.18
7173,2026-08-10,2026-08-16,8:00:00 PM,To Go.,7.0,0.002,1.4
7174,2026-08-10,2026-08-16,8:00:00 PM,To Go..,38.0,0.011,8.05
7175,2026-08-10,2026-08-16,8:00:00 PM,TORTILLA.,2.0,0.031,22.18
7176,2026-08-10,2026-08-16,8:00:00 PM,TOSTADA,5.0,0.014,9.95
7177,2026-08-10,2026-08-16,8:00:00 PM,TOSTADA 2 CROQUETAS.,1.0,0.007,4.99
7178,2026-08-10,2026-08-16,8:00:00 PM,TOSTONES.,2.0,0.014,9.98
7179,2026-08-10,2026-08-16,8:00:00 PM,-VACA FRITA,13.0,0.315,223.67
7180,2026-08-10,2026-08-16,8:00:00 PM,-VACA FRITA.,7.0,0.159,112.73
7181,2026-08-10,2026-08-16,8:00:00 PM,vegetal.hervido,1.0,0.007,4.99
7182,2026-08-10,2026-08-16,9:00:00 PM,.ARROZ FRITO,5.0,0.096,67.85
7183,2026-08-10,2026-08-16,9:00:00 PM,_=====================,2.0,0.0,0.0
7184,2026-08-10,2026-08-16,9:00:00 PM,== TO GO ==,10.0,0.003,2.0
7185,2026-08-10,2026-08-16,9:00:00 PM,======================,1.0,0.0,0.0
7186,2026-08-10,2026-08-16,9:00:00 PM,1 BOLA HELADO..,2.0,0.008,5.98
7187,2026-08-10,2026-08-16,9:00:00 PM,2 PIEZAS DE CORDERO.,1.0,0.035,25.19
7188,2026-08-10,2026-08-16,9:00:00 PM,AJIACO MEDIANO,3.0,0.03,21.17
7189,2026-08-10,2026-08-16,9:00:00 PM,ALBONDIGAS.RES.,1.0,0.02,14.19
7190,2026-08-10,2026-08-16,9:00:00 PM,ARROS.GRANDE.,1.0,0.077,55.0
7191,2026-08-10,2026-08-16,9:00:00 PM,ARROS.MEDIANO.AVALADO,1.0,0.056,40.0
7192,2026-08-10,2026-08-16,9:00:00 PM,ARROZ BLANCO..,4.0,0.018,13.0
7193,2026-08-10,2026-08-16,9:00:00 PM,ARROZ CHIQUITO,2.0,0.009,6.5
7194,2026-08-10,2026-08-16,9:00:00 PM,Arroz pollo.desmenuza.,1.0,0.018,12.49
7195,2026-08-10,2026-08-16,9:00:00 PM,BABY CHURASCO,3.0,0.085,60.17
7196,2026-08-10,2026-08-16,9:00:00 PM,BABY CHURRASCO,1.0,0.025,17.99
7197,2026-08-10,2026-08-16,9:00:00 PM,BATIDO CHOCOLATE.,1.0,0.007,4.99
7198,2026-08-10,2026-08-16,9:00:00 PM,BATIDO MAMEY,5.0,0.039,27.45
7199,2026-08-10,2026-08-16,9:00:00 PM,BATIDO VAINILLA,1.0,0.007,4.99
7200,2026-08-10,2026-08-16,9:00:00 PM,BISTEC DE POLLO-,4.0,0.08,56.56
7201,2026-08-10,2026-08-16,9:00:00 PM,-BISTEC DE POLLO.,1.0,0.019,13.49
7202,2026-08-10,2026-08-16,9:00:00 PM,BISTEC DE POLLO..,1.0,0.019,13.69
7203,2026-08-10,2026-08-16,9:00:00 PM,-BISTEC DE PUERCO,2.0,0.046,32.88
7204,2026-08-10,2026-08-16,9:00:00 PM,-BISTEC PALOMILLA,4.0,0.102,72.36
7205,2026-08-10,2026-08-16,9:00:00 PM,BISTEC POLLO PLANCHA,3.0,0.058,41.07
7206,2026-08-10,2026-08-16,9:00:00 PM,-BISTECDE POLLO,2.0,0.038,27.18
7207,2026-08-10,2026-08-16,9:00:00 PM,CAF.LEC.EVAP.MEDIA,1.0,0.006,4.5
7208,2026-08-10,2026-08-16,9:00:00 PM,CAFE CON LECHE GRANDE,1.0,0.006,4.5
7209,2026-08-10,2026-08-16,9:00:00 PM,CAFE CUBANO.,4.0,0.008,6.0
7210,2026-08-10,2026-08-16,9:00:00 PM,caldosos,1.0,0.0,0.0
7211,2026-08-10,2026-08-16,9:00:00 PM,CAMARONES ENCHILADO.,1.0,0.028,19.99
7212,2026-08-10,2026-08-16,9:00:00 PM,CANT 5 DELIVER,1.0,0.099,70.0
7213,2026-08-10,2026-08-16,9:00:00 PM,CHULETAS DE PUERCO,1.0,0.02,14.49
7214,2026-08-10,2026-08-16,9:00:00 PM,"CHURRASCO ,,,",3.0,0.11,78.17
7215,2026-08-10,2026-08-16,9:00:00 PM,churros.solo.4,1.0,0.007,4.99
7216,2026-08-10,2026-08-16,9:00:00 PM,COKE CERO.,1.0,0.004,2.5
7217,2026-08-10,2026-08-16,9:00:00 PM,COKE.,2.0,0.007,5.0
7218,2026-08-10,2026-08-16,9:00:00 PM,COLADA.,4.0,0.015,11.0
7219,2026-08-10,2026-08-16,9:00:00 PM,COPA VINO,1.0,0.013,8.99
7220,2026-08-10,2026-08-16,9:00:00 PM,-CORONA.,3.0,0.023,16.47
7221,2026-08-10,2026-08-16,9:00:00 PM,Cortadito Evaporada,2.0,0.007,5.0
7222,2026-08-10,2026-08-16,9:00:00 PM,CREMA MALANGA MEDIANA.,5.0,0.049,34.95
7223,2026-08-10,2026-08-16,9:00:00 PM,CREMA. MALANGA GRANDE.,2.0,0.03,20.98
7224,2026-08-10,2026-08-16,9:00:00 PM,croqueta jamon.,6.0,0.015,10.5
7225,2026-08-10,2026-08-16,9:00:00 PM,CUBANO ESPECIAL..,1.0,0.017,11.99
7226,2026-08-10,2026-08-16,9:00:00 PM,CUBANO REGULAR.,3.0,0.042,30.17
7227,2026-08-10,2026-08-16,9:00:00 PM,-DEDITOS DE POLLO,2.0,0.037,26.18
7228,2026-08-10,2026-08-16,9:00:00 PM,deditos de pollo kids,1.0,0.012,8.19
7229,2026-08-10,2026-08-16,9:00:00 PM,DESALLUNOS..,1.0,0.017,11.99
7230,2026-08-10,2026-08-16,9:00:00 PM,DIET COKE.,1.0,0.003,2.25
7231,2026-08-10,2026-08-16,9:00:00 PM,Empanada carne,4.0,0.017,11.96
7232,2026-08-10,2026-08-16,9:00:00 PM,Empanada Jamon/Queso,2.0,0.008,5.98
7233,2026-08-10,2026-08-16,9:00:00 PM,Empanada Pollo,2.0,0.008,5.98
7234,2026-08-10,2026-08-16,9:00:00 PM,Empnda Espinaca/Queso,1.0,0.004,2.99
7235,2026-08-10,2026-08-16,9:00:00 PM,ENPANISADO. RES,2.0,0.046,32.38
7236,2026-08-10,2026-08-16,9:00:00 PM,ENSALA AGUACAT PEQUE,3.0,0.019,13.5
7237,2026-08-10,2026-08-16,9:00:00 PM,ENSALA POLLO 2 CROQUET,1.0,0.018,12.49
7238,2026-08-10,2026-08-16,9:00:00 PM,Ensalada Small,1.0,0.004,2.75
7239,2026-08-10,2026-08-16,9:00:00 PM,FABADA MEDIANA.,1.0,0.01,7.19
7240,2026-08-10,2026-08-16,9:00:00 PM,-FILETE PESCADO PLANCH,2.0,0.048,34.18
7241,2026-08-10,2026-08-16,9:00:00 PM,FILETE SALMON.,1.0,0.028,20.0
7242,2026-08-10,2026-08-16,9:00:00 PM,FILETILLO POLLO PLANCH,1.0,0.021,14.99
7243,2026-08-10,2026-08-16,9:00:00 PM,FILETILLO RES PLANCHA.,1.0,0.021,14.99
7244,2026-08-10,2026-08-16,9:00:00 PM,FILETILLO RES SALSA.,1.0,0.021,15.19
7245,2026-08-10,2026-08-16,9:00:00 PM,FLAN ESPECIAL.,1.0,0.008,5.99
7246,2026-08-10,2026-08-16,9:00:00 PM,-FLAN.,1.0,0.007,4.99
7247,2026-08-10,2026-08-16,9:00:00 PM,FRIJOL PEQUENO.,1.0,0.004,2.99
7248,2026-08-10,2026-08-16,9:00:00 PM,GARBANZO GRANDE.,2.0,0.03,20.98
7249,2026-08-10,2026-08-16,9:00:00 PM,GARBANZO.FRITO.,1.0,0.02,14.19
7250,2026-08-10,2026-08-16,9:00:00 PM,IMPERIAL .,1.0,0.019,13.49
7251,2026-08-10,2026-08-16,9:00:00 PM,JARRITO NARANJA.,1.0,0.005,3.49
7252,2026-08-10,2026-08-16,9:00:00 PM,JUEGO DE MANZANA,1.0,0.005,3.25
7253,2026-08-10,2026-08-16,9:00:00 PM,JUGO MARACULLA,2.0,0.013,9.0
7254,2026-08-10,2026-08-16,9:00:00 PM,JUGO PINA,1.0,0.006,4.5
7255,2026-08-10,2026-08-16,9:00:00 PM,JUGO ZANAHORIA NARAJA,1.0,0.007,4.99
7256,2026-08-10,2026-08-16,9:00:00 PM,JUGO.NARANJA.,1.0,0.007,5.25
7257,2026-08-10,2026-08-16,9:00:00 PM,LIMANADA COCO.,1.0,0.008,5.99
7258,2026-08-10,2026-08-16,9:00:00 PM,LIMONADA,2.0,0.013,9.0
7259,2026-08-10,2026-08-16,9:00:00 PM,LIMONADA FRESA,1.0,0.008,5.99
7260,2026-08-10,2026-08-16,9:00:00 PM,-MADUROS.,1.0,0.006,4.49
7261,2026-08-10,2026-08-16,9:00:00 PM,-MARIQUITAS.,1.0,0.008,5.99
7262,2026-08-10,2026-08-16,9:00:00 PM,Mariquitas.togo.,1.0,0.006,4.5
7263,2026-08-10,2026-08-16,9:00:00 PM,-MASAS DE PUERCO,4.0,0.079,56.36
7264,2026-08-10,2026-08-16,9:00:00 PM,MEDIA NOCHE.,1.0,0.014,10.19
7265,2026-08-10,2026-08-16,9:00:00 PM,MELON..SANDIA,4.0,0.025,18.0
7266,2026-08-10,2026-08-16,9:00:00 PM,-MILANESA DE POLLO,2.0,0.045,31.98
7267,2026-08-10,2026-08-16,9:00:00 PM,MODELO,2.0,0.015,10.98
7268,2026-08-10,2026-08-16,9:00:00 PM,NATILLA CATALANA,1.0,0.009,6.25
7269,2026-08-10,2026-08-16,9:00:00 PM,-PAN CON BISTEC.,4.0,0.062,44.16
7270,2026-08-10,2026-08-16,9:00:00 PM,-PARGO FRITO ENTERO.,2.0,0.073,51.98
7271,2026-08-10,2026-08-16,9:00:00 PM,PEPSI.,1.0,0.004,2.5
7272,2026-08-10,2026-08-16,9:00:00 PM,PICADILLO,1.0,0.019,13.69
7273,2026-08-10,2026-08-16,9:00:00 PM,PINA COLADA,2.0,0.02,13.98
7274,2026-08-10,2026-08-16,9:00:00 PM,PIZZA DE QUESO,1.0,0.015,10.99
7275,2026-08-10,2026-08-16,9:00:00 PM,POTAJE COLORADOS MEDIA,1.0,0.01,7.19
7276,2026-08-10,2026-08-16,9:00:00 PM,RIÑONADA.,1.0,0.03,20.99
7277,2026-08-10,2026-08-16,9:00:00 PM,ROPA VIEJA...,1.0,0.024,16.69
7278,2026-08-10,2026-08-16,9:00:00 PM,RUEDA SERRUCO FRITA.,1.0,0.023,15.99
7279,2026-08-10,2026-08-16,9:00:00 PM,Sopa de Pollo Grande,6.0,0.072,50.94
7280,2026-08-10,2026-08-16,9:00:00 PM,SOPA DE RES GRANDE,2.0,0.034,23.98
7281,2026-08-10,2026-08-16,9:00:00 PM,SOPA PLATANO MEDIANA.,1.0,0.01,6.99
7282,2026-08-10,2026-08-16,9:00:00 PM,Sopa Pollo Medina,5.0,0.039,27.45
7283,2026-08-10,2026-08-16,9:00:00 PM,SOPA. POLLO CHIQUITA,1.0,0.005,3.5
7284,2026-08-10,2026-08-16,9:00:00 PM,SPRIET.,3.0,0.011,7.5
7285,2026-08-10,2026-08-16,9:00:00 PM,T0 GO MESA,11.0,0.005,3.85
7286,2026-08-10,2026-08-16,9:00:00 PM,TAMAL CAZUELA.MEDIANO.,1.0,0.01,6.99
7287,2026-08-10,2026-08-16,9:00:00 PM,To Go.,1.0,0.0,0.2
7288,2026-08-10,2026-08-16,9:00:00 PM,To Go..,15.0,0.004,3.0
7289,2026-08-10,2026-08-16,9:00:00 PM,TOSTADA,2.0,0.006,3.98
7290,2026-08-10,2026-08-16,9:00:00 PM,TOSTONES.,2.0,0.014,9.98
7291,2026-08-10,2026-08-16,9:00:00 PM,TRES LECHES.,2.0,0.017,11.98
7292,2026-08-10,2026-08-16,9:00:00 PM,-VACA FRITA,3.0,0.073,51.57
7293,2026-08-10,2026-08-16,9:00:00 PM,-VACA FRITA.,2.0,0.045,32.18
7294,2026-08-10,2026-08-16,9:00:00 PM,YUCA FRITA.,1.0,0.008,5.49
7295,2026-07-20,2026-07-26,6:00:00 AM,1.SOLO.PANQUEY,3.0,0.01,6.75
7296,2026-07-20,2026-07-26,6:00:00 AM,AGUACATE $5.00,2.0,0.015,10.0
7297,2026-07-20,2026-07-26,6:00:00 AM,BACON,1.0,0.007,4.99
7298,2026-07-20,2026-07-26,6:00:00 AM,BATIDO BANANA,1.0,0.007,4.99
7299,2026-07-20,2026-07-26,6:00:00 AM,BISTEC A CABALLO,2.0,0.044,29.38
7300,2026-07-20,2026-07-26,6:00:00 AM,CAF.LEC.EVAP.CHICO,3.0,0.014,9.0
7301,2026-07-20,2026-07-26,6:00:00 AM,CAFE CON LECHE PEQUENO,3.0,0.011,7.5
7302,2026-07-20,2026-07-26,6:00:00 AM,CAFE CUBANO.,9.0,0.02,13.5
7303,2026-07-20,2026-07-26,6:00:00 AM,chocolate med,1.0,0.004,2.99
7304,2026-07-20,2026-07-26,6:00:00 AM,COKE.,1.0,0.004,2.5
7305,2026-07-20,2026-07-26,6:00:00 AM,COLADA.,1.0,0.004,2.75
7306,2026-07-20,2026-07-26,6:00:00 AM,Cortadito Evaporada,1.0,0.004,2.5
7307,2026-07-20,2026-07-26,6:00:00 AM,"Cortadito,.",1.0,0.003,2.25
7308,2026-07-20,2026-07-26,6:00:00 AM,croqueta jamon.,30.0,0.079,52.5
7309,2026-07-20,2026-07-26,6:00:00 AM,DESALLUNOS..,11.0,0.204,135.99
7310,2026-07-20,2026-07-26,6:00:00 AM,GALLETA DELICIOSAS,1.0,0.005,3.6
7311,2026-07-20,2026-07-26,6:00:00 AM,HARINA PEQUEÑA,2.0,0.012,8.18
7312,2026-07-20,2026-07-26,6:00:00 AM,HUEVO FRITO,4.0,0.009,5.75
7313,2026-07-20,2026-07-26,6:00:00 AM,HUEVOS AL PORCH,2.0,0.036,23.98
7314,2026-07-20,2026-07-26,6:00:00 AM,JUGO PINA,1.0,0.007,4.5
7315,2026-07-20,2026-07-26,6:00:00 AM,JUGO.NARANJA.,4.0,0.032,21.0
7316,2026-07-20,2026-07-26,6:00:00 AM,MIXTO PAVO ESPINACA.,1.0,0.019,12.49
7317,2026-07-20,2026-07-26,6:00:00 AM,NEWPORT,1.0,0.019,12.75
7318,2026-07-20,2026-07-26,6:00:00 AM,PAN CON TORTILLA.,2.0,0.033,22.18
7319,2026-07-20,2026-07-26,6:00:00 AM,PAN DE BONO..,2.0,0.006,3.98
7320,2026-07-20,2026-07-26,6:00:00 AM,PAN JAMAICA,2.0,0.005,3.2
7321,2026-07-20,2026-07-26,6:00:00 AM,PEPSI.,1.0,0.004,2.5
7322,2026-07-20,2026-07-26,6:00:00 AM,To Go..,1.0,0.0,0.2
7323,2026-07-20,2026-07-26,6:00:00 AM,TORTILLA.,4.0,0.072,48.06
7324,2026-07-20,2026-07-26,6:00:00 AM,TOSTADA,10.0,0.03,19.9
7325,2026-07-20,2026-07-26,6:00:00 AM,Western Omlet reg,1.0,0.018,11.99
7326,2026-07-20,2026-07-26,6:00:00 AM,RESUMEN DE LA HORA,109.0,0.739,491.85
7327,2026-07-20,2026-07-26,7:00:00 AM,"3,,PANQUEQUES..",1.0,0.009,5.99
7328,2026-07-20,2026-07-26,7:00:00 AM,305 Morados,1.0,0.009,6.25
7329,2026-07-20,2026-07-26,7:00:00 AM,AGUA NATURAL,1.0,0.003,1.99
7330,2026-07-20,2026-07-26,7:00:00 AM,Best Mango,1.0,0.004,2.99
7331,2026-07-20,2026-07-26,7:00:00 AM,BISTEC A CABALLO,2.0,0.046,30.73
7332,2026-07-20,2026-07-26,7:00:00 AM,CAFE AMERICANO CHIQUIT,2.0,0.009,5.98
7333,2026-07-20,2026-07-26,7:00:00 AM,CAFE CON LECHE GRANDE,3.0,0.02,13.5
7334,2026-07-20,2026-07-26,7:00:00 AM,CAFE CON LECHE MEDIANO,1.0,0.006,3.75
7335,2026-07-20,2026-07-26,7:00:00 AM,CAFE CON LECHE PEQUENO,10.0,0.038,25.0
7336,2026-07-20,2026-07-26,7:00:00 AM,CAFE CUBANO.,18.0,0.041,27.0
7337,2026-07-20,2026-07-26,7:00:00 AM,CAFECITO.,2.0,0.003,1.98
7338,2026-07-20,2026-07-26,7:00:00 AM,choriso regular,1.0,0.006,3.99
7339,2026-07-20,2026-07-26,7:00:00 AM,COKE.,2.0,0.008,5.0
7340,2026-07-20,2026-07-26,7:00:00 AM,COLADA.,7.0,0.029,19.25
7341,2026-07-20,2026-07-26,7:00:00 AM,Cortadito Evaporada,1.0,0.004,2.5
7342,2026-07-20,2026-07-26,7:00:00 AM,"Cortadito,.",5.0,0.015,9.95
7343,2026-07-20,2026-07-26,7:00:00 AM,croqueta bacalao.,8.0,0.024,15.92
7344,2026-07-20,2026-07-26,7:00:00 AM,croqueta jamon.,8.0,0.021,14.0
7345,2026-07-20,2026-07-26,7:00:00 AM,croqueta pollo.,7.0,0.018,12.25
7346,2026-07-20,2026-07-26,7:00:00 AM,DESALLUNOS..,23.0,0.417,277.57
7347,2026-07-20,2026-07-26,7:00:00 AM,DIET MATERVA.,1.0,0.004,2.5
7348,2026-07-20,2026-07-26,7:00:00 AM,Empanada carne,5.0,0.022,14.95
7349,2026-07-20,2026-07-26,7:00:00 AM,Empanada Pollo,2.0,0.009,5.98
7350,2026-07-20,2026-07-26,7:00:00 AM,Empnda Espinaca/Queso,1.0,0.004,2.99
7351,2026-07-20,2026-07-26,7:00:00 AM,ENPANADA COLONBIANA..,2.0,0.007,4.98
7352,2026-07-20,2026-07-26,7:00:00 AM,Ensalada Small,1.0,0.004,2.75
7353,2026-07-20,2026-07-26,7:00:00 AM,GUARAPO.,1.0,0.008,5.25
7354,2026-07-20,2026-07-26,7:00:00 AM,HUEVO FRITO,2.0,0.005,3.0
7355,2026-07-20,2026-07-26,7:00:00 AM,HUEVOS AL PORCH,1.0,0.018,11.99
7356,2026-07-20,2026-07-26,7:00:00 AM,JAMON.,1.0,0.006,3.99
7357,2026-07-20,2026-07-26,7:00:00 AM,JUGO PINA,1.0,0.007,4.5
7358,2026-07-20,2026-07-26,7:00:00 AM,JUGO.NARANJA.,3.0,0.024,15.75
7359,2026-07-20,2026-07-26,7:00:00 AM,-LECHE MALTEADA,1.0,0.007,4.99
7360,2026-07-20,2026-07-26,7:00:00 AM,NEWPORT,2.0,0.038,25.5
7361,2026-07-20,2026-07-26,7:00:00 AM,-PAN CON BISTEC.,1.0,0.017,11.19
7362,2026-07-20,2026-07-26,7:00:00 AM,PAN CON TORTILLA.,4.0,0.066,44.16
7363,2026-07-20,2026-07-26,7:00:00 AM,PAN DE BONO..,2.0,0.006,3.98
7364,2026-07-20,2026-07-26,7:00:00 AM,PAN JAMAICA,3.0,0.007,4.8
7365,2026-07-20,2026-07-26,7:00:00 AM,PAPA RELLENA,1.0,0.004,2.99
7366,2026-07-20,2026-07-26,7:00:00 AM,Pasteles Guayaba,2.0,0.005,3.0
7367,2026-07-20,2026-07-26,7:00:00 AM,Pasteles Queso,3.0,0.007,4.5
7368,2026-07-20,2026-07-26,7:00:00 AM,Pasteles Queso/Guayaba,1.0,0.002,1.5
7369,2026-07-20,2026-07-26,7:00:00 AM,PEPSI.,3.0,0.011,7.5
7370,2026-07-20,2026-07-26,7:00:00 AM,PERICO DE CLARAS.,1.0,0.02,12.99
7371,2026-07-20,2026-07-26,7:00:00 AM,PERICO RIPIADO.,1.0,0.018,11.99
7372,2026-07-20,2026-07-26,7:00:00 AM,QUESO SUIZO,1.0,0.003,1.99
7373,2026-07-20,2026-07-26,7:00:00 AM,Rinconcito BREAKFAST,1.0,0.021,13.99
7374,2026-07-20,2026-07-26,7:00:00 AM,TAMAL.CAZUELA GRANDE.,1.0,0.017,11.19
7375,2026-07-20,2026-07-26,7:00:00 AM,To Go.,1.0,0.0,0.2
7376,2026-07-20,2026-07-26,7:00:00 AM,To Go..,2.0,0.001,0.4
7377,2026-07-20,2026-07-26,7:00:00 AM,TORTILLA.,2.0,0.033,21.98
7378,2026-07-20,2026-07-26,7:00:00 AM,TOSTADA,22.0,0.066,43.78
7379,2026-07-20,2026-07-26,7:00:00 AM,Western Omlet reg,1.0,0.019,12.49
7380,2026-07-20,2026-07-26,7:00:00 AM,RESUMEN DE LA HORA,181.0,1.216,809.33
7381,2026-07-20,2026-07-26,8:00:00 AM,== TO GO ==,2.0,0.001,0.4
7382,2026-07-20,2026-07-26,8:00:00 AM,======================,4.0,0.0,0.0
7383,2026-07-20,2026-07-26,8:00:00 AM,"2,,WAFLE,,",1.0,0.007,4.99
7384,2026-07-20,2026-07-26,8:00:00 AM,"3,,PANQUEQUES..",1.0,0.009,5.99
7385,2026-07-20,2026-07-26,8:00:00 AM,AGUA NATURAL,2.0,0.006,3.98
7386,2026-07-20,2026-07-26,8:00:00 AM,ARROZ CHIQUITO,1.0,0.003,2.25
7387,2026-07-20,2026-07-26,8:00:00 AM,BACON,2.0,0.015,9.98
7388,2026-07-20,2026-07-26,8:00:00 AM,BATIDO CHOCOLATE.,1.0,0.007,4.99
7389,2026-07-20,2026-07-26,8:00:00 AM,BATIDO FRUTA BONBA,1.0,0.007,4.99
7390,2026-07-20,2026-07-26,8:00:00 AM,BATIDO MAMEY,3.0,0.025,16.47
7391,2026-07-20,2026-07-26,8:00:00 AM,BATIDO MANGO,4.0,0.03,19.96
7392,2026-07-20,2026-07-26,8:00:00 AM,BISTEC A CABALLO,4.0,0.092,60.96
7393,2026-07-20,2026-07-26,8:00:00 AM,-BISTEC DE POLLO.,1.0,0.021,13.69
7394,2026-07-20,2026-07-26,8:00:00 AM,BOLA ENSALADA POLLO,1.0,0.005,3.25
7395,2026-07-20,2026-07-26,8:00:00 AM,CAF.LEC.EVAP.CHICO,2.0,0.009,6.0
7396,2026-07-20,2026-07-26,8:00:00 AM,CAFE CON LECHE GRANDE,6.0,0.041,27.0
7397,2026-07-20,2026-07-26,8:00:00 AM,CAFE CON LECHE MEDIANO,2.0,0.011,7.5
7398,2026-07-20,2026-07-26,8:00:00 AM,CAFE CON LECHE PEQUENO,20.0,0.075,50.0
7399,2026-07-20,2026-07-26,8:00:00 AM,CAFE CUBANO.,27.0,0.061,40.5
7400,2026-07-20,2026-07-26,8:00:00 AM,CANT 4 DELIVER,3.0,0.252,168.0
7401,2026-07-20,2026-07-26,8:00:00 AM,CANT 5 DELIVER,3.0,0.315,210.0
7402,2026-07-20,2026-07-26,8:00:00 AM,CANT 5 RECOGER,1.0,0.09,60.0
7403,2026-07-20,2026-07-26,8:00:00 AM,cholcolate chico,1.0,0.004,2.89
7404,2026-07-20,2026-07-26,8:00:00 AM,CLUB SANDWICH.,1.0,0.018,12.19
7405,2026-07-20,2026-07-26,8:00:00 AM,COLADA.,10.0,0.041,27.5
7406,2026-07-20,2026-07-26,8:00:00 AM,con evaporada,1.0,0.002,1.5
7407,2026-07-20,2026-07-26,8:00:00 AM,Cortadito Evaporada,1.0,0.004,2.5
7408,2026-07-20,2026-07-26,8:00:00 AM,"Cortadito,.",5.0,0.015,9.95
7409,2026-07-20,2026-07-26,8:00:00 AM,CREMA. MALANGA GRANDE.,1.0,0.016,10.49
7410,2026-07-20,2026-07-26,8:00:00 AM,croqueta bacalao.,2.0,0.006,3.98
7411,2026-07-20,2026-07-26,8:00:00 AM,croqueta jamon.,31.0,0.081,54.25
7412,2026-07-20,2026-07-26,8:00:00 AM,croqueta pollo.,7.0,0.018,12.25
7413,2026-07-20,2026-07-26,8:00:00 AM,CROQUETA PREPARADA.,1.0,0.018,12.19
7414,2026-07-20,2026-07-26,8:00:00 AM,CUBANO ESPECIAL..,1.0,0.018,12.19
7415,2026-07-20,2026-07-26,8:00:00 AM,CUBANO REGULAR.,1.0,0.015,10.19
7416,2026-07-20,2026-07-26,8:00:00 AM,Deditos De Queso.,3.0,0.009,5.97
7417,2026-07-20,2026-07-26,8:00:00 AM,DESALLUNOS..,29.0,0.541,360.21
7418,2026-07-20,2026-07-26,8:00:00 AM,Empanada carne,4.0,0.018,11.96
7419,2026-07-20,2026-07-26,8:00:00 AM,Empanada Jamon/Queso,6.0,0.027,17.94
7420,2026-07-20,2026-07-26,8:00:00 AM,Empanada Pollo,3.0,0.013,8.97
7421,2026-07-20,2026-07-26,8:00:00 AM,Empnda Espinaca/Queso,2.0,0.009,5.98
7422,2026-07-20,2026-07-26,8:00:00 AM,ENSALA POLLO 2 CROQUET,1.0,0.019,12.49
7423,2026-07-20,2026-07-26,8:00:00 AM,EXTRA QUESO CREMA.,1.0,0.003,1.75
7424,2026-07-20,2026-07-26,8:00:00 AM,FELITOS,10.0,0.022,14.9
7425,2026-07-20,2026-07-26,8:00:00 AM,FRITA CUBANA,1.0,0.015,9.99
7426,2026-07-20,2026-07-26,8:00:00 AM,fuma-PITA,1.0,0.003,1.89
7427,2026-07-20,2026-07-26,8:00:00 AM,GALLETA DELICIOSAS,3.0,0.016,10.8
7428,2026-07-20,2026-07-26,8:00:00 AM,HARINA MEDIANA,1.0,0.01,6.45
7429,2026-07-20,2026-07-26,8:00:00 AM,HARINA PEQUEÑA,1.0,0.006,3.99
7430,2026-07-20,2026-07-26,8:00:00 AM,HUEVO FRITO,3.0,0.007,4.5
7431,2026-07-20,2026-07-26,8:00:00 AM,HUEVOS AL PORCH,6.0,0.117,77.94
7432,2026-07-20,2026-07-26,8:00:00 AM,JUEGO DE MANZANA,1.0,0.005,3.25
7433,2026-07-20,2026-07-26,8:00:00 AM,JUGO ZANAHORIA NARAJA,2.0,0.015,9.98
7434,2026-07-20,2026-07-26,8:00:00 AM,JUGO.NARANJA.,6.0,0.047,31.5
7435,2026-07-20,2026-07-26,8:00:00 AM,LENTEJAS GRANDE.,1.0,0.014,9.49
7436,2026-07-20,2026-07-26,8:00:00 AM,LIMONADA,1.0,0.007,4.5
7437,2026-07-20,2026-07-26,8:00:00 AM,MALBORO LIGHT,1.0,0.018,12.0
7438,2026-07-20,2026-07-26,8:00:00 AM,-MASAS DE PUERCO.,1.0,0.021,14.19
7439,2026-07-20,2026-07-26,8:00:00 AM,MATERVA.,1.0,0.004,2.5
7440,2026-07-20,2026-07-26,8:00:00 AM,MISC COCINA,3.0,0.013,8.97
7441,2026-07-20,2026-07-26,8:00:00 AM,PAN CON TORTILLA.,5.0,0.083,55.55
7442,2026-07-20,2026-07-26,8:00:00 AM,PAN DE BONO..,4.0,0.012,7.96
7443,2026-07-20,2026-07-26,8:00:00 AM,PAPA HASH.BROWN.,1.0,0.006,3.99
7444,2026-07-20,2026-07-26,8:00:00 AM,PAPA RELLENA,5.0,0.022,14.95
7445,2026-07-20,2026-07-26,8:00:00 AM,Pasteles Guayaba,4.0,0.009,6.0
7446,2026-07-20,2026-07-26,8:00:00 AM,Pasteles Queso/Guayaba,1.0,0.002,1.5
7447,2026-07-20,2026-07-26,8:00:00 AM,PEPSI.,1.0,0.004,2.5
7448,2026-07-20,2026-07-26,8:00:00 AM,PERICO RIPIADO.,21.0,0.386,256.69
7449,2026-07-20,2026-07-26,8:00:00 AM,Rinconcito BREAKFAST,2.0,0.042,27.98
7450,2026-07-20,2026-07-26,8:00:00 AM,SDWCH DE PAVO REGL.,1.0,0.015,10.19
7451,2026-07-20,2026-07-26,8:00:00 AM,Sopa de Pollo Grande,1.0,0.013,8.49
7452,2026-07-20,2026-07-26,8:00:00 AM,SOPA DE RES GRANDE,1.0,0.018,12.19
7453,2026-07-20,2026-07-26,8:00:00 AM,Sopa Pollo Medina,1.0,0.008,5.49
7454,2026-07-20,2026-07-26,8:00:00 AM,Spagheti Carne SALSA R,1.0,0.024,16.19
7455,2026-07-20,2026-07-26,8:00:00 AM,T0 GO MESA,1.0,0.001,0.35
7456,2026-07-20,2026-07-26,8:00:00 AM,TAMAL,2.0,0.009,5.98
7457,2026-07-20,2026-07-26,8:00:00 AM,To Go.,1.0,0.0,0.2
7458,2026-07-20,2026-07-26,8:00:00 AM,To Go..,8.0,0.003,1.75
7459,2026-07-20,2026-07-26,8:00:00 AM,TORTILLA.,3.0,0.05,33.17
7460,2026-07-20,2026-07-26,8:00:00 AM,TOSTADA,24.0,0.072,47.76
7461,2026-07-20,2026-07-26,8:00:00 AM,TOSTADA 2 CROQUETAS.,2.0,0.015,10.18
7462,2026-07-20,2026-07-26,8:00:00 AM,Western Omlet reg,3.0,0.051,34.17
7463,2026-07-20,2026-07-26,8:00:00 AM,Westren Omlet Clara,1.0,0.018,11.99
7464,2026-07-20,2026-07-26,9:00:00 AM,== TO GO ==,7.0,0.002,1.4
7465,2026-07-20,2026-07-26,9:00:00 AM,======================,8.0,0.0,0.0
7466,2026-07-20,2026-07-26,9:00:00 AM,1 BOLA HELADO..,1.0,0.004,2.99
7467,2026-07-20,2026-07-26,9:00:00 AM,"3,,PANQUEQUES..",2.0,0.018,11.98
7468,2026-07-20,2026-07-26,9:00:00 AM,305 Morados,1.0,0.009,6.25
7469,2026-07-20,2026-07-26,9:00:00 AM,AGUA NATURAL,3.0,0.009,5.97
7470,2026-07-20,2026-07-26,9:00:00 AM,-ARROZ FRITO,1.0,0.021,13.69
7471,2026-07-20,2026-07-26,9:00:00 AM,BABY CHURASCO,1.0,0.03,20.19
7472,2026-07-20,2026-07-26,9:00:00 AM,BACON,2.0,0.015,9.98
7473,2026-07-20,2026-07-26,9:00:00 AM,BATIDO MAMEY,3.0,0.025,16.47
7474,2026-07-20,2026-07-26,9:00:00 AM,BISTEC A CABALLO,6.0,0.134,89.44
7475,2026-07-20,2026-07-26,9:00:00 AM,CAF.LEC.EVAP.CHICO,3.0,0.014,9.0
7476,2026-07-20,2026-07-26,9:00:00 AM,CAFE AMERICAN GRANDE.,1.0,0.005,3.25
7477,2026-07-20,2026-07-26,9:00:00 AM,CAFE AMERICANO CHIQUIT,1.0,0.004,2.99
7478,2026-07-20,2026-07-26,9:00:00 AM,CAFE CON LECHE GRANDE,2.0,0.014,9.0
7479,2026-07-20,2026-07-26,9:00:00 AM,CAFE CON LECHE MEDIANO,3.0,0.017,11.25
7480,2026-07-20,2026-07-26,9:00:00 AM,CAFE CON LECHE PEQUENO,10.0,0.038,25.0
7481,2026-07-20,2026-07-26,9:00:00 AM,CAFE CUBANO.,18.0,0.041,27.0
7482,2026-07-20,2026-07-26,9:00:00 AM,CANT 4 DELIVER,1.0,0.084,56.0
7483,2026-07-20,2026-07-26,9:00:00 AM,COLADA.,9.0,0.037,24.75
7484,2026-07-20,2026-07-26,9:00:00 AM,con evaporada,2.0,0.005,3.0
7485,2026-07-20,2026-07-26,9:00:00 AM,Cortadito Evaporada,2.0,0.008,5.0
7486,2026-07-20,2026-07-26,9:00:00 AM,"Cortadito,.",11.0,0.036,23.71
7487,2026-07-20,2026-07-26,9:00:00 AM,CREMA BROCOLY,1.0,0.014,9.25
7488,2026-07-20,2026-07-26,9:00:00 AM,CREMA MALANGA MEDIANA.,3.0,0.031,20.97
7489,2026-07-20,2026-07-26,9:00:00 AM,CREMA VEGETAL MEDIANA,1.0,0.01,6.99
7490,2026-07-20,2026-07-26,9:00:00 AM,CREMA VEGETALES MEDIAN,1.0,0.01,6.99
7491,2026-07-20,2026-07-26,9:00:00 AM,CREMA. MALANGA GRANDE.,3.0,0.047,31.47
7492,2026-07-20,2026-07-26,9:00:00 AM,croqueta bacalao.,6.0,0.018,11.94
7493,2026-07-20,2026-07-26,9:00:00 AM,croqueta jamon.,24.0,0.063,42.0
7494,2026-07-20,2026-07-26,9:00:00 AM,CUBANO REGULAR.,1.0,0.015,10.19
7495,2026-07-20,2026-07-26,9:00:00 AM,DEDITOS DE PESCADO,1.0,0.024,16.19
7496,2026-07-20,2026-07-26,9:00:00 AM,Deditos De Queso.,2.0,0.006,3.98
7497,2026-07-20,2026-07-26,9:00:00 AM,DESALLUNOS..,54.0,0.991,659.91
7498,2026-07-20,2026-07-26,9:00:00 AM,Empanada carne,11.0,0.049,32.89
7499,2026-07-20,2026-07-26,9:00:00 AM,Empanada Jamon/Queso,2.0,0.009,5.98
7500,2026-07-20,2026-07-26,9:00:00 AM,Empanada Pollo,1.0,0.004,2.99
7501,2026-07-20,2026-07-26,9:00:00 AM,Empnda Espinaca/Queso,3.0,0.013,8.97
7502,2026-07-20,2026-07-26,9:00:00 AM,ENPANADA COLONBIANA..,2.0,0.007,4.98
7503,2026-07-20,2026-07-26,9:00:00 AM,ENSALA AGUACAT PEQUE,4.0,0.027,18.0
7504,2026-07-20,2026-07-26,9:00:00 AM,EXTRA QUESO CREMA.,2.0,0.005,3.5
7505,2026-07-20,2026-07-26,9:00:00 AM,FRIJOL GRANDE,1.0,0.012,7.99
7506,2026-07-20,2026-07-26,9:00:00 AM,GUISO.MAIZ MEDIANO.,1.0,0.01,6.99
7507,2026-07-20,2026-07-26,9:00:00 AM,HAMBURQUESA.CON QUESO,1.0,0.017,11.19
7508,2026-07-20,2026-07-26,9:00:00 AM,HARINA PEQUEÑA,1.0,0.006,4.19
7509,2026-07-20,2026-07-26,9:00:00 AM,HUEVO CON BUTIFARA.,3.0,0.055,36.37
7510,2026-07-20,2026-07-26,9:00:00 AM,HUEVO REVUELTO,1.0,0.002,1.25
7511,2026-07-20,2026-07-26,9:00:00 AM,HUEVOS AL PORCH,1.0,0.02,13.49
7512,2026-07-20,2026-07-26,9:00:00 AM,JUGO MARACULLA,1.0,0.007,4.5
7513,2026-07-20,2026-07-26,9:00:00 AM,JUGO PINA,1.0,0.007,4.5
7514,2026-07-20,2026-07-26,9:00:00 AM,JUGO.NARANJA.,15.0,0.118,78.75
7515,2026-07-20,2026-07-26,9:00:00 AM,LECHE PEQUENA,1.0,0.002,1.5
7516,2026-07-20,2026-07-26,9:00:00 AM,LENTEJAS MEDIANA.,1.0,0.01,6.99
7517,2026-07-20,2026-07-26,9:00:00 AM,-MADUROS.,1.0,0.007,4.49
7518,2026-07-20,2026-07-26,9:00:00 AM,MALBORO LIGHT,1.0,0.018,12.0
7519,2026-07-20,2026-07-26,9:00:00 AM,MEDIA NOCHE.,3.0,0.046,30.57
7520,2026-07-20,2026-07-26,9:00:00 AM,MISC COCINA,2.0,0.006,3.99
7521,2026-07-20,2026-07-26,9:00:00 AM,NEWPORT,1.0,0.019,12.75
7522,2026-07-20,2026-07-26,9:00:00 AM,PAN CON TORTILLA.,3.0,0.05,33.57
7523,2026-07-20,2026-07-26,9:00:00 AM,PAN JAMAICA,1.0,0.002,1.6
7524,2026-07-20,2026-07-26,9:00:00 AM,PAPA CASA..,1.0,0.006,3.99
7525,2026-07-20,2026-07-26,9:00:00 AM,PAPA HASH.BROWN.,2.0,0.012,7.98
7526,2026-07-20,2026-07-26,9:00:00 AM,Pasteles Carne,1.0,0.002,1.5
7527,2026-07-20,2026-07-26,9:00:00 AM,Pasteles Guayaba,3.0,0.007,4.5
7528,2026-07-20,2026-07-26,9:00:00 AM,Pasteles Queso,1.0,0.002,1.5
7529,2026-07-20,2026-07-26,9:00:00 AM,PERICO DE CLARAS.,2.0,0.039,25.98
7530,2026-07-20,2026-07-26,9:00:00 AM,PERICO RIPIADO.,9.0,0.17,113.06
7531,2026-07-20,2026-07-26,9:00:00 AM,PICADILLO,1.0,0.021,13.69
7532,2026-07-20,2026-07-26,9:00:00 AM,POLLO ALA FRANCESA,1.0,0.024,16.19
7533,2026-07-20,2026-07-26,9:00:00 AM,PUDIN DE PAN.,2.0,0.016,10.98
7534,2026-07-20,2026-07-26,9:00:00 AM,QUESO CREMA.,1.0,0.003,1.75
7535,2026-07-20,2026-07-26,9:00:00 AM,QUESO SUIZO,2.0,0.006,3.98
7536,2026-07-20,2026-07-26,9:00:00 AM,Rinconcito BREAKFAST,12.0,0.258,171.68
7537,2026-07-20,2026-07-26,9:00:00 AM,SAND JAMON QUESO,1.0,0.016,10.49
7538,2026-07-20,2026-07-26,9:00:00 AM,SOPA DE RES GRANDE,1.0,0.018,12.19
7539,2026-07-20,2026-07-26,9:00:00 AM,SOPA DE RES MEDIANA,1.0,0.012,7.99
7540,2026-07-20,2026-07-26,9:00:00 AM,SPRIET.,1.0,0.004,2.5
7541,2026-07-20,2026-07-26,9:00:00 AM,T0 GO MESA,2.0,0.001,0.7
7542,2026-07-20,2026-07-26,9:00:00 AM,TAMAL,1.0,0.004,2.99
7543,2026-07-20,2026-07-26,9:00:00 AM,To Go.,2.0,0.001,0.4
7544,2026-07-20,2026-07-26,9:00:00 AM,To Go..,13.0,0.005,3.05
7545,2026-07-20,2026-07-26,9:00:00 AM,TORTILLA.,3.0,0.051,34.17
7546,2026-07-20,2026-07-26,9:00:00 AM,TOSTADA,16.0,0.048,31.84
7547,2026-07-20,2026-07-26,9:00:00 AM,Western Omlet reg,2.0,0.033,21.98
7548,2026-07-20,2026-07-26,9:00:00 AM,Westren Omlet Clara,1.0,0.018,11.99
7549,2026-07-20,2026-07-26,10:00:00 AM,.BISTEC DE POLLO,1.0,0.021,13.69
7550,2026-07-20,2026-07-26,10:00:00 AM,== TO GO ==,14.0,0.004,2.8
7551,2026-07-20,2026-07-26,10:00:00 AM,======================,12.0,0.0,0.0
7552,2026-07-20,2026-07-26,10:00:00 AM,2 PIEZAS DE CORDERO.,1.0,0.038,25.19
7553,2026-07-20,2026-07-26,10:00:00 AM,"2,,WAFLE,,",2.0,0.015,9.98
7554,2026-07-20,2026-07-26,10:00:00 AM,305 Morados,1.0,0.009,6.25
7555,2026-07-20,2026-07-26,10:00:00 AM,AGUA PERRIER,1.0,0.005,3.49
7556,2026-07-20,2026-07-26,10:00:00 AM,AJIACO MEDIANO,1.0,0.011,7.19
7557,2026-07-20,2026-07-26,10:00:00 AM,AJIACO..GRANDE,1.0,0.016,10.69
7558,2026-07-20,2026-07-26,10:00:00 AM,ALBONDIGAS.RES.,1.0,0.021,14.19
7559,2026-07-20,2026-07-26,10:00:00 AM,ARROZ BLANCO..,1.0,0.005,3.25
7560,2026-07-20,2026-07-26,10:00:00 AM,Arroz con puerco,1.0,0.02,13.19
7561,2026-07-20,2026-07-26,10:00:00 AM,BACON,1.0,0.007,4.99
7562,2026-07-20,2026-07-26,10:00:00 AM,BATIDO .FRESA,1.0,0.007,4.99
7563,2026-07-20,2026-07-26,10:00:00 AM,BATIDO MAMEY,3.0,0.025,16.47
7564,2026-07-20,2026-07-26,10:00:00 AM,BATIDO MANGO,2.0,0.015,9.98
7565,2026-07-20,2026-07-26,10:00:00 AM,BISTEC A CABALLO,4.0,0.093,61.71
7566,2026-07-20,2026-07-26,10:00:00 AM,BISTEC DE POLLO.,2.0,0.041,27.38
7567,2026-07-20,2026-07-26,10:00:00 AM,-BISTEC DE POLLO.,3.0,0.062,41.07
7568,2026-07-20,2026-07-26,10:00:00 AM,-BISTEC PALOMILLA,2.0,0.054,35.98
7569,2026-07-20,2026-07-26,10:00:00 AM,BISTEC POLLO PLANCHA,1.0,0.021,13.69
7570,2026-07-20,2026-07-26,10:00:00 AM,-BISTECDE POLLO,1.0,0.021,13.69
7571,2026-07-20,2026-07-26,10:00:00 AM,CAESAR /POLLO,1.0,0.02,12.99
7572,2026-07-20,2026-07-26,10:00:00 AM,CAF.LEC.EVAP.CHICO,1.0,0.005,3.0
7573,2026-07-20,2026-07-26,10:00:00 AM,CAFE AMERICAN GRANDE.,1.0,0.005,3.25
7574,2026-07-20,2026-07-26,10:00:00 AM,CAFE CON LECHE GRANDE,2.0,0.014,9.0
7575,2026-07-20,2026-07-26,10:00:00 AM,CAFE CON LECHE MEDIANO,2.0,0.011,7.5
7576,2026-07-20,2026-07-26,10:00:00 AM,CAFE CON LECHE PEQUENO,17.0,0.064,42.5
7577,2026-07-20,2026-07-26,10:00:00 AM,CAFE CUBANO.,16.0,0.036,24.0
7578,2026-07-20,2026-07-26,10:00:00 AM,CALDO GALLEGO.MEDIANO.,1.0,0.012,7.99
7579,2026-07-20,2026-07-26,10:00:00 AM,CANT 5 DELIVER,3.0,0.315,210.0
7580,2026-07-20,2026-07-26,10:00:00 AM,CANT 5 RECOGER,1.0,0.09,60.0
7581,2026-07-20,2026-07-26,10:00:00 AM,chevere.,3.0,0.006,3.75
7582,2026-07-20,2026-07-26,10:00:00 AM,CHICHARO MEDIANO.,2.0,0.021,13.98
7583,2026-07-20,2026-07-26,10:00:00 AM,CHORIPAN.,1.0,0.015,10.19
7584,2026-07-20,2026-07-26,10:00:00 AM,CHULETAS DE PUERCO,1.0,0.022,14.69
7585,2026-07-20,2026-07-26,10:00:00 AM,"CHURRASCO ,,,",2.0,0.078,52.18
7586,2026-07-20,2026-07-26,10:00:00 AM,COKE.,4.0,0.015,10.0
7587,2026-07-20,2026-07-26,10:00:00 AM,COLADA.,4.0,0.017,11.0
7588,2026-07-20,2026-07-26,10:00:00 AM,con evaporada,2.0,0.005,3.0
7589,2026-07-20,2026-07-26,10:00:00 AM,CONGRI.,1.0,0.006,3.99
7590,2026-07-20,2026-07-26,10:00:00 AM,Cortadito Evaporada,2.0,0.008,5.0
7591,2026-07-20,2026-07-26,10:00:00 AM,"Cortadito,.",5.0,0.015,10.21
7592,2026-07-20,2026-07-26,10:00:00 AM,CREMA CALABAZA GRANDE,1.0,0.015,9.99
7593,2026-07-20,2026-07-26,10:00:00 AM,CREMA CALABAZA MEDIAN,1.0,0.01,6.99
7594,2026-07-20,2026-07-26,10:00:00 AM,CREMA MALANGA MEDIANA.,3.0,0.031,20.97
7595,2026-07-20,2026-07-26,10:00:00 AM,CREMA VEGETAL MEDIANA,2.0,0.021,13.98
7596,2026-07-20,2026-07-26,10:00:00 AM,CREMA. MALANGA CHIQUIT,1.0,0.007,4.5
7597,2026-07-20,2026-07-26,10:00:00 AM,CREMA. MALANGA GRANDE.,3.0,0.047,31.47
7598,2026-07-20,2026-07-26,10:00:00 AM,croqueta bacalao.,7.0,0.021,13.93
7599,2026-07-20,2026-07-26,10:00:00 AM,croqueta jamon.,42.0,0.11,73.5
7600,2026-07-20,2026-07-26,10:00:00 AM,croqueta pollo.,2.0,0.005,3.5
7601,2026-07-20,2026-07-26,10:00:00 AM,CROQUETA PREPARADA.,1.0,0.018,12.19
7602,2026-07-20,2026-07-26,10:00:00 AM,DEDITOS .PESCADO.,1.0,0.024,16.19
7603,2026-07-20,2026-07-26,10:00:00 AM,DEDITOS DE PESCADO,1.0,0.024,16.19
7604,2026-07-20,2026-07-26,10:00:00 AM,deditos Queso/Guayaba,1.0,0.003,1.99
7605,2026-07-20,2026-07-26,10:00:00 AM,DESALLUNOS..,47.0,0.868,577.93
7606,2026-07-20,2026-07-26,10:00:00 AM,desayuno baby,2.0,0.027,17.98
7607,2026-07-20,2026-07-26,10:00:00 AM,DIET COKE.,1.0,0.003,2.25
7608,2026-07-20,2026-07-26,10:00:00 AM,Empanada carne,11.0,0.049,32.89
7609,2026-07-20,2026-07-26,10:00:00 AM,Empanada Jamon/Queso,3.0,0.013,8.97
7610,2026-07-20,2026-07-26,10:00:00 AM,Empanada Pollo,2.0,0.009,5.98
7611,2026-07-20,2026-07-26,10:00:00 AM,Empnda Espinaca/Queso,2.0,0.009,5.98
7612,2026-07-20,2026-07-26,10:00:00 AM,"ENPELLAS,chicharones.",1.0,0.009,6.0
7613,2026-07-20,2026-07-26,10:00:00 AM,ENSALA AGUACAT PEQUE,3.0,0.02,13.5
7614,2026-07-20,2026-07-26,10:00:00 AM,ENSALADA AGUACAT GRAND,1.0,0.008,5.5
7615,2026-07-20,2026-07-26,10:00:00 AM,EXTRA AGUACATE.,1.0,0.003,1.75
7616,2026-07-20,2026-07-26,10:00:00 AM,EXTRA QUESO CREMA.,1.0,0.003,1.75
7617,2026-07-20,2026-07-26,10:00:00 AM,FABADA GRANDE,1.0,0.016,10.69
7618,2026-07-20,2026-07-26,10:00:00 AM,FABADA MEDIANA.,1.0,0.011,7.19
7619,2026-07-20,2026-07-26,10:00:00 AM,FILETE SALMON.,1.0,0.029,19.2
7620,2026-07-20,2026-07-26,10:00:00 AM,FILETILLO POLLO PLANCH,1.0,0.023,15.19
7621,2026-07-20,2026-07-26,10:00:00 AM,-FLAN.,2.0,0.015,9.98
7622,2026-07-20,2026-07-26,10:00:00 AM,FRITURAS DE MALANGA,1.0,0.01,6.5
7623,2026-07-20,2026-07-26,10:00:00 AM,GALLETA DELICIOSAS,1.0,0.005,3.6
7624,2026-07-20,2026-07-26,10:00:00 AM,GARBANZO GRANDE.,2.0,0.032,20.98
7625,2026-07-20,2026-07-26,10:00:00 AM,GARBANZO.MEDIANO.,1.0,0.01,6.99
7626,2026-07-20,2026-07-26,10:00:00 AM,GATORADE FRUIT PUNCH,1.0,0.006,3.99
7627,2026-07-20,2026-07-26,10:00:00 AM,HARINA GRANDE,1.0,0.015,10.19
7628,2026-07-20,2026-07-26,10:00:00 AM,HARINA MEDIANA,3.0,0.028,18.75
7629,2026-07-20,2026-07-26,10:00:00 AM,HARINA PEQUEÑA,5.0,0.03,20.15
7630,2026-07-20,2026-07-26,10:00:00 AM,HUEVO HERVIDO.,4.0,0.011,7.0
7631,2026-07-20,2026-07-26,10:00:00 AM,HUEVO REVUELTO,2.0,0.005,3.0
7632,2026-07-20,2026-07-26,10:00:00 AM,JUGO MARACULLA,1.0,0.007,4.5
7633,2026-07-20,2026-07-26,10:00:00 AM,JUGO PINA,2.0,0.014,9.0
7634,2026-07-20,2026-07-26,10:00:00 AM,JUGO ZANAHORIA NARAJA,3.0,0.022,14.97
7635,2026-07-20,2026-07-26,10:00:00 AM,JUGO.NARANJA.,10.0,0.079,52.5
7636,2026-07-20,2026-07-26,10:00:00 AM,JUPIÑA.,1.0,0.004,2.5
7637,2026-07-20,2026-07-26,10:00:00 AM,LECHE GRANDE,1.0,0.005,3.25
7638,2026-07-20,2026-07-26,10:00:00 AM,LECHE PEQUENA,1.0,0.002,1.5
7639,2026-07-20,2026-07-26,10:00:00 AM,LENTEJAS GRANDE.,1.0,0.014,9.49
7640,2026-07-20,2026-07-26,10:00:00 AM,LENTEJAS MEDIANA.,3.0,0.031,20.97
7641,2026-07-20,2026-07-26,10:00:00 AM,LIMANADA COCO.,2.0,0.018,11.98
7642,2026-07-20,2026-07-26,10:00:00 AM,LIMONADA,2.0,0.014,9.0
7643,2026-07-20,2026-07-26,10:00:00 AM,-MARIQUITAS.,1.0,0.009,5.99
7644,2026-07-20,2026-07-26,10:00:00 AM,MATERVA.,1.0,0.004,2.5
7645,2026-07-20,2026-07-26,10:00:00 AM,MEDIA NOCHE.,4.0,0.061,40.76
7646,2026-07-20,2026-07-26,10:00:00 AM,-MEDIO POLLO A BRASA.,1.0,0.02,13.19
7647,2026-07-20,2026-07-26,10:00:00 AM,MELON..SANDIA,2.0,0.014,9.0
7648,2026-07-20,2026-07-26,10:00:00 AM,MIAMI SANDWICH.,1.0,0.018,12.19
7649,2026-07-20,2026-07-26,10:00:00 AM,Mini sandwich,2.0,0.019,12.38
7650,2026-07-20,2026-07-26,10:00:00 AM,MISC COCINA,1.0,0.002,1.5
7651,2026-07-20,2026-07-26,10:00:00 AM,MIXTO PAVO ESPINACA.,1.0,0.019,12.49
7652,2026-07-20,2026-07-26,10:00:00 AM,MOROS...,2.0,0.012,7.98
7653,2026-07-20,2026-07-26,10:00:00 AM,palomilla baby,2.0,0.033,22.0
7654,2026-07-20,2026-07-26,10:00:00 AM,-PAN CON BISTEC.,1.0,0.017,11.19
7655,2026-07-20,2026-07-26,10:00:00 AM,PAN CON TORTILLA.,3.0,0.05,33.57
7656,2026-07-20,2026-07-26,10:00:00 AM,PAN DE BONO..,2.0,0.006,3.98
7657,2026-07-20,2026-07-26,10:00:00 AM,PAPA RELLENA,3.0,0.013,8.97
7658,2026-07-20,2026-07-26,10:00:00 AM,Pasteles Guayaba,3.0,0.007,4.5
7659,2026-07-20,2026-07-26,10:00:00 AM,Pasteles Queso,1.0,0.002,1.5
7660,2026-07-20,2026-07-26,10:00:00 AM,PEPSI.,1.0,0.004,2.5
7661,2026-07-20,2026-07-26,10:00:00 AM,PERICO DE CLARAS.,2.0,0.039,25.98
7662,2026-07-20,2026-07-26,10:00:00 AM,PERICO RIPIADO.,8.0,0.145,96.52
7663,2026-07-20,2026-07-26,10:00:00 AM,RABO ENCENDIDO.,2.0,0.073,48.38
7664,2026-07-20,2026-07-26,10:00:00 AM,RABO ENCENDIDO...,1.0,0.036,24.19
7665,2026-07-20,2026-07-26,10:00:00 AM,Rinconcito BREAKFAST,3.0,0.063,42.17
7666,2026-07-20,2026-07-26,10:00:00 AM,RIÑONADA.,1.0,0.032,21.19
7667,2026-07-20,2026-07-26,10:00:00 AM,Sopa de Pollo Grande,2.0,0.026,16.98
7668,2026-07-20,2026-07-26,10:00:00 AM,SOPA DE RES GRANDE,6.0,0.109,72.74
7669,2026-07-20,2026-07-26,10:00:00 AM,SOPA DE RES MEDIANA,2.0,0.024,16.18
7670,2026-07-20,2026-07-26,10:00:00 AM,SOPA PESCADO GRANDE.,2.0,0.033,21.98
7671,2026-07-20,2026-07-26,10:00:00 AM,SOPA PESCADO MEDIANA.,1.0,0.01,6.99
7672,2026-07-20,2026-07-26,10:00:00 AM,Sopa Pollo Medina,1.0,0.008,5.49
7673,2026-07-20,2026-07-26,10:00:00 AM,SPAGHETTI POLLO ALFRED,1.0,0.023,15.19
7674,2026-07-20,2026-07-26,10:00:00 AM,SPAGUETTI/W CARNE,1.0,0.024,15.99
7675,2026-07-20,2026-07-26,10:00:00 AM,T0 GO MESA,3.0,0.002,1.05
7676,2026-07-20,2026-07-26,10:00:00 AM,TAMAL,8.0,0.036,23.92
7677,2026-07-20,2026-07-26,10:00:00 AM,TAMAL.CAZUELA GRANDE.,1.0,0.017,11.19
7678,2026-07-20,2026-07-26,10:00:00 AM,To Go.,5.0,0.002,1.0
7679,2026-07-20,2026-07-26,10:00:00 AM,To Go..,17.0,0.006,4.0
7680,2026-07-20,2026-07-26,10:00:00 AM,TOREJA CUBANA,1.0,0.009,5.99
7681,2026-07-20,2026-07-26,10:00:00 AM,TORTILLA BASCA.,1.0,0.019,12.49
7682,2026-07-20,2026-07-26,10:00:00 AM,TORTILLA.,5.0,0.088,58.6
7683,2026-07-20,2026-07-26,10:00:00 AM,TOSTADA,13.0,0.039,25.87
7684,2026-07-20,2026-07-26,10:00:00 AM,TOSTADA 2 CROQUETAS.,1.0,0.008,5.19
7685,2026-07-20,2026-07-26,10:00:00 AM,TRES LECHES.,3.0,0.027,17.97
7686,2026-07-20,2026-07-26,10:00:00 AM,-VACA FRITA,3.0,0.077,51.57
7687,2026-07-20,2026-07-26,10:00:00 AM,Western Omlet reg,4.0,0.068,45.16
7688,2026-07-20,2026-07-26,11:00:00 AM,.ARROZ FRITO,2.0,0.041,27.18
7689,2026-07-20,2026-07-26,11:00:00 AM,.BISTEC DE POLLO,3.0,0.062,41.07
7690,2026-07-20,2026-07-26,11:00:00 AM,== TO GO ==,21.0,0.006,4.2
7691,2026-07-20,2026-07-26,11:00:00 AM,======================,12.0,0.0,0.0
7692,2026-07-20,2026-07-26,11:00:00 AM,1 BOLA HELADO..,2.0,0.009,5.98
7693,2026-07-20,2026-07-26,11:00:00 AM,1 PIEZA DE CORDERO,1.0,0.027,18.19
7694,2026-07-20,2026-07-26,11:00:00 AM,1.LIBRA ENSALA POLLO.,1.0,0.014,8.99
7695,2026-07-20,2026-07-26,11:00:00 AM,2 PIEZAS DE CORDERO.,1.0,0.038,25.19
7696,2026-07-20,2026-07-26,11:00:00 AM,305 Morados,3.0,0.028,18.75
7697,2026-07-20,2026-07-26,11:00:00 AM,AGUACATE $5.00,1.0,0.008,5.0
7698,2026-07-20,2026-07-26,11:00:00 AM,AGUACATE DE 3.00,1.0,0.005,3.0
7699,2026-07-20,2026-07-26,11:00:00 AM,AJIACO MEDIANO,3.0,0.032,21.57
7700,2026-07-20,2026-07-26,11:00:00 AM,AJIACO..GRANDE,6.0,0.096,63.94
7701,2026-07-20,2026-07-26,11:00:00 AM,Arros con pollo pequen,1.0,0.075,50.0
7702,2026-07-20,2026-07-26,11:00:00 AM,ARROZ CON LECHE,4.0,0.033,21.96
7703,2026-07-20,2026-07-26,11:00:00 AM,ARROZ BLANCO..,1.0,0.005,3.25
7704,2026-07-20,2026-07-26,11:00:00 AM,ARROZ CON POLLO,3.0,0.057,38.07
7705,2026-07-20,2026-07-26,11:00:00 AM,ARROZ IMPERIAL..,1.0,0.021,14.19
7706,2026-07-20,2026-07-26,11:00:00 AM,Arroz pollo.desmenuza.,1.0,0.019,12.69
7707,2026-07-20,2026-07-26,11:00:00 AM,BABY CHURASCO,3.0,0.091,60.57
7708,2026-07-20,2026-07-26,11:00:00 AM,BABY CHURRASCO,1.0,0.027,18.19
7709,2026-07-20,2026-07-26,11:00:00 AM,BACON,1.0,0.007,4.99
7710,2026-07-20,2026-07-26,11:00:00 AM,banana,1.0,0.001,0.5
7711,2026-07-20,2026-07-26,11:00:00 AM,Bananas.3 $ 1.50,1.0,0.002,1.5
7712,2026-07-20,2026-07-26,11:00:00 AM,BATIDO MAMEY,14.0,0.115,76.86
7713,2026-07-20,2026-07-26,11:00:00 AM,BATIDO MANGO,2.0,0.015,9.98
7714,2026-07-20,2026-07-26,11:00:00 AM,BATIDO TRIGO,1.0,0.007,4.99
7715,2026-07-20,2026-07-26,11:00:00 AM,BISTEC A CABALLO,5.0,0.109,72.65
7716,2026-07-20,2026-07-26,11:00:00 AM,BISTEC DE POLLO-,2.0,0.041,27.18
7717,2026-07-20,2026-07-26,11:00:00 AM,BISTEC DE POLLO.,6.0,0.122,81.34
7718,2026-07-20,2026-07-26,11:00:00 AM,-BISTEC DE POLLO.,1.0,0.02,13.49
7719,2026-07-20,2026-07-26,11:00:00 AM,BISTEC DE POLLO..,6.0,0.122,81.34
7720,2026-07-20,2026-07-26,11:00:00 AM,BISTEC DE POLLO...,1.0,0.02,13.49
7721,2026-07-20,2026-07-26,11:00:00 AM,-BISTEC DE PUERCO,1.0,0.027,17.69
7722,2026-07-20,2026-07-26,11:00:00 AM,BISTEC EN CAZUELA,1.0,0.022,14.49
7723,2026-07-20,2026-07-26,11:00:00 AM,-BISTEC PALOMILLA,4.0,0.109,72.36
7724,2026-07-20,2026-07-26,11:00:00 AM,BISTEC POLLO PLANCHA,5.0,0.103,68.45
7725,2026-07-20,2026-07-26,11:00:00 AM,-BISTECDE POLLO,1.0,0.021,13.69
7726,2026-07-20,2026-07-26,11:00:00 AM,BONIATO FRITO..,2.0,0.015,9.98
7727,2026-07-20,2026-07-26,11:00:00 AM,BOÑUELOS.,2.0,0.016,10.98
7728,2026-07-20,2026-07-26,11:00:00 AM,CAESAR /POLLO,1.0,0.02,12.99
7729,2026-07-20,2026-07-26,11:00:00 AM,CAFE AMERICAN MEDIANO,1.0,0.005,3.0
7730,2026-07-20,2026-07-26,11:00:00 AM,CAFE AMERICANO CHIQUIT,1.0,0.004,2.99
7731,2026-07-20,2026-07-26,11:00:00 AM,CAFE CON LECHE GRANDE,1.0,0.007,4.5
7732,2026-07-20,2026-07-26,11:00:00 AM,CAFE CON LECHE MEDIANO,6.0,0.034,22.5
7733,2026-07-20,2026-07-26,11:00:00 AM,CAFE CON LECHE PEQUENO,11.0,0.041,27.5
7734,2026-07-20,2026-07-26,11:00:00 AM,CAFE CUBANO.,23.0,0.052,34.5
7735,2026-07-20,2026-07-26,11:00:00 AM,CALDO GALLEGO.MEDIANO.,1.0,0.012,7.99
7736,2026-07-20,2026-07-26,11:00:00 AM,CAMARONES AL AJILLO.,1.0,0.03,19.99
7737,2026-07-20,2026-07-26,11:00:00 AM,CANT 4 DELIVER,3.0,0.252,168.0
7738,2026-07-20,2026-07-26,11:00:00 AM,CANT 5 DELIVER,4.0,0.421,280.0
7739,2026-07-20,2026-07-26,11:00:00 AM,CANT 5 RECOGER,1.0,0.09,60.0
7740,2026-07-20,2026-07-26,11:00:00 AM,CARNE CON PAPAS.,4.0,0.086,57.36
7741,2026-07-20,2026-07-26,11:00:00 AM,CHICHARO GRANDE.,1.0,0.014,9.19
7742,2026-07-20,2026-07-26,11:00:00 AM,CHICHARO MEDIANO.,1.0,0.01,6.99
7743,2026-07-20,2026-07-26,11:00:00 AM,cholcolate chico,1.0,0.004,2.89
7744,2026-07-20,2026-07-26,11:00:00 AM,CHULETAS DE PUERCO,2.0,0.044,29.38
7745,2026-07-20,2026-07-26,11:00:00 AM,CHULETAS DE PUERCO.,4.0,0.084,56.16
7746,2026-07-20,2026-07-26,11:00:00 AM,"CHURRASCO ,,,",6.0,0.234,155.94
7747,2026-07-20,2026-07-26,11:00:00 AM,CLUB SANDWICH.,3.0,0.055,36.37
7748,2026-07-20,2026-07-26,11:00:00 AM,cocacola.botella,4.0,0.021,13.96
7749,2026-07-20,2026-07-26,11:00:00 AM,COKE.,3.0,0.011,7.5
7750,2026-07-20,2026-07-26,11:00:00 AM,COLADA.,4.0,0.017,11.0
7751,2026-07-20,2026-07-26,11:00:00 AM,COLORADOS GRANDE.,2.0,0.029,19.38
7752,2026-07-20,2026-07-26,11:00:00 AM,CONGRI.,1.0,0.006,3.99
7753,2026-07-20,2026-07-26,11:00:00 AM,COPA VINO,1.0,0.014,8.99
7754,2026-07-20,2026-07-26,11:00:00 AM,Cortadito Evaporada,5.0,0.019,12.5
7755,2026-07-20,2026-07-26,11:00:00 AM,"Cortadito,.",8.0,0.025,16.96
7756,2026-07-20,2026-07-26,11:00:00 AM,CREMA BROCOLY,1.0,0.014,9.25
7757,2026-07-20,2026-07-26,11:00:00 AM,CREMA CALABAZA GRANDE,1.0,0.015,9.99
7758,2026-07-20,2026-07-26,11:00:00 AM,CREMA CALABAZA MEDIAN,1.0,0.01,6.99
7759,2026-07-20,2026-07-26,11:00:00 AM,CREMA CALABAZA..GRAND,1.0,0.015,9.99
7760,2026-07-20,2026-07-26,11:00:00 AM,CREMA CALABAZACHIQUIT,1.0,0.007,4.5
7761,2026-07-20,2026-07-26,11:00:00 AM,CREMA MALANGA MEDIANA.,5.0,0.052,34.95
7762,2026-07-20,2026-07-26,11:00:00 AM,CREMA VEGETAL MEDIANA,1.0,0.01,6.99
7763,2026-07-20,2026-07-26,11:00:00 AM,CREMA VEGETALES MEDIAN,2.0,0.021,13.98
7764,2026-07-20,2026-07-26,11:00:00 AM,CREMA. MALANGA GRANDE.,4.0,0.063,41.96
7765,2026-07-20,2026-07-26,11:00:00 AM,CREMA. VEGETALCHIQUITA,1.0,0.007,4.5
7766,2026-07-20,2026-07-26,11:00:00 AM,croqueta jamon.,42.0,0.11,73.5
7767,2026-07-20,2026-07-26,11:00:00 AM,croqueta pollo.,2.0,0.005,3.5
7768,2026-07-20,2026-07-26,11:00:00 AM,CROQUETA PREPARADA.,4.0,0.073,48.76
7769,2026-07-20,2026-07-26,11:00:00 AM,CUBANO REGULAR.,7.0,0.107,70.93
7770,2026-07-20,2026-07-26,11:00:00 AM,CUBIERTO.....,2.0,0.0,0.0
7771,2026-07-20,2026-07-26,11:00:00 AM,DEDITOS .PESCADO.,4.0,0.085,56.56
7772,2026-07-20,2026-07-26,11:00:00 AM,DEDITOS DE PESCADO,2.0,0.049,32.38
7773,2026-07-20,2026-07-26,11:00:00 AM,-DEDITOS DE POLLO,1.0,0.02,13.19
7774,2026-07-20,2026-07-26,11:00:00 AM,DESALLUNOS..,30.0,0.569,378.95
7775,2026-07-20,2026-07-26,11:00:00 AM,desayuno baby,1.0,0.014,8.99
7776,2026-07-20,2026-07-26,11:00:00 AM,DIET COKE.,3.0,0.01,6.75
7777,2026-07-20,2026-07-26,11:00:00 AM,DULCE DE LECHE,1.0,0.008,5.49
7778,2026-07-20,2026-07-26,11:00:00 AM,Empanada carne,8.0,0.036,23.92
7779,2026-07-20,2026-07-26,11:00:00 AM,Empanada Jamon/Queso,8.0,0.036,23.92
7780,2026-07-20,2026-07-26,11:00:00 AM,Empanada Pollo,5.0,0.022,14.95
7781,2026-07-20,2026-07-26,11:00:00 AM,Empnda Espinaca/Queso,2.0,0.009,5.98
7782,2026-07-20,2026-07-26,11:00:00 AM,"ENPELLAS,chicharones.",4.0,0.036,24.0
7783,2026-07-20,2026-07-26,11:00:00 AM,ENSALA AGUACAT PEQUE,9.0,0.061,40.5
7784,2026-07-20,2026-07-26,11:00:00 AM,ENSALA POLLO 2 CROQUET,3.0,0.056,37.47
7785,2026-07-20,2026-07-26,11:00:00 AM,ENSALADA AGUACAT GRAND,1.0,0.008,5.5
7786,2026-07-20,2026-07-26,11:00:00 AM,FABADA MEDIANA.,1.0,0.011,7.19
7787,2026-07-20,2026-07-26,11:00:00 AM,FILETE CURVINA PLANCHA,1.0,0.029,19.19
7788,2026-07-20,2026-07-26,11:00:00 AM,FILETE DE MAHIMAHI,1.0,0.026,17.19
7789,2026-07-20,2026-07-26,11:00:00 AM,-FILETE PESCADO PLANCH,1.0,0.026,17.19
7790,2026-07-20,2026-07-26,11:00:00 AM,FILETE SALMON.,1.0,0.027,18.0
7791,2026-07-20,2026-07-26,11:00:00 AM,FILETILL POLLO SALSA,1.0,0.023,15.19
7792,2026-07-20,2026-07-26,11:00:00 AM,FILETILLO POLLO PLANCH,1.0,0.023,14.99
7793,2026-07-20,2026-07-26,11:00:00 AM,FILETILLO RES SALSA.,1.0,0.023,15.19
7794,2026-07-20,2026-07-26,11:00:00 AM,FLAN ESPECIAL.,2.0,0.018,11.98
7795,2026-07-20,2026-07-26,11:00:00 AM,-FLAN.,2.0,0.015,9.98
7796,2026-07-20,2026-07-26,11:00:00 AM,-FRICASE DE POLLO,2.0,0.033,22.18
7797,2026-07-20,2026-07-26,11:00:00 AM,FRICASE PUERCO.,1.0,0.02,13.45
7798,2026-07-20,2026-07-26,11:00:00 AM,FRIJOL GRANDE,1.0,0.012,7.99
7799,2026-07-20,2026-07-26,11:00:00 AM,FRIJOL PEQUENO.,2.0,0.009,5.98
7800,2026-07-20,2026-07-26,11:00:00 AM,GALLETA DELICIOSAS,2.0,0.011,7.2
7801,2026-07-20,2026-07-26,11:00:00 AM,GARBANZO.FRITO.,1.0,0.021,14.19
7802,2026-07-20,2026-07-26,11:00:00 AM,GARBANZO.MEDIANO.,2.0,0.021,13.98
7803,2026-07-20,2026-07-26,11:00:00 AM,GATORADE FRUIT PUNCH,1.0,0.006,3.99
7804,2026-07-20,2026-07-26,11:00:00 AM,GUARAPO.,1.0,0.008,5.25
7805,2026-07-20,2026-07-26,11:00:00 AM,GUISO MAIZ GRANDE.,1.0,0.016,10.49
7806,2026-07-20,2026-07-26,11:00:00 AM,HARINA PEQUEÑA,1.0,0.006,3.99
7807,2026-07-20,2026-07-26,11:00:00 AM,HIGADO ITALIANA,1.0,0.023,14.99
7808,2026-07-20,2026-07-26,11:00:00 AM,HORDEN DE LIMON,1.0,0.002,1.25
7809,2026-07-20,2026-07-26,11:00:00 AM,HUEVO FRITO,9.0,0.02,13.5
7810,2026-07-20,2026-07-26,11:00:00 AM,HUEVO REVUELTO,2.0,0.005,3.0
7811,2026-07-20,2026-07-26,11:00:00 AM,IMPERIAL .,1.0,0.018,12.19
7812,2026-07-20,2026-07-26,11:00:00 AM,JUGO MARACULLA,1.0,0.007,4.5
7813,2026-07-20,2026-07-26,11:00:00 AM,JUGO.NARANJA.,7.0,0.055,36.75
7814,2026-07-20,2026-07-26,11:00:00 AM,Juntas,1.0,0.0,0.0
7815,2026-07-20,2026-07-26,11:00:00 AM,JUPIÑA.,1.0,0.004,2.5
7816,2026-07-20,2026-07-26,11:00:00 AM,LENTEJAS GRANDE.,1.0,0.014,9.49
7817,2026-07-20,2026-07-26,11:00:00 AM,LENTEJAS MEDIANA.,3.0,0.031,20.97
7818,2026-07-20,2026-07-26,11:00:00 AM,LIMONADA,2.0,0.014,9.0
7819,2026-07-20,2026-07-26,11:00:00 AM,MADIO.POLLO A la brasa,1.0,0.023,15.19
7820,2026-07-20,2026-07-26,11:00:00 AM,-MADUROS.,5.0,0.034,22.45
7821,2026-07-20,2026-07-26,11:00:00 AM,-MARIQUITAS.,2.0,0.018,11.98
7822,2026-07-20,2026-07-26,11:00:00 AM,Mariquitas.togo.,1.0,0.007,4.5
7823,2026-07-20,2026-07-26,11:00:00 AM,MARLBORO ROJO,2.0,0.036,24.0
7824,2026-07-20,2026-07-26,11:00:00 AM,-MASAS DE PUERCO,6.0,0.128,85.14
7825,2026-07-20,2026-07-26,11:00:00 AM,MASAS DE PUERCO.,1.0,0.021,13.69
7826,2026-07-20,2026-07-26,11:00:00 AM,-MASAS DE PUERCO.,1.0,0.021,13.99
7827,2026-07-20,2026-07-26,11:00:00 AM,MEDIA NOCHE.,6.0,0.091,60.74
7828,2026-07-20,2026-07-26,11:00:00 AM,-MEDIO POLLO A BRASA.,1.0,0.02,13.19
7829,2026-07-20,2026-07-26,11:00:00 AM,MEDIO POLLO.ASADO.,4.0,0.082,54.56
7830,2026-07-20,2026-07-26,11:00:00 AM,MELON..SANDIA,2.0,0.014,9.0
7831,2026-07-20,2026-07-26,11:00:00 AM,MIAMI SANDWICH.,3.0,0.055,36.37
7832,2026-07-20,2026-07-26,11:00:00 AM,-MILANESA DE POLLO,1.0,0.024,15.99
7833,2026-07-20,2026-07-26,11:00:00 AM,Mini sandwich,1.0,0.009,5.99
7834,2026-07-20,2026-07-26,11:00:00 AM,MISC COCINA,1.0,0.001,0.5
7835,2026-07-20,2026-07-26,11:00:00 AM,MOFONGO PUERCO.,2.0,0.051,33.98
7836,2026-07-20,2026-07-26,11:00:00 AM,NATILLA,1.0,0.007,4.99
7837,2026-07-20,2026-07-26,11:00:00 AM,palomilla baby,1.0,0.017,11.0
7838,2026-07-20,2026-07-26,11:00:00 AM,-PAN CON BISTEC.,13.0,0.22,146.77
7839,2026-07-20,2026-07-26,11:00:00 AM,PAN CON LECHON.,7.0,0.102,67.83
7840,2026-07-20,2026-07-26,11:00:00 AM,PAN DE BONO..,1.0,0.003,1.99
7841,2026-07-20,2026-07-26,11:00:00 AM,PAN JAMAICA,1.0,0.002,1.6
7842,2026-07-20,2026-07-26,11:00:00 AM,PAPA RELLENA,4.0,0.018,11.96
7843,2026-07-20,2026-07-26,11:00:00 AM,PAPAS FRITAS,2.0,0.013,8.98
7844,2026-07-20,2026-07-26,11:00:00 AM,Pasteles Guayaba,4.0,0.009,6.0
7845,2026-07-20,2026-07-26,11:00:00 AM,Pasteles Queso/Guayaba,5.0,0.011,7.5
7846,2026-07-20,2026-07-26,11:00:00 AM,PERICO RIPIADO.,2.0,0.036,23.98
7847,2026-07-20,2026-07-26,11:00:00 AM,PICADILLO,1.0,0.021,13.69
7848,2026-07-20,2026-07-26,11:00:00 AM,-PICADILLO,2.0,0.044,29.38
7849,2026-07-20,2026-07-26,11:00:00 AM,PINA COLADA,1.0,0.01,6.99
7850,2026-07-20,2026-07-26,11:00:00 AM,POTAJE COLORADOS MEDIA,2.0,0.022,14.38
7851,2026-07-20,2026-07-26,11:00:00 AM,PUDIN DE PAN.,1.0,0.008,5.49
7852,2026-07-20,2026-07-26,11:00:00 AM,PUDIN DIPLOMATICO.,3.0,0.025,16.47
7853,2026-07-20,2026-07-26,11:00:00 AM,RABO ENCENDIDO.,4.0,0.146,97.36
7854,2026-07-20,2026-07-26,11:00:00 AM,-RACION DE MALANGA.,1.0,0.009,5.99
7855,2026-07-20,2026-07-26,11:00:00 AM,Rinconcito BREAKFAST,4.0,0.085,56.56
7856,2026-07-20,2026-07-26,11:00:00 AM,ROPA VIEJA..,1.0,0.023,15.19
7857,2026-07-20,2026-07-26,11:00:00 AM,RUEDA DE SERRUCHO.,1.0,0.023,15.19
7858,2026-07-20,2026-07-26,11:00:00 AM,RUEDA SERRUCO FRITA.,4.0,0.097,64.56
7859,2026-07-20,2026-07-26,11:00:00 AM,SANDWECHES POLLO..,4.0,0.07,46.76
7860,2026-07-20,2026-07-26,11:00:00 AM,SANDWICH ENSAL POLLO,1.0,0.015,10.19
7861,2026-07-20,2026-07-26,11:00:00 AM,SOLO.TOMATE,1.0,0.004,2.5
7862,2026-07-20,2026-07-26,11:00:00 AM,Sopa de Pollo Grande,5.0,0.064,42.45
7863,2026-07-20,2026-07-26,11:00:00 AM,SOPA DE RES GRANDE,5.0,0.091,60.75
7864,2026-07-20,2026-07-26,11:00:00 AM,SOPA DE RES MEDIANA,4.0,0.048,32.16
7865,2026-07-20,2026-07-26,11:00:00 AM,SOPA PESCADO GRANDE.,5.0,0.083,54.95
7866,2026-07-20,2026-07-26,11:00:00 AM,SOPA PLATANO GRANDE.,2.0,0.032,20.98
7867,2026-07-20,2026-07-26,11:00:00 AM,Sopa Pollo Medina,6.0,0.049,32.94
7868,2026-07-20,2026-07-26,11:00:00 AM,SOPA. POLLO CHIQUITA,1.0,0.005,3.5
7869,2026-07-20,2026-07-26,11:00:00 AM,sopon marinero,2.0,0.078,51.98
7870,2026-07-20,2026-07-26,11:00:00 AM,SPAGHETTI ALFRED JAMON,1.0,0.02,13.19
7871,2026-07-20,2026-07-26,11:00:00 AM,T0 GO MESA,16.0,0.008,5.6
7872,2026-07-20,2026-07-26,11:00:00 AM,TAMAL,1.0,0.004,2.99
7873,2026-07-20,2026-07-26,11:00:00 AM,TAMAL CAZUELA.MEDIANO.,3.0,0.032,21.57
7874,2026-07-20,2026-07-26,11:00:00 AM,TE FRIO.,1.0,0.004,2.99
7875,2026-07-20,2026-07-26,11:00:00 AM,To Go.,7.0,0.002,1.4
7876,2026-07-20,2026-07-26,11:00:00 AM,To Go..,42.0,0.013,8.55
7877,2026-07-20,2026-07-26,11:00:00 AM,TORTILLA BASCA.,1.0,0.019,12.49
7878,2026-07-20,2026-07-26,11:00:00 AM,TORTILLA.,4.0,0.066,43.96
7879,2026-07-20,2026-07-26,11:00:00 AM,TOSTADA,14.0,0.042,27.86
7880,2026-07-20,2026-07-26,11:00:00 AM,TOSTADA 2 CROQUETAS.,1.0,0.007,4.99
7881,2026-07-20,2026-07-26,11:00:00 AM,TOSTONES.,3.0,0.022,14.97
7882,2026-07-20,2026-07-26,11:00:00 AM,TRES LECHES.,2.0,0.018,11.98
7883,2026-07-20,2026-07-26,11:00:00 AM,-VACA FRITA,3.0,0.077,51.57
7884,2026-07-20,2026-07-26,11:00:00 AM,-VACA FRITA.,1.0,0.024,16.19
7885,2026-07-20,2026-07-26,11:00:00 AM,Western Omlet reg,2.0,0.033,21.98
7886,2026-07-20,2026-07-26,11:00:00 AM,Western Omlet reg - LATE,1.0,0.018,12.19
7887,2026-07-20,2026-07-26,12:00:00 PM,.ARROZ FRITO,4.0,0.085,56.76
7888,2026-07-20,2026-07-26,12:00:00 PM,.BISTEC DE POLLO,5.0,0.104,69.05
7889,2026-07-20,2026-07-26,12:00:00 PM,_=====================,2.0,0.0,0.0
7890,2026-07-20,2026-07-26,12:00:00 PM,== TO GO ==,25.0,0.008,5.0
7891,2026-07-20,2026-07-26,12:00:00 PM,======================,19.0,0.0,0.0
7892,2026-07-20,2026-07-26,12:00:00 PM,1 BOLA HELADO..,2.0,0.009,5.98
7893,2026-07-20,2026-07-26,12:00:00 PM,1 PIEZA DE CORDERO,3.0,0.082,54.37
7894,2026-07-20,2026-07-26,12:00:00 PM,"1,,WAFLE,,",1.0,0.004,2.5
7895,2026-07-20,2026-07-26,12:00:00 PM,2 PIEZAS DE CORDERO.,3.0,0.113,74.97
7896,2026-07-20,2026-07-26,12:00:00 PM,AGUA NATURAL,1.0,0.003,1.99
7897,2026-07-20,2026-07-26,12:00:00 PM,AGUA PERRIER,1.0,0.005,3.49
7898,2026-07-20,2026-07-26,12:00:00 PM,AGUACATE $5.00,2.0,0.015,10.0
7899,2026-07-20,2026-07-26,12:00:00 PM,AGUACATE DE 3.00,1.0,0.005,3.0
7900,2026-07-20,2026-07-26,12:00:00 PM,AGUACATE$4.00,1.0,0.006,4.0
7901,2026-07-20,2026-07-26,12:00:00 PM,AJIACO MEDIANO,6.0,0.064,42.54
7902,2026-07-20,2026-07-26,12:00:00 PM,AJIACO..GRANDE,6.0,0.096,64.14
7903,2026-07-20,2026-07-26,12:00:00 PM,ALBONDIGAS.RES.,2.0,0.042,28.18
7904,2026-07-20,2026-07-26,12:00:00 PM,ARROZ CON LECHE,1.0,0.008,5.49
7905,2026-07-20,2026-07-26,12:00:00 PM,ARROZ BLANCO..,1.0,0.005,3.25
7906,2026-07-20,2026-07-26,12:00:00 PM,ARROZ CHIQUITO,2.0,0.008,5.5
7907,2026-07-20,2026-07-26,12:00:00 PM,ARROZ CON POLLO,2.0,0.038,25.38
7908,2026-07-20,2026-07-26,12:00:00 PM,Arroz con puerco,2.0,0.039,25.98
7909,2026-07-20,2026-07-26,12:00:00 PM,ARROZ FRITO,1.0,0.022,14.69
7910,2026-07-20,2026-07-26,12:00:00 PM,-ARROZ FRITO,2.0,0.047,31.38
7911,2026-07-20,2026-07-26,12:00:00 PM,BABY CHURASCO,1.0,0.032,20.99
7912,2026-07-20,2026-07-26,12:00:00 PM,BABY CHURRASCO,10.0,0.274,182.1
7913,2026-07-20,2026-07-26,12:00:00 PM,Bananas.3 $ 1.50,1.0,0.002,1.5
7914,2026-07-20,2026-07-26,12:00:00 PM,BATIDO CHOCOLATE.,2.0,0.015,9.98
7915,2026-07-20,2026-07-26,12:00:00 PM,BATIDO MAMEY,9.0,0.074,49.41
7916,2026-07-20,2026-07-26,12:00:00 PM,BATIDO MANGO,2.0,0.015,9.98
7917,2026-07-20,2026-07-26,12:00:00 PM,BATIDO TRIGO,1.0,0.007,4.99
7918,2026-07-20,2026-07-26,12:00:00 PM,Best Mango,1.0,0.004,2.99
7919,2026-07-20,2026-07-26,12:00:00 PM,BISTEC A CABALLO,2.0,0.044,28.98
7920,2026-07-20,2026-07-26,12:00:00 PM,-BISTEC DE HIGADO,1.0,0.02,13.49
7921,2026-07-20,2026-07-26,12:00:00 PM,BISTEC DE POLLO-,2.0,0.041,26.98
7922,2026-07-20,2026-07-26,12:00:00 PM,BISTEC DE POLLO.,5.0,0.103,68.85
7923,2026-07-20,2026-07-26,12:00:00 PM,-BISTEC DE POLLO.,8.0,0.166,110.52
7924,2026-07-20,2026-07-26,12:00:00 PM,BISTEC DE POLLO..,5.0,0.103,68.65
7925,2026-07-20,2026-07-26,12:00:00 PM,BISTEC DE POLLO...,9.0,0.184,122.41
7926,2026-07-20,2026-07-26,12:00:00 PM,-BISTEC DE PUERCO,6.0,0.142,94.34
7927,2026-07-20,2026-07-26,12:00:00 PM,BISTEC EN CAZUELA,2.0,0.045,30.18
7928,2026-07-20,2026-07-26,12:00:00 PM,-BISTEC PALOMILLA,7.0,0.191,127.13
7929,2026-07-20,2026-07-26,12:00:00 PM,BISTEC POLLO PLANCHA,6.0,0.123,82.14
7930,2026-07-20,2026-07-26,12:00:00 PM,-BISTECDE POLLO,5.0,0.105,70.05
7931,2026-07-20,2026-07-26,12:00:00 PM,BOCADITO PREPARADO.,1.0,0.014,9.19
7932,2026-07-20,2026-07-26,12:00:00 PM,BOLICHE ..,2.0,0.045,30.18
7933,2026-07-20,2026-07-26,12:00:00 PM,BOLITA DE TUNA.,2.0,0.01,6.5
7934,2026-07-20,2026-07-26,12:00:00 PM,BONIATO FRITO..,1.0,0.007,4.99
7935,2026-07-20,2026-07-26,12:00:00 PM,BOÑUELOS.,3.0,0.025,16.47
7936,2026-07-20,2026-07-26,12:00:00 PM,CAFE CON LECHE GRANDE,7.0,0.047,31.5
7937,2026-07-20,2026-07-26,12:00:00 PM,CAFE CON LECHE PEQUENO,7.0,0.026,17.5
7938,2026-07-20,2026-07-26,12:00:00 PM,CAFE CUBANO.,33.0,0.074,49.5
7939,2026-07-20,2026-07-26,12:00:00 PM,CALDO GALLEGO.CHIQUITO,1.0,0.007,4.49
7940,2026-07-20,2026-07-26,12:00:00 PM,CAMARONES AL AJILLO.,1.0,0.03,20.19
7941,2026-07-20,2026-07-26,12:00:00 PM,CANT 5 DELIVER,5.0,0.526,350.0
7942,2026-07-20,2026-07-26,12:00:00 PM,CANT 5 RECOGER,2.0,0.18,120.0
7943,2026-07-20,2026-07-26,12:00:00 PM,CARNE CON PAPAS.,5.0,0.105,70.15
7944,2026-07-20,2026-07-26,12:00:00 PM,CHICHAR POLLO C HUESO.,1.0,0.021,13.69
7945,2026-07-20,2026-07-26,12:00:00 PM,CHICHARO GRANDE.,1.0,0.014,9.19
7946,2026-07-20,2026-07-26,12:00:00 PM,CHICHARO MEDIANO.,1.0,0.01,6.99
7947,2026-07-20,2026-07-26,12:00:00 PM,CHILINDRON D CHIVO,1.0,0.035,22.99
7948,2026-07-20,2026-07-26,12:00:00 PM,chimichurri,7.0,0.013,8.75
7949,2026-07-20,2026-07-26,12:00:00 PM,CHULETAS DE PUERCO,1.0,0.022,14.49
7950,2026-07-20,2026-07-26,12:00:00 PM,CHULETAS DE PUERCO.,5.0,0.104,69.05
7951,2026-07-20,2026-07-26,12:00:00 PM,"CHURRASCO ,,,",5.0,0.195,130.15
7952,2026-07-20,2026-07-26,12:00:00 PM,CLUB SANDWICH.,3.0,0.055,36.57
7953,2026-07-20,2026-07-26,12:00:00 PM,COKE.,18.0,0.068,45.0
7954,2026-07-20,2026-07-26,12:00:00 PM,COLADA.,10.0,0.041,27.5
7955,2026-07-20,2026-07-26,12:00:00 PM,COLORADOS GRANDE.,3.0,0.044,29.07
7956,2026-07-20,2026-07-26,12:00:00 PM,CONGRI.,2.0,0.012,7.98
7957,2026-07-20,2026-07-26,12:00:00 PM,-CORONA.,5.0,0.041,27.45
7958,2026-07-20,2026-07-26,12:00:00 PM,Cortadito Evaporada,5.0,0.019,12.5
7959,2026-07-20,2026-07-26,12:00:00 PM,"Cortadito,.",6.0,0.019,12.98
7960,2026-07-20,2026-07-26,12:00:00 PM,CREMA BROCOLY,2.0,0.028,18.5
7961,2026-07-20,2026-07-26,12:00:00 PM,CREMA CALABAZA GRANDE,2.0,0.03,19.98
7962,2026-07-20,2026-07-26,12:00:00 PM,CREMA CALABAZA MEDIAN,3.0,0.031,20.97
7963,2026-07-20,2026-07-26,12:00:00 PM,CREMA MALANGA MEDIANA.,11.0,0.115,76.89
7964,2026-07-20,2026-07-26,12:00:00 PM,CREMA VEGETAL MEDIANA,2.0,0.021,13.98
7965,2026-07-20,2026-07-26,12:00:00 PM,CREMA VEGETALES MEDIAN,1.0,0.01,6.99
7966,2026-07-20,2026-07-26,12:00:00 PM,CREMA. MALANGA CHIQUIT,1.0,0.007,4.5
7967,2026-07-20,2026-07-26,12:00:00 PM,CREMA. MALANGA GRANDE.,1.0,0.016,10.49
7968,2026-07-20,2026-07-26,12:00:00 PM,croqueta bacalao.,1.0,0.003,1.99
7969,2026-07-20,2026-07-26,12:00:00 PM,croqueta jamon.,35.0,0.092,61.25
7970,2026-07-20,2026-07-26,12:00:00 PM,croqueta pollo.,2.0,0.005,3.5
7971,2026-07-20,2026-07-26,12:00:00 PM,CUBANO ESPECIAL..,3.0,0.055,36.57
7972,2026-07-20,2026-07-26,12:00:00 PM,CUBANO REGULAR.,6.0,0.092,60.94
7973,2026-07-20,2026-07-26,12:00:00 PM,CUBIERTO.....,1.0,0.0,0.0
7974,2026-07-20,2026-07-26,12:00:00 PM,DEDITOS .PESCADO.,2.0,0.043,28.38
7975,2026-07-20,2026-07-26,12:00:00 PM,DEDITOS DE PESCADO,2.0,0.048,32.18
7976,2026-07-20,2026-07-26,12:00:00 PM,-DEDITOS DE POLLO,2.0,0.04,26.38
7977,2026-07-20,2026-07-26,12:00:00 PM,DESALLUNOS..,12.0,0.228,151.93
7978,2026-07-20,2026-07-26,12:00:00 PM,DIET COKE.,2.0,0.007,4.5
7979,2026-07-20,2026-07-26,12:00:00 PM,DOS HUEVO AROS PAPITAS,2.0,0.027,17.98
7980,2026-07-20,2026-07-26,12:00:00 PM,DOS HUEVO AROS. MADUR,1.0,0.014,8.99
7981,2026-07-20,2026-07-26,12:00:00 PM,Empanada carne,8.0,0.036,23.92
7982,2026-07-20,2026-07-26,12:00:00 PM,Empanada Jamon/Queso,5.0,0.022,14.95
7983,2026-07-20,2026-07-26,12:00:00 PM,Empanada Pollo,1.0,0.004,2.99
7984,2026-07-20,2026-07-26,12:00:00 PM,Empnda Espinaca/Queso,1.0,0.004,2.99
7985,2026-07-20,2026-07-26,12:00:00 PM,ENPANISADO. RES,6.0,0.145,96.34
7986,2026-07-20,2026-07-26,12:00:00 PM,"ENPELLAS,chicharones.",8.0,0.072,48.0
7987,2026-07-20,2026-07-26,12:00:00 PM,ENSALA AGUACAT PEQUE,15.0,0.101,67.5
7988,2026-07-20,2026-07-26,12:00:00 PM,ENSALA POLLO 2 CROQUET,3.0,0.056,37.47
7989,2026-07-20,2026-07-26,12:00:00 PM,Ensalada Small,3.0,0.012,8.25
7990,2026-07-20,2026-07-26,12:00:00 PM,Espaguetti jamon,1.0,0.02,13.19
7991,2026-07-20,2026-07-26,12:00:00 PM,EXTRA AGUACATE.,2.0,0.005,3.5
7992,2026-07-20,2026-07-26,12:00:00 PM,extra.coco,1.0,0.003,1.99
7993,2026-07-20,2026-07-26,12:00:00 PM,FABADA MEDIANA.,2.0,0.022,14.38
7994,2026-07-20,2026-07-26,12:00:00 PM,FILETE PESCADO EMPANI,4.0,0.105,70.16
7995,2026-07-20,2026-07-26,12:00:00 PM,-FILETE PESCADO PLANCH,3.0,0.077,51.37
7996,2026-07-20,2026-07-26,12:00:00 PM,FILETILLO DE CARNE.,2.0,0.044,29.38
7997,2026-07-20,2026-07-26,12:00:00 PM,FILETILLO POLLO PLANCH,5.0,0.116,77.05
7998,2026-07-20,2026-07-26,12:00:00 PM,FILETILLO RES PLANCHA.,1.0,0.023,14.99
7999,2026-07-20,2026-07-26,12:00:00 PM,FLAN ESPECIAL.,2.0,0.018,11.98
8000,2026-07-20,2026-07-26,12:00:00 PM,-FLAN.,6.0,0.045,29.94
8001,2026-07-20,2026-07-26,12:00:00 PM,-FRICASE DE POLLO,6.0,0.1,66.74
8002,2026-07-20,2026-07-26,12:00:00 PM,FRIJOL GRANDE,1.0,0.012,7.99
8003,2026-07-20,2026-07-26,12:00:00 PM,FRIJOL MEDIANO.,3.0,0.022,14.97
8004,2026-07-20,2026-07-26,12:00:00 PM,FRIJOL PEQUENO.,2.0,0.009,5.98
8005,2026-07-20,2026-07-26,12:00:00 PM,FRIJOL.COLORADO CHIQUI,1.0,0.006,3.99
8006,2026-07-20,2026-07-26,12:00:00 PM,FRITA CUBANA,2.0,0.03,20.18
8007,2026-07-20,2026-07-26,12:00:00 PM,FRITURAS DE MALANGA,3.0,0.029,19.5
8008,2026-07-20,2026-07-26,12:00:00 PM,GARBANZO GRANDE.,3.0,0.047,31.47
8009,2026-07-20,2026-07-26,12:00:00 PM,GARBANZO.FRITO.,2.0,0.044,29.18
8010,2026-07-20,2026-07-26,12:00:00 PM,GARBANZO.MEDIANO.,1.0,0.01,6.99
8011,2026-07-20,2026-07-26,12:00:00 PM,GUARAPO.,2.0,0.016,10.5
8012,2026-07-20,2026-07-26,12:00:00 PM,GUISO MAIZ CHIQUITO.,1.0,0.006,3.99
8013,2026-07-20,2026-07-26,12:00:00 PM,GUISO MAIZ GRANDE.,1.0,0.016,10.49
8014,2026-07-20,2026-07-26,12:00:00 PM,GUISO.MAIZ MEDIANO.,5.0,0.052,34.95
8015,2026-07-20,2026-07-26,12:00:00 PM,HAMBURQUESA.CON QUESO,1.0,0.017,10.99
8016,2026-07-20,2026-07-26,12:00:00 PM,HARINA MEDIANA,1.0,0.009,6.25
8017,2026-07-20,2026-07-26,12:00:00 PM,Heineken,2.0,0.016,10.98
8018,2026-07-20,2026-07-26,12:00:00 PM,HELADO CONO..,6.0,0.032,21.0
8019,2026-07-20,2026-07-26,12:00:00 PM,HIGADO ITALIANA,1.0,0.023,14.99
8020,2026-07-20,2026-07-26,12:00:00 PM,HORDEN DE 3 CHICHARONE,1.0,0.005,3.25
8021,2026-07-20,2026-07-26,12:00:00 PM,HUEVO FRITO,3.0,0.007,4.5
8022,2026-07-20,2026-07-26,12:00:00 PM,HUEVO REVUELTO,1.0,0.002,1.25
8023,2026-07-20,2026-07-26,12:00:00 PM,IRON BEER.,1.0,0.004,2.5
8024,2026-07-20,2026-07-26,12:00:00 PM,JAMO.PIERN.CHOR.QUESO,1.0,0.018,12.19
8025,2026-07-20,2026-07-26,12:00:00 PM,JARRITO NARANJA.,1.0,0.005,3.49
8026,2026-07-20,2026-07-26,12:00:00 PM,JUGO MARACULLA,2.0,0.014,9.0
8027,2026-07-20,2026-07-26,12:00:00 PM,JUGO PINA,1.0,0.007,4.5
8028,2026-07-20,2026-07-26,12:00:00 PM,JUGO.NARANJA.,5.0,0.039,26.25
8029,2026-07-20,2026-07-26,12:00:00 PM,Juntas,1.0,0.0,0.0
8030,2026-07-20,2026-07-26,12:00:00 PM,JUPIÑA.,3.0,0.011,7.5
8031,2026-07-20,2026-07-26,12:00:00 PM,-LECHE MALTEADA,3.0,0.022,14.97
8032,2026-07-20,2026-07-26,12:00:00 PM,-LECHON ASADO,1.0,0.021,14.19
8033,2026-07-20,2026-07-26,12:00:00 PM,LENTEJAS GRANDE.,1.0,0.014,9.49
8034,2026-07-20,2026-07-26,12:00:00 PM,LENTEJAS MEDIANA.,1.0,0.01,6.99
8035,2026-07-20,2026-07-26,12:00:00 PM,LIMONADA,12.0,0.081,54.0
8036,2026-07-20,2026-07-26,12:00:00 PM,LIMONADA FRESA,3.0,0.027,17.97
8037,2026-07-20,2026-07-26,12:00:00 PM,MADIO.POLLO A la brasa,2.0,0.042,28.18
8038,2026-07-20,2026-07-26,12:00:00 PM,-MADUROS.,5.0,0.034,22.45
8039,2026-07-20,2026-07-26,12:00:00 PM,MALBORO REG,2.0,0.036,24.0
8040,2026-07-20,2026-07-26,12:00:00 PM,MARIQUITAS DE MALANGA,1.0,0.009,5.99
8041,2026-07-20,2026-07-26,12:00:00 PM,-MARIQUITAS.,1.0,0.009,5.99
8042,2026-07-20,2026-07-26,12:00:00 PM,MARIQUITAS..MIXTA,1.0,0.008,5.49
8043,2026-07-20,2026-07-26,12:00:00 PM,-MASAS DE PUERCO,6.0,0.13,86.74
8044,2026-07-20,2026-07-26,12:00:00 PM,MASAS DE PUERCO.,1.0,0.02,13.49
8045,2026-07-20,2026-07-26,12:00:00 PM,-MASAS DE PUERCO.,1.0,0.021,14.19
8046,2026-07-20,2026-07-26,12:00:00 PM,MATERVA.,2.0,0.008,5.0
8047,2026-07-20,2026-07-26,12:00:00 PM,MED CREMA DE CALABAZA,1.0,0.011,7.19
8048,2026-07-20,2026-07-26,12:00:00 PM,MEDIA NOCHE.,2.0,0.031,20.38
8049,2026-07-20,2026-07-26,12:00:00 PM,-MEDIO POLLO A BRASA.,3.0,0.059,39.57
8050,2026-07-20,2026-07-26,12:00:00 PM,MEDIO POLLO.ASADO.,2.0,0.041,27.18
8051,2026-07-20,2026-07-26,12:00:00 PM,MELON..SANDIA,1.0,0.007,4.5
8052,2026-07-20,2026-07-26,12:00:00 PM,MIAMI SANDWICH.,1.0,0.018,12.19
8053,2026-07-20,2026-07-26,12:00:00 PM,-MILANESA DE POLLO,3.0,0.073,48.37
8054,2026-07-20,2026-07-26,12:00:00 PM,MILANESA RES.,1.0,0.03,20.19
8055,2026-07-20,2026-07-26,12:00:00 PM,Miller Light,1.0,0.007,4.99
8056,2026-07-20,2026-07-26,12:00:00 PM,Mini sandwich,1.0,0.009,5.99
8057,2026-07-20,2026-07-26,12:00:00 PM,MISC COCINA,2.0,0.006,3.75
8058,2026-07-20,2026-07-26,12:00:00 PM,MOFONGO PUERCO.,3.0,0.077,50.97
8059,2026-07-20,2026-07-26,12:00:00 PM,NATILLA CATALANA,1.0,0.009,6.25
8060,2026-07-20,2026-07-26,12:00:00 PM,-PAN CON BISTEC.,15.0,0.254,168.85
8061,2026-07-20,2026-07-26,12:00:00 PM,PAN CON LECHON.,3.0,0.044,29.07
8062,2026-07-20,2026-07-26,12:00:00 PM,PAN CON TORTILLA.,1.0,0.017,10.99
8063,2026-07-20,2026-07-26,12:00:00 PM,PAN DE BONO..,1.0,0.003,1.99
8064,2026-07-20,2026-07-26,12:00:00 PM,PAN JAMAICA,2.0,0.005,3.2
8065,2026-07-20,2026-07-26,12:00:00 PM,PAPA RELLENA,2.0,0.009,5.98
8066,2026-07-20,2026-07-26,12:00:00 PM,PAPAS FRITAS,2.0,0.013,8.98
8067,2026-07-20,2026-07-26,12:00:00 PM,-PARGO FRITO,2.0,0.074,49.18
8068,2026-07-20,2026-07-26,12:00:00 PM,Pasteles Guayaba,5.0,0.011,7.5
8069,2026-07-20,2026-07-26,12:00:00 PM,PEPSI.,2.0,0.008,5.0
8070,2026-07-20,2026-07-26,12:00:00 PM,PERICO RIPIADO.,4.0,0.075,50.06
8071,2026-07-20,2026-07-26,12:00:00 PM,PICADILLO,1.0,0.021,13.69
8072,2026-07-20,2026-07-26,12:00:00 PM,-PICADILLO,1.0,0.022,14.69
8073,2026-07-20,2026-07-26,12:00:00 PM,pizza personal,1.0,0.017,10.99
8074,2026-07-20,2026-07-26,12:00:00 PM,POLLO EMPANIZADO,3.0,0.066,44.07
8075,2026-07-20,2026-07-26,12:00:00 PM,POTAJE COLORADOS MEDIA,1.0,0.011,7.19
8076,2026-07-20,2026-07-26,12:00:00 PM,PUDIN DIPLOMATICO.,5.0,0.041,27.45
8077,2026-07-20,2026-07-26,12:00:00 PM,PURE PAPAS.,1.0,0.007,4.49
8078,2026-07-20,2026-07-26,12:00:00 PM,RABO ENCENDIDO.,1.0,0.036,23.99
8079,2026-07-20,2026-07-26,12:00:00 PM,RABO ENCENDIDO...,2.0,0.073,48.38
8080,2026-07-20,2026-07-26,12:00:00 PM,Rinconcito BREAKFAST,1.0,0.021,13.99
8081,2026-07-20,2026-07-26,12:00:00 PM,RIÑONADA.CON.3. CAMAR,1.0,0.045,29.99
8082,2026-07-20,2026-07-26,12:00:00 PM,ROPA VIEJA..,2.0,0.045,30.18
8083,2026-07-20,2026-07-26,12:00:00 PM,ROPA VIEJA...,2.0,0.053,34.98
8084,2026-07-20,2026-07-26,12:00:00 PM,RUEDA SERRUCO FRITA.,1.0,0.027,17.99
8085,2026-07-20,2026-07-26,12:00:00 PM,SACHICHAS,1.0,0.004,2.99
8086,2026-07-20,2026-07-26,12:00:00 PM,SAND JAMON QUESO,1.0,0.014,9.19
8087,2026-07-20,2026-07-26,12:00:00 PM,SANDWECHES POLLO..,4.0,0.07,46.76
8088,2026-07-20,2026-07-26,12:00:00 PM,-SDWC TUNA REGULAR.,4.0,0.067,44.81
8089,2026-07-20,2026-07-26,12:00:00 PM,SM SOPA PESCADO,1.0,0.006,4.25
8090,2026-07-20,2026-07-26,12:00:00 PM,Sopa de Pollo Grande,3.0,0.038,25.47
8091,2026-07-20,2026-07-26,12:00:00 PM,SOPA DE RES GRANDE,6.0,0.11,72.94
8092,2026-07-20,2026-07-26,12:00:00 PM,SOPA DE RES MEDIANA,3.0,0.037,24.37
8093,2026-07-20,2026-07-26,12:00:00 PM,SOPA PESCADO GRANDE.,4.0,0.066,43.96
8094,2026-07-20,2026-07-26,12:00:00 PM,SOPA PESCADO MEDIANA.,1.0,0.01,6.99
8095,2026-07-20,2026-07-26,12:00:00 PM,SOPA PLATANO CHIQUITA.,1.0,0.006,3.99
8096,2026-07-20,2026-07-26,12:00:00 PM,SOPA PLATANO GRANDE.,1.0,0.016,10.49
8097,2026-07-20,2026-07-26,12:00:00 PM,SOPA PLATANO MEDIANA.,1.0,0.01,6.99
8098,2026-07-20,2026-07-26,12:00:00 PM,SOPA POLLO MEDIA,1.0,0.008,5.49
8099,2026-07-20,2026-07-26,12:00:00 PM,Sopa Pollo Medina,4.0,0.033,21.96
8100,2026-07-20,2026-07-26,12:00:00 PM,SOPA. POLLO CHIQUITA,3.0,0.016,10.5
8101,2026-07-20,2026-07-26,12:00:00 PM,SPAGHETTI ALFRED JAMON,1.0,0.022,14.69
8102,2026-07-20,2026-07-26,12:00:00 PM,T0 GO MESA,25.0,0.013,8.75
8103,2026-07-20,2026-07-26,12:00:00 PM,TAMAL,1.0,0.004,2.99
8104,2026-07-20,2026-07-26,12:00:00 PM,TAMAL CAZUELA.MEDIANO.,2.0,0.022,14.38
8105,2026-07-20,2026-07-26,12:00:00 PM,TAMAL.CAZUELA GRANDE.,7.0,0.117,78.13
8106,2026-07-20,2026-07-26,12:00:00 PM,TARTARA...,1.0,0.002,1.0
8107,2026-07-20,2026-07-26,12:00:00 PM,TE FRIO.,1.0,0.004,2.99
8108,2026-07-20,2026-07-26,12:00:00 PM,To Go.,14.0,0.004,2.8
8109,2026-07-20,2026-07-26,12:00:00 PM,To Go..,44.0,0.015,9.85
8110,2026-07-20,2026-07-26,12:00:00 PM,TOREJA CUBANA,2.0,0.018,11.98
8111,2026-07-20,2026-07-26,12:00:00 PM,TORTILLA BASCA. - LATE,1.0,0.021,13.69
8112,2026-07-20,2026-07-26,12:00:00 PM,TORTILLA.,3.0,0.05,32.97
8113,2026-07-20,2026-07-26,12:00:00 PM,TOSTADA,8.0,0.024,15.92
8114,2026-07-20,2026-07-26,12:00:00 PM,TOSTONES.,2.0,0.015,9.98
8115,2026-07-20,2026-07-26,12:00:00 PM,TRES LECHES.,4.0,0.036,23.96
8116,2026-07-20,2026-07-26,12:00:00 PM,-VACA FRITA,4.0,0.103,68.56
8117,2026-07-20,2026-07-26,12:00:00 PM,-VACA FRITA.,3.0,0.073,48.37
8118,2026-07-20,2026-07-26,12:00:00 PM,vegetal.hervido,1.0,0.007,4.99
8119,2026-07-20,2026-07-26,12:00:00 PM,YUCA FRITA.,2.0,0.016,10.98
8120,2026-07-20,2026-07-26,1:00:00 PM,.ARROZ FRITO,2.0,0.041,27.18
8121,2026-07-20,2026-07-26,1:00:00 PM,.BISTEC DE POLLO,1.0,0.02,13.49
8122,2026-07-20,2026-07-26,1:00:00 PM,_=====================,4.0,0.0,0.0
8123,2026-07-20,2026-07-26,1:00:00 PM,== TO GO ==,29.0,0.009,5.8
8124,2026-07-20,2026-07-26,1:00:00 PM,======================,20.0,0.0,0.0
8125,2026-07-20,2026-07-26,1:00:00 PM,1 BOLA HELADO..,3.0,0.013,8.97
8126,2026-07-20,2026-07-26,1:00:00 PM,1 PIEZA DE CORDERO,2.0,0.054,36.18
8127,2026-07-20,2026-07-26,1:00:00 PM,2 PIEZAS DE CORDERO.,1.0,0.038,25.19
8128,2026-07-20,2026-07-26,1:00:00 PM,AGUACATE$4.00,1.0,0.006,4.0
8129,2026-07-20,2026-07-26,1:00:00 PM,AJIACO MEDIANO,5.0,0.053,35.55
8130,2026-07-20,2026-07-26,1:00:00 PM,AJIACO..GRANDE,4.0,0.064,42.56
8131,2026-07-20,2026-07-26,1:00:00 PM,ALBONDIGAS.RES.,10.0,0.22,146.3
8132,2026-07-20,2026-07-26,1:00:00 PM,ARROZ CHIQUITO,2.0,0.008,5.5
8133,2026-07-20,2026-07-26,1:00:00 PM,ARROZ CON POLLO,5.0,0.094,62.85
8134,2026-07-20,2026-07-26,1:00:00 PM,ARROZ CON POLLO.,3.0,0.064,42.37
8135,2026-07-20,2026-07-26,1:00:00 PM,Arroz con puerco,1.0,0.02,12.99
8136,2026-07-20,2026-07-26,1:00:00 PM,ARROZ FRITO,2.0,0.044,29.38
8137,2026-07-20,2026-07-26,1:00:00 PM,-ARROZ FRITO,3.0,0.061,40.67
8138,2026-07-20,2026-07-26,1:00:00 PM,ARROZ IMPERIAL..,1.0,0.021,14.19
8139,2026-07-20,2026-07-26,1:00:00 PM,Arroz pollo.desmenuza.,1.0,0.019,12.49
8140,2026-07-20,2026-07-26,1:00:00 PM,BABY CHURASCO,5.0,0.15,100.15
8141,2026-07-20,2026-07-26,1:00:00 PM,BABY CHURRASCO,2.0,0.054,35.98
8142,2026-07-20,2026-07-26,1:00:00 PM,BACALAO VISCAINA,3.0,0.091,60.37
8143,2026-07-20,2026-07-26,1:00:00 PM,BATIDO CHOCOLATE.,4.0,0.03,19.96
8144,2026-07-20,2026-07-26,1:00:00 PM,BATIDO MAMEY,2.0,0.016,10.98
8145,2026-07-20,2026-07-26,1:00:00 PM,BATIDO MANGO,3.0,0.022,14.97
8146,2026-07-20,2026-07-26,1:00:00 PM,BISTEC A CABALLO,1.0,0.022,14.69
8147,2026-07-20,2026-07-26,1:00:00 PM,-BISTEC DE HIGADO,1.0,0.021,13.69
8148,2026-07-20,2026-07-26,1:00:00 PM,BISTEC DE POLLO-,4.0,0.082,54.36
8149,2026-07-20,2026-07-26,1:00:00 PM,BISTEC DE POLLO.,5.0,0.105,69.85
8150,2026-07-20,2026-07-26,1:00:00 PM,-BISTEC DE POLLO.,3.0,0.061,40.87
8151,2026-07-20,2026-07-26,1:00:00 PM,BISTEC DE POLLO..,3.0,0.064,42.67
8152,2026-07-20,2026-07-26,1:00:00 PM,BISTEC DE POLLO...,4.0,0.082,54.56
8153,2026-07-20,2026-07-26,1:00:00 PM,-BISTEC DE PUERCO,2.0,0.05,32.98
8154,2026-07-20,2026-07-26,1:00:00 PM,BISTEC EN CAZUELA,4.0,0.09,60.16
8155,2026-07-20,2026-07-26,1:00:00 PM,-BISTEC PALOMILLA,10.0,0.274,182.4
8156,2026-07-20,2026-07-26,1:00:00 PM,BISTEC POLLO PLANCHA,4.0,0.084,55.76
8157,2026-07-20,2026-07-26,1:00:00 PM,-BISTECDE POLLO,6.0,0.123,81.74
8158,2026-07-20,2026-07-26,1:00:00 PM,BOLA ENSALADA POLLO,1.0,0.005,3.25
8159,2026-07-20,2026-07-26,1:00:00 PM,BOLICHE ..,4.0,0.09,60.16
8160,2026-07-20,2026-07-26,1:00:00 PM,-BOLICHE ASADO,1.0,0.025,16.49
8161,2026-07-20,2026-07-26,1:00:00 PM,BONIATO FRITO..,1.0,0.007,4.99
8162,2026-07-20,2026-07-26,1:00:00 PM,BOÑUELOS.,5.0,0.041,27.45
8163,2026-07-20,2026-07-26,1:00:00 PM,CAESAR /POLLO,1.0,0.02,12.99
8164,2026-07-20,2026-07-26,1:00:00 PM,CAESAR CHIQUITA SALDAD,1.0,0.005,3.0
8165,2026-07-20,2026-07-26,1:00:00 PM,CAF.LEC.EVAP.CHICO,1.0,0.005,3.0
8166,2026-07-20,2026-07-26,1:00:00 PM,CAFE CON LECHE GRANDE,3.0,0.02,13.5
8167,2026-07-20,2026-07-26,1:00:00 PM,CAFE CON LECHE MEDIANO,1.0,0.006,3.75
8168,2026-07-20,2026-07-26,1:00:00 PM,CAFE CON LECHE PEQUENO,3.0,0.011,7.5
8169,2026-07-20,2026-07-26,1:00:00 PM,CAFE CUBANO.,58.0,0.131,87.0
8170,2026-07-20,2026-07-26,1:00:00 PM,CALDO GALLEGO.MEDIANO.,1.0,0.012,7.99
8171,2026-07-20,2026-07-26,1:00:00 PM,CALDO.GALLEGO GRANDE.,2.0,0.035,23.38
8172,2026-07-20,2026-07-26,1:00:00 PM,CAMARONES AL AJILLO.,2.0,0.06,39.98
8173,2026-07-20,2026-07-26,1:00:00 PM,CAMARONES EMPANIZAD,1.0,0.03,20.19
8174,2026-07-20,2026-07-26,1:00:00 PM,CAMARONES ENCHILADO.,2.0,0.06,39.98
8175,2026-07-20,2026-07-26,1:00:00 PM,CANT 4 DELIVER,1.0,0.084,56.0
8176,2026-07-20,2026-07-26,1:00:00 PM,CANT 5 DELIVER,3.0,0.315,210.0
8177,2026-07-20,2026-07-26,1:00:00 PM,CARNE CON PAPAS.,2.0,0.042,27.98
8178,2026-07-20,2026-07-26,1:00:00 PM,CASCOS GUAVA QUESO,1.0,0.009,5.99
8179,2026-07-20,2026-07-26,1:00:00 PM,CHICHAR POLLO SIN HUES,1.0,0.02,13.49
8180,2026-07-20,2026-07-26,1:00:00 PM,CHICHARO MEDIANO.,3.0,0.031,20.97
8181,2026-07-20,2026-07-26,1:00:00 PM,CHICHARRON DE POLLO.,1.0,0.018,11.99
8182,2026-07-20,2026-07-26,1:00:00 PM,CHULETAS DE PUERCO,3.0,0.069,46.07
8183,2026-07-20,2026-07-26,1:00:00 PM,CHULETAS DE PUERCO.,3.0,0.061,40.87
8184,2026-07-20,2026-07-26,1:00:00 PM,"CHURRASCO ,,,",3.0,0.119,79.17
8185,2026-07-20,2026-07-26,1:00:00 PM,CLUB SANDWICH.,1.0,0.018,11.99
8186,2026-07-20,2026-07-26,1:00:00 PM,coco,1.0,0.002,1.5
8187,2026-07-20,2026-07-26,1:00:00 PM,COKE.,14.0,0.053,35.0
8188,2026-07-20,2026-07-26,1:00:00 PM,COLADA.,6.0,0.025,16.5
8189,2026-07-20,2026-07-26,1:00:00 PM,COLORADOS GRANDE.,1.0,0.015,9.69
8190,2026-07-20,2026-07-26,1:00:00 PM,COPA VINO,3.0,0.041,26.97
8191,2026-07-20,2026-07-26,1:00:00 PM,-CORONA.,5.0,0.041,27.45
8192,2026-07-20,2026-07-26,1:00:00 PM,Cortadito Evaporada,7.0,0.026,17.5
8193,2026-07-20,2026-07-26,1:00:00 PM,"Cortadito,.",6.0,0.019,12.98
8194,2026-07-20,2026-07-26,1:00:00 PM,CREMA BROCOLY,8.0,0.111,74.0
8195,2026-07-20,2026-07-26,1:00:00 PM,CREMA CALABAZA GRANDE,2.0,0.03,19.98
8196,2026-07-20,2026-07-26,1:00:00 PM,CREMA CALABAZA MEDIAN,2.0,0.021,13.98
8197,2026-07-20,2026-07-26,1:00:00 PM,CREMA CALABAZACHIQUIT,1.0,0.007,4.5
8198,2026-07-20,2026-07-26,1:00:00 PM,CREMA MALANGA MEDIANA.,4.0,0.042,27.96
8199,2026-07-20,2026-07-26,1:00:00 PM,CREMA VEGETAL GRANDE.,1.0,0.016,10.49
8200,2026-07-20,2026-07-26,1:00:00 PM,CREMA VEGETAL MEDIANA,6.0,0.063,41.94
8201,2026-07-20,2026-07-26,1:00:00 PM,CREMA VEGETALES.CHIQUI,1.0,0.006,3.99
8202,2026-07-20,2026-07-26,1:00:00 PM,CREMA. MALANGA CHIQUIT,4.0,0.027,18.0
8203,2026-07-20,2026-07-26,1:00:00 PM,CREMA. MALANGA GRANDE.,4.0,0.063,41.96
8204,2026-07-20,2026-07-26,1:00:00 PM,CREMA. VEGETALCHIQUITA,1.0,0.007,4.5
8205,2026-07-20,2026-07-26,1:00:00 PM,CREMITA.,1.0,0.002,1.25
8206,2026-07-20,2026-07-26,1:00:00 PM,croqueta bacalao.,3.0,0.009,5.97
8207,2026-07-20,2026-07-26,1:00:00 PM,croqueta jamon.,31.0,0.081,54.25
8208,2026-07-20,2026-07-26,1:00:00 PM,CROQUETA PREPARADA.,1.0,0.018,12.19
8209,2026-07-20,2026-07-26,1:00:00 PM,CUBANO ESPECIAL..,2.0,0.037,24.38
8210,2026-07-20,2026-07-26,1:00:00 PM,CUBANO REGULAR.,2.0,0.031,20.38
8211,2026-07-20,2026-07-26,1:00:00 PM,CUBIERTO.....,1.0,0.0,0.0
8212,2026-07-20,2026-07-26,1:00:00 PM,DEDITOS .PESCADO.,6.0,0.126,84.14
8213,2026-07-20,2026-07-26,1:00:00 PM,DEDITOS DE PESCADO,2.0,0.049,32.38
8214,2026-07-20,2026-07-26,1:00:00 PM,deditos de pollo kids,1.0,0.012,7.99
8215,2026-07-20,2026-07-26,1:00:00 PM,Deditos De Queso.,2.0,0.006,3.98
8216,2026-07-20,2026-07-26,1:00:00 PM,DESALLUNOS..,7.0,0.13,86.28
8217,2026-07-20,2026-07-26,1:00:00 PM,desayuno baby,1.0,0.014,8.99
8218,2026-07-20,2026-07-26,1:00:00 PM,DIET COKE.,3.0,0.01,6.75
8219,2026-07-20,2026-07-26,1:00:00 PM,DIET MATERVA.,3.0,0.011,7.5
8220,2026-07-20,2026-07-26,1:00:00 PM,DOS HUEVO AROS. MADUR,2.0,0.027,17.98
8221,2026-07-20,2026-07-26,1:00:00 PM,Empanada carne,5.0,0.022,14.95
8222,2026-07-20,2026-07-26,1:00:00 PM,Empanada Jamon/Queso,2.0,0.009,5.98
8223,2026-07-20,2026-07-26,1:00:00 PM,Empanada Pollo,3.0,0.013,8.97
8224,2026-07-20,2026-07-26,1:00:00 PM,ENPANISADO. RES,5.0,0.12,80.15
8225,2026-07-20,2026-07-26,1:00:00 PM,"ENPELLAS,chicharones.",2.0,0.018,12.0
8226,2026-07-20,2026-07-26,1:00:00 PM,ENSALA AGUACAT PEQUE,17.0,0.115,76.5
8227,2026-07-20,2026-07-26,1:00:00 PM,ENSALA POLLO 2 CROQUET,2.0,0.038,24.98
8228,2026-07-20,2026-07-26,1:00:00 PM,ENSALADA AGUACAT GRAND,2.0,0.017,11.0
8229,2026-07-20,2026-07-26,1:00:00 PM,ENSALADA MIXTA,2.0,0.02,13.0
8230,2026-07-20,2026-07-26,1:00:00 PM,Ensalada Small,2.0,0.008,5.5
8231,2026-07-20,2026-07-26,1:00:00 PM,EXTRA AGUACATE.,1.0,0.003,1.75
8232,2026-07-20,2026-07-26,1:00:00 PM,extra.coco,1.0,0.003,1.99
8233,2026-07-20,2026-07-26,1:00:00 PM,FILETE ALA FRANCESA,1.0,0.03,20.19
8234,2026-07-20,2026-07-26,1:00:00 PM,FILETE CURVINA PLANCHA,1.0,0.029,18.99
8235,2026-07-20,2026-07-26,1:00:00 PM,FILETE DE MAHIMAHI,1.0,0.026,16.99
8236,2026-07-20,2026-07-26,1:00:00 PM,FILETE PARGO PLANCHA,1.0,0.032,20.99
8237,2026-07-20,2026-07-26,1:00:00 PM,-FILETE PESCADO PLANCH,3.0,0.078,52.17
8238,2026-07-20,2026-07-26,1:00:00 PM,FILETILLO DE CARNE.,3.0,0.062,41.07
8239,2026-07-20,2026-07-26,1:00:00 PM,FILETILLO POLLO PLANCH,4.0,0.091,60.56
8240,2026-07-20,2026-07-26,1:00:00 PM,FLAN ESPECIAL.,7.0,0.063,41.93
8241,2026-07-20,2026-07-26,1:00:00 PM,-FLAN.,7.0,0.052,34.93
8242,2026-07-20,2026-07-26,1:00:00 PM,FRICASE PUERCO.,2.0,0.04,26.9
8243,2026-07-20,2026-07-26,1:00:00 PM,FRIJOL GRANDE,1.0,0.012,7.99
8244,2026-07-20,2026-07-26,1:00:00 PM,FRIJOL MEDIANO.,1.0,0.007,4.99
8245,2026-07-20,2026-07-26,1:00:00 PM,FRIJOL PEQUENO.,4.0,0.018,11.96
8246,2026-07-20,2026-07-26,1:00:00 PM,FRIJOL.COLORADO CHIQUI,1.0,0.006,3.99
8247,2026-07-20,2026-07-26,1:00:00 PM,FRITA CUBANA,2.0,0.031,20.38
8248,2026-07-20,2026-07-26,1:00:00 PM,FRITURA VACALAO.,1.0,0.01,6.5
8249,2026-07-20,2026-07-26,1:00:00 PM,FRITURAS DE MALANGA,1.0,0.01,6.5
8250,2026-07-20,2026-07-26,1:00:00 PM,GARBANZO GRANDE.,2.0,0.032,20.98
8251,2026-07-20,2026-07-26,1:00:00 PM,GARBANZO.CHIQUITO.,1.0,0.006,3.99
8252,2026-07-20,2026-07-26,1:00:00 PM,GARBANZO.MEDIANO.,3.0,0.031,20.97
8253,2026-07-20,2026-07-26,1:00:00 PM,GUARAPO.,3.0,0.024,15.75
8254,2026-07-20,2026-07-26,1:00:00 PM,GUISO MAIZ CHIQUITO.,2.0,0.012,7.98
8255,2026-07-20,2026-07-26,1:00:00 PM,GUISO.MAIZ MEDIANO.,4.0,0.042,27.96
8256,2026-07-20,2026-07-26,1:00:00 PM,HARINA MEDIANA,1.0,0.01,6.45
8257,2026-07-20,2026-07-26,1:00:00 PM,Heineken,6.0,0.049,32.94
8258,2026-07-20,2026-07-26,1:00:00 PM,HELADO CONO..,2.0,0.011,7.0
8259,2026-07-20,2026-07-26,1:00:00 PM,HIGADO ITALIANA,1.0,0.023,14.99
8260,2026-07-20,2026-07-26,1:00:00 PM,HORDE DEPAN,2.0,0.005,3.0
8261,2026-07-20,2026-07-26,1:00:00 PM,HORDEN DE 3 CHICHARONE,1.0,0.005,3.25
8262,2026-07-20,2026-07-26,1:00:00 PM,HUEVO FRITO,1.0,0.002,1.5
8263,2026-07-20,2026-07-26,1:00:00 PM,IRON BEER.,1.0,0.004,2.5
8264,2026-07-20,2026-07-26,1:00:00 PM,JARRITO NARANJA.,1.0,0.005,3.49
8265,2026-07-20,2026-07-26,1:00:00 PM,JUGO MARACULLA,4.0,0.027,18.0
8266,2026-07-20,2026-07-26,1:00:00 PM,JUGO PINA,4.0,0.027,18.0
8267,2026-07-20,2026-07-26,1:00:00 PM,JUGO ZANAHORIA NARAJA,1.0,0.007,4.99
8268,2026-07-20,2026-07-26,1:00:00 PM,JUGO.NARANJA.,12.0,0.095,63.0
8269,2026-07-20,2026-07-26,1:00:00 PM,JUPINA DIETA,1.0,0.004,2.5
8270,2026-07-20,2026-07-26,1:00:00 PM,JUPIÑA.,2.0,0.008,5.0
8271,2026-07-20,2026-07-26,1:00:00 PM,KERNS MANGO,1.0,0.004,2.5
8272,2026-07-20,2026-07-26,1:00:00 PM,-LECHON ASADO,1.0,0.021,13.99
8273,2026-07-20,2026-07-26,1:00:00 PM,LENTEJAS GRANDE.,1.0,0.014,9.49
8274,2026-07-20,2026-07-26,1:00:00 PM,LENTEJAS MEDIANA.,1.0,0.01,6.99
8275,2026-07-20,2026-07-26,1:00:00 PM,LIMANADA COCO.,2.0,0.018,11.98
8276,2026-07-20,2026-07-26,1:00:00 PM,LIMONADA,17.0,0.115,76.5
8277,2026-07-20,2026-07-26,1:00:00 PM,MADIO.POLLO A la brasa,1.0,0.021,14.19
8278,2026-07-20,2026-07-26,1:00:00 PM,-MADUROS.,6.0,0.04,26.94
8279,2026-07-20,2026-07-26,1:00:00 PM,-MALTA,5.0,0.024,16.25
8280,2026-07-20,2026-07-26,1:00:00 PM,MARIQUITAS DE MALANGA,2.0,0.018,11.98
8281,2026-07-20,2026-07-26,1:00:00 PM,-MARIQUITAS.,3.0,0.027,17.97
8282,2026-07-20,2026-07-26,1:00:00 PM,MARIQUITAS..MIXTA,1.0,0.008,5.49
8283,2026-07-20,2026-07-26,1:00:00 PM,-MASAS DE PUERCO,7.0,0.148,98.53
8284,2026-07-20,2026-07-26,1:00:00 PM,MASAS DE PUERCO.,6.0,0.122,81.54
8285,2026-07-20,2026-07-26,1:00:00 PM,-MASAS DE PUERCO.,5.0,0.106,70.75
8286,2026-07-20,2026-07-26,1:00:00 PM,MATERVA.,2.0,0.008,5.0
8287,2026-07-20,2026-07-26,1:00:00 PM,MED CREMA DE CALABAZA,1.0,0.01,6.99
8288,2026-07-20,2026-07-26,1:00:00 PM,MEDIA NOCHE.,5.0,0.076,50.55
8289,2026-07-20,2026-07-26,1:00:00 PM,-MEDIO POLLO A BRASA.,5.0,0.101,67.55
8290,2026-07-20,2026-07-26,1:00:00 PM,-MEDIO POLLO FRITO,2.0,0.044,29.18
8291,2026-07-20,2026-07-26,1:00:00 PM,MEDIO POLLO.ASADO.,2.0,0.042,28.18
8292,2026-07-20,2026-07-26,1:00:00 PM,MELON..SANDIA,4.0,0.027,18.0
8293,2026-07-20,2026-07-26,1:00:00 PM,MIAMI SANDWICH.,2.0,0.036,24.18
8294,2026-07-20,2026-07-26,1:00:00 PM,-MILANESA DE POLLO,3.0,0.073,48.37
8295,2026-07-20,2026-07-26,1:00:00 PM,Mini sandwich,1.0,0.009,5.99
8296,2026-07-20,2026-07-26,1:00:00 PM,MODELO,1.0,0.008,5.49
8297,2026-07-20,2026-07-26,1:00:00 PM,MOFONGO PUERCO.,1.0,0.026,16.99
8298,2026-07-20,2026-07-26,1:00:00 PM,Mofongo solo,2.0,0.024,15.98
8299,2026-07-20,2026-07-26,1:00:00 PM,MOROS...,1.0,0.006,3.99
8300,2026-07-20,2026-07-26,1:00:00 PM,-PAN CON BISTEC.,12.0,0.201,134.08
8301,2026-07-20,2026-07-26,1:00:00 PM,PAN CON LECHON.,1.0,0.014,9.49
8302,2026-07-20,2026-07-26,1:00:00 PM,PAPA RELLENA,1.0,0.004,2.99
8303,2026-07-20,2026-07-26,1:00:00 PM,-PARGO FRITO,1.0,0.036,23.99
8304,2026-07-20,2026-07-26,1:00:00 PM,Pasteles Queso,1.0,0.002,1.5
8305,2026-07-20,2026-07-26,1:00:00 PM,PERICO RIPIADO.,4.0,0.073,48.56
8306,2026-07-20,2026-07-26,1:00:00 PM,PICADILLO,2.0,0.041,26.98
8307,2026-07-20,2026-07-26,1:00:00 PM,-PICADILLO,2.0,0.044,29.38
8308,2026-07-20,2026-07-26,1:00:00 PM,pizza peperoni,1.0,0.02,12.99
8309,2026-07-20,2026-07-26,1:00:00 PM,pizza personal,1.0,0.017,10.99
8310,2026-07-20,2026-07-26,1:00:00 PM,PLATANO HERVIDO,1.0,0.007,4.99
8311,2026-07-20,2026-07-26,1:00:00 PM,POTAJE COLORADOS MEDIA,2.0,0.022,14.38
8312,2026-07-20,2026-07-26,1:00:00 PM,PUDIN DE PAN.,5.0,0.041,27.45
8313,2026-07-20,2026-07-26,1:00:00 PM,PUDIN DIPLOMATICO.,4.0,0.033,21.96
8314,2026-07-20,2026-07-26,1:00:00 PM,RABO ENCENDIDO.,9.0,0.325,216.51
8315,2026-07-20,2026-07-26,1:00:00 PM,RABO ENCENDIDO...,10.0,0.362,241.1
8316,2026-07-20,2026-07-26,1:00:00 PM,-RACION DE MALANGA.,2.0,0.018,11.98
8317,2026-07-20,2026-07-26,1:00:00 PM,RIÑONADA.,2.0,0.065,43.18
8318,2026-07-20,2026-07-26,1:00:00 PM,ROPA VIEJA..,4.0,0.091,60.56
8319,2026-07-20,2026-07-26,1:00:00 PM,ROPA VIEJA...,1.0,0.025,16.69
8320,2026-07-20,2026-07-26,1:00:00 PM,RUEDA DE SERRUCHO.,4.0,0.093,62.16
8321,2026-07-20,2026-07-26,1:00:00 PM,RUEDA SERRUCO FRITA.,1.0,0.024,15.99
8322,2026-07-20,2026-07-26,1:00:00 PM,SAND JAMON QUESO,2.0,0.028,18.38
8323,2026-07-20,2026-07-26,1:00:00 PM,SANDWICHE QUESO REGULA,1.0,0.017,11.44
8324,2026-07-20,2026-07-26,1:00:00 PM,SANDWICHES..POLLO.EMPA,1.0,0.021,14.19
8325,2026-07-20,2026-07-26,1:00:00 PM,SM SOPA PESCADO,3.0,0.019,12.75
8326,2026-07-20,2026-07-26,1:00:00 PM,SOLO.TOMATE,2.0,0.008,5.0
8327,2026-07-20,2026-07-26,1:00:00 PM,Sopa de Pollo Grande,5.0,0.064,42.45
8328,2026-07-20,2026-07-26,1:00:00 PM,SOPA DE RES GRANDE,9.0,0.163,108.51
8329,2026-07-20,2026-07-26,1:00:00 PM,SOPA DE RES MEDIANA,7.0,0.086,57.33
8330,2026-07-20,2026-07-26,1:00:00 PM,SOPA PESCADO GRANDE.,1.0,0.017,10.99
8331,2026-07-20,2026-07-26,1:00:00 PM,SOPA PESCADO MEDIANA.,4.0,0.042,27.96
8332,2026-07-20,2026-07-26,1:00:00 PM,SOPA PLATANO CHIQUITA.,3.0,0.018,11.97
8333,2026-07-20,2026-07-26,1:00:00 PM,SOPA PLATANO GRANDE.,4.0,0.063,41.96
8334,2026-07-20,2026-07-26,1:00:00 PM,SOPA PLATANO MEDIANA.,2.0,0.021,13.98
8335,2026-07-20,2026-07-26,1:00:00 PM,Sopa Pollo Medina,9.0,0.074,49.41
8336,2026-07-20,2026-07-26,1:00:00 PM,SOPA. POLLO CHIQUITA,2.0,0.011,7.0
8337,2026-07-20,2026-07-26,1:00:00 PM,SPAGHETTI POLLO ALFRED,2.0,0.046,30.38
8338,2026-07-20,2026-07-26,1:00:00 PM,SPRIET.,2.0,0.008,5.0
8339,2026-07-20,2026-07-26,1:00:00 PM,stella ARTOIS,1.0,0.008,5.49
8340,2026-07-20,2026-07-26,1:00:00 PM,T0 GO MESA,29.0,0.015,10.15
8341,2026-07-20,2026-07-26,1:00:00 PM,TAMAL,5.0,0.022,14.95
8342,2026-07-20,2026-07-26,1:00:00 PM,TAMAL CAZUELA.MEDIANO.,1.0,0.011,7.19
8343,2026-07-20,2026-07-26,1:00:00 PM,-TE CALIENTE,1.0,0.003,2.25
8344,2026-07-20,2026-07-26,1:00:00 PM,To Go.,14.0,0.004,2.8
8345,2026-07-20,2026-07-26,1:00:00 PM,To Go..,39.0,0.013,8.55
8346,2026-07-20,2026-07-26,1:00:00 PM,TORRE.1/2,1.0,0.024,16.0
8347,2026-07-20,2026-07-26,1:00:00 PM,TORTILLA.,1.0,0.018,12.19
8348,2026-07-20,2026-07-26,1:00:00 PM,TOSTADA,2.0,0.006,3.98
8349,2026-07-20,2026-07-26,1:00:00 PM,TOSTADA 2 CROQUETAS.,4.0,0.033,22.16
8350,2026-07-20,2026-07-26,1:00:00 PM,TOSTONES.,2.0,0.015,9.98
8351,2026-07-20,2026-07-26,1:00:00 PM,TRES LECHES.,3.0,0.027,17.97
8352,2026-07-20,2026-07-26,1:00:00 PM,-VACA FRITA,9.0,0.231,153.91
8353,2026-07-20,2026-07-26,1:00:00 PM,-VACA FRITA.,2.0,0.049,32.38
8354,2026-07-20,2026-07-26,1:00:00 PM,vegetal.salteado,1.0,0.008,5.49
8355,2026-07-20,2026-07-26,1:00:00 PM,Western Omlet reg - LATE,1.0,0.02,13.49
8356,2026-07-20,2026-07-26,2:00:00 PM,.ARROZ FRITO,3.0,0.061,40.87
8357,2026-07-20,2026-07-26,2:00:00 PM,.BISTEC DE POLLO,9.0,0.184,122.21
8358,2026-07-20,2026-07-26,2:00:00 PM,_=====================,4.0,0.0,0.0
8359,2026-07-20,2026-07-26,2:00:00 PM,== TO GO ==,30.0,0.009,6.0
8360,2026-07-20,2026-07-26,2:00:00 PM,======================,20.0,0.0,0.0
8361,2026-07-20,2026-07-26,2:00:00 PM,1.LIBRA ENSALA POLLO.,1.0,0.014,8.99
8362,2026-07-20,2026-07-26,2:00:00 PM,AGUA NATURAL,1.0,0.003,1.99
8363,2026-07-20,2026-07-26,2:00:00 PM,AGUA PERRIER,1.0,0.005,3.49
8364,2026-07-20,2026-07-26,2:00:00 PM,AJIACO MEDIANO,2.0,0.021,14.18
8365,2026-07-20,2026-07-26,2:00:00 PM,AJIACO..GRANDE,7.0,0.112,74.83
8366,2026-07-20,2026-07-26,2:00:00 PM,ALBONDIGAS.RES.,1.0,0.021,13.99
8367,2026-07-20,2026-07-26,2:00:00 PM,ARROS CON MARISCOS.,1.0,0.06,40.19
8368,2026-07-20,2026-07-26,2:00:00 PM,ARROZ CON LECHE,2.0,0.016,10.98
8369,2026-07-20,2026-07-26,2:00:00 PM,ARROZ BLANCO..,8.0,0.039,26.0
8370,2026-07-20,2026-07-26,2:00:00 PM,ARROZ CHIQUITO,3.0,0.015,9.75
8371,2026-07-20,2026-07-26,2:00:00 PM,ARROZ CON POLLO,3.0,0.057,38.07
8372,2026-07-20,2026-07-26,2:00:00 PM,ARROZ CON POLLO.,4.0,0.082,54.76
8373,2026-07-20,2026-07-26,2:00:00 PM,Arroz con puerco,1.0,0.02,13.19
8374,2026-07-20,2026-07-26,2:00:00 PM,-ARROZ FRITO,1.0,0.021,13.69
8375,2026-07-20,2026-07-26,2:00:00 PM,Arroz pollo.desmenuza.,3.0,0.057,37.87
8376,2026-07-20,2026-07-26,2:00:00 PM,BABY CHURASCO,7.0,0.212,140.93
8377,2026-07-20,2026-07-26,2:00:00 PM,BABY CHURRASCO,1.0,0.027,18.19
8378,2026-07-20,2026-07-26,2:00:00 PM,banana,1.0,0.001,0.5
8379,2026-07-20,2026-07-26,2:00:00 PM,BATIDO FRUTA BONBA,8.0,0.06,39.92
8380,2026-07-20,2026-07-26,2:00:00 PM,BATIDO MAMEY,10.0,0.082,54.9
8381,2026-07-20,2026-07-26,2:00:00 PM,Best Mango,1.0,0.004,2.99
8382,2026-07-20,2026-07-26,2:00:00 PM,BISTEC A CABALLO,3.0,0.066,44.07
8383,2026-07-20,2026-07-26,2:00:00 PM,BISTEC DE POLLO-,6.0,0.122,81.54
8384,2026-07-20,2026-07-26,2:00:00 PM,BISTEC DE POLLO.,8.0,0.164,108.92
8385,2026-07-20,2026-07-26,2:00:00 PM,-BISTEC DE POLLO.,2.0,0.041,27.38
8386,2026-07-20,2026-07-26,2:00:00 PM,BISTEC DE POLLO..,2.0,0.041,27.38
8387,2026-07-20,2026-07-26,2:00:00 PM,BISTEC DE POLLO...,4.0,0.082,54.56
8388,2026-07-20,2026-07-26,2:00:00 PM,-BISTEC DE PUERCO,6.0,0.141,93.94
8389,2026-07-20,2026-07-26,2:00:00 PM,BISTEC EN CAZUELA,2.0,0.044,29.18
8390,2026-07-20,2026-07-26,2:00:00 PM,-BISTEC PALOMILLA,13.0,0.365,242.77
8391,2026-07-20,2026-07-26,2:00:00 PM,BISTEC POLLO PLANCHA,4.0,0.082,54.76
8392,2026-07-20,2026-07-26,2:00:00 PM,-BISTECDE POLLO,2.0,0.041,27.38
8393,2026-07-20,2026-07-26,2:00:00 PM,BOLA ENSALADA POLLO,4.0,0.02,13.0
8394,2026-07-20,2026-07-26,2:00:00 PM,BOLICHE ..,2.0,0.046,30.38
8395,2026-07-20,2026-07-26,2:00:00 PM,-BOLICHE ASADO,3.0,0.075,50.07
8396,2026-07-20,2026-07-26,2:00:00 PM,BOÑUELOS.,4.0,0.033,21.96
8397,2026-07-20,2026-07-26,2:00:00 PM,CAESAR /POLLO,1.0,0.02,12.99
8398,2026-07-20,2026-07-26,2:00:00 PM,CAF.LEC.EVAP.CHICO,4.0,0.018,12.0
8399,2026-07-20,2026-07-26,2:00:00 PM,CAFE AMERICAN MEDIANO,1.0,0.005,3.0
8400,2026-07-20,2026-07-26,2:00:00 PM,CAFE CON LECHE MEDIANO,1.0,0.006,3.75
8401,2026-07-20,2026-07-26,2:00:00 PM,CAFE CON LECHE PEQUENO,9.0,0.034,22.5
8402,2026-07-20,2026-07-26,2:00:00 PM,CAFE CUBANO.,29.0,0.065,43.5
8403,2026-07-20,2026-07-26,2:00:00 PM,CALDO GALLEGO.CHIQUITO,1.0,0.007,4.49
8404,2026-07-20,2026-07-26,2:00:00 PM,CALDO GALLEGO.MEDIANO.,5.0,0.061,40.55
8405,2026-07-20,2026-07-26,2:00:00 PM,CALDO.GALLEGO GRANDE.,1.0,0.018,11.69
8406,2026-07-20,2026-07-26,2:00:00 PM,CAMARONES ENCHILADO.,6.0,0.182,120.94
8407,2026-07-20,2026-07-26,2:00:00 PM,CARNE CON PAPAS.,3.0,0.064,42.37
8408,2026-07-20,2026-07-26,2:00:00 PM,CHICHAR POLLO SIN HUES,7.0,0.15,99.63
8409,2026-07-20,2026-07-26,2:00:00 PM,CHICHARO MEDIANO.,1.0,0.01,6.99
8410,2026-07-20,2026-07-26,2:00:00 PM,CHILINDRON D CHIVO,1.0,0.033,21.99
8411,2026-07-20,2026-07-26,2:00:00 PM,CHULETAS DE PUERCO,6.0,0.131,86.94
8412,2026-07-20,2026-07-26,2:00:00 PM,CHULETAS DE PUERCO.,1.0,0.021,13.69
8413,2026-07-20,2026-07-26,2:00:00 PM,"CHURRASCO ,,,",2.0,0.078,52.18
8414,2026-07-20,2026-07-26,2:00:00 PM,CLUB SANDWICH.,2.0,0.036,23.98
8415,2026-07-20,2026-07-26,2:00:00 PM,COKE CERO.,2.0,0.008,5.0
8416,2026-07-20,2026-07-26,2:00:00 PM,COKE.,19.0,0.071,47.5
8417,2026-07-20,2026-07-26,2:00:00 PM,COLADA.,6.0,0.025,16.5
8418,2026-07-20,2026-07-26,2:00:00 PM,COLORADOS GRANDE.,1.0,0.015,9.69
8419,2026-07-20,2026-07-26,2:00:00 PM,COPA VINO,4.0,0.054,35.96
8420,2026-07-20,2026-07-26,2:00:00 PM,-CORONA.,2.0,0.016,10.98
8421,2026-07-20,2026-07-26,2:00:00 PM,Cortadito Evaporada,10.0,0.038,25.0
8422,2026-07-20,2026-07-26,2:00:00 PM,"Cortadito,.",11.0,0.036,24.23
8423,2026-07-20,2026-07-26,2:00:00 PM,CREMA BROCOLY,1.0,0.014,9.25
8424,2026-07-20,2026-07-26,2:00:00 PM,CREMA CALABAZA GRANDE,5.0,0.075,49.95
8425,2026-07-20,2026-07-26,2:00:00 PM,CREMA CALABAZA MEDIAN,2.0,0.021,13.98
8426,2026-07-20,2026-07-26,2:00:00 PM,CREMA CALABAZA..GRAND,1.0,0.015,9.99
8427,2026-07-20,2026-07-26,2:00:00 PM,CREMA MALANGA MEDIANA.,9.0,0.094,62.91
8428,2026-07-20,2026-07-26,2:00:00 PM,CREMA VEGETAL MEDIANA,3.0,0.031,20.97
8429,2026-07-20,2026-07-26,2:00:00 PM,CREMA VEGETALES.CHIQUI,2.0,0.012,7.98
8430,2026-07-20,2026-07-26,2:00:00 PM,CREMA. MALANGA GRANDE.,4.0,0.063,41.96
8431,2026-07-20,2026-07-26,2:00:00 PM,CREMA. VEGETALCHIQUITA,1.0,0.007,4.5
8432,2026-07-20,2026-07-26,2:00:00 PM,croqueta bacalao.,2.0,0.006,3.98
8433,2026-07-20,2026-07-26,2:00:00 PM,croqueta jamon.,19.0,0.05,33.25
8434,2026-07-20,2026-07-26,2:00:00 PM,CROQUETA PREPARADA.,1.0,0.018,11.99
8435,2026-07-20,2026-07-26,2:00:00 PM,CUBANO ESPECIAL..,1.0,0.018,12.19
8436,2026-07-20,2026-07-26,2:00:00 PM,CUBANO REGULAR.,5.0,0.076,50.55
8437,2026-07-20,2026-07-26,2:00:00 PM,CUBIERTO.....,1.0,0.0,0.0
8438,2026-07-20,2026-07-26,2:00:00 PM,CUCHURA-----,1.0,0.0,0.0
8439,2026-07-20,2026-07-26,2:00:00 PM,DEDITOS .PESCADO.,1.0,0.021,14.19
8440,2026-07-20,2026-07-26,2:00:00 PM,DEDITOS DE PESCADO,1.0,0.026,17.49
8441,2026-07-20,2026-07-26,2:00:00 PM,-DEDITOS DE POLLO,1.0,0.02,13.19
8442,2026-07-20,2026-07-26,2:00:00 PM,deditos Queso/Guayaba,2.0,0.006,3.98
8443,2026-07-20,2026-07-26,2:00:00 PM,DIET COKE.,1.0,0.003,2.25
8444,2026-07-20,2026-07-26,2:00:00 PM,DIET MATERVA.,1.0,0.004,2.5
8445,2026-07-20,2026-07-26,2:00:00 PM,DTC..,1.0,0.009,6.25
8446,2026-07-20,2026-07-26,2:00:00 PM,DULCE DE LECHE,2.0,0.016,10.98
8447,2026-07-20,2026-07-26,2:00:00 PM,Empanada carne,4.0,0.018,11.96
8448,2026-07-20,2026-07-26,2:00:00 PM,Empanada Pollo,3.0,0.013,8.97
8449,2026-07-20,2026-07-26,2:00:00 PM,ENPANADA COLONBIANA..,2.0,0.007,4.98
8450,2026-07-20,2026-07-26,2:00:00 PM,ENPANISADO. RES,2.0,0.048,32.18
8451,2026-07-20,2026-07-26,2:00:00 PM,"ENPELLAS,chicharones.",1.0,0.009,6.0
8452,2026-07-20,2026-07-26,2:00:00 PM,ENSALA AGUACAT PEQUE,8.0,0.054,36.0
8453,2026-07-20,2026-07-26,2:00:00 PM,ENSALA POLLO 2 CROQUET,3.0,0.056,37.47
8454,2026-07-20,2026-07-26,2:00:00 PM,ENSALADA AGUACAT GRAND,1.0,0.008,5.5
8455,2026-07-20,2026-07-26,2:00:00 PM,Ensalada Small,1.0,0.004,2.75
8456,2026-07-20,2026-07-26,2:00:00 PM,Espaguetti jamon.,1.0,0.02,12.99
8457,2026-07-20,2026-07-26,2:00:00 PM,FABADA GRANDE,4.0,0.064,42.76
8458,2026-07-20,2026-07-26,2:00:00 PM,FABADA MEDIANA.,2.0,0.022,14.38
8459,2026-07-20,2026-07-26,2:00:00 PM,FILETE PARGO PLANCHA,2.0,0.063,41.98
8460,2026-07-20,2026-07-26,2:00:00 PM,FILETE PESCADO EMPANI,4.0,0.105,69.96
8461,2026-07-20,2026-07-26,2:00:00 PM,-FILETE PESCADO PLANCH,2.0,0.052,34.38
8462,2026-07-20,2026-07-26,2:00:00 PM,FILETE SALMON.,2.0,0.054,36.2
8463,2026-07-20,2026-07-26,2:00:00 PM,FILETILLO POLLO PLANCH,4.0,0.091,60.36
8464,2026-07-20,2026-07-26,2:00:00 PM,FILETILLO RES PLANCHA.,2.0,0.045,29.98
8465,2026-07-20,2026-07-26,2:00:00 PM,FLAN ESPECIAL.,8.0,0.072,47.92
8466,2026-07-20,2026-07-26,2:00:00 PM,-FLAN.,1.0,0.007,4.99
8467,2026-07-20,2026-07-26,2:00:00 PM,-FRICASE DE POLLO,5.0,0.083,55.55
8468,2026-07-20,2026-07-26,2:00:00 PM,FRICASE PUERCO.,4.0,0.08,53.0
8469,2026-07-20,2026-07-26,2:00:00 PM,FRIJOL GRANDE,2.0,0.024,15.98
8470,2026-07-20,2026-07-26,2:00:00 PM,FRIJOL MEDIANO.,1.0,0.007,4.99
8471,2026-07-20,2026-07-26,2:00:00 PM,FRIJOL PEQUENO.,4.0,0.018,11.96
8472,2026-07-20,2026-07-26,2:00:00 PM,FRIJOL.COLORADO CHIQUI,1.0,0.006,3.99
8473,2026-07-20,2026-07-26,2:00:00 PM,FRITA CUBANA,2.0,0.031,20.38
8474,2026-07-20,2026-07-26,2:00:00 PM,GARBANZO.MEDIANO.,2.0,0.021,13.98
8475,2026-07-20,2026-07-26,2:00:00 PM,GUARAPO.,2.0,0.016,10.5
8476,2026-07-20,2026-07-26,2:00:00 PM,GUISO MAIZ GRANDE.,1.0,0.016,10.49
8477,2026-07-20,2026-07-26,2:00:00 PM,GUISO.MAIZ MEDIANO.,2.0,0.021,13.98
8478,2026-07-20,2026-07-26,2:00:00 PM,HAMBURQUESA.CON QUESO,1.0,0.017,10.99
8479,2026-07-20,2026-07-26,2:00:00 PM,HELADO CONO..,2.0,0.011,7.0
8480,2026-07-20,2026-07-26,2:00:00 PM,HORDE DEPAN,1.0,0.002,1.5
8481,2026-07-20,2026-07-26,2:00:00 PM,HORDEN DE 3 CHICHARONE,3.0,0.015,9.75
8482,2026-07-20,2026-07-26,2:00:00 PM,HORDEN DE LIMON,1.0,0.002,1.25
8483,2026-07-20,2026-07-26,2:00:00 PM,HUEVO FRITO,2.0,0.005,3.0
8484,2026-07-20,2026-07-26,2:00:00 PM,IRON BEER.,2.0,0.008,5.0
8485,2026-07-20,2026-07-26,2:00:00 PM,JUGO MARACULLA,4.0,0.027,18.0
8486,2026-07-20,2026-07-26,2:00:00 PM,JUGO PINA,2.0,0.014,9.0
8487,2026-07-20,2026-07-26,2:00:00 PM,JUGO ZANAHORIA NARAJA,1.0,0.007,4.99
8488,2026-07-20,2026-07-26,2:00:00 PM,JUGO.NARANJA.,9.0,0.071,47.25
8489,2026-07-20,2026-07-26,2:00:00 PM,JUPIÑA.,2.0,0.008,5.0
8490,2026-07-20,2026-07-26,2:00:00 PM,-LECHON ASADO,2.0,0.042,27.98
8491,2026-07-20,2026-07-26,2:00:00 PM,LECHUGA CEBOLLA PEPINO,1.0,0.007,4.99
8492,2026-07-20,2026-07-26,2:00:00 PM,LENTEJAS GRANDE.,1.0,0.014,9.49
8493,2026-07-20,2026-07-26,2:00:00 PM,LENTEJAS MEDIANA.,4.0,0.042,27.96
8494,2026-07-20,2026-07-26,2:00:00 PM,LENTEJAS.CHIQUITA.,3.0,0.018,11.97
8495,2026-07-20,2026-07-26,2:00:00 PM,LIMONADA,4.0,0.027,18.0
8496,2026-07-20,2026-07-26,2:00:00 PM,LIMONADA FRESA,2.0,0.018,11.98
8497,2026-07-20,2026-07-26,2:00:00 PM,MADIO.POLLO A la brasa,2.0,0.042,27.98
8498,2026-07-20,2026-07-26,2:00:00 PM,-MADUROS.,3.0,0.02,13.47
8499,2026-07-20,2026-07-26,2:00:00 PM,MARIQUITAS DE MALANGA,2.0,0.018,11.98
8500,2026-07-20,2026-07-26,2:00:00 PM,-MARIQUITAS.,7.0,0.063,41.93
8501,2026-07-20,2026-07-26,2:00:00 PM,Mariquitas.togo.,1.0,0.007,4.5
8502,2026-07-20,2026-07-26,2:00:00 PM,-MASAS DE PUERCO,5.0,0.106,70.35
8503,2026-07-20,2026-07-26,2:00:00 PM,MASAS DE PUERCO.,3.0,0.061,40.87
8504,2026-07-20,2026-07-26,2:00:00 PM,-MASAS DE PUERCO.,4.0,0.085,56.36
8505,2026-07-20,2026-07-26,2:00:00 PM,MATERVA.,2.0,0.008,5.0
8506,2026-07-20,2026-07-26,2:00:00 PM,MEDIA NOCHE.,8.0,0.122,81.32
8507,2026-07-20,2026-07-26,2:00:00 PM,-MEDIO POLLO A BRASA.,1.0,0.023,15.19
8508,2026-07-20,2026-07-26,2:00:00 PM,-MEDIO POLLO FRITO,1.0,0.021,13.69
8509,2026-07-20,2026-07-26,2:00:00 PM,MEDIO POLLO.ASADO.,1.0,0.02,13.19
8510,2026-07-20,2026-07-26,2:00:00 PM,MELON..SANDIA,2.0,0.014,9.0
8511,2026-07-20,2026-07-26,2:00:00 PM,MIAMI SANDWICH.,1.0,0.018,11.99
8512,2026-07-20,2026-07-26,2:00:00 PM,-MILANESA DE POLLO,3.0,0.076,50.37
8513,2026-07-20,2026-07-26,2:00:00 PM,MISC COCINA,2.0,0.011,7.0
8514,2026-07-20,2026-07-26,2:00:00 PM,MODELO,4.0,0.033,21.96
8515,2026-07-20,2026-07-26,2:00:00 PM,MOFONGO PUERCO.,4.0,0.102,67.96
8516,2026-07-20,2026-07-26,2:00:00 PM,Mofongo solo,2.0,0.024,15.98
8517,2026-07-20,2026-07-26,2:00:00 PM,MOROS...,5.0,0.03,19.95
8518,2026-07-20,2026-07-26,2:00:00 PM,-PAN CON BISTEC.,15.0,0.252,167.85
8519,2026-07-20,2026-07-26,2:00:00 PM,PAN CON LECHON.,1.0,0.014,9.49
8520,2026-07-20,2026-07-26,2:00:00 PM,PAPA RELLENA,1.0,0.004,2.99
8521,2026-07-20,2026-07-26,2:00:00 PM,PAPAS FRITAS,2.0,0.013,8.98
8522,2026-07-20,2026-07-26,2:00:00 PM,-PARGO FRITO ENTERO.,1.0,0.039,25.99
8523,2026-07-20,2026-07-26,2:00:00 PM,Pasteles Guayaba,1.0,0.002,1.5
8524,2026-07-20,2026-07-26,2:00:00 PM,PEPSI.,1.0,0.004,2.5
8525,2026-07-20,2026-07-26,2:00:00 PM,PICADILLO,4.0,0.082,54.76
8526,2026-07-20,2026-07-26,2:00:00 PM,-PICADILLO,4.0,0.088,58.56
8527,2026-07-20,2026-07-26,2:00:00 PM,PINA COLADA,2.0,0.021,13.98
8528,2026-07-20,2026-07-26,2:00:00 PM,pita fuma gigante,4.0,0.012,8.0
8529,2026-07-20,2026-07-26,2:00:00 PM,pizza personal,1.0,0.017,10.99
8530,2026-07-20,2026-07-26,2:00:00 PM,POTAJE COLORADOS MEDIA,4.0,0.043,28.56
8531,2026-07-20,2026-07-26,2:00:00 PM,PUDIN DE PAN.,2.0,0.016,10.98
8532,2026-07-20,2026-07-26,2:00:00 PM,PUDIN DIPLOMATICO.,2.0,0.016,10.98
8533,2026-07-20,2026-07-26,2:00:00 PM,PURE PAPAS.,2.0,0.013,8.98
8534,2026-07-20,2026-07-26,2:00:00 PM,RABO ENCENDIDO.,3.0,0.11,73.37
8535,2026-07-20,2026-07-26,2:00:00 PM,RABO ENCENDIDO...,6.0,0.219,145.54
8536,2026-07-20,2026-07-26,2:00:00 PM,-RACION DE MALANGA.,2.0,0.018,11.98
8537,2026-07-20,2026-07-26,2:00:00 PM,Rinconcito BREAKFAST,1.0,0.021,13.99
8538,2026-07-20,2026-07-26,2:00:00 PM,RIÑONADA.,1.0,0.034,22.49
8539,2026-07-20,2026-07-26,2:00:00 PM,RIÑONADA.CON.3. CAMAR,1.0,0.045,29.99
8540,2026-07-20,2026-07-26,2:00:00 PM,ROPA VIEJA..,5.0,0.113,75.35
8541,2026-07-20,2026-07-26,2:00:00 PM,ROPA VIEJA...,3.0,0.08,53.07
8542,2026-07-20,2026-07-26,2:00:00 PM,RUEDA DE SERRUCHO.,1.0,0.023,15.19
8543,2026-07-20,2026-07-26,2:00:00 PM,RUEDA SERRUCO FRITA.,2.0,0.048,31.98
8544,2026-07-20,2026-07-26,2:00:00 PM,SANDWICH BACON.,1.0,0.015,9.99
8545,2026-07-20,2026-07-26,2:00:00 PM,SANDWICHES..POLLO.EMPA,2.0,0.038,25.38
8546,2026-07-20,2026-07-26,2:00:00 PM,-SDWC TUNA REGULAR.,1.0,0.018,12.29
8547,2026-07-20,2026-07-26,2:00:00 PM,SM AJIACO,1.0,0.006,3.99
8548,2026-07-20,2026-07-26,2:00:00 PM,SODA GINJER.,1.0,0.004,2.5
8549,2026-07-20,2026-07-26,2:00:00 PM,Sopa de Pollo Grande,10.0,0.128,84.9
8550,2026-07-20,2026-07-26,2:00:00 PM,SOPA DE RES GRANDE,7.0,0.128,85.13
8551,2026-07-20,2026-07-26,2:00:00 PM,SOPA DE RES MEDIANA,3.0,0.036,23.97
8552,2026-07-20,2026-07-26,2:00:00 PM,SOPA PESCADO MEDIANA.,2.0,0.021,13.98
8553,2026-07-20,2026-07-26,2:00:00 PM,SOPA PLATANO CHIQUITA.,3.0,0.018,11.97
8554,2026-07-20,2026-07-26,2:00:00 PM,SOPA PLATANO GRANDE.,3.0,0.047,31.47
8555,2026-07-20,2026-07-26,2:00:00 PM,SOPA PLATANO MEDIANA.,2.0,0.021,13.98
8556,2026-07-20,2026-07-26,2:00:00 PM,SOPA POLLO MEDIA,1.0,0.009,5.69
8557,2026-07-20,2026-07-26,2:00:00 PM,Sopa Pollo Medina,6.0,0.049,32.94
8558,2026-07-20,2026-07-26,2:00:00 PM,SOPA. POLLO CHIQUITA,5.0,0.026,17.5
8559,2026-07-20,2026-07-26,2:00:00 PM,Spagheti Carne SALSA R,1.0,0.024,15.99
8560,2026-07-20,2026-07-26,2:00:00 PM,SPAGUETTI/W CARNE,1.0,0.024,15.99
8561,2026-07-20,2026-07-26,2:00:00 PM,SPRIET.,3.0,0.011,7.5
8562,2026-07-20,2026-07-26,2:00:00 PM,T0 GO MESA,20.0,0.011,7.0
8563,2026-07-20,2026-07-26,2:00:00 PM,TAMA. CAZUELA CHIQUITO,1.0,0.007,4.5
8564,2026-07-20,2026-07-26,2:00:00 PM,TAMAL,2.0,0.009,5.98
8565,2026-07-20,2026-07-26,2:00:00 PM,TAMAL CAZUELA.MEDIANO.,3.0,0.032,21.17
8566,2026-07-20,2026-07-26,2:00:00 PM,TAMAL.CAZUELA GRANDE.,2.0,0.034,22.38
8567,2026-07-20,2026-07-26,2:00:00 PM,To Go.,10.0,0.003,2.0
8568,2026-07-20,2026-07-26,2:00:00 PM,To Go..,43.0,0.014,9.5
8569,2026-07-20,2026-07-26,2:00:00 PM,TOREJA CUBANA,1.0,0.009,5.99
8570,2026-07-20,2026-07-26,2:00:00 PM,TORTILLA.,1.0,0.019,12.49
8571,2026-07-20,2026-07-26,2:00:00 PM,TOSTADA,5.0,0.015,9.95
8572,2026-07-20,2026-07-26,2:00:00 PM,TOSTONES.,4.0,0.03,19.96
8573,2026-07-20,2026-07-26,2:00:00 PM,TRES LECHES.,3.0,0.027,17.97
8574,2026-07-20,2026-07-26,2:00:00 PM,-VACA FRITA,12.0,0.309,205.68
8575,2026-07-20,2026-07-26,2:00:00 PM,-VACA FRITA.,3.0,0.073,48.57
8576,2026-07-20,2026-07-26,2:00:00 PM,vegetal.salteado,1.0,0.008,5.49
8577,2026-07-20,2026-07-26,2:00:00 PM,YUCA.,1.0,0.007,4.49
8578,2026-07-20,2026-07-26,3:00:00 PM,.ARROZ FRITO,4.0,0.082,54.36
8579,2026-07-20,2026-07-26,3:00:00 PM,.BISTEC DE POLLO,2.0,0.041,27.18
8580,2026-07-20,2026-07-26,3:00:00 PM,_=====================,18.0,0.0,0.0
8581,2026-07-20,2026-07-26,3:00:00 PM,== TO GO ==,20.0,0.006,4.0
8582,2026-07-20,2026-07-26,3:00:00 PM,======================,11.0,0.0,0.0
8583,2026-07-20,2026-07-26,3:00:00 PM,1 PIEZA DE CORDERO,1.0,0.027,18.19
8584,2026-07-20,2026-07-26,3:00:00 PM,2 PIEZAS DE CORDERO.,1.0,0.038,25.19
8585,2026-07-20,2026-07-26,3:00:00 PM,305 Morados,2.0,0.019,12.5
8586,2026-07-20,2026-07-26,3:00:00 PM,AGUA NATURAL,3.0,0.009,5.97
8587,2026-07-20,2026-07-26,3:00:00 PM,AGUA PERRIER,1.0,0.005,3.49
8588,2026-07-20,2026-07-26,3:00:00 PM,AGUACATE $5.00,2.0,0.015,10.0
8589,2026-07-20,2026-07-26,3:00:00 PM,AGUACATE$4.00,1.0,0.006,4.0
8590,2026-07-20,2026-07-26,3:00:00 PM,AJIACO..GRANDE,4.0,0.064,42.76
8591,2026-07-20,2026-07-26,3:00:00 PM,ALBONDIGAS.RES.,1.0,0.021,14.19
8592,2026-07-20,2026-07-26,3:00:00 PM,ARROZ CON LECHE,4.0,0.033,21.96
8593,2026-07-20,2026-07-26,3:00:00 PM,ARROZ BLANCO..,1.0,0.005,3.25
8594,2026-07-20,2026-07-26,3:00:00 PM,ARROZ CHIQUITO,4.0,0.018,12.0
8595,2026-07-20,2026-07-26,3:00:00 PM,ARROZ CON CAMARONES.,1.0,0.033,21.99
8596,2026-07-20,2026-07-26,3:00:00 PM,ARROZ CON POLLO,2.0,0.038,25.18
8597,2026-07-20,2026-07-26,3:00:00 PM,ARROZ CON POLLO.,1.0,0.02,13.49
8598,2026-07-20,2026-07-26,3:00:00 PM,Arroz con puerco,2.0,0.039,26.18
8599,2026-07-20,2026-07-26,3:00:00 PM,ARROZ FRITO,1.0,0.022,14.69
8600,2026-07-20,2026-07-26,3:00:00 PM,-ARROZ FRITO,1.0,0.021,13.69
8601,2026-07-20,2026-07-26,3:00:00 PM,BABY CHURASCO,6.0,0.185,122.94
8602,2026-07-20,2026-07-26,3:00:00 PM,BABY CHURRASCO,4.0,0.108,71.96
8603,2026-07-20,2026-07-26,3:00:00 PM,BACALAO VISCAINA,1.0,0.03,19.99
8604,2026-07-20,2026-07-26,3:00:00 PM,BATIDO .FRESA,2.0,0.015,9.98
8605,2026-07-20,2026-07-26,3:00:00 PM,BATIDO CHOCOLATE.,8.0,0.06,39.92
8606,2026-07-20,2026-07-26,3:00:00 PM,BATIDO FRUTA BONBA,2.0,0.015,9.98
8607,2026-07-20,2026-07-26,3:00:00 PM,BATIDO MAMEY,8.0,0.066,43.92
8608,2026-07-20,2026-07-26,3:00:00 PM,BATIDO TRIGO,1.0,0.007,4.99
8609,2026-07-20,2026-07-26,3:00:00 PM,-BISTEC DE HIGADO,1.0,0.02,13.49
8610,2026-07-20,2026-07-26,3:00:00 PM,BISTEC DE POLLO-,6.0,0.122,81.14
8611,2026-07-20,2026-07-26,3:00:00 PM,BISTEC DE POLLO.,3.0,0.064,42.87
8612,2026-07-20,2026-07-26,3:00:00 PM,-BISTEC DE POLLO.,2.0,0.042,28.18
8613,2026-07-20,2026-07-26,3:00:00 PM,BISTEC DE POLLO..,2.0,0.041,27.38
8614,2026-07-20,2026-07-26,3:00:00 PM,-BISTEC DE PUERCO,1.0,0.024,15.69
8615,2026-07-20,2026-07-26,3:00:00 PM,BISTEC EN CAZUELA,2.0,0.047,31.18
8616,2026-07-20,2026-07-26,3:00:00 PM,-BISTEC PALOMILLA,7.0,0.19,126.73
8617,2026-07-20,2026-07-26,3:00:00 PM,-BISTECDE POLLO,8.0,0.163,108.72
8618,2026-07-20,2026-07-26,3:00:00 PM,BOLICHE ..,3.0,0.07,46.87
8619,2026-07-20,2026-07-26,3:00:00 PM,CAFE AMERICAN GRANDE.,1.0,0.005,3.25
8620,2026-07-20,2026-07-26,3:00:00 PM,CAFE CON LECHE GRANDE,1.0,0.007,4.5
8621,2026-07-20,2026-07-26,3:00:00 PM,CAFE CON LECHE PEQUENO,11.0,0.041,27.5
8622,2026-07-20,2026-07-26,3:00:00 PM,CAFE CUBANO.,30.0,0.068,45.0
8623,2026-07-20,2026-07-26,3:00:00 PM,CAFECITO.,1.0,0.001,0.99
8624,2026-07-20,2026-07-26,3:00:00 PM,CALDO GALLEGO.MEDIANO.,2.0,0.025,16.38
8625,2026-07-20,2026-07-26,3:00:00 PM,caldosos,1.0,0.0,0.0
8626,2026-07-20,2026-07-26,3:00:00 PM,CAMARONE A LA PLANCHA.,1.0,0.033,22.19
8627,2026-07-20,2026-07-26,3:00:00 PM,CAMARONES EMPANIZAD,1.0,0.033,22.19
8628,2026-07-20,2026-07-26,3:00:00 PM,CAMARONES ENCHILADO.,1.0,0.032,20.99
8629,2026-07-20,2026-07-26,3:00:00 PM,CANT 4 DELIVER,2.0,0.168,112.0
8630,2026-07-20,2026-07-26,3:00:00 PM,CANT 4 RECOGER,2.0,0.144,96.0
8631,2026-07-20,2026-07-26,3:00:00 PM,CANT 5 DELIVER,5.0,0.526,350.0
8632,2026-07-20,2026-07-26,3:00:00 PM,CANT 5 RECOGER,2.0,0.18,120.0
8633,2026-07-20,2026-07-26,3:00:00 PM,CARNE CON PAPAS.,5.0,0.106,70.55
8634,2026-07-20,2026-07-26,3:00:00 PM,CHICHARO GRANDE.,4.0,0.055,36.56
8635,2026-07-20,2026-07-26,3:00:00 PM,CHICHARO MEDIANO.,1.0,0.01,6.99
8636,2026-07-20,2026-07-26,3:00:00 PM,CHICHARRON DE POLLO.,1.0,0.018,11.99
8637,2026-07-20,2026-07-26,3:00:00 PM,"CHURRASCO ,,,",9.0,0.355,236.51
8638,2026-07-20,2026-07-26,3:00:00 PM,churros.con dulce,1.0,0.009,6.25
8639,2026-07-20,2026-07-26,3:00:00 PM,churros.solo.4,1.0,0.007,4.99
8640,2026-07-20,2026-07-26,3:00:00 PM,COKE CERO.,3.0,0.011,7.5
8641,2026-07-20,2026-07-26,3:00:00 PM,COKE.,7.0,0.026,17.5
8642,2026-07-20,2026-07-26,3:00:00 PM,COLADA.,7.0,0.029,19.25
8643,2026-07-20,2026-07-26,3:00:00 PM,COPA DE SANGRIA.,1.0,0.014,8.99
8644,2026-07-20,2026-07-26,3:00:00 PM,COPA VINO,1.0,0.014,8.99
8645,2026-07-20,2026-07-26,3:00:00 PM,-CORONA.,5.0,0.041,27.45
8646,2026-07-20,2026-07-26,3:00:00 PM,Cortadito Evaporada,7.0,0.026,17.5
8647,2026-07-20,2026-07-26,3:00:00 PM,"Cortadito,.",7.0,0.022,14.97
8648,2026-07-20,2026-07-26,3:00:00 PM,CREMA BROCOLY,1.0,0.014,9.25
8649,2026-07-20,2026-07-26,3:00:00 PM,CREMA CALABAZA MEDIAN,3.0,0.031,20.97
8650,2026-07-20,2026-07-26,3:00:00 PM,CREMA MALANGA MEDIANA.,6.0,0.063,41.94
8651,2026-07-20,2026-07-26,3:00:00 PM,CREMA VEGETAL MEDIANA,1.0,0.01,6.99
8652,2026-07-20,2026-07-26,3:00:00 PM,CREMA VEGETALE.MEDIAN,1.0,0.01,6.99
8653,2026-07-20,2026-07-26,3:00:00 PM,CREMA VEGETALES MEDIAN,1.0,0.01,6.99
8654,2026-07-20,2026-07-26,3:00:00 PM,CREMA. MALANGA GRANDE.,4.0,0.063,41.96
8655,2026-07-20,2026-07-26,3:00:00 PM,croqueta bacalao.,2.0,0.006,3.98
8656,2026-07-20,2026-07-26,3:00:00 PM,croqueta jamon.,9.0,0.024,15.75
8657,2026-07-20,2026-07-26,3:00:00 PM,CROQUETA PREPARADA.,3.0,0.055,36.57
8658,2026-07-20,2026-07-26,3:00:00 PM,CUBANO REGULAR.,2.0,0.03,20.18
8659,2026-07-20,2026-07-26,3:00:00 PM,CUBIERTO.....,1.0,0.0,0.0
8660,2026-07-20,2026-07-26,3:00:00 PM,DEDITOS .PESCADO.,1.0,0.021,13.99
8661,2026-07-20,2026-07-26,3:00:00 PM,DEDITOS DE PESCADO,3.0,0.072,48.17
8662,2026-07-20,2026-07-26,3:00:00 PM,Deditos De Queso.,4.0,0.012,7.96
8663,2026-07-20,2026-07-26,3:00:00 PM,deditos Queso/Guayaba,1.0,0.003,1.99
8664,2026-07-20,2026-07-26,3:00:00 PM,DIET COKE.,4.0,0.014,9.0
8665,2026-07-20,2026-07-26,3:00:00 PM,DULCE DE LECHE,1.0,0.008,5.49
8666,2026-07-20,2026-07-26,3:00:00 PM,Empanada Jamon/Queso,3.0,0.013,8.97
8667,2026-07-20,2026-07-26,3:00:00 PM,Empanada Pollo,7.0,0.031,20.93
8668,2026-07-20,2026-07-26,3:00:00 PM,ENPANISADO. RES,1.0,0.024,15.99
8669,2026-07-20,2026-07-26,3:00:00 PM,ENSALA AGUACAT PEQUE,8.0,0.054,36.0
8670,2026-07-20,2026-07-26,3:00:00 PM,ENSALA POLLO 2 CROQUET,1.0,0.019,12.49
8671,2026-07-20,2026-07-26,3:00:00 PM,ENSALADA AGUACAT GRAND,5.0,0.041,27.5
8672,2026-07-20,2026-07-26,3:00:00 PM,ENSALADA MIXTA,1.0,0.01,6.5
8673,2026-07-20,2026-07-26,3:00:00 PM,Ensalada Small,1.0,0.004,2.75
8674,2026-07-20,2026-07-26,3:00:00 PM,Epaguetti con jamon.RO,1.0,0.02,13.19
8675,2026-07-20,2026-07-26,3:00:00 PM,EXTRA AGUACATE.,1.0,0.003,1.75
8676,2026-07-20,2026-07-26,3:00:00 PM,extra.coco,1.0,0.003,1.99
8677,2026-07-20,2026-07-26,3:00:00 PM,FABADA MEDIANA.,1.0,0.011,7.19
8678,2026-07-20,2026-07-26,3:00:00 PM,FILETE ALA FRANCESA,2.0,0.061,40.38
8679,2026-07-20,2026-07-26,3:00:00 PM,FILETE PARGO EN SALSA,2.0,0.072,48.0
8680,2026-07-20,2026-07-26,3:00:00 PM,FILETE PARGO PLANCHA,1.0,0.032,20.99
8681,2026-07-20,2026-07-26,3:00:00 PM,-FILETE PESCADO PLANCH,2.0,0.053,35.18
8682,2026-07-20,2026-07-26,3:00:00 PM,FILETE SALMON.,1.0,0.029,19.2
8683,2026-07-20,2026-07-26,3:00:00 PM,FILETILL POLLO SALSA,2.0,0.046,30.38
8684,2026-07-20,2026-07-26,3:00:00 PM,FILETILLO POLLO PLANCH,7.0,0.158,105.13
8685,2026-07-20,2026-07-26,3:00:00 PM,FILETILLO RES PLANCHA.,2.0,0.045,30.18
8686,2026-07-20,2026-07-26,3:00:00 PM,FILETILLO RES SALSA.,2.0,0.046,30.38
8687,2026-07-20,2026-07-26,3:00:00 PM,FLAN ESPECIAL.,3.0,0.027,17.97
8688,2026-07-20,2026-07-26,3:00:00 PM,-FLAN.,2.0,0.015,9.98
8689,2026-07-20,2026-07-26,3:00:00 PM,-FRICASE DE POLLO,4.0,0.067,44.76
8690,2026-07-20,2026-07-26,3:00:00 PM,FRIJOL GRANDE,2.0,0.024,15.98
8691,2026-07-20,2026-07-26,3:00:00 PM,FRIJOL MEDIANO.,1.0,0.007,4.99
8692,2026-07-20,2026-07-26,3:00:00 PM,FRIJOL PEQUENO.,3.0,0.013,8.97
8693,2026-07-20,2026-07-26,3:00:00 PM,FRITA CUBANA,1.0,0.015,9.99
8694,2026-07-20,2026-07-26,3:00:00 PM,FRITURAS DE MALANGA,1.0,0.01,6.5
8695,2026-07-20,2026-07-26,3:00:00 PM,GARBANZO GRANDE.,2.0,0.032,20.98
8696,2026-07-20,2026-07-26,3:00:00 PM,GUARAPO.,4.0,0.032,21.0
8697,2026-07-20,2026-07-26,3:00:00 PM,GUISO.MAIZ MEDIANO.,2.0,0.021,13.98
8698,2026-07-20,2026-07-26,3:00:00 PM,HAMBURQUESA.CON QUESO,1.0,0.017,10.99
8699,2026-07-20,2026-07-26,3:00:00 PM,HELADO CONO..,6.0,0.032,21.0
8700,2026-07-20,2026-07-26,3:00:00 PM,HIGADO ITALIANA,1.0,0.023,15.19
8701,2026-07-20,2026-07-26,3:00:00 PM,HORDEN DE CHICHARON.,1.0,0.005,3.25
8702,2026-07-20,2026-07-26,3:00:00 PM,HORDEN DE 3 CHICHARONE,3.0,0.015,9.75
8703,2026-07-20,2026-07-26,3:00:00 PM,IRON BEER.,2.0,0.008,5.0
8704,2026-07-20,2026-07-26,3:00:00 PM,JUGO MARACULLA,1.0,0.007,4.5
8705,2026-07-20,2026-07-26,3:00:00 PM,JUGO ZANAHORIA NARAJA,5.0,0.037,24.95
8706,2026-07-20,2026-07-26,3:00:00 PM,JUGO.NARANJA.,3.0,0.024,15.75
8707,2026-07-20,2026-07-26,3:00:00 PM,Juntas,4.0,0.0,0.0
8708,2026-07-20,2026-07-26,3:00:00 PM,JUPINA DIETA,1.0,0.004,2.5
8709,2026-07-20,2026-07-26,3:00:00 PM,JUPIÑA.,4.0,0.015,10.0
8710,2026-07-20,2026-07-26,3:00:00 PM,-LECHON ASADO,4.0,0.087,58.06
8711,2026-07-20,2026-07-26,3:00:00 PM,LECHUGA CEBOLLA PEPINO,1.0,0.007,4.99
8712,2026-07-20,2026-07-26,3:00:00 PM,LENTEJAS MEDIANA.,3.0,0.031,20.97
8713,2026-07-20,2026-07-26,3:00:00 PM,LIMONADA,9.0,0.061,40.5
8714,2026-07-20,2026-07-26,3:00:00 PM,-MADUROS.,5.0,0.034,22.45
8715,2026-07-20,2026-07-26,3:00:00 PM,-MARIQUITAS.,6.0,0.054,35.94
8716,2026-07-20,2026-07-26,3:00:00 PM,MARIQUITAS..MIXTA,1.0,0.008,5.49
8717,2026-07-20,2026-07-26,3:00:00 PM,Mariquitas.togo.,1.0,0.007,4.5
8718,2026-07-20,2026-07-26,3:00:00 PM,MARLBORO ROJO,1.0,0.018,12.0
8719,2026-07-20,2026-07-26,3:00:00 PM,-MASAS DE PUERCO,2.0,0.042,28.18
8720,2026-07-20,2026-07-26,3:00:00 PM,MASAS DE PUERCO.,3.0,0.061,40.67
8721,2026-07-20,2026-07-26,3:00:00 PM,-MASAS DE PUERCO.,5.0,0.106,70.35
8722,2026-07-20,2026-07-26,3:00:00 PM,MATERVA.,5.0,0.019,12.5
8723,2026-07-20,2026-07-26,3:00:00 PM,-MEDIO POLLO FRITO,1.0,0.024,15.69
8724,2026-07-20,2026-07-26,3:00:00 PM,MEDIO POLLO.ASADO.,2.0,0.04,26.38
8725,2026-07-20,2026-07-26,3:00:00 PM,MELON..SANDIA,10.0,0.068,45.0
8726,2026-07-20,2026-07-26,3:00:00 PM,MERENQUITO,1.0,0.002,1.5
8727,2026-07-20,2026-07-26,3:00:00 PM,-MILANESA DE POLLO,5.0,0.121,80.35
8728,2026-07-20,2026-07-26,3:00:00 PM,MILANESA RES.,2.0,0.063,41.98
8729,2026-07-20,2026-07-26,3:00:00 PM,MISC COCINA,2.0,0.006,4.0
8730,2026-07-20,2026-07-26,3:00:00 PM,NATILLA CATALANA,5.0,0.047,31.25
8731,2026-07-20,2026-07-26,3:00:00 PM,-PAN CON BISTEC.,5.0,0.086,57.15
8732,2026-07-20,2026-07-26,3:00:00 PM,PAN CON TORTILLA.,1.0,0.017,10.99
8733,2026-07-20,2026-07-26,3:00:00 PM,PAPA RELLENA,1.0,0.004,2.99
8734,2026-07-20,2026-07-26,3:00:00 PM,PAPAS FRITAS,3.0,0.02,13.47
8735,2026-07-20,2026-07-26,3:00:00 PM,-PARGO FRITO ENTERO.,1.0,0.039,25.99
8736,2026-07-20,2026-07-26,3:00:00 PM,Pasteles Queso,1.0,0.002,1.5
8737,2026-07-20,2026-07-26,3:00:00 PM,Pasteles Queso/Guayaba,4.0,0.009,6.0
8738,2026-07-20,2026-07-26,3:00:00 PM,PEPSI.,3.0,0.011,7.5
8739,2026-07-20,2026-07-26,3:00:00 PM,PESCADO ALO MACHO,2.0,0.078,52.18
8740,2026-07-20,2026-07-26,3:00:00 PM,PICADILLO,3.0,0.061,40.87
8741,2026-07-20,2026-07-26,3:00:00 PM,-PICADILLO,3.0,0.067,44.87
8742,2026-07-20,2026-07-26,3:00:00 PM,POLLO EMPANIZADO,1.0,0.022,14.69
8743,2026-07-20,2026-07-26,3:00:00 PM,PUDIN DIPLOMATICO.,1.0,0.008,5.49
8744,2026-07-20,2026-07-26,3:00:00 PM,PURE PAPAS.,1.0,0.007,4.49
8745,2026-07-20,2026-07-26,3:00:00 PM,RABO ENCENDIDO.,3.0,0.113,75.17
8746,2026-07-20,2026-07-26,3:00:00 PM,RABO ENCENDIDO...,8.0,0.294,195.52
8747,2026-07-20,2026-07-26,3:00:00 PM,ROPA VIEJA...,3.0,0.075,49.67
8748,2026-07-20,2026-07-26,3:00:00 PM,RUEDA SERRUCO FRITA.,1.0,0.024,16.19
8749,2026-07-20,2026-07-26,3:00:00 PM,SANDWECHES POLLO..,1.0,0.02,13.09
8750,2026-07-20,2026-07-26,3:00:00 PM,SANDWICHES..POLLO.EMPA,1.0,0.024,15.79
8751,2026-07-20,2026-07-26,3:00:00 PM,SM AJIACO,1.0,0.006,3.99
8752,2026-07-20,2026-07-26,3:00:00 PM,SM CREMA CALABAZA-,1.0,0.006,3.99
8753,2026-07-20,2026-07-26,3:00:00 PM,SM CREMA- MALANGA,2.0,0.012,7.98
8754,2026-07-20,2026-07-26,3:00:00 PM,SOLO.TOMATE,2.0,0.008,5.0
8755,2026-07-20,2026-07-26,3:00:00 PM,Sopa de Pollo Grande,2.0,0.026,16.98
8756,2026-07-20,2026-07-26,3:00:00 PM,SOPA DE RES GRANDE,5.0,0.091,60.75
8757,2026-07-20,2026-07-26,3:00:00 PM,SOPA DE RES MEDIANA,1.0,0.012,7.99
8758,2026-07-20,2026-07-26,3:00:00 PM,SOPA DE RES PEQUENA,1.0,0.007,4.99
8759,2026-07-20,2026-07-26,3:00:00 PM,SOPA PESCADO GRANDE.,7.0,0.116,76.93
8760,2026-07-20,2026-07-26,3:00:00 PM,SOPA PESCADO MEDIANA.,1.0,0.01,6.99
8761,2026-07-20,2026-07-26,3:00:00 PM,SOPA PLATANO GRANDE.,1.0,0.016,10.49
8762,2026-07-20,2026-07-26,3:00:00 PM,Sopa Pollo Medina,8.0,0.066,43.92
8763,2026-07-20,2026-07-26,3:00:00 PM,SOPA. POLLO CHIQUITA,3.0,0.016,10.5
8764,2026-07-20,2026-07-26,3:00:00 PM,SPAGUETTI/W CARNE,1.0,0.024,16.19
8765,2026-07-20,2026-07-26,3:00:00 PM,T0 GO MESA,29.0,0.015,10.15
8766,2026-07-20,2026-07-26,3:00:00 PM,TAMA. CAZUELA CHIQUITO,1.0,0.007,4.5
8767,2026-07-20,2026-07-26,3:00:00 PM,TAMAL,2.0,0.009,5.98
8768,2026-07-20,2026-07-26,3:00:00 PM,TAMAL.CAZUELA GRANDE.,1.0,0.017,11.19
8769,2026-07-20,2026-07-26,3:00:00 PM,TAMAL.JAMON PIERN.QUES,1.0,0.02,12.99
8770,2026-07-20,2026-07-26,3:00:00 PM,TE FRIO.,1.0,0.004,2.99
8771,2026-07-20,2026-07-26,3:00:00 PM,To Go.,9.0,0.003,1.8
8772,2026-07-20,2026-07-26,3:00:00 PM,To Go..,32.0,0.012,7.75
8773,2026-07-20,2026-07-26,3:00:00 PM,TOSTONES.,1.0,0.007,4.99
8774,2026-07-20,2026-07-26,3:00:00 PM,TRES LECHES.,2.0,0.018,11.98
8775,2026-07-20,2026-07-26,3:00:00 PM,-VACA FRITA,6.0,0.154,102.74
8776,2026-07-20,2026-07-26,3:00:00 PM,-VACA FRITA.,5.0,0.121,80.35
8777,2026-07-20,2026-07-26,3:00:00 PM,YUCA.,1.0,0.007,4.49
8778,2026-07-20,2026-07-26,4:00:00 PM,.ARROZ FRITO,1.0,0.02,13.49
8779,2026-07-20,2026-07-26,4:00:00 PM,.BISTEC DE POLLO,1.0,0.021,13.69
8780,2026-07-20,2026-07-26,4:00:00 PM,_=====================,22.0,0.0,0.0
8781,2026-07-20,2026-07-26,4:00:00 PM,== TO GO ==,24.0,0.007,4.8
8782,2026-07-20,2026-07-26,4:00:00 PM,======================,19.0,0.0,0.0
8783,2026-07-20,2026-07-26,4:00:00 PM,1 BOLA HELADO..,2.0,0.009,5.98
8784,2026-07-20,2026-07-26,4:00:00 PM,1 PIEZA DE CORDERO,1.0,0.03,20.19
8785,2026-07-20,2026-07-26,4:00:00 PM,305 Morados,1.0,0.009,6.25
8786,2026-07-20,2026-07-26,4:00:00 PM,AJIACO MEDIANO,1.0,0.01,6.99
8787,2026-07-20,2026-07-26,4:00:00 PM,AJIACO..GRANDE,2.0,0.032,21.38
8788,2026-07-20,2026-07-26,4:00:00 PM,ALBONDIGAS.RES.,1.0,0.021,14.19
8789,2026-07-20,2026-07-26,4:00:00 PM,ARROZ CON LECHE,3.0,0.025,16.47
8790,2026-07-20,2026-07-26,4:00:00 PM,ARROZ BLANCO..,2.0,0.01,6.5
8791,2026-07-20,2026-07-26,4:00:00 PM,ARROZ CHIQUITO,2.0,0.01,6.5
8792,2026-07-20,2026-07-26,4:00:00 PM,ARROZ CON POLLO,1.0,0.019,12.69
8793,2026-07-20,2026-07-26,4:00:00 PM,ARROZ CON POLLO.,3.0,0.061,40.87
8794,2026-07-20,2026-07-26,4:00:00 PM,Arroz con puerco,8.0,0.159,106.12
8795,2026-07-20,2026-07-26,4:00:00 PM,ARROZ FRITO,1.0,0.022,14.69
8796,2026-07-20,2026-07-26,4:00:00 PM,-ARROZ FRITO,1.0,0.02,13.49
8797,2026-07-20,2026-07-26,4:00:00 PM,Arroz pollo.desmenuza.,1.0,0.019,12.69
8798,2026-07-20,2026-07-26,4:00:00 PM,BABY CHURASCO,3.0,0.09,59.97
8799,2026-07-20,2026-07-26,4:00:00 PM,BACALAO VISCAINA,1.0,0.03,20.19
8800,2026-07-20,2026-07-26,4:00:00 PM,BATIDO MAMEY,5.0,0.041,27.45
8801,2026-07-20,2026-07-26,4:00:00 PM,BATIDO TRIGO,1.0,0.007,4.99
8802,2026-07-20,2026-07-26,4:00:00 PM,BISTEC A CABALLO,1.0,0.022,14.49
8803,2026-07-20,2026-07-26,4:00:00 PM,-BISTEC DE HIGADO,1.0,0.02,13.49
8804,2026-07-20,2026-07-26,4:00:00 PM,BISTEC DE POLLO-,4.0,0.082,54.36
8805,2026-07-20,2026-07-26,4:00:00 PM,BISTEC DE POLLO.,5.0,0.102,67.85
8806,2026-07-20,2026-07-26,4:00:00 PM,-BISTEC DE POLLO.,2.0,0.041,27.38
8807,2026-07-20,2026-07-26,4:00:00 PM,BISTEC DE POLLO..,7.0,0.144,95.63
8808,2026-07-20,2026-07-26,4:00:00 PM,BISTEC DE POLLO...,2.0,0.041,27.38
8809,2026-07-20,2026-07-26,4:00:00 PM,-BISTEC DE PUERCO,1.0,0.023,15.49
8810,2026-07-20,2026-07-26,4:00:00 PM,BISTEC EN CAZUELA,1.0,0.022,14.69
8811,2026-07-20,2026-07-26,4:00:00 PM,-BISTEC PALOMILLA,17.0,0.472,314.03
8812,2026-07-20,2026-07-26,4:00:00 PM,BISTEC POLLO PLANCHA,4.0,0.084,55.76
8813,2026-07-20,2026-07-26,4:00:00 PM,-BISTECDE POLLO,3.0,0.061,40.87
8814,2026-07-20,2026-07-26,4:00:00 PM,BOLICHE ..,2.0,0.046,30.38
8815,2026-07-20,2026-07-26,4:00:00 PM,-BOLICHE ASADO,2.0,0.05,32.98
8816,2026-07-20,2026-07-26,4:00:00 PM,BONIATILLO.,1.0,0.002,1.5
8817,2026-07-20,2026-07-26,4:00:00 PM,BONIATO HERVIDO,1.0,0.007,4.99
8818,2026-07-20,2026-07-26,4:00:00 PM,BOÑUELOS.,1.0,0.008,5.49
8819,2026-07-20,2026-07-26,4:00:00 PM,CAFE CON LECHE GRANDE,1.0,0.007,4.5
8820,2026-07-20,2026-07-26,4:00:00 PM,CAFE CON LECHE MEDIANO,1.0,0.006,3.75
8821,2026-07-20,2026-07-26,4:00:00 PM,CAFE CUBANO.,19.0,0.043,28.5
8822,2026-07-20,2026-07-26,4:00:00 PM,CALABAZA HERVIDA..,1.0,0.007,4.99
8823,2026-07-20,2026-07-26,4:00:00 PM,CALDO GALLEGO.MEDIANO.,2.0,0.025,16.38
8824,2026-07-20,2026-07-26,4:00:00 PM,CALDO.GALLEGO GRANDE.,1.0,0.017,11.49
8825,2026-07-20,2026-07-26,4:00:00 PM,CAMARONES AL AJILLO.,1.0,0.03,19.99
8826,2026-07-20,2026-07-26,4:00:00 PM,CANT 5 DELIVER,5.0,0.526,350.0
8827,2026-07-20,2026-07-26,4:00:00 PM,CANT 5 RECOGER,1.0,0.09,60.0
8828,2026-07-20,2026-07-26,4:00:00 PM,CARNE CON PAPAS.,5.0,0.106,70.55
8829,2026-07-20,2026-07-26,4:00:00 PM,CHICHAR POLLO SIN HUES,1.0,0.021,13.69
8830,2026-07-20,2026-07-26,4:00:00 PM,CHICHARO MEDIANO.,2.0,0.021,13.98
8831,2026-07-20,2026-07-26,4:00:00 PM,CHICHARRON DE POLLO.,1.0,0.018,11.99
8832,2026-07-20,2026-07-26,4:00:00 PM,chichek wings,2.0,0.023,15.0
8833,2026-07-20,2026-07-26,4:00:00 PM,CHULETAS DE PUERCO,1.0,0.022,14.49
8834,2026-07-20,2026-07-26,4:00:00 PM,CHULETAS DE PUERCO.,1.0,0.021,13.69
8835,2026-07-20,2026-07-26,4:00:00 PM,"CHURRASCO ,,,",4.0,0.163,108.76
8836,2026-07-20,2026-07-26,4:00:00 PM,CLUB SANDWICH.,1.0,0.018,11.99
8837,2026-07-20,2026-07-26,4:00:00 PM,COKE CERO.,2.0,0.008,5.0
8838,2026-07-20,2026-07-26,4:00:00 PM,COKE.,4.0,0.015,10.0
8839,2026-07-20,2026-07-26,4:00:00 PM,COLADA.,5.0,0.021,13.75
8840,2026-07-20,2026-07-26,4:00:00 PM,COLORADOS GRANDE.,1.0,0.015,9.69
8841,2026-07-20,2026-07-26,4:00:00 PM,COPA VINO,4.0,0.054,35.96
8842,2026-07-20,2026-07-26,4:00:00 PM,-CORONA.,3.0,0.025,16.47
8843,2026-07-20,2026-07-26,4:00:00 PM,Cortadito Evaporada,6.0,0.023,15.0
8844,2026-07-20,2026-07-26,4:00:00 PM,"Cortadito,.",2.0,0.006,4.24
8845,2026-07-20,2026-07-26,4:00:00 PM,CREMA BROCOLY,2.0,0.028,18.5
8846,2026-07-20,2026-07-26,4:00:00 PM,CREMA CALABAZA GRANDE,1.0,0.015,9.99
8847,2026-07-20,2026-07-26,4:00:00 PM,CREMA CALABAZA MEDIAN,2.0,0.021,13.98
8848,2026-07-20,2026-07-26,4:00:00 PM,CREMA CALABAZACHIQUIT,1.0,0.007,4.5
8849,2026-07-20,2026-07-26,4:00:00 PM,CREMA MALANGA MEDIANA.,7.0,0.073,48.93
8850,2026-07-20,2026-07-26,4:00:00 PM,CREMA VEGETAL GRANDE.,1.0,0.016,10.49
8851,2026-07-20,2026-07-26,4:00:00 PM,CREMA VEGETALE.MEDIAN,1.0,0.01,6.99
8852,2026-07-20,2026-07-26,4:00:00 PM,CREMA. MALANGA CHIQUIT,2.0,0.014,9.0
8853,2026-07-20,2026-07-26,4:00:00 PM,CREMA. MALANGA GRANDE.,1.0,0.016,10.49
8854,2026-07-20,2026-07-26,4:00:00 PM,CREMITA.,1.0,0.002,1.25
8855,2026-07-20,2026-07-26,4:00:00 PM,croqueta bacalao.,2.0,0.006,3.98
8856,2026-07-20,2026-07-26,4:00:00 PM,croqueta jamon.,26.0,0.068,45.5
8857,2026-07-20,2026-07-26,4:00:00 PM,croqueta pollo.,4.0,0.011,7.0
8858,2026-07-20,2026-07-26,4:00:00 PM,CUBANO ESPECIAL..,2.0,0.036,24.18
8859,2026-07-20,2026-07-26,4:00:00 PM,CUNE.1/2,2.0,0.051,33.98
8860,2026-07-20,2026-07-26,4:00:00 PM,DEDITOS DE PESCADO,2.0,0.049,32.38
8861,2026-07-20,2026-07-26,4:00:00 PM,-DEDITOS DE POLLO,1.0,0.02,13.19
8862,2026-07-20,2026-07-26,4:00:00 PM,DESALLUNOS..,1.0,0.018,11.99
8863,2026-07-20,2026-07-26,4:00:00 PM,DIET COKE.,2.0,0.007,4.5
8864,2026-07-20,2026-07-26,4:00:00 PM,DIET MATERVA.,2.0,0.008,5.0
8865,2026-07-20,2026-07-26,4:00:00 PM,DULCE DE LECHE,2.0,0.016,10.98
8866,2026-07-20,2026-07-26,4:00:00 PM,ELENA RUZ.,1.0,0.015,10.19
8867,2026-07-20,2026-07-26,4:00:00 PM,Empanada carne,9.0,0.04,26.91
8868,2026-07-20,2026-07-26,4:00:00 PM,Empanada Jamon/Queso,4.0,0.018,11.96
8869,2026-07-20,2026-07-26,4:00:00 PM,Empanada Pollo,5.0,0.022,14.95
8870,2026-07-20,2026-07-26,4:00:00 PM,ENPANISADO. RES,4.0,0.103,68.36
8871,2026-07-20,2026-07-26,4:00:00 PM,ENSALA AGUACAT PEQUE,6.0,0.041,27.0
8872,2026-07-20,2026-07-26,4:00:00 PM,ENSALA POLLO 2 CROQUET,2.0,0.038,24.98
8873,2026-07-20,2026-07-26,4:00:00 PM,ENSALADA MIXTA,1.0,0.01,6.5
8874,2026-07-20,2026-07-26,4:00:00 PM,Ensalada Small,4.0,0.017,11.0
8875,2026-07-20,2026-07-26,4:00:00 PM,Epaguetti con jamon.RO,1.0,0.02,12.99
8876,2026-07-20,2026-07-26,4:00:00 PM,EXTRA AGUACATE.,3.0,0.008,5.25
8877,2026-07-20,2026-07-26,4:00:00 PM,FILETE CURVINA PLANCHA,1.0,0.029,19.19
8878,2026-07-20,2026-07-26,4:00:00 PM,FILETE PARGO PLANCHA,2.0,0.063,42.18
8879,2026-07-20,2026-07-26,4:00:00 PM,-FILETE PESCADO PLANCH,2.0,0.052,34.38
8880,2026-07-20,2026-07-26,4:00:00 PM,FILETE SALMON.,3.0,0.081,54.0
8881,2026-07-20,2026-07-26,4:00:00 PM,FILETILLO DE CARNE.,3.0,0.061,40.87
8882,2026-07-20,2026-07-26,4:00:00 PM,FILETILLO POLLO PLANCH,1.0,0.023,15.19
8883,2026-07-20,2026-07-26,4:00:00 PM,FILETILLO RES PLANCHA.,1.0,0.023,14.99
8884,2026-07-20,2026-07-26,4:00:00 PM,FLAN ESPECIAL.,2.0,0.018,11.98
8885,2026-07-20,2026-07-26,4:00:00 PM,-FLAN.,6.0,0.045,29.94
8886,2026-07-20,2026-07-26,4:00:00 PM,-FRICASE DE POLLO,2.0,0.034,22.38
8887,2026-07-20,2026-07-26,4:00:00 PM,FRICASE PUERCO.,2.0,0.04,26.7
8888,2026-07-20,2026-07-26,4:00:00 PM,FRIJOL MEDIANO.,3.0,0.022,14.97
8889,2026-07-20,2026-07-26,4:00:00 PM,GARBANZO GRANDE.,1.0,0.016,10.49
8890,2026-07-20,2026-07-26,4:00:00 PM,GARBANZO.FRITO.,1.0,0.021,14.19
8891,2026-07-20,2026-07-26,4:00:00 PM,GARBANZO.MEDIANO.,4.0,0.042,27.96
8892,2026-07-20,2026-07-26,4:00:00 PM,GATORADE LIMON,1.0,0.006,3.99
8893,2026-07-20,2026-07-26,4:00:00 PM,GUARAPO.,6.0,0.047,31.5
8894,2026-07-20,2026-07-26,4:00:00 PM,GUISO MAIZ GRANDE.,1.0,0.016,10.49
8895,2026-07-20,2026-07-26,4:00:00 PM,GUISO.MAIZ MEDIANO.,2.0,0.021,13.98
8896,2026-07-20,2026-07-26,4:00:00 PM,Heineken,1.0,0.008,5.49
8897,2026-07-20,2026-07-26,4:00:00 PM,HELADO CONO..,1.0,0.005,3.5
8898,2026-07-20,2026-07-26,4:00:00 PM,HIGADO ITALIANA,1.0,0.026,16.99
8899,2026-07-20,2026-07-26,4:00:00 PM,HORDE DEPAN,1.0,0.002,1.5
8900,2026-07-20,2026-07-26,4:00:00 PM,HORDEN DE 3 CHICHARONE,3.0,0.015,9.75
8901,2026-07-20,2026-07-26,4:00:00 PM,HUEVO FRITO,8.0,0.018,12.0
8902,2026-07-20,2026-07-26,4:00:00 PM,IRON BEER.,1.0,0.004,2.5
8903,2026-07-20,2026-07-26,4:00:00 PM,JUGO MARACULLA,1.0,0.007,4.5
8904,2026-07-20,2026-07-26,4:00:00 PM,JUGO ZANAHORIA NARAJA,3.0,0.022,14.97
8905,2026-07-20,2026-07-26,4:00:00 PM,JUGO.NARANJA.,6.0,0.047,31.5
8906,2026-07-20,2026-07-26,4:00:00 PM,Juntas,2.0,0.0,0.0
8907,2026-07-20,2026-07-26,4:00:00 PM,JUPIÑA.,1.0,0.004,2.5
8908,2026-07-20,2026-07-26,4:00:00 PM,LECHUGA CEBOLLA PEPINO,2.0,0.015,9.98
8909,2026-07-20,2026-07-26,4:00:00 PM,LENTEJAS GRANDE.,4.0,0.057,37.96
8910,2026-07-20,2026-07-26,4:00:00 PM,LENTEJAS MEDIANA.,3.0,0.031,20.97
8911,2026-07-20,2026-07-26,4:00:00 PM,LIMANADA COCO.,1.0,0.009,5.99
8912,2026-07-20,2026-07-26,4:00:00 PM,LIMONADA,4.0,0.027,18.0
8913,2026-07-20,2026-07-26,4:00:00 PM,MADIO.POLLO A la brasa,2.0,0.043,28.38
8914,2026-07-20,2026-07-26,4:00:00 PM,-MADUROS.,5.0,0.034,22.45
8915,2026-07-20,2026-07-26,4:00:00 PM,MALBORO REG,1.0,0.018,12.0
8916,2026-07-20,2026-07-26,4:00:00 PM,-MARIQUITAS.,4.0,0.036,23.96
8917,2026-07-20,2026-07-26,4:00:00 PM,MARIQUITAS..MIXTA,1.0,0.008,5.49
8918,2026-07-20,2026-07-26,4:00:00 PM,-MASAS DE PUERCO,5.0,0.11,72.95
8919,2026-07-20,2026-07-26,4:00:00 PM,MASAS DE PUERCO.,3.0,0.061,40.67
8920,2026-07-20,2026-07-26,4:00:00 PM,-MASAS DE PUERCO.,2.0,0.042,28.18
8921,2026-07-20,2026-07-26,4:00:00 PM,MATERVA.,10.0,0.038,25.0
8922,2026-07-20,2026-07-26,4:00:00 PM,MEDIA NOCHE.,2.0,0.03,20.18
8923,2026-07-20,2026-07-26,4:00:00 PM,-MEDIO POLLO A BRASA.,1.0,0.02,13.19
8924,2026-07-20,2026-07-26,4:00:00 PM,MEDIO POLLO.ASADO.,6.0,0.122,81.14
8925,2026-07-20,2026-07-26,4:00:00 PM,MELON..SANDIA,6.0,0.041,27.0
8926,2026-07-20,2026-07-26,4:00:00 PM,MIAMI SANDWICH.,1.0,0.018,12.19
8927,2026-07-20,2026-07-26,4:00:00 PM,-MILANESA DE POLLO,1.0,0.024,16.19
8928,2026-07-20,2026-07-26,4:00:00 PM,MILANESA RES.,2.0,0.06,39.98
8929,2026-07-20,2026-07-26,4:00:00 PM,MISC COCINA,4.0,0.009,6.0
8930,2026-07-20,2026-07-26,4:00:00 PM,MOROS...,1.0,0.006,3.99
8931,2026-07-20,2026-07-26,4:00:00 PM,NATILLA CATALANA,1.0,0.009,6.25
8932,2026-07-20,2026-07-26,4:00:00 PM,palomilla baby,1.0,0.017,11.2
8933,2026-07-20,2026-07-26,4:00:00 PM,-PAN CON BISTEC.,6.0,0.103,68.34
8934,2026-07-20,2026-07-26,4:00:00 PM,PAN CON LECHON.,1.0,0.014,9.49
8935,2026-07-20,2026-07-26,4:00:00 PM,PAN CON TORTILLA.,1.0,0.017,11.19
8936,2026-07-20,2026-07-26,4:00:00 PM,PAPA RELLENA,2.0,0.009,5.98
8937,2026-07-20,2026-07-26,4:00:00 PM,PAPAS FRITAS,3.0,0.02,13.47
8938,2026-07-20,2026-07-26,4:00:00 PM,PICADILLO,1.0,0.021,13.69
8939,2026-07-20,2026-07-26,4:00:00 PM,PIERNA LASQUIADA.,1.0,0.286,190.19
8940,2026-07-20,2026-07-26,4:00:00 PM,PLATANO HERVIDO,1.0,0.007,4.99
8941,2026-07-20,2026-07-26,4:00:00 PM,POLLO EMPANIZADO,1.0,0.022,14.69
8942,2026-07-20,2026-07-26,4:00:00 PM,POTAJE COLORADOS MEDIA,3.0,0.032,21.37
8943,2026-07-20,2026-07-26,4:00:00 PM,PUDIN DE PAN.,2.0,0.016,10.98
8944,2026-07-20,2026-07-26,4:00:00 PM,PUDIN DIPLOMATICO.,3.0,0.025,16.47
8945,2026-07-20,2026-07-26,4:00:00 PM,PURE PAPAS.,2.0,0.013,8.98
8946,2026-07-20,2026-07-26,4:00:00 PM,QUESO AMERICANO.,1.0,0.003,1.75
8947,2026-07-20,2026-07-26,4:00:00 PM,RABO ENCENDIDO.,4.0,0.145,96.76
8948,2026-07-20,2026-07-26,4:00:00 PM,RABO ENCENDIDO...,5.0,0.183,122.05
8949,2026-07-20,2026-07-26,4:00:00 PM,-RACION DE MALANGA.,1.0,0.009,5.99
8950,2026-07-20,2026-07-26,4:00:00 PM,Ribeye Steak,1.0,0.047,31.2
8951,2026-07-20,2026-07-26,4:00:00 PM,RIÑONADA.,3.0,0.098,65.17
8952,2026-07-20,2026-07-26,4:00:00 PM,ROPA VIEJA..,1.0,0.023,15.19
8953,2026-07-20,2026-07-26,4:00:00 PM,ROPA VIEJA...,2.0,0.05,33.38
8954,2026-07-20,2026-07-26,4:00:00 PM,SAND JAMON QUESO,1.0,0.014,9.19
8955,2026-07-20,2026-07-26,4:00:00 PM,SANDWECHES POLLO..,2.0,0.035,23.18
8956,2026-07-20,2026-07-26,4:00:00 PM,SM CREMA CALABAZA-,1.0,0.006,3.99
8957,2026-07-20,2026-07-26,4:00:00 PM,Sopa de Pollo Grande,9.0,0.115,76.41
8958,2026-07-20,2026-07-26,4:00:00 PM,SOPA DE RES MEDIANA,2.0,0.024,16.18
8959,2026-07-20,2026-07-26,4:00:00 PM,SOPA PESCADO MEDIANA.,1.0,0.01,6.99
8960,2026-07-20,2026-07-26,4:00:00 PM,SOPA PLATANO GRANDE.,2.0,0.032,20.98
8961,2026-07-20,2026-07-26,4:00:00 PM,Sopa Pollo Medina,4.0,0.033,21.96
8962,2026-07-20,2026-07-26,4:00:00 PM,SOPA. POLLO CHIQUITA,3.0,0.016,10.5
8963,2026-07-20,2026-07-26,4:00:00 PM,Spagheti Carne SALSA R,1.0,0.026,17.19
8964,2026-07-20,2026-07-26,4:00:00 PM,SPAGHETTI CARNE ALFRED,1.0,0.024,16.19
8965,2026-07-20,2026-07-26,4:00:00 PM,SPAGHETTI POLLO ALFRED,1.0,0.023,15.19
8966,2026-07-20,2026-07-26,4:00:00 PM,Spaghetti Pollo.ROJA,1.0,0.023,15.19
8967,2026-07-20,2026-07-26,4:00:00 PM,SPRIET.,2.0,0.008,5.0
8968,2026-07-20,2026-07-26,4:00:00 PM,T0 GO MESA,15.0,0.008,5.25
8969,2026-07-20,2026-07-26,4:00:00 PM,TAMAL,6.0,0.027,17.94
8970,2026-07-20,2026-07-26,4:00:00 PM,TAMAL.CAZUELA GRANDE.,2.0,0.034,22.38
8971,2026-07-20,2026-07-26,4:00:00 PM,To Go.,10.0,0.003,2.0
8972,2026-07-20,2026-07-26,4:00:00 PM,To Go..,37.0,0.012,7.85
8973,2026-07-20,2026-07-26,4:00:00 PM,TOREJA CUBANA,1.0,0.009,5.99
8974,2026-07-20,2026-07-26,4:00:00 PM,TORTILLA.,1.0,0.017,10.99
8975,2026-07-20,2026-07-26,4:00:00 PM,TOSTADA,4.0,0.012,7.96
8976,2026-07-20,2026-07-26,4:00:00 PM,TOSTADA 2 CROQUETAS.,1.0,0.007,4.99
8977,2026-07-20,2026-07-26,4:00:00 PM,TRES LECHES.,6.0,0.054,35.94
8978,2026-07-20,2026-07-26,4:00:00 PM,-VACA FRITA,10.0,0.257,171.3
8979,2026-07-20,2026-07-26,4:00:00 PM,-VACA FRITA.,2.0,0.049,32.38
8980,2026-07-20,2026-07-26,4:00:00 PM,vegetal.salteado,1.0,0.008,5.49
8981,2026-07-20,2026-07-26,5:00:00 PM,.ARROZ FRITO,3.0,0.061,40.87
8982,2026-07-20,2026-07-26,5:00:00 PM,.BISTEC DE POLLO,7.0,0.143,95.43
8983,2026-07-20,2026-07-26,5:00:00 PM,_=====================,39.0,0.0,0.0
8984,2026-07-20,2026-07-26,5:00:00 PM,== TO GO ==,39.0,0.012,7.8
8985,2026-07-20,2026-07-26,5:00:00 PM,======================,17.0,0.0,0.0
8986,2026-07-20,2026-07-26,5:00:00 PM,2 PIEZAS DE CORDERO.,1.0,0.038,24.99
8987,2026-07-20,2026-07-26,5:00:00 PM,305 Morados,3.0,0.028,18.75
8988,2026-07-20,2026-07-26,5:00:00 PM,AGUA NATURAL,1.0,0.003,1.99
8989,2026-07-20,2026-07-26,5:00:00 PM,AGUA PERRIER,1.0,0.005,3.49
8990,2026-07-20,2026-07-26,5:00:00 PM,AJIACO MEDIANO,1.0,0.011,7.19
8991,2026-07-20,2026-07-26,5:00:00 PM,AJIACO..GRANDE,2.0,0.032,21.18
8992,2026-07-20,2026-07-26,5:00:00 PM,ALBONDIGAS.RES.,1.0,0.021,13.99
8993,2026-07-20,2026-07-26,5:00:00 PM,ARROS CON MARISCOS.,3.0,0.181,120.37
8994,2026-07-20,2026-07-26,5:00:00 PM,ARROZ CON LECHE,2.0,0.016,10.98
8995,2026-07-20,2026-07-26,5:00:00 PM,ARROZ BLANCO..,5.0,0.024,16.25
8996,2026-07-20,2026-07-26,5:00:00 PM,ARROZ CHIQUITO,4.0,0.014,9.0
8997,2026-07-20,2026-07-26,5:00:00 PM,ARROZ CON POLLO,2.0,0.038,25.18
8998,2026-07-20,2026-07-26,5:00:00 PM,Arroz con puerco,1.0,0.02,12.99
8999,2026-07-20,2026-07-26,5:00:00 PM,-ARROZ FRITO,1.0,0.02,13.49
9000,2026-07-20,2026-07-26,5:00:00 PM,ARROZ IMPERIAL..,2.0,0.043,28.38
9001,2026-07-20,2026-07-26,5:00:00 PM,Arroz pollo.desmenuza.,1.0,0.021,13.69
9002,2026-07-20,2026-07-26,5:00:00 PM,BABY CHURASCO,3.0,0.093,61.67
9003,2026-07-20,2026-07-26,5:00:00 PM,BABY CHURRASCO,3.0,0.082,54.57
9004,2026-07-20,2026-07-26,5:00:00 PM,BACALAO VISCAINA,1.0,0.03,19.99
9005,2026-07-20,2026-07-26,5:00:00 PM,BATIDO .FRESA,1.0,0.007,4.99
9006,2026-07-20,2026-07-26,5:00:00 PM,BATIDO MAMEY,4.0,0.033,21.96
9007,2026-07-20,2026-07-26,5:00:00 PM,BATIDO MANGO,3.0,0.022,14.97
9008,2026-07-20,2026-07-26,5:00:00 PM,BATIDO TRIGO,1.0,0.007,4.99
9009,2026-07-20,2026-07-26,5:00:00 PM,BISTEC A CABALLO,2.0,0.046,30.48
9010,2026-07-20,2026-07-26,5:00:00 PM,-BISTEC DE HIGADO,5.0,0.102,67.85
9011,2026-07-20,2026-07-26,5:00:00 PM,BISTEC DE POLLO-,4.0,0.082,54.56
9012,2026-07-20,2026-07-26,5:00:00 PM,BISTEC DE POLLO.,4.0,0.082,54.76
9013,2026-07-20,2026-07-26,5:00:00 PM,-BISTEC DE POLLO.,4.0,0.085,56.76
9014,2026-07-20,2026-07-26,5:00:00 PM,BISTEC DE POLLO..,2.0,0.043,28.88
9015,2026-07-20,2026-07-26,5:00:00 PM,BISTEC DE POLLO...,3.0,0.062,41.07
9016,2026-07-20,2026-07-26,5:00:00 PM,-BISTEC DE PUERCO,1.0,0.027,17.69
9017,2026-07-20,2026-07-26,5:00:00 PM,BISTEC EN CAZUELA,3.0,0.069,45.87
9018,2026-07-20,2026-07-26,5:00:00 PM,-BISTEC PALOMILLA,7.0,0.194,128.93
9019,2026-07-20,2026-07-26,5:00:00 PM,BISTEC POLLO PLANCHA,7.0,0.144,95.83
9020,2026-07-20,2026-07-26,5:00:00 PM,-BISTECDE POLLO,4.0,0.082,54.36
9021,2026-07-20,2026-07-26,5:00:00 PM,BOLICHE ..,3.0,0.068,45.37
9022,2026-07-20,2026-07-26,5:00:00 PM,-BOLICHE ASADO,1.0,0.025,16.69
9023,2026-07-20,2026-07-26,5:00:00 PM,BOÑUELOS.,4.0,0.033,21.96
9024,2026-07-20,2026-07-26,5:00:00 PM,CAF.LEC.EVAP.CHICO,1.0,0.005,3.0
9025,2026-07-20,2026-07-26,5:00:00 PM,CAF.LEC.EVAP.MEDIA,1.0,0.007,4.5
9026,2026-07-20,2026-07-26,5:00:00 PM,CAFE CON LECHE GRANDE,2.0,0.014,9.0
9027,2026-07-20,2026-07-26,5:00:00 PM,CAFE CON LECHE PEQUENO,3.0,0.011,7.5
9028,2026-07-20,2026-07-26,5:00:00 PM,CAFE CUBANO.,18.0,0.041,27.0
9029,2026-07-20,2026-07-26,5:00:00 PM,CALDO GALLEGO.MEDIANO.,3.0,0.036,24.17
9030,2026-07-20,2026-07-26,5:00:00 PM,CAMARONES AL AJILLO.,1.0,0.03,19.99
9031,2026-07-20,2026-07-26,5:00:00 PM,CAMARONES ENCHILADO.,1.0,0.03,19.99
9032,2026-07-20,2026-07-26,5:00:00 PM,CANT 4 DELIVER,1.0,0.084,56.0
9033,2026-07-20,2026-07-26,5:00:00 PM,CANT 4 RECOGER,1.0,0.072,48.0
9034,2026-07-20,2026-07-26,5:00:00 PM,CANT 5 DELIVER,3.0,0.315,210.0
9035,2026-07-20,2026-07-26,5:00:00 PM,CANT 5 RECOGER,1.0,0.09,60.0
9036,2026-07-20,2026-07-26,5:00:00 PM,CARNE CON PAPAS.,4.0,0.089,59.16
9037,2026-07-20,2026-07-26,5:00:00 PM,CASCOS GUAVA QUESO,2.0,0.018,11.98
9038,2026-07-20,2026-07-26,5:00:00 PM,CASUELA MARISCOS.,1.0,0.057,38.2
9039,2026-07-20,2026-07-26,5:00:00 PM,CHICHAR POLLO SIN HUES,4.0,0.082,54.76
9040,2026-07-20,2026-07-26,5:00:00 PM,CHICHARO GRANDE.,5.0,0.069,45.95
9041,2026-07-20,2026-07-26,5:00:00 PM,CHICHARO MEDIANO.,2.0,0.021,13.98
9042,2026-07-20,2026-07-26,5:00:00 PM,chichek wings,1.0,0.011,7.5
9043,2026-07-20,2026-07-26,5:00:00 PM,CHILINDRON D CHIVO,2.0,0.066,43.98
9044,2026-07-20,2026-07-26,5:00:00 PM,CHULETAS DE PUERCO,3.0,0.067,44.87
9045,2026-07-20,2026-07-26,5:00:00 PM,CHULETAS DE PUERCO.,4.0,0.082,54.76
9046,2026-07-20,2026-07-26,5:00:00 PM,"CHURRASCO ,,,",6.0,0.238,158.54
9047,2026-07-20,2026-07-26,5:00:00 PM,COKE.,8.0,0.03,20.0
9048,2026-07-20,2026-07-26,5:00:00 PM,COLADA.,6.0,0.025,16.5
9049,2026-07-20,2026-07-26,5:00:00 PM,COLORADOS GRANDE.,2.0,0.029,19.38
9050,2026-07-20,2026-07-26,5:00:00 PM,COPA DE SANGRIA.,2.0,0.027,17.98
9051,2026-07-20,2026-07-26,5:00:00 PM,COPA VINO,3.0,0.041,26.97
9052,2026-07-20,2026-07-26,5:00:00 PM,-CORONA.,4.0,0.033,21.96
9053,2026-07-20,2026-07-26,5:00:00 PM,Cortadito Evaporada,8.0,0.03,20.0
9054,2026-07-20,2026-07-26,5:00:00 PM,"Cortadito,.",3.0,0.01,6.49
9055,2026-07-20,2026-07-26,5:00:00 PM,CREMA BROCOLY,1.0,0.014,9.25
9056,2026-07-20,2026-07-26,5:00:00 PM,CREMA CALABAZA GRANDE,2.0,0.03,19.98
9057,2026-07-20,2026-07-26,5:00:00 PM,CREMA CALABAZA MEDIAN,3.0,0.031,20.97
9058,2026-07-20,2026-07-26,5:00:00 PM,CREMA CALABAZACHIQUIT,1.0,0.007,4.5
9059,2026-07-20,2026-07-26,5:00:00 PM,CREMA MALANGA MEDIANA.,13.0,0.136,90.87
9060,2026-07-20,2026-07-26,5:00:00 PM,CREMA VEGETAL GRANDE.,1.0,0.016,10.49
9061,2026-07-20,2026-07-26,5:00:00 PM,CREMA. MALANGA GRANDE.,5.0,0.079,52.45
9062,2026-07-20,2026-07-26,5:00:00 PM,croqueta bacalao.,2.0,0.006,3.98
9063,2026-07-20,2026-07-26,5:00:00 PM,croqueta jamon.,22.0,0.058,38.5
9064,2026-07-20,2026-07-26,5:00:00 PM,CROQUETA PREPARADA.,1.0,0.018,12.19
9065,2026-07-20,2026-07-26,5:00:00 PM,CUBANO REGULAR.,3.0,0.046,30.37
9066,2026-07-20,2026-07-26,5:00:00 PM,DEDITOS .PESCADO.,2.0,0.045,29.88
9067,2026-07-20,2026-07-26,5:00:00 PM,DEDITOS DE PESCADO,2.0,0.052,34.38
9068,2026-07-20,2026-07-26,5:00:00 PM,-DEDITOS DE POLLO,2.0,0.04,26.38
9069,2026-07-20,2026-07-26,5:00:00 PM,DIET COKE.,1.0,0.003,2.25
9070,2026-07-20,2026-07-26,5:00:00 PM,Empanada carne,1.0,0.004,2.99
9071,2026-07-20,2026-07-26,5:00:00 PM,Empanada Jamon/Queso,7.0,0.031,20.93
9072,2026-07-20,2026-07-26,5:00:00 PM,ENPANISADO. RES,7.0,0.17,112.93
9073,2026-07-20,2026-07-26,5:00:00 PM,"ENPELLAS,chicharones.",1.0,0.009,6.0
9074,2026-07-20,2026-07-26,5:00:00 PM,ENSALA AGUACAT PEQUE,9.0,0.061,40.5
9075,2026-07-20,2026-07-26,5:00:00 PM,ENSALA POLLO 2 CROQUET,1.0,0.019,12.49
9076,2026-07-20,2026-07-26,5:00:00 PM,ENSALADA AGUACAT GRAND,2.0,0.017,11.0
9077,2026-07-20,2026-07-26,5:00:00 PM,ESPAQUETI .SOLO ALFRED,1.0,0.014,8.99
9078,2026-07-20,2026-07-26,5:00:00 PM,EXTRA AGUACATE.,1.0,0.003,1.75
9079,2026-07-20,2026-07-26,5:00:00 PM,extra.coco,2.0,0.006,3.98
9080,2026-07-20,2026-07-26,5:00:00 PM,FABADA MEDIANA.,1.0,0.011,7.19
9081,2026-07-20,2026-07-26,5:00:00 PM,FELITOS,4.0,0.009,5.96
9082,2026-07-20,2026-07-26,5:00:00 PM,FILETE ALA FRANCESA,1.0,0.032,20.99
9083,2026-07-20,2026-07-26,5:00:00 PM,FILETE ALA VILVAINA,1.0,0.03,19.99
9084,2026-07-20,2026-07-26,5:00:00 PM,-FILETE PESCADO PLANCH,5.0,0.13,86.75
9085,2026-07-20,2026-07-26,5:00:00 PM,FILETE SALMON.,1.0,0.027,18.2
9086,2026-07-20,2026-07-26,5:00:00 PM,FILETILL POLLO SALSA,2.0,0.045,30.18
9087,2026-07-20,2026-07-26,5:00:00 PM,FILETILLO DE CARNE.,2.0,0.041,27.18
9088,2026-07-20,2026-07-26,5:00:00 PM,FILETILLO POLLO PLANCH,4.0,0.093,61.76
9089,2026-07-20,2026-07-26,5:00:00 PM,FILETILLO RES PLANCHA.,1.0,0.023,15.19
9090,2026-07-20,2026-07-26,5:00:00 PM,FLAN ESPECIAL.,4.0,0.036,23.96
9091,2026-07-20,2026-07-26,5:00:00 PM,-FLAN.,4.0,0.03,19.96
9092,2026-07-20,2026-07-26,5:00:00 PM,-FRICASE DE POLLO,9.0,0.153,101.91
9093,2026-07-20,2026-07-26,5:00:00 PM,FRICASE PUERCO.,1.0,0.02,13.25
9094,2026-07-20,2026-07-26,5:00:00 PM,FRIJOL GRANDE,3.0,0.036,23.97
9095,2026-07-20,2026-07-26,5:00:00 PM,FRIJOL MEDIANO.,3.0,0.022,14.97
9096,2026-07-20,2026-07-26,5:00:00 PM,FRITURA VACALAO.,2.0,0.02,13.0
9097,2026-07-20,2026-07-26,5:00:00 PM,GALLETA DELICIOSAS,1.0,0.005,3.6
9098,2026-07-20,2026-07-26,5:00:00 PM,GARBANZO GRANDE.,1.0,0.016,10.49
9099,2026-07-20,2026-07-26,5:00:00 PM,GREMA-MALANGA.GRANDE.,1.0,0.016,10.49
9100,2026-07-20,2026-07-26,5:00:00 PM,GUARAPO.,7.0,0.055,36.75
9101,2026-07-20,2026-07-26,5:00:00 PM,GUISO MAIZ GRANDE.,1.0,0.016,10.49
9102,2026-07-20,2026-07-26,5:00:00 PM,GUISO.MAIZ MEDIANO.,2.0,0.021,13.98
9103,2026-07-20,2026-07-26,5:00:00 PM,Heineken,1.0,0.008,5.49
9104,2026-07-20,2026-07-26,5:00:00 PM,HELADO CONO..,10.0,0.053,35.0
9105,2026-07-20,2026-07-26,5:00:00 PM,HIGADO ITALIANA,2.0,0.045,29.98
9106,2026-07-20,2026-07-26,5:00:00 PM,HORDEN DE CHICHARON.,3.0,0.015,9.75
9107,2026-07-20,2026-07-26,5:00:00 PM,HORDEN DE 3 CHICHARONE,1.0,0.005,3.25
9108,2026-07-20,2026-07-26,5:00:00 PM,HUEVO FRITO,2.0,0.005,3.0
9109,2026-07-20,2026-07-26,5:00:00 PM,inca kola,1.0,0.004,2.99
9110,2026-07-20,2026-07-26,5:00:00 PM,IRON BEER.,2.0,0.008,5.0
9111,2026-07-20,2026-07-26,5:00:00 PM,JUEGO DE MANZANA,1.0,0.005,3.25
9112,2026-07-20,2026-07-26,5:00:00 PM,JUGO MARACULLA,3.0,0.02,13.5
9113,2026-07-20,2026-07-26,5:00:00 PM,JUGO ZANAHORIA NARAJA,2.0,0.015,9.98
9114,2026-07-20,2026-07-26,5:00:00 PM,JUGO.NARANJA.,4.0,0.032,21.0
9115,2026-07-20,2026-07-26,5:00:00 PM,LECHUGA CEBOLLA PEPINO,1.0,0.007,4.99
9116,2026-07-20,2026-07-26,5:00:00 PM,LENTEJAS GRANDE.,4.0,0.057,37.96
9117,2026-07-20,2026-07-26,5:00:00 PM,LENTEJAS MEDIANA.,3.0,0.031,20.97
9118,2026-07-20,2026-07-26,5:00:00 PM,LIMONADA,3.0,0.02,13.5
9119,2026-07-20,2026-07-26,5:00:00 PM,MADIO.POLLO A la brasa,2.0,0.043,28.38
9120,2026-07-20,2026-07-26,5:00:00 PM,-MADUROS.,6.0,0.04,26.94
9121,2026-07-20,2026-07-26,5:00:00 PM,-MALTA,3.0,0.015,9.75
9122,2026-07-20,2026-07-26,5:00:00 PM,MARIQUITAS DE MALANGA,1.0,0.009,5.99
9123,2026-07-20,2026-07-26,5:00:00 PM,-MARIQUITAS.,2.0,0.018,11.98
9124,2026-07-20,2026-07-26,5:00:00 PM,MARLBORO ROJO,1.0,0.018,12.0
9125,2026-07-20,2026-07-26,5:00:00 PM,-MASAS DE PUERCO,3.0,0.064,42.57
9126,2026-07-20,2026-07-26,5:00:00 PM,MASAS DE PUERCO.,2.0,0.044,29.38
9127,2026-07-20,2026-07-26,5:00:00 PM,-MASAS DE PUERCO.,2.0,0.042,28.18
9128,2026-07-20,2026-07-26,5:00:00 PM,MATERVA.,7.0,0.026,17.5
9129,2026-07-20,2026-07-26,5:00:00 PM,MEDIA NOCHE.,7.0,0.107,70.93
9130,2026-07-20,2026-07-26,5:00:00 PM,-MEDIO POLLO A BRASA.,2.0,0.04,26.38
9131,2026-07-20,2026-07-26,5:00:00 PM,-MEDIO POLLO FRITO,1.0,0.02,13.49
9132,2026-07-20,2026-07-26,5:00:00 PM,MELON..SANDIA,3.0,0.02,13.5
9133,2026-07-20,2026-07-26,5:00:00 PM,MIAMI SANDWICH.,2.0,0.036,24.18
9134,2026-07-20,2026-07-26,5:00:00 PM,-MILANESA DE POLLO,3.0,0.073,48.57
9135,2026-07-20,2026-07-26,5:00:00 PM,MILANESA RES.,2.0,0.061,40.38
9136,2026-07-20,2026-07-26,5:00:00 PM,MISC COCINA,3.0,0.014,9.0
9137,2026-07-20,2026-07-26,5:00:00 PM,MODELO,2.0,0.016,10.98
9138,2026-07-20,2026-07-26,5:00:00 PM,MOFONGO PUERCO.,3.0,0.077,50.97
9139,2026-07-20,2026-07-26,5:00:00 PM,Mofongo solo,1.0,0.012,7.99
9140,2026-07-20,2026-07-26,5:00:00 PM,MOROS...,1.0,0.006,3.99
9141,2026-07-20,2026-07-26,5:00:00 PM,NATILLA CATALANA,1.0,0.009,6.25
9142,2026-07-20,2026-07-26,5:00:00 PM,-PAN CON BISTEC.,8.0,0.133,88.72
9143,2026-07-20,2026-07-26,5:00:00 PM,PAPA RELLENA,1.0,0.004,2.99
9144,2026-07-20,2026-07-26,5:00:00 PM,PAPAS FRITAS,3.0,0.02,13.47
9145,2026-07-20,2026-07-26,5:00:00 PM,Pasteles Guayaba,1.0,0.002,1.5
9146,2026-07-20,2026-07-26,5:00:00 PM,PERICO RIPIADO.,1.0,0.018,11.99
9147,2026-07-20,2026-07-26,5:00:00 PM,PICADILLO,2.0,0.041,27.18
9148,2026-07-20,2026-07-26,5:00:00 PM,-PICADILLO,2.0,0.044,29.18
9149,2026-07-20,2026-07-26,5:00:00 PM,PIZZA DE QUESO,1.0,0.017,10.99
9150,2026-07-20,2026-07-26,5:00:00 PM,POLLO EMPANIZADO,5.0,0.11,73.25
9151,2026-07-20,2026-07-26,5:00:00 PM,POTAJE COLORADOS MEDIA,4.0,0.043,28.36
9152,2026-07-20,2026-07-26,5:00:00 PM,PUDIN DE PAN.,2.0,0.016,10.98
9153,2026-07-20,2026-07-26,5:00:00 PM,QUESO AMERICANO.,1.0,0.003,1.75
9154,2026-07-20,2026-07-26,5:00:00 PM,RABO ENCENDIDO.,4.0,0.145,96.36
9155,2026-07-20,2026-07-26,5:00:00 PM,RABO ENCENDIDO...,7.0,0.253,168.73
9156,2026-07-20,2026-07-26,5:00:00 PM,-RACION DE MALANGA.,2.0,0.018,11.98
9157,2026-07-20,2026-07-26,5:00:00 PM,RIÑONADA.,2.0,0.063,42.18
9158,2026-07-20,2026-07-26,5:00:00 PM,ROPA VIEJA..,1.0,0.023,14.99
9159,2026-07-20,2026-07-26,5:00:00 PM,ROPA VIEJA...,7.0,0.175,116.83
9160,2026-07-20,2026-07-26,5:00:00 PM,RUEDA SERRUCO FRITA.,1.0,0.024,16.19
9161,2026-07-20,2026-07-26,5:00:00 PM,SANDWECHES POLLO..,1.0,0.018,11.69
9162,2026-07-20,2026-07-26,5:00:00 PM,SANDWICH ENSAL POLLO,1.0,0.015,10.19
9163,2026-07-20,2026-07-26,5:00:00 PM,SM CREMA CALABAZA..,1.0,0.006,3.99
9164,2026-07-20,2026-07-26,5:00:00 PM,SM SOPA PESCADO,2.0,0.013,8.5
9165,2026-07-20,2026-07-26,5:00:00 PM,Sopa de Pollo Grande,8.0,0.102,67.92
9166,2026-07-20,2026-07-26,5:00:00 PM,SOPA DE RES GRANDE,4.0,0.073,48.76
9167,2026-07-20,2026-07-26,5:00:00 PM,SOPA DE RES MEDIANA,3.0,0.037,24.37
9168,2026-07-20,2026-07-26,5:00:00 PM,SOPA PESCADO GRANDE.,1.0,0.017,10.99
9169,2026-07-20,2026-07-26,5:00:00 PM,SOPA PLATANO GRANDE.,5.0,0.079,52.45
9170,2026-07-20,2026-07-26,5:00:00 PM,SOPA PLATANO MEDIANA.,1.0,0.01,6.99
9171,2026-07-20,2026-07-26,5:00:00 PM,Sopa Pollo Medina,10.0,0.082,54.9
9172,2026-07-20,2026-07-26,5:00:00 PM,SOPA. POLLO CHIQUITA,3.0,0.016,10.5
9173,2026-07-20,2026-07-26,5:00:00 PM,SOPON MARINERO.,1.0,0.039,25.99
9174,2026-07-20,2026-07-26,5:00:00 PM,SPRIET.,4.0,0.015,10.0
9175,2026-07-20,2026-07-26,5:00:00 PM,stella ARTOIS,2.0,0.016,10.98
9176,2026-07-20,2026-07-26,5:00:00 PM,SUNKIST.,1.0,0.004,2.5
9177,2026-07-20,2026-07-26,5:00:00 PM,T0 GO MESA,18.0,0.009,6.3
9178,2026-07-20,2026-07-26,5:00:00 PM,TAMAL,8.0,0.036,23.92
9179,2026-07-20,2026-07-26,5:00:00 PM,TAMAL CAZUELA.MEDIANO.,2.0,0.022,14.38
9180,2026-07-20,2026-07-26,5:00:00 PM,TAMAL.CAZUELA GRANDE.,3.0,0.05,33.57
9181,2026-07-20,2026-07-26,5:00:00 PM,To Go.,10.0,0.003,2.0
9182,2026-07-20,2026-07-26,5:00:00 PM,To Go..,72.0,0.023,15.15
9183,2026-07-20,2026-07-26,5:00:00 PM,TORTILLA.,1.0,0.017,10.99
9184,2026-07-20,2026-07-26,5:00:00 PM,TOSTADA,2.0,0.006,3.98
9185,2026-07-20,2026-07-26,5:00:00 PM,TOSTONES.,4.0,0.03,19.96
9186,2026-07-20,2026-07-26,5:00:00 PM,TRES LECHES.,3.0,0.027,17.97
9187,2026-07-20,2026-07-26,5:00:00 PM,-VACA FRITA,8.0,0.207,137.52
9188,2026-07-20,2026-07-26,5:00:00 PM,-VACA FRITA.,1.0,0.024,15.99
9189,2026-07-20,2026-07-26,5:00:00 PM,vegetal.hervido,8.0,0.06,39.92
9190,2026-07-20,2026-07-26,6:00:00 PM,.BISTEC DE POLLO,1.0,0.021,13.69
9191,2026-07-20,2026-07-26,6:00:00 PM,_=====================,30.0,0.0,0.0
9192,2026-07-20,2026-07-26,6:00:00 PM,== TO GO ==,25.0,0.008,5.0
9193,2026-07-20,2026-07-26,6:00:00 PM,======================,12.0,0.0,0.0
9194,2026-07-20,2026-07-26,6:00:00 PM,305 Morados,1.0,0.009,6.25
9195,2026-07-20,2026-07-26,6:00:00 PM,AGUA PERRIER,2.0,0.01,6.98
9196,2026-07-20,2026-07-26,6:00:00 PM,AJIACO MEDIANO,3.0,0.032,21.17
9197,2026-07-20,2026-07-26,6:00:00 PM,AJIACO..GRANDE,4.0,0.064,42.76
9198,2026-07-20,2026-07-26,6:00:00 PM,ALBONDIGAS.RES.,2.0,0.043,28.38
9199,2026-07-20,2026-07-26,6:00:00 PM,ARROS CON MARISCOS.,2.0,0.12,80.18
9200,2026-07-20,2026-07-26,6:00:00 PM,ARROZ BLANCO..,1.0,0.005,3.25
9201,2026-07-20,2026-07-26,6:00:00 PM,ARROZ CHIQUITO,2.0,0.007,4.5
9202,2026-07-20,2026-07-26,6:00:00 PM,Arroz con puerco,3.0,0.059,39.37
9203,2026-07-20,2026-07-26,6:00:00 PM,ARROZ FRITO,1.0,0.022,14.69
9204,2026-07-20,2026-07-26,6:00:00 PM,ARROZ IMPERIAL..,1.0,0.024,15.99
9205,2026-07-20,2026-07-26,6:00:00 PM,BABY CHURASCO,5.0,0.153,102.15
9206,2026-07-20,2026-07-26,6:00:00 PM,BABY CHURRASCO,3.0,0.082,54.57
9207,2026-07-20,2026-07-26,6:00:00 PM,bandeja rinconcito 87,1.0,0.05,32.99
9208,2026-07-20,2026-07-26,6:00:00 PM,BATIDO FRUTA BONBA,1.0,0.007,4.99
9209,2026-07-20,2026-07-26,6:00:00 PM,BATIDO MAMEY,5.0,0.041,27.45
9210,2026-07-20,2026-07-26,6:00:00 PM,BATIDO TRIGO,3.0,0.022,14.97
9211,2026-07-20,2026-07-26,6:00:00 PM,-BISTEC DE HIGADO,2.0,0.041,26.98
9212,2026-07-20,2026-07-26,6:00:00 PM,BISTEC DE POLLO-,3.0,0.062,41.07
9213,2026-07-20,2026-07-26,6:00:00 PM,BISTEC DE POLLO.,5.0,0.102,67.85
9214,2026-07-20,2026-07-26,6:00:00 PM,-BISTEC DE POLLO.,7.0,0.144,95.63
9215,2026-07-20,2026-07-26,6:00:00 PM,BISTEC DE POLLO..,8.0,0.164,109.32
9216,2026-07-20,2026-07-26,6:00:00 PM,BISTEC DE POLLO...,4.0,0.082,54.76
9217,2026-07-20,2026-07-26,6:00:00 PM,-BISTEC DE PUERCO,1.0,0.024,15.69
9218,2026-07-20,2026-07-26,6:00:00 PM,BISTEC EN CAZUELA,2.0,0.044,29.38
9219,2026-07-20,2026-07-26,6:00:00 PM,-BISTEC PALOMILLA,8.0,0.22,146.52
9220,2026-07-20,2026-07-26,6:00:00 PM,BISTEC POLLO PLANCHA,4.0,0.082,54.56
9221,2026-07-20,2026-07-26,6:00:00 PM,-BISTECDE POLLO,9.0,0.184,122.41
9222,2026-07-20,2026-07-26,6:00:00 PM,BOCADITO DE TUNA.,1.0,0.014,8.99
9223,2026-07-20,2026-07-26,6:00:00 PM,BOLICHE ..,3.0,0.068,45.17
9224,2026-07-20,2026-07-26,6:00:00 PM,BOLITA DE TUNA.,3.0,0.015,9.75
9225,2026-07-20,2026-07-26,6:00:00 PM,BONIATO FRITO..,1.0,0.007,4.99
9226,2026-07-20,2026-07-26,6:00:00 PM,BOÑUELOS.,1.0,0.008,5.49
9227,2026-07-20,2026-07-26,6:00:00 PM,Bud Light,1.0,0.007,4.99
9228,2026-07-20,2026-07-26,6:00:00 PM,CAESAR /POLLO,1.0,0.02,12.99
9229,2026-07-20,2026-07-26,6:00:00 PM,CAF.LEC.EVAP.CHICO,1.0,0.005,3.0
9230,2026-07-20,2026-07-26,6:00:00 PM,CAFE AMERICAN MEDIANO,1.0,0.005,3.0
9231,2026-07-20,2026-07-26,6:00:00 PM,CAFE CON LECHE MEDIANO,1.0,0.006,3.75
9232,2026-07-20,2026-07-26,6:00:00 PM,CAFE CON LECHE PEQUENO,2.0,0.008,5.0
9233,2026-07-20,2026-07-26,6:00:00 PM,CAFE CUBANO.,25.0,0.056,37.5
9234,2026-07-20,2026-07-26,6:00:00 PM,CAMARONES ENCHILADO.,3.0,0.091,60.37
9235,2026-07-20,2026-07-26,6:00:00 PM,CANT 5 DELIVER,3.0,0.315,210.0
9236,2026-07-20,2026-07-26,6:00:00 PM,CANT 5 RECOGER,2.0,0.18,120.0
9237,2026-07-20,2026-07-26,6:00:00 PM,CARNE CON PAPAS.,4.0,0.085,56.56
9238,2026-07-20,2026-07-26,6:00:00 PM,CASCOS GUAVA QUESO,2.0,0.018,11.98
9239,2026-07-20,2026-07-26,6:00:00 PM,CASUELA MARISCOS.,1.0,0.057,38.2
9240,2026-07-20,2026-07-26,6:00:00 PM,CEVICHE MIXTO,1.0,0.035,22.99
9241,2026-07-20,2026-07-26,6:00:00 PM,CHICHAR POLLO SIN HUES,1.0,0.021,13.69
9242,2026-07-20,2026-07-26,6:00:00 PM,CHICHARO GRANDE.,2.0,0.027,18.18
9243,2026-07-20,2026-07-26,6:00:00 PM,CHICHARO MEDIANO.,1.0,0.01,6.99
9244,2026-07-20,2026-07-26,6:00:00 PM,CHICHARRON DE POLLO.,1.0,0.018,11.99
9245,2026-07-20,2026-07-26,6:00:00 PM,CHORIPAN.,1.0,0.015,9.99
9246,2026-07-20,2026-07-26,6:00:00 PM,CHULETAS DE PUERCO.,1.0,0.021,13.69
9247,2026-07-20,2026-07-26,6:00:00 PM,"CHURRASCO ,,,",6.0,0.237,157.74
9248,2026-07-20,2026-07-26,6:00:00 PM,CLUB SANDWICH.,3.0,0.054,35.97
9249,2026-07-20,2026-07-26,6:00:00 PM,cocacola.botella,2.0,0.01,6.98
9250,2026-07-20,2026-07-26,6:00:00 PM,COKE CERO.,2.0,0.008,5.0
9251,2026-07-20,2026-07-26,6:00:00 PM,COKE.,7.0,0.026,17.5
9252,2026-07-20,2026-07-26,6:00:00 PM,COLADA.,4.0,0.017,11.0
9253,2026-07-20,2026-07-26,6:00:00 PM,COLORADOS GRANDE.,3.0,0.044,29.07
9254,2026-07-20,2026-07-26,6:00:00 PM,COPA VINO,2.0,0.027,17.98
9255,2026-07-20,2026-07-26,6:00:00 PM,-CORONA.,5.0,0.041,27.45
9256,2026-07-20,2026-07-26,6:00:00 PM,Cortadito Evaporada,6.0,0.023,15.0
9257,2026-07-20,2026-07-26,6:00:00 PM,"Cortadito,.",5.0,0.017,10.99
9258,2026-07-20,2026-07-26,6:00:00 PM,CREMA CALABAZA GRANDE,4.0,0.06,39.96
9259,2026-07-20,2026-07-26,6:00:00 PM,CREMA CALABAZACHIQUIT,1.0,0.007,4.5
9260,2026-07-20,2026-07-26,6:00:00 PM,CREMA MALANGA MEDIANA.,6.0,0.063,41.94
9261,2026-07-20,2026-07-26,6:00:00 PM,CREMA VEGETAL GRANDE.,1.0,0.016,10.49
9262,2026-07-20,2026-07-26,6:00:00 PM,CREMA VEGETALE.MEDIAN,1.0,0.01,6.99
9263,2026-07-20,2026-07-26,6:00:00 PM,CREMA. MALANGA CHIQUIT,3.0,0.02,13.5
9264,2026-07-20,2026-07-26,6:00:00 PM,CREMA. MALANGA GRANDE.,3.0,0.047,31.47
9265,2026-07-20,2026-07-26,6:00:00 PM,croqueta jamon.,21.0,0.055,36.75
9266,2026-07-20,2026-07-26,6:00:00 PM,croqueta pollo.,6.0,0.016,10.5
9267,2026-07-20,2026-07-26,6:00:00 PM,CROQUETA PREPARADA.,2.0,0.037,24.38
9268,2026-07-20,2026-07-26,6:00:00 PM,CUBANO ESPECIAL..,1.0,0.018,12.19
9269,2026-07-20,2026-07-26,6:00:00 PM,CUBIERTO.....,1.0,0.0,0.0
9270,2026-07-20,2026-07-26,6:00:00 PM,DEDITOS .PESCADO.,2.0,0.045,29.88
9271,2026-07-20,2026-07-26,6:00:00 PM,DEDITOS DE PESCADO,2.0,0.049,32.38
9272,2026-07-20,2026-07-26,6:00:00 PM,-DEDITOS DE POLLO,1.0,0.02,13.19
9273,2026-07-20,2026-07-26,6:00:00 PM,deditos de pollo kids,1.0,0.012,8.19
9274,2026-07-20,2026-07-26,6:00:00 PM,deditos Queso/Guayaba,2.0,0.006,3.98
9275,2026-07-20,2026-07-26,6:00:00 PM,DIET COKE.,1.0,0.003,2.25
9276,2026-07-20,2026-07-26,6:00:00 PM,DOS HUEVO AROS. MADUR,1.0,0.014,8.99
9277,2026-07-20,2026-07-26,6:00:00 PM,DTC..,1.0,0.009,6.25
9278,2026-07-20,2026-07-26,6:00:00 PM,DULCE DE LECHE,1.0,0.008,5.49
9279,2026-07-20,2026-07-26,6:00:00 PM,ELENA RUZ.,1.0,0.015,10.19
9280,2026-07-20,2026-07-26,6:00:00 PM,Empanada carne,2.0,0.009,5.98
9281,2026-07-20,2026-07-26,6:00:00 PM,Empanada Jamon/Queso,3.0,0.013,8.97
9282,2026-07-20,2026-07-26,6:00:00 PM,Empnda Espinaca/Queso,2.0,0.009,5.98
9283,2026-07-20,2026-07-26,6:00:00 PM,ENPANISADO. RES,2.0,0.05,33.38
9284,2026-07-20,2026-07-26,6:00:00 PM,ENSALA AGUACAT PEQUE,8.0,0.054,36.0
9285,2026-07-20,2026-07-26,6:00:00 PM,ENSALA POLLO 2 CROQUET,1.0,0.019,12.49
9286,2026-07-20,2026-07-26,6:00:00 PM,ENSALADA AGUACAT GRAND,1.0,0.008,5.5
9287,2026-07-20,2026-07-26,6:00:00 PM,Ensalada Small,2.0,0.008,5.5
9288,2026-07-20,2026-07-26,6:00:00 PM,FABADA GRANDE,1.0,0.016,10.69
9289,2026-07-20,2026-07-26,6:00:00 PM,FILETE DE MAHIMAHI,1.0,0.026,16.99
9290,2026-07-20,2026-07-26,6:00:00 PM,FILETE PARGO PLANCHA,1.0,0.032,20.99
9291,2026-07-20,2026-07-26,6:00:00 PM,-FILETE PESCADO PLANCH,5.0,0.129,85.75
9292,2026-07-20,2026-07-26,6:00:00 PM,FILETILL POLLO SALSA,1.0,0.023,14.99
9293,2026-07-20,2026-07-26,6:00:00 PM,FILETILLO DE CARNE.,3.0,0.061,40.67
9294,2026-07-20,2026-07-26,6:00:00 PM,FILETILLO POLLO PLANCH,4.0,0.094,62.36
9295,2026-07-20,2026-07-26,6:00:00 PM,FILETILLO RES SALSA.,1.0,0.025,16.69
9296,2026-07-20,2026-07-26,6:00:00 PM,FLAN ESPECIAL.,8.0,0.072,47.92
9297,2026-07-20,2026-07-26,6:00:00 PM,-FLAN.,5.0,0.037,24.95
9298,2026-07-20,2026-07-26,6:00:00 PM,FRICASE PUERCO.,2.0,0.043,28.7
9299,2026-07-20,2026-07-26,6:00:00 PM,FRIJOL GRANDE,1.0,0.012,7.99
9300,2026-07-20,2026-07-26,6:00:00 PM,FRIJOL MEDIANO.,2.0,0.015,9.98
9301,2026-07-20,2026-07-26,6:00:00 PM,FRIJOL PEQUENO.,3.0,0.013,8.97
9302,2026-07-20,2026-07-26,6:00:00 PM,FRIJOL.COLORADO CHIQUI,1.0,0.006,3.99
9303,2026-07-20,2026-07-26,6:00:00 PM,FRITURAS DE MALANGA,2.0,0.02,13.0
9304,2026-07-20,2026-07-26,6:00:00 PM,GALLETA DELICIOSAS,6.0,0.032,21.6
9305,2026-07-20,2026-07-26,6:00:00 PM,GARBANZO GRANDE.,1.0,0.016,10.49
9306,2026-07-20,2026-07-26,6:00:00 PM,GARBANZO.FRITO.,1.0,0.024,16.19
9307,2026-07-20,2026-07-26,6:00:00 PM,GARBANZO.MEDIANO.,3.0,0.031,20.97
9308,2026-07-20,2026-07-26,6:00:00 PM,GATORADE LIMON,1.0,0.006,3.99
9309,2026-07-20,2026-07-26,6:00:00 PM,GREMA-MALANGA.GRANDE.,1.0,0.016,10.69
9310,2026-07-20,2026-07-26,6:00:00 PM,GUARAPO.,7.0,0.055,36.75
9311,2026-07-20,2026-07-26,6:00:00 PM,Heineken,1.0,0.008,5.49
9312,2026-07-20,2026-07-26,6:00:00 PM,HELADO CONO..,5.0,0.026,17.5
9313,2026-07-20,2026-07-26,6:00:00 PM,HIGADO ITALIANA,1.0,0.023,15.19
9314,2026-07-20,2026-07-26,6:00:00 PM,HORDEN DE CHICHARON.,2.0,0.01,6.5
9315,2026-07-20,2026-07-26,6:00:00 PM,IMPERIAL .,2.0,0.036,24.18
9316,2026-07-20,2026-07-26,6:00:00 PM,imperial grande.30.PER,1.0,0.24,160.0
9317,2026-07-20,2026-07-26,6:00:00 PM,IRON BEER.,1.0,0.004,2.5
9318,2026-07-20,2026-07-26,6:00:00 PM,JUGO PINA,1.0,0.007,4.5
9319,2026-07-20,2026-07-26,6:00:00 PM,JUGO.NARANJA.,10.0,0.079,52.5
9320,2026-07-20,2026-07-26,6:00:00 PM,LANGOSTA ENCHILADA.,1.0,0.06,40.0
9321,2026-07-20,2026-07-26,6:00:00 PM,LENTEJAS MEDIANA.,4.0,0.042,27.96
9322,2026-07-20,2026-07-26,6:00:00 PM,LIMANADA COCO.,1.0,0.009,5.99
9323,2026-07-20,2026-07-26,6:00:00 PM,LIMONADA,4.0,0.027,18.0
9324,2026-07-20,2026-07-26,6:00:00 PM,MADIO.POLLO A la brasa,2.0,0.043,28.38
9325,2026-07-20,2026-07-26,6:00:00 PM,-MADUROS.,5.0,0.034,22.45
9326,2026-07-20,2026-07-26,6:00:00 PM,MALBORO LIGHT,2.0,0.036,24.0
9327,2026-07-20,2026-07-26,6:00:00 PM,-MALTA,2.0,0.01,6.5
9328,2026-07-20,2026-07-26,6:00:00 PM,MARIQUITAS DE MALANGA,1.0,0.009,5.99
9329,2026-07-20,2026-07-26,6:00:00 PM,-MARIQUITAS.,5.0,0.045,29.95
9330,2026-07-20,2026-07-26,6:00:00 PM,MARIQUITAS..MIXTA,1.0,0.008,5.49
9331,2026-07-20,2026-07-26,6:00:00 PM,-MASAS DE PUERCO,7.0,0.152,101.33
9332,2026-07-20,2026-07-26,6:00:00 PM,MASAS DE PUERCO.,5.0,0.105,69.85
9333,2026-07-20,2026-07-26,6:00:00 PM,-MASAS DE PUERCO.,2.0,0.043,28.38
9334,2026-07-20,2026-07-26,6:00:00 PM,MATERVA.,2.0,0.008,5.0
9335,2026-07-20,2026-07-26,6:00:00 PM,MED CREMA DE CALABAZA,1.0,0.011,7.19
9336,2026-07-20,2026-07-26,6:00:00 PM,MEDIA NOCHE.,4.0,0.061,40.56
9337,2026-07-20,2026-07-26,6:00:00 PM,-MEDIO POLLO A BRASA.,1.0,0.02,12.99
9338,2026-07-20,2026-07-26,6:00:00 PM,MEDIO POLLO.ASADO.,1.0,0.02,12.99
9339,2026-07-20,2026-07-26,6:00:00 PM,MELON..SANDIA,4.0,0.027,18.0
9340,2026-07-20,2026-07-26,6:00:00 PM,-MILANESA DE POLLO,1.0,0.024,16.19
9341,2026-07-20,2026-07-26,6:00:00 PM,MILANESA RES.,1.0,0.03,19.99
9342,2026-07-20,2026-07-26,6:00:00 PM,MISC COCINA,4.0,0.006,4.0
9343,2026-07-20,2026-07-26,6:00:00 PM,MODELO,1.0,0.008,5.49
9344,2026-07-20,2026-07-26,6:00:00 PM,MOROS...,1.0,0.006,3.99
9345,2026-07-20,2026-07-26,6:00:00 PM,NATILLA,1.0,0.007,4.99
9346,2026-07-20,2026-07-26,6:00:00 PM,-PAN CON BISTEC.,7.0,0.119,79.53
9347,2026-07-20,2026-07-26,6:00:00 PM,PAN CON LECHON.,1.0,0.015,9.69
9348,2026-07-20,2026-07-26,6:00:00 PM,PAN DE BONO..,2.0,0.006,3.98
9349,2026-07-20,2026-07-26,6:00:00 PM,PAPAS FRITAS,1.0,0.007,4.49
9350,2026-07-20,2026-07-26,6:00:00 PM,-PARGO FRITO,1.0,0.036,24.19
9351,2026-07-20,2026-07-26,6:00:00 PM,-PARGO FRITO ENTERO.,1.0,0.039,25.99
9352,2026-07-20,2026-07-26,6:00:00 PM,Pasteles Guayaba,4.0,0.009,6.0
9353,2026-07-20,2026-07-26,6:00:00 PM,Pasteles Queso/Guayaba,1.0,0.002,1.5
9354,2026-07-20,2026-07-26,6:00:00 PM,PESCADO ALO MACHO,1.0,0.039,25.99
9355,2026-07-20,2026-07-26,6:00:00 PM,PICADILLO,6.0,0.123,81.94
9356,2026-07-20,2026-07-26,6:00:00 PM,-PICADILLO,2.0,0.044,29.38
9357,2026-07-20,2026-07-26,6:00:00 PM,PLATANO HERVIDO,1.0,0.007,4.99
9358,2026-07-20,2026-07-26,6:00:00 PM,POTAJE COLORADOS MEDIA,3.0,0.032,21.57
9359,2026-07-20,2026-07-26,6:00:00 PM,PRESIDENTE..,1.0,0.008,5.49
9360,2026-07-20,2026-07-26,6:00:00 PM,PUDIN DE PAN.,1.0,0.008,5.49
9361,2026-07-20,2026-07-26,6:00:00 PM,PUDIN DIPLOMATICO.,4.0,0.033,21.96
9362,2026-07-20,2026-07-26,6:00:00 PM,PURE PAPAS.,1.0,0.007,4.49
9363,2026-07-20,2026-07-26,6:00:00 PM,RABO ENCENDIDO.,3.0,0.109,72.37
9364,2026-07-20,2026-07-26,6:00:00 PM,RIÑONADA.,3.0,0.095,63.17
9365,2026-07-20,2026-07-26,6:00:00 PM,ROPA VIEJA..,2.0,0.045,29.98
9366,2026-07-20,2026-07-26,6:00:00 PM,ROPA VIEJA...,6.0,0.15,99.54
9367,2026-07-20,2026-07-26,6:00:00 PM,RUEDA DE SERRUCHO.,2.0,0.045,29.98
9368,2026-07-20,2026-07-26,6:00:00 PM,RUEDA SERRUCO FRITA.,1.0,0.024,15.99
9369,2026-07-20,2026-07-26,6:00:00 PM,SAND JAMON QUESO,3.0,0.041,27.57
9370,2026-07-20,2026-07-26,6:00:00 PM,SANDWECHES POLLO..,1.0,0.017,11.49
9371,2026-07-20,2026-07-26,6:00:00 PM,SOLO.TOMATE,1.0,0.004,2.5
9372,2026-07-20,2026-07-26,6:00:00 PM,Sopa de Pollo Grande,7.0,0.089,59.43
9373,2026-07-20,2026-07-26,6:00:00 PM,SOPA DE RES GRANDE,6.0,0.109,72.74
9374,2026-07-20,2026-07-26,6:00:00 PM,SOPA DE RES MEDIANA,2.0,0.025,16.38
9375,2026-07-20,2026-07-26,6:00:00 PM,SOPA DE RES PEQUENA,1.0,0.007,4.99
9376,2026-07-20,2026-07-26,6:00:00 PM,SOPA PESCADO GRANDE.,1.0,0.017,10.99
9377,2026-07-20,2026-07-26,6:00:00 PM,SOPA PESCADO MEDIANA.,2.0,0.021,13.98
9378,2026-07-20,2026-07-26,6:00:00 PM,SOPA PLATANO GRANDE.,1.0,0.016,10.49
9379,2026-07-20,2026-07-26,6:00:00 PM,SOPA PLATANO MEDIANA.,2.0,0.021,13.98
9380,2026-07-20,2026-07-26,6:00:00 PM,SOPA POLLO MEDIA,1.0,0.008,5.49
9381,2026-07-20,2026-07-26,6:00:00 PM,Sopa Pollo Medina,8.0,0.066,43.92
9382,2026-07-20,2026-07-26,6:00:00 PM,SPAGHETTI POLLO ALFRED,1.0,0.023,15.19
9383,2026-07-20,2026-07-26,6:00:00 PM,SPAGUETTI /WPOLLO,1.0,0.023,15.19
9384,2026-07-20,2026-07-26,6:00:00 PM,SPRIET.,4.0,0.015,10.0
9385,2026-07-20,2026-07-26,6:00:00 PM,stella ARTOIS,1.0,0.008,5.49
9386,2026-07-20,2026-07-26,6:00:00 PM,T0 GO MESA,24.0,0.013,8.4
9387,2026-07-20,2026-07-26,6:00:00 PM,TAMAL,3.0,0.013,8.97
9388,2026-07-20,2026-07-26,6:00:00 PM,TAMAL CAZUELA.MEDIANO.,5.0,0.054,35.75
9389,2026-07-20,2026-07-26,6:00:00 PM,TAMAL.CAZUELA GRANDE.,1.0,0.017,11.19
9390,2026-07-20,2026-07-26,6:00:00 PM,TE FRIO.,1.0,0.004,2.99
9391,2026-07-20,2026-07-26,6:00:00 PM,To Go.,10.0,0.003,2.0
9392,2026-07-20,2026-07-26,6:00:00 PM,To Go..,38.0,0.012,8.05
9393,2026-07-20,2026-07-26,6:00:00 PM,TOREJA CUBANA,1.0,0.009,5.99
9394,2026-07-20,2026-07-26,6:00:00 PM,TOSTONES.,3.0,0.022,14.97
9395,2026-07-20,2026-07-26,6:00:00 PM,TRES LECHES.,3.0,0.027,17.97
9396,2026-07-20,2026-07-26,6:00:00 PM,-VACA FRITA,10.0,0.258,171.5
9397,2026-07-20,2026-07-26,6:00:00 PM,-VACA FRITA.,4.0,0.097,64.36
9398,2026-07-20,2026-07-26,7:00:00 PM,.BISTEC DE POLLO,4.0,0.082,54.36
9399,2026-07-20,2026-07-26,7:00:00 PM,_=====================,25.0,0.0,0.0
9400,2026-07-20,2026-07-26,7:00:00 PM,== TO GO ==,37.0,0.011,7.4
9401,2026-07-20,2026-07-26,7:00:00 PM,======================,11.0,0.0,0.0
9402,2026-07-20,2026-07-26,7:00:00 PM,1 BOLA HELADO..,1.0,0.004,2.99
9403,2026-07-20,2026-07-26,7:00:00 PM,AGUA PERRIER,4.0,0.021,13.96
9404,2026-07-20,2026-07-26,7:00:00 PM,AJIACO MEDIANO,2.0,0.022,14.38
9405,2026-07-20,2026-07-26,7:00:00 PM,AJIACO..GRANDE,2.0,0.032,20.98
9406,2026-07-20,2026-07-26,7:00:00 PM,ALBONDIGAS.RES.,2.0,0.043,28.38
9407,2026-07-20,2026-07-26,7:00:00 PM,ARROZ CON LECHE,2.0,0.016,10.98
9408,2026-07-20,2026-07-26,7:00:00 PM,ARROZ BLANCO..,6.0,0.029,19.5
9409,2026-07-20,2026-07-26,7:00:00 PM,ARROZ CHIQUITO,3.0,0.012,7.75
9410,2026-07-20,2026-07-26,7:00:00 PM,ARROZ CON POLLO.,1.0,0.02,13.49
9411,2026-07-20,2026-07-26,7:00:00 PM,Arroz con puerco,3.0,0.059,39.37
9412,2026-07-20,2026-07-26,7:00:00 PM,ARROZ FRITO,1.0,0.022,14.69
9413,2026-07-20,2026-07-26,7:00:00 PM,-ARROZ FRITO,2.0,0.041,27.18
9414,2026-07-20,2026-07-26,7:00:00 PM,Arroz pollo.desmenuza.,1.0,0.019,12.69
9415,2026-07-20,2026-07-26,7:00:00 PM,BABY CHURASCO,10.0,0.303,201.9
9416,2026-07-20,2026-07-26,7:00:00 PM,BABY CHURRASCO,1.0,0.027,17.99
9417,2026-07-20,2026-07-26,7:00:00 PM,BACALAO VISCAINA,2.0,0.06,40.18
9418,2026-07-20,2026-07-26,7:00:00 PM,BATIDO .FRESA,1.0,0.007,4.99
9419,2026-07-20,2026-07-26,7:00:00 PM,BATIDO MAMEY,1.0,0.008,5.49
9420,2026-07-20,2026-07-26,7:00:00 PM,BATIDO MANGO,2.0,0.015,9.98
9421,2026-07-20,2026-07-26,7:00:00 PM,BISTEC A CABALLO,1.0,0.022,14.49
9422,2026-07-20,2026-07-26,7:00:00 PM,BISTEC DE POLLO-,1.0,0.021,13.69
9423,2026-07-20,2026-07-26,7:00:00 PM,BISTEC DE POLLO.,9.0,0.185,123.41
9424,2026-07-20,2026-07-26,7:00:00 PM,-BISTEC DE POLLO.,7.0,0.147,97.63
9425,2026-07-20,2026-07-26,7:00:00 PM,BISTEC DE POLLO..,4.0,0.082,54.36
9426,2026-07-20,2026-07-26,7:00:00 PM,BISTEC DE POLLO...,6.0,0.122,81.54
9427,2026-07-20,2026-07-26,7:00:00 PM,-BISTEC DE PUERCO,2.0,0.049,32.88
9428,2026-07-20,2026-07-26,7:00:00 PM,BISTEC EN CAZUELA,2.0,0.044,29.38
9429,2026-07-20,2026-07-26,7:00:00 PM,-BISTEC PALOMILLA,10.0,0.275,183.1
9430,2026-07-20,2026-07-26,7:00:00 PM,BISTEC POLLO PLANCHA,4.0,0.085,56.26
9431,2026-07-20,2026-07-26,7:00:00 PM,-BISTECDE POLLO,7.0,0.143,95.43
9432,2026-07-20,2026-07-26,7:00:00 PM,BOLICHE ..,1.0,0.023,15.19
9433,2026-07-20,2026-07-26,7:00:00 PM,BOLITA DE TUNA.,1.0,0.005,3.25
9434,2026-07-20,2026-07-26,7:00:00 PM,BOÑUELOS.,2.0,0.016,10.98
9435,2026-07-20,2026-07-26,7:00:00 PM,CAESAR /POLLO,2.0,0.039,25.98
9436,2026-07-20,2026-07-26,7:00:00 PM,CAFE AMERICAN GRANDE.,1.0,0.005,3.25
9437,2026-07-20,2026-07-26,7:00:00 PM,CAFE CON LECHE GRANDE,1.0,0.007,4.5
9438,2026-07-20,2026-07-26,7:00:00 PM,CAFE CON LECHE PEQUENO,1.0,0.004,2.5
9439,2026-07-20,2026-07-26,7:00:00 PM,CAFE CUBANO.,18.0,0.041,27.0
9440,2026-07-20,2026-07-26,7:00:00 PM,CALDO GALLEGO.MEDIANO.,2.0,0.025,16.38
9441,2026-07-20,2026-07-26,7:00:00 PM,CALDO.GALLEGO GRANDE.,2.0,0.035,23.38
9442,2026-07-20,2026-07-26,7:00:00 PM,CAMARONES AL AJILLO.,1.0,0.03,19.99
9443,2026-07-20,2026-07-26,7:00:00 PM,CAMARONES ENCHILADO.,1.0,0.03,19.99
9444,2026-07-20,2026-07-26,7:00:00 PM,CAMORON SALSA ALFREDO,1.0,0.03,19.99
9445,2026-07-20,2026-07-26,7:00:00 PM,CANT 4 DELIVER,3.0,0.252,168.0
9446,2026-07-20,2026-07-26,7:00:00 PM,CANT 5 DELIVER,1.0,0.105,70.0
9447,2026-07-20,2026-07-26,7:00:00 PM,CARNE CON PAPAS.,1.0,0.021,13.99
9448,2026-07-20,2026-07-26,7:00:00 PM,CHICHAR POLLO SIN HUES,2.0,0.041,27.38
9449,2026-07-20,2026-07-26,7:00:00 PM,CHICHARO GRANDE.,3.0,0.041,27.57
9450,2026-07-20,2026-07-26,7:00:00 PM,CHICHARO MEDIANO.,4.0,0.042,27.96
9451,2026-07-20,2026-07-26,7:00:00 PM,CHICHARRON DE POLLO.,1.0,0.018,11.99
9452,2026-07-20,2026-07-26,7:00:00 PM,chichek wings,1.0,0.011,7.5
9453,2026-07-20,2026-07-26,7:00:00 PM,CHILINDRON D CHIVO,2.0,0.069,45.98
9454,2026-07-20,2026-07-26,7:00:00 PM,chocolate med,2.0,0.009,5.98
9455,2026-07-20,2026-07-26,7:00:00 PM,CHULETAS DE PUERCO,2.0,0.044,29.38
9456,2026-07-20,2026-07-26,7:00:00 PM,CHULETAS DE PUERCO.,2.0,0.041,27.18
9457,2026-07-20,2026-07-26,7:00:00 PM,"CHURRASCO ,,,",14.0,0.551,366.66
9458,2026-07-20,2026-07-26,7:00:00 PM,CLAMATO JUICE,1.0,0.004,2.99
9459,2026-07-20,2026-07-26,7:00:00 PM,CLUB SANDWICH.,3.0,0.054,36.17
9460,2026-07-20,2026-07-26,7:00:00 PM,COKE CERO.,5.0,0.019,12.5
9461,2026-07-20,2026-07-26,7:00:00 PM,COKE.,11.0,0.041,27.5
9462,2026-07-20,2026-07-26,7:00:00 PM,COLADA.,5.0,0.021,13.75
9463,2026-07-20,2026-07-26,7:00:00 PM,COPA VINO,5.0,0.068,44.95
9464,2026-07-20,2026-07-26,7:00:00 PM,-CORONA.,2.0,0.016,10.98
9465,2026-07-20,2026-07-26,7:00:00 PM,Cortadito Evaporada,8.0,0.03,20.0
9466,2026-07-20,2026-07-26,7:00:00 PM,"Cortadito,.",5.0,0.017,10.99
9467,2026-07-20,2026-07-26,7:00:00 PM,CREMA CALABAZA GRANDE,2.0,0.03,19.98
9468,2026-07-20,2026-07-26,7:00:00 PM,CREMA CALABAZA MEDIAN,2.0,0.021,13.98
9469,2026-07-20,2026-07-26,7:00:00 PM,CREMA CALABAZA MEDIAN,1.0,0.01,6.99
9470,2026-07-20,2026-07-26,7:00:00 PM,CREMA CALABAZA..GRAND,1.0,0.015,9.99
9471,2026-07-20,2026-07-26,7:00:00 PM,CREMA CALABAZACHIQUIT,1.0,0.007,4.5
9472,2026-07-20,2026-07-26,7:00:00 PM,CREMA GRANDE CALABAZA.,1.0,0.015,10.19
9473,2026-07-20,2026-07-26,7:00:00 PM,CREMA MALANGA MEDIANA.,6.0,0.063,41.94
9474,2026-07-20,2026-07-26,7:00:00 PM,CREMA VEGETAL GRANDE.,1.0,0.016,10.49
9475,2026-07-20,2026-07-26,7:00:00 PM,CREMA VEGETAL MEDIANA,2.0,0.021,13.98
9476,2026-07-20,2026-07-26,7:00:00 PM,CREMA VEGETALES MEDIAN,1.0,0.01,6.99
9477,2026-07-20,2026-07-26,7:00:00 PM,CREMA. MALANGA GRANDE.,6.0,0.095,62.94
9478,2026-07-20,2026-07-26,7:00:00 PM,croqueta bacalao.,4.0,0.012,7.96
9479,2026-07-20,2026-07-26,7:00:00 PM,croqueta jamon.,34.0,0.089,59.5
9480,2026-07-20,2026-07-26,7:00:00 PM,croqueta pollo.,1.0,0.003,1.75
9481,2026-07-20,2026-07-26,7:00:00 PM,croqueta.jam.pier.ques,1.0,0.018,12.19
9482,2026-07-20,2026-07-26,7:00:00 PM,CUBANO ESPECIAL..,8.0,0.146,97.52
9483,2026-07-20,2026-07-26,7:00:00 PM,CUBANO REGULAR.,2.0,0.03,20.18
9484,2026-07-20,2026-07-26,7:00:00 PM,DEDITOS .PESCADO.,2.0,0.045,30.18
9485,2026-07-20,2026-07-26,7:00:00 PM,DEDITOS DE PESCADO,3.0,0.074,49.57
9486,2026-07-20,2026-07-26,7:00:00 PM,deditos de pollo kids,2.0,0.024,15.98
9487,2026-07-20,2026-07-26,7:00:00 PM,deditos Queso/Guayaba,3.0,0.009,5.97
9488,2026-07-20,2026-07-26,7:00:00 PM,DIET MATERVA.,1.0,0.004,2.5
9489,2026-07-20,2026-07-26,7:00:00 PM,E PAGUETI SOLO ROJA.,1.0,0.014,8.99
9490,2026-07-20,2026-07-26,7:00:00 PM,Empanada carne,3.0,0.013,8.97
9491,2026-07-20,2026-07-26,7:00:00 PM,Empanada Jamon/Queso,1.0,0.004,2.99
9492,2026-07-20,2026-07-26,7:00:00 PM,Empanada Pollo,4.0,0.018,11.96
9493,2026-07-20,2026-07-26,7:00:00 PM,ENPANISADO. RES,9.0,0.23,153.11
9494,2026-07-20,2026-07-26,7:00:00 PM,"ENPELLAS,chicharones.",4.0,0.036,24.0
9495,2026-07-20,2026-07-26,7:00:00 PM,ENSALA AGUACAT PEQUE,4.0,0.027,18.0
9496,2026-07-20,2026-07-26,7:00:00 PM,ENSALA POLLO 2 CROQUET,1.0,0.019,12.49
9497,2026-07-20,2026-07-26,7:00:00 PM,ENSALADA AGUACAT GRAND,2.0,0.017,11.0
9498,2026-07-20,2026-07-26,7:00:00 PM,ENSALDA DE TUNA,1.0,0.018,11.99
9499,2026-07-20,2026-07-26,7:00:00 PM,FABADA GRANDE,1.0,0.016,10.69
9500,2026-07-20,2026-07-26,7:00:00 PM,FILETE ALA FRANCESA,1.0,0.03,19.99
9501,2026-07-20,2026-07-26,7:00:00 PM,FILETE CURVINA PLANCHA,1.0,0.029,19.19
9502,2026-07-20,2026-07-26,7:00:00 PM,FILETE PARGO PLANCHA,1.0,0.032,20.99
9503,2026-07-20,2026-07-26,7:00:00 PM,FILETE PESCADO EMPANI,1.0,0.027,17.69
9504,2026-07-20,2026-07-26,7:00:00 PM,-FILETE PESCADO PLANCH,1.0,0.026,16.99
9505,2026-07-20,2026-07-26,7:00:00 PM,FILETILL POLLO SALSA,1.0,0.023,14.99
9506,2026-07-20,2026-07-26,7:00:00 PM,FILETILLO DE CARNE.,1.0,0.021,13.69
9507,2026-07-20,2026-07-26,7:00:00 PM,FILETILLO POLLO PLANCH,5.0,0.115,76.55
9508,2026-07-20,2026-07-26,7:00:00 PM,FILETILLO RES PLANCHA.,1.0,0.023,15.19
9509,2026-07-20,2026-07-26,7:00:00 PM,FILETILLO RES SALSA.,1.0,0.023,14.99
9510,2026-07-20,2026-07-26,7:00:00 PM,FLAN ESPECIAL.,3.0,0.027,17.97
9511,2026-07-20,2026-07-26,7:00:00 PM,-FLAN.,5.0,0.037,24.95
9512,2026-07-20,2026-07-26,7:00:00 PM,FRICASE PUERCO.,3.0,0.063,41.95
9513,2026-07-20,2026-07-26,7:00:00 PM,FRIJOL GRANDE,3.0,0.036,23.97
9514,2026-07-20,2026-07-26,7:00:00 PM,FRIJOL MEDIANO.,4.0,0.03,19.96
9515,2026-07-20,2026-07-26,7:00:00 PM,FRIJOL PEQUENO.,5.0,0.022,14.95
9516,2026-07-20,2026-07-26,7:00:00 PM,FRIJOL.COLORADO CHIQUI,2.0,0.012,7.98
9517,2026-07-20,2026-07-26,7:00:00 PM,GALLETA DELICIOSAS,1.0,0.005,3.6
9518,2026-07-20,2026-07-26,7:00:00 PM,GARBANZO GRANDE.,2.0,0.032,20.98
9519,2026-07-20,2026-07-26,7:00:00 PM,GARBANZO.MEDIANO.,2.0,0.021,13.98
9520,2026-07-20,2026-07-26,7:00:00 PM,GUARAPO.,3.0,0.024,15.75
9521,2026-07-20,2026-07-26,7:00:00 PM,GUISO MAIZ GRANDE.,1.0,0.016,10.49
9522,2026-07-20,2026-07-26,7:00:00 PM,GUISO.MAIZ MEDIANO.,3.0,0.031,20.97
9523,2026-07-20,2026-07-26,7:00:00 PM,Heineken,1.0,0.008,5.49
9524,2026-07-20,2026-07-26,7:00:00 PM,HELADO CONO..,4.0,0.021,14.0
9525,2026-07-20,2026-07-26,7:00:00 PM,HIGADO ITALIANA,1.0,0.023,15.19
9526,2026-07-20,2026-07-26,7:00:00 PM,HORDE DEPAN,1.0,0.002,1.5
9527,2026-07-20,2026-07-26,7:00:00 PM,HUEVO FRITO,5.0,0.011,7.25
9528,2026-07-20,2026-07-26,7:00:00 PM,IMPERIAL .,1.0,0.018,12.19
9529,2026-07-20,2026-07-26,7:00:00 PM,inca kola,1.0,0.004,2.99
9530,2026-07-20,2026-07-26,7:00:00 PM,IRON BEER.,2.0,0.008,5.0
9531,2026-07-20,2026-07-26,7:00:00 PM,JARRITO NARANJA.,1.0,0.005,3.49
9532,2026-07-20,2026-07-26,7:00:00 PM,JUGO PINA,1.0,0.007,4.5
9533,2026-07-20,2026-07-26,7:00:00 PM,JUGO ZANAHORIA NARAJA,1.0,0.007,4.99
9534,2026-07-20,2026-07-26,7:00:00 PM,JUGO.NARANJA.,6.0,0.047,31.5
9535,2026-07-20,2026-07-26,7:00:00 PM,Juntas,3.0,0.0,0.0
9536,2026-07-20,2026-07-26,7:00:00 PM,JUPIÑA.,3.0,0.011,7.5
9537,2026-07-20,2026-07-26,7:00:00 PM,LAS PERDIS.1/2.MALBET,1.0,0.025,16.5
9538,2026-07-20,2026-07-26,7:00:00 PM,-LECHE MALTEADA,1.0,0.007,4.99
9539,2026-07-20,2026-07-26,7:00:00 PM,-LECHON ASADO,3.0,0.063,42.17
9540,2026-07-20,2026-07-26,7:00:00 PM,LENTEJAS GRANDE.,3.0,0.043,28.47
9541,2026-07-20,2026-07-26,7:00:00 PM,LENTEJAS MEDIANA.,3.0,0.031,20.97
9542,2026-07-20,2026-07-26,7:00:00 PM,LENTEJAS.CHIQUITA.,1.0,0.006,3.99
9543,2026-07-20,2026-07-26,7:00:00 PM,LIMONADA,7.0,0.047,31.5
9544,2026-07-20,2026-07-26,7:00:00 PM,MADIO.POLLO A la brasa,3.0,0.065,43.37
9545,2026-07-20,2026-07-26,7:00:00 PM,-MADUROS.,4.0,0.027,17.96
9546,2026-07-20,2026-07-26,7:00:00 PM,-MALTA,1.0,0.005,3.25
9547,2026-07-20,2026-07-26,7:00:00 PM,-MARIQUITAS.,6.0,0.054,35.94
9548,2026-07-20,2026-07-26,7:00:00 PM,MARIQUITAS..MIXTA,2.0,0.016,10.98
9549,2026-07-20,2026-07-26,7:00:00 PM,Mariquitas.togo.,1.0,0.007,4.5
9550,2026-07-20,2026-07-26,7:00:00 PM,-MASAS DE PUERCO,8.0,0.17,112.92
9551,2026-07-20,2026-07-26,7:00:00 PM,MASAS DE PUERCO.,4.0,0.082,54.76
9552,2026-07-20,2026-07-26,7:00:00 PM,-MASAS DE PUERCO.,1.0,0.021,13.99
9553,2026-07-20,2026-07-26,7:00:00 PM,MATERVA.,8.0,0.03,20.0
9554,2026-07-20,2026-07-26,7:00:00 PM,MEDIA NOCHE.,4.0,0.061,40.56
9555,2026-07-20,2026-07-26,7:00:00 PM,-MEDIO POLLO A BRASA.,3.0,0.059,39.57
9556,2026-07-20,2026-07-26,7:00:00 PM,MERENQUITO,1.0,0.002,1.5
9557,2026-07-20,2026-07-26,7:00:00 PM,-MILANESA DE POLLO,4.0,0.096,64.16
9558,2026-07-20,2026-07-26,7:00:00 PM,MILANESA RES.,1.0,0.03,20.19
9559,2026-07-20,2026-07-26,7:00:00 PM,MISC COCINA,1.0,0.012,8.0
9560,2026-07-20,2026-07-26,7:00:00 PM,MOFONGO PUERCO.,1.0,0.026,16.99
9561,2026-07-20,2026-07-26,7:00:00 PM,Mofongo solo,2.0,0.024,15.98
9562,2026-07-20,2026-07-26,7:00:00 PM,MOROS...,1.0,0.006,3.99
9563,2026-07-20,2026-07-26,7:00:00 PM,NATILLA,1.0,0.007,4.99
9564,2026-07-20,2026-07-26,7:00:00 PM,NATILLA CATALANA,1.0,0.009,6.25
9565,2026-07-20,2026-07-26,7:00:00 PM,-PAN CON BISTEC.,9.0,0.155,103.31
9566,2026-07-20,2026-07-26,7:00:00 PM,PAPA RELLENA,7.0,0.031,20.93
9567,2026-07-20,2026-07-26,7:00:00 PM,PAPAS FRITAS,1.0,0.007,4.49
9568,2026-07-20,2026-07-26,7:00:00 PM,-PARGO FRITO,1.0,0.036,24.19
9569,2026-07-20,2026-07-26,7:00:00 PM,-PARGO FRITO ENTERO.,2.0,0.078,51.98
9570,2026-07-20,2026-07-26,7:00:00 PM,PESCADO ALO MACHO,1.0,0.039,25.99
9571,2026-07-20,2026-07-26,7:00:00 PM,PICADILLO,3.0,0.064,42.87
9572,2026-07-20,2026-07-26,7:00:00 PM,-PICADILLO,3.0,0.066,44.07
9573,2026-07-20,2026-07-26,7:00:00 PM,PINA COLADA,2.0,0.021,13.98
9574,2026-07-20,2026-07-26,7:00:00 PM,POLLO EMPANIZADO,2.0,0.044,29.18
9575,2026-07-20,2026-07-26,7:00:00 PM,POTAJE COLORADOS MEDIA,1.0,0.01,6.99
9576,2026-07-20,2026-07-26,7:00:00 PM,PRESIDENTE..,2.0,0.016,10.98
9577,2026-07-20,2026-07-26,7:00:00 PM,PUDIN DE PAN.,3.0,0.025,16.47
9578,2026-07-20,2026-07-26,7:00:00 PM,PUDIN DIPLOMATICO.,4.0,0.033,21.96
9579,2026-07-20,2026-07-26,7:00:00 PM,PURE PAPAS.,1.0,0.007,4.49
9580,2026-07-20,2026-07-26,7:00:00 PM,RABO ENCENDIDO...,3.0,0.108,72.17
9581,2026-07-20,2026-07-26,7:00:00 PM,RIÑONADA.,1.0,0.033,21.99
9582,2026-07-20,2026-07-26,7:00:00 PM,ROPA VIEJA...,2.0,0.05,33.38
9583,2026-07-20,2026-07-26,7:00:00 PM,RUEDA SERRUCO FRITA.,1.0,0.024,15.99
9584,2026-07-20,2026-07-26,7:00:00 PM,SANDWECHES POLLO..,1.0,0.018,11.69
9585,2026-07-20,2026-07-26,7:00:00 PM,SANDWICHES..POLLO.EMPA,1.0,0.019,12.49
9586,2026-07-20,2026-07-26,7:00:00 PM,SDWCH DE PAVO REGL.,1.0,0.015,10.19
9587,2026-07-20,2026-07-26,7:00:00 PM,SM SOPA PESCADO,2.0,0.013,8.5
9588,2026-07-20,2026-07-26,7:00:00 PM,SOLO.TOMATE,1.0,0.004,2.5
9589,2026-07-20,2026-07-26,7:00:00 PM,Sopa de Pollo Grande,8.0,0.102,67.92
9590,2026-07-20,2026-07-26,7:00:00 PM,SOPA DE RES GRANDE,3.0,0.055,36.57
9591,2026-07-20,2026-07-26,7:00:00 PM,SOPA PESCADO MEDIANA.,1.0,0.01,6.99
9592,2026-07-20,2026-07-26,7:00:00 PM,SOPA PLATANO MEDIANA.,2.0,0.021,13.98
9593,2026-07-20,2026-07-26,7:00:00 PM,SOPA POLLO GRANDE.,1.0,0.013,8.49
9594,2026-07-20,2026-07-26,7:00:00 PM,Sopa Pollo Medina,12.0,0.099,65.88
9595,2026-07-20,2026-07-26,7:00:00 PM,SOPA. POLLO CHIQUITA,1.0,0.005,3.5
9596,2026-07-20,2026-07-26,7:00:00 PM,spageti carne,1.0,0.024,16.19
9597,2026-07-20,2026-07-26,7:00:00 PM,SPAGHETTI ALFRED JAMON,1.0,0.02,13.19
9598,2026-07-20,2026-07-26,7:00:00 PM,SPAGHETTI POLLO ALFRED,2.0,0.046,30.38
9599,2026-07-20,2026-07-26,7:00:00 PM,SPRIET.,1.0,0.004,2.5
9600,2026-07-20,2026-07-26,7:00:00 PM,T0 GO MESA,24.0,0.013,8.4
9601,2026-07-20,2026-07-26,7:00:00 PM,TAMAL,1.0,0.004,2.99
9602,2026-07-20,2026-07-26,7:00:00 PM,TAMAL CAZUELA.MEDIANO.,1.0,0.011,7.19
9603,2026-07-20,2026-07-26,7:00:00 PM,TAMAL.CAZUELA GRANDE.,1.0,0.017,11.19
9604,2026-07-20,2026-07-26,7:00:00 PM,TAMAL.JAMON PIERN.QUES,2.0,0.039,25.98
9605,2026-07-20,2026-07-26,7:00:00 PM,To Go.,5.0,0.002,1.0
9606,2026-07-20,2026-07-26,7:00:00 PM,To Go..,60.0,0.018,12.3
9607,2026-07-20,2026-07-26,7:00:00 PM,TOSTADA,5.0,0.015,9.95
9608,2026-07-20,2026-07-26,7:00:00 PM,TOSTONES.,1.0,0.007,4.99
9609,2026-07-20,2026-07-26,7:00:00 PM,TRES LECHES.,4.0,0.036,23.96
9610,2026-07-20,2026-07-26,7:00:00 PM,-VACA FRITA,12.0,0.312,207.48
9611,2026-07-20,2026-07-26,7:00:00 PM,-VACA FRITA.,8.0,0.194,129.12
9612,2026-07-20,2026-07-26,7:00:00 PM,YUCA FRITA.,1.0,0.008,5.49
9613,2026-07-20,2026-07-26,8:00:00 PM,.BISTEC DE POLLO,1.0,0.021,13.69
9614,2026-07-20,2026-07-26,8:00:00 PM,_=====================,18.0,0.0,0.0
9615,2026-07-20,2026-07-26,8:00:00 PM,== TO GO ==,23.0,0.007,4.6
9616,2026-07-20,2026-07-26,8:00:00 PM,======================,8.0,0.0,0.0
9617,2026-07-20,2026-07-26,8:00:00 PM,1.LIBRA ENSALA POLLO.,1.0,0.014,8.99
9618,2026-07-20,2026-07-26,8:00:00 PM,2 PIEZAS DE CORDERO.,1.0,0.038,24.99
9619,2026-07-20,2026-07-26,8:00:00 PM,305 Morados,1.0,0.009,6.25
9620,2026-07-20,2026-07-26,8:00:00 PM,305 Verdes,1.0,0.009,6.25
9621,2026-07-20,2026-07-26,8:00:00 PM,AGUA PERRIER,2.0,0.01,6.98
9622,2026-07-20,2026-07-26,8:00:00 PM,AGUACATE DE 3.00,1.0,0.005,3.0
9623,2026-07-20,2026-07-26,8:00:00 PM,AJIACO MEDIANO,3.0,0.032,21.17
9624,2026-07-20,2026-07-26,8:00:00 PM,AJIACO..GRANDE,1.0,0.016,10.49
9625,2026-07-20,2026-07-26,8:00:00 PM,ARROZ CON LECHE,1.0,0.008,5.49
9626,2026-07-20,2026-07-26,8:00:00 PM,ARROZ BLANCO..,1.0,0.005,3.25
9627,2026-07-20,2026-07-26,8:00:00 PM,ARROZ CHIQUITO,3.0,0.012,7.75
9628,2026-07-20,2026-07-26,8:00:00 PM,ARROZ CON POLLO,2.0,0.038,25.18
9629,2026-07-20,2026-07-26,8:00:00 PM,-ARROZ FRITO,2.0,0.041,27.38
9630,2026-07-20,2026-07-26,8:00:00 PM,ARROZ IMPERIAL..,2.0,0.043,28.38
9631,2026-07-20,2026-07-26,8:00:00 PM,BABY CHURASCO,2.0,0.06,40.18
9632,2026-07-20,2026-07-26,8:00:00 PM,BABY CHURRASCO,3.0,0.082,54.37
9633,2026-07-20,2026-07-26,8:00:00 PM,BACALAO VISCAINA,1.0,0.03,20.19
9634,2026-07-20,2026-07-26,8:00:00 PM,BATIDO CHOCOLATE.,1.0,0.007,4.99
9635,2026-07-20,2026-07-26,8:00:00 PM,BATIDO FRUTA BONBA,2.0,0.015,9.98
9636,2026-07-20,2026-07-26,8:00:00 PM,BATIDO MAMEY,6.0,0.049,32.94
9637,2026-07-20,2026-07-26,8:00:00 PM,BISTEC DE POLLO-,2.0,0.042,28.18
9638,2026-07-20,2026-07-26,8:00:00 PM,BISTEC DE POLLO.,5.0,0.103,68.25
9639,2026-07-20,2026-07-26,8:00:00 PM,-BISTEC DE POLLO.,3.0,0.061,40.67
9640,2026-07-20,2026-07-26,8:00:00 PM,BISTEC DE POLLO..,1.0,0.021,13.69
9641,2026-07-20,2026-07-26,8:00:00 PM,BISTEC DE POLLO...,2.0,0.041,27.38
9642,2026-07-20,2026-07-26,8:00:00 PM,-BISTEC DE PUERCO,1.0,0.025,16.69
9643,2026-07-20,2026-07-26,8:00:00 PM,BISTEC EN CAZUELA,1.0,0.022,14.69
9644,2026-07-20,2026-07-26,8:00:00 PM,-BISTEC PALOMILLA,7.0,0.19,126.73
9645,2026-07-20,2026-07-26,8:00:00 PM,BISTEC POLLO PLANCHA,3.0,0.062,41.07
9646,2026-07-20,2026-07-26,8:00:00 PM,-BISTECDE POLLO,3.0,0.063,41.67
9647,2026-07-20,2026-07-26,8:00:00 PM,BOCADITO DE TUNA.,1.0,0.014,9.19
9648,2026-07-20,2026-07-26,8:00:00 PM,BOLA ENSALADA POLLO,1.0,0.005,3.25
9649,2026-07-20,2026-07-26,8:00:00 PM,BOLICHE ..,1.0,0.023,14.99
9650,2026-07-20,2026-07-26,8:00:00 PM,BOLITA DE TUNA.,4.0,0.02,13.0
9651,2026-07-20,2026-07-26,8:00:00 PM,BOÑUELOS.,1.0,0.008,5.49
9652,2026-07-20,2026-07-26,8:00:00 PM,CAFE CON LECHE MEDIANO,2.0,0.011,7.5
9653,2026-07-20,2026-07-26,8:00:00 PM,CAFE CUBANO.,12.0,0.027,18.0
9654,2026-07-20,2026-07-26,8:00:00 PM,CALDO GALLEGO.MEDIANO.,3.0,0.037,24.57
9655,2026-07-20,2026-07-26,8:00:00 PM,CAMARONES AL AJILLO.,3.0,0.093,61.67
9656,2026-07-20,2026-07-26,8:00:00 PM,CARNE CON PAPAS.,3.0,0.064,42.57
9657,2026-07-20,2026-07-26,8:00:00 PM,CASA MATEO,1.0,0.042,28.0
9658,2026-07-20,2026-07-26,8:00:00 PM,CEVICHE MIXTO,1.0,0.035,23.19
9659,2026-07-20,2026-07-26,8:00:00 PM,CHICHAR POLLO C HUESO.,1.0,0.02,13.49
9660,2026-07-20,2026-07-26,8:00:00 PM,CHICHAR POLLO SIN HUES,1.0,0.024,15.69
9661,2026-07-20,2026-07-26,8:00:00 PM,CHICHARO GRANDE.,1.0,0.014,8.99
9662,2026-07-20,2026-07-26,8:00:00 PM,CHICHARO MEDIANO.,2.0,0.021,13.98
9663,2026-07-20,2026-07-26,8:00:00 PM,CHICHARRON DE POLLO.,1.0,0.018,11.99
9664,2026-07-20,2026-07-26,8:00:00 PM,CHULETAS DE PUERCO,2.0,0.044,29.18
9665,2026-07-20,2026-07-26,8:00:00 PM,CHULETAS DE PUERCO.,1.0,0.021,13.69
9666,2026-07-20,2026-07-26,8:00:00 PM,"CHURRASCO ,,,",5.0,0.202,134.75
9667,2026-07-20,2026-07-26,8:00:00 PM,churros.con dulce,1.0,0.009,6.25
9668,2026-07-20,2026-07-26,8:00:00 PM,CLUB SANDWICH.,4.0,0.073,48.76
9669,2026-07-20,2026-07-26,8:00:00 PM,COKE.,3.0,0.011,7.5
9670,2026-07-20,2026-07-26,8:00:00 PM,COLADA.,3.0,0.012,8.25
9671,2026-07-20,2026-07-26,8:00:00 PM,Cortadito Evaporada,3.0,0.011,7.5
9672,2026-07-20,2026-07-26,8:00:00 PM,"Cortadito,.",2.0,0.006,4.24
9673,2026-07-20,2026-07-26,8:00:00 PM,CREMA CALABAZA GRANDE,1.0,0.015,9.99
9674,2026-07-20,2026-07-26,8:00:00 PM,CREMA CALABAZA MEDIAN,1.0,0.01,6.99
9675,2026-07-20,2026-07-26,8:00:00 PM,CREMA CALABAZA..GRAND,1.0,0.015,9.99
9676,2026-07-20,2026-07-26,8:00:00 PM,CREMA MALANGA MEDIANA.,2.0,0.021,13.98
9677,2026-07-20,2026-07-26,8:00:00 PM,CREMA MALANGA.GRANDE.,1.0,0.016,10.49
9678,2026-07-20,2026-07-26,8:00:00 PM,CREMA VEGETAL MEDIANA,3.0,0.031,20.97
9679,2026-07-20,2026-07-26,8:00:00 PM,CREMA. MALANGA GRANDE.,6.0,0.095,62.94
9680,2026-07-20,2026-07-26,8:00:00 PM,croqueta jamon.,11.0,0.029,19.25
9681,2026-07-20,2026-07-26,8:00:00 PM,croqueta pollo.,5.0,0.013,8.75
9682,2026-07-20,2026-07-26,8:00:00 PM,CROQUETA PREPARADA.,1.0,0.018,12.19
9683,2026-07-20,2026-07-26,8:00:00 PM,CUBANO ESPECIAL..,1.0,0.018,11.99
9684,2026-07-20,2026-07-26,8:00:00 PM,CUNE.1/2,1.0,0.026,16.99
9685,2026-07-20,2026-07-26,8:00:00 PM,DEDITOS DE PESCADO,1.0,0.024,15.99
9686,2026-07-20,2026-07-26,8:00:00 PM,-DEDITOS DE POLLO,3.0,0.059,39.37
9687,2026-07-20,2026-07-26,8:00:00 PM,DIET COKE.,1.0,0.003,2.25
9688,2026-07-20,2026-07-26,8:00:00 PM,DIET MATERVA.,3.0,0.011,7.5
9689,2026-07-20,2026-07-26,8:00:00 PM,DULCE DE LECHE,1.0,0.008,5.49
9690,2026-07-20,2026-07-26,8:00:00 PM,Empanada carne,1.0,0.004,2.99
9691,2026-07-20,2026-07-26,8:00:00 PM,Empanada Jamon/Queso,3.0,0.013,8.97
9692,2026-07-20,2026-07-26,8:00:00 PM,Empanada Pollo,1.0,0.004,2.99
9693,2026-07-20,2026-07-26,8:00:00 PM,ENPANADA COLONBIANA..,2.0,0.007,4.98
9694,2026-07-20,2026-07-26,8:00:00 PM,ENPANISADO. RES,2.0,0.048,32.18
9695,2026-07-20,2026-07-26,8:00:00 PM,"ENPELLAS,chicharones.",1.0,0.009,6.0
9696,2026-07-20,2026-07-26,8:00:00 PM,ENSALA AGUACAT PEQUE,6.0,0.041,27.0
9697,2026-07-20,2026-07-26,8:00:00 PM,ENSALADA AGUACAT GRAND,2.0,0.017,11.0
9698,2026-07-20,2026-07-26,8:00:00 PM,EXTRA AGUACATE.,1.0,0.003,1.75
9699,2026-07-20,2026-07-26,8:00:00 PM,FABADA MEDIANA.,2.0,0.021,14.18
9700,2026-07-20,2026-07-26,8:00:00 PM,FILETE ALA FRANCESA,1.0,0.034,22.49
9701,2026-07-20,2026-07-26,8:00:00 PM,-FILETE PESCADO PLANCH,1.0,0.026,17.19
9702,2026-07-20,2026-07-26,8:00:00 PM,FILETE SALMON.,1.0,0.027,18.2
9703,2026-07-20,2026-07-26,8:00:00 PM,FILETILL POLLO SALSA,1.0,0.023,14.99
9704,2026-07-20,2026-07-26,8:00:00 PM,FILETILLO POLLO PLANCH,1.0,0.023,15.19
9705,2026-07-20,2026-07-26,8:00:00 PM,FILETILLO RES PLANCHA.,1.0,0.023,14.99
9706,2026-07-20,2026-07-26,8:00:00 PM,FLAN ESPECIAL.,1.0,0.009,5.99
9707,2026-07-20,2026-07-26,8:00:00 PM,-FLAN.,3.0,0.022,14.97
9708,2026-07-20,2026-07-26,8:00:00 PM,FRICASE PUERCO.,1.0,0.02,13.45
9709,2026-07-20,2026-07-26,8:00:00 PM,FRIJOL MEDIANO.,3.0,0.022,14.97
9710,2026-07-20,2026-07-26,8:00:00 PM,FRIJOL PEQUENO.,1.0,0.004,2.99
9711,2026-07-20,2026-07-26,8:00:00 PM,FRITA CUBANA,1.0,0.015,10.19
9712,2026-07-20,2026-07-26,8:00:00 PM,FRITURAS DE MALANGA,1.0,0.01,6.5
9713,2026-07-20,2026-07-26,8:00:00 PM,GARBANZO GRANDE.,1.0,0.016,10.49
9714,2026-07-20,2026-07-26,8:00:00 PM,GARBANZO.CHIQUITO.,1.0,0.006,3.99
9715,2026-07-20,2026-07-26,8:00:00 PM,GARBANZO.FRITO.,1.0,0.024,16.19
9716,2026-07-20,2026-07-26,8:00:00 PM,GARBANZO.MEDIANO.,1.0,0.01,6.99
9717,2026-07-20,2026-07-26,8:00:00 PM,GREMA-MALANGA.GRANDE.,1.0,0.016,10.69
9718,2026-07-20,2026-07-26,8:00:00 PM,GUISO MAIZ GRANDE.,2.0,0.032,20.98
9719,2026-07-20,2026-07-26,8:00:00 PM,HELADO CONO..,1.0,0.005,3.5
9720,2026-07-20,2026-07-26,8:00:00 PM,JALEA MiXTA......,1.0,0.039,25.99
9721,2026-07-20,2026-07-26,8:00:00 PM,JARRITO NARANJA.,1.0,0.005,3.49
9722,2026-07-20,2026-07-26,8:00:00 PM,JUGO MARACULLA,2.0,0.014,9.0
9723,2026-07-20,2026-07-26,8:00:00 PM,JUGO PINA,3.0,0.02,13.5
9724,2026-07-20,2026-07-26,8:00:00 PM,JUGO ZANAHORIA NARAJA,2.0,0.015,9.98
9725,2026-07-20,2026-07-26,8:00:00 PM,JUGO.NARANJA.,4.0,0.032,21.0
9726,2026-07-20,2026-07-26,8:00:00 PM,Juntas,1.0,0.0,0.0
9727,2026-07-20,2026-07-26,8:00:00 PM,JUPINA DIETA,4.0,0.015,10.0
9728,2026-07-20,2026-07-26,8:00:00 PM,LECHE GRANDE,1.0,0.005,3.25
9729,2026-07-20,2026-07-26,8:00:00 PM,-LECHON ASADO,5.0,0.105,70.15
9730,2026-07-20,2026-07-26,8:00:00 PM,LIMONADA,6.0,0.041,27.0
9731,2026-07-20,2026-07-26,8:00:00 PM,LIMONADA FRESA,1.0,0.009,5.99
9732,2026-07-20,2026-07-26,8:00:00 PM,macarron con queso,1.0,0.012,7.99
9733,2026-07-20,2026-07-26,8:00:00 PM,MADIO.POLLO A la brasa,2.0,0.043,28.38
9734,2026-07-20,2026-07-26,8:00:00 PM,-MADUROS.,7.0,0.047,31.43
9735,2026-07-20,2026-07-26,8:00:00 PM,MALBORO LIGHT,2.0,0.036,24.0
9736,2026-07-20,2026-07-26,8:00:00 PM,MARIQUITAS DE MALANGA,3.0,0.027,17.97
9737,2026-07-20,2026-07-26,8:00:00 PM,-MARIQUITAS.,1.0,0.009,5.99
9738,2026-07-20,2026-07-26,8:00:00 PM,-MASAS DE PUERCO,2.0,0.045,30.18
9739,2026-07-20,2026-07-26,8:00:00 PM,MASAS DE PUERCO.,4.0,0.085,56.56
9740,2026-07-20,2026-07-26,8:00:00 PM,-MASAS DE PUERCO.,2.0,0.042,27.98
9741,2026-07-20,2026-07-26,8:00:00 PM,MATERVA.,4.0,0.015,10.0
9742,2026-07-20,2026-07-26,8:00:00 PM,MED CREMA DE CALABAZA,1.0,0.01,6.99
9743,2026-07-20,2026-07-26,8:00:00 PM,MED CREMA -MALANGA,3.0,0.032,21.57
9744,2026-07-20,2026-07-26,8:00:00 PM,MEDIA NOCHE.,3.0,0.046,30.57
9745,2026-07-20,2026-07-26,8:00:00 PM,MELON..SANDIA,2.0,0.014,9.0
9746,2026-07-20,2026-07-26,8:00:00 PM,-MILANESA DE POLLO,4.0,0.097,64.36
9747,2026-07-20,2026-07-26,8:00:00 PM,Miller Light,1.0,0.007,4.99
9748,2026-07-20,2026-07-26,8:00:00 PM,MISC COCINA,1.0,0.002,1.0
9749,2026-07-20,2026-07-26,8:00:00 PM,MODELO,1.0,0.008,5.49
9750,2026-07-20,2026-07-26,8:00:00 PM,MOFONGO PUERCO.,1.0,0.026,16.99
9751,2026-07-20,2026-07-26,8:00:00 PM,MOROS...,3.0,0.018,11.97
9752,2026-07-20,2026-07-26,8:00:00 PM,-PAN CON BISTEC.,6.0,0.101,66.94
9753,2026-07-20,2026-07-26,8:00:00 PM,PAPA RELLENA,1.0,0.004,2.99
9754,2026-07-20,2026-07-26,8:00:00 PM,PAPAS FRITAS,1.0,0.007,4.49
9755,2026-07-20,2026-07-26,8:00:00 PM,PESCADO ALO MACHO,1.0,0.039,25.99
9756,2026-07-20,2026-07-26,8:00:00 PM,-PICADILLO,1.0,0.022,14.69
9757,2026-07-20,2026-07-26,8:00:00 PM,POLLO EMPANIZADO,1.0,0.022,14.69
9758,2026-07-20,2026-07-26,8:00:00 PM,POTAJE COLORADOS MEDIA,1.0,0.011,7.19
9759,2026-07-20,2026-07-26,8:00:00 PM,PUDIN DE PAN.,2.0,0.016,10.98
9760,2026-07-20,2026-07-26,8:00:00 PM,PUDIN DIPLOMATICO.,2.0,0.016,10.98
9761,2026-07-20,2026-07-26,8:00:00 PM,ROPA VIEJA..,1.0,0.023,14.99
9762,2026-07-20,2026-07-26,8:00:00 PM,ROPA VIEJA...,1.0,0.025,16.69
9763,2026-07-20,2026-07-26,8:00:00 PM,SANDWICH BACON.,1.0,0.015,9.99
9764,2026-07-20,2026-07-26,8:00:00 PM,Sopa de Pollo Grande,6.0,0.077,50.94
9765,2026-07-20,2026-07-26,8:00:00 PM,SOPA DE RES GRANDE,2.0,0.036,23.98
9766,2026-07-20,2026-07-26,8:00:00 PM,SOPA PESCADO GRANDE.,1.0,0.017,10.99
9767,2026-07-20,2026-07-26,8:00:00 PM,SOPA PESCADO MEDIANA.,1.0,0.01,6.99
9768,2026-07-20,2026-07-26,8:00:00 PM,SOPA PLATANO MEDIANA.,1.0,0.01,6.99
9769,2026-07-20,2026-07-26,8:00:00 PM,Sopa Pollo Medina,8.0,0.066,43.92
9770,2026-07-20,2026-07-26,8:00:00 PM,T0 GO MESA,15.0,0.008,5.25
9771,2026-07-20,2026-07-26,8:00:00 PM,TAMAL,2.0,0.009,5.98
9772,2026-07-20,2026-07-26,8:00:00 PM,TAMAL CAZUELA.MEDIANO.,2.0,0.021,14.18
9773,2026-07-20,2026-07-26,8:00:00 PM,TAMAL.CAZUELA GRANDE.,1.0,0.017,11.19
9774,2026-07-20,2026-07-26,8:00:00 PM,To Go.,7.0,0.002,1.4
9775,2026-07-20,2026-07-26,8:00:00 PM,To Go..,32.0,0.01,6.85
9776,2026-07-20,2026-07-26,8:00:00 PM,TOREJA CUBANA,2.0,0.018,11.98
9777,2026-07-20,2026-07-26,8:00:00 PM,TOSTADA,3.0,0.009,5.97
9778,2026-07-20,2026-07-26,8:00:00 PM,TOSTONES.,1.0,0.007,4.99
9779,2026-07-20,2026-07-26,8:00:00 PM,TRES LECHES.,2.0,0.018,11.98
9780,2026-07-20,2026-07-26,8:00:00 PM,-VACA FRITA,10.0,0.258,171.9
9781,2026-07-20,2026-07-26,8:00:00 PM,-VACA FRITA.,2.0,0.049,32.38
9782,2026-07-20,2026-07-26,9:00:00 PM,.BISTEC DE POLLO,5.0,0.102,67.65
9783,2026-07-20,2026-07-26,9:00:00 PM,_=====================,3.0,0.0,0.0
9784,2026-07-20,2026-07-26,9:00:00 PM,== TO GO ==,14.0,0.004,2.8
9785,2026-07-20,2026-07-26,9:00:00 PM,======================,4.0,0.0,0.0
9786,2026-07-20,2026-07-26,9:00:00 PM,1.LIBRA ENSALA POLLO.,1.0,0.014,8.99
9787,2026-07-20,2026-07-26,9:00:00 PM,AGUA PERRIER,1.0,0.005,3.49
9788,2026-07-20,2026-07-26,9:00:00 PM,AGUACATE $5.00,1.0,0.008,5.0
9789,2026-07-20,2026-07-26,9:00:00 PM,AJIACO MEDIANO,1.0,0.01,6.99
9790,2026-07-20,2026-07-26,9:00:00 PM,ARROZ BLANCO..,3.0,0.015,9.75
9791,2026-07-20,2026-07-26,9:00:00 PM,ARROZ CON POLLO.,1.0,0.02,13.49
9792,2026-07-20,2026-07-26,9:00:00 PM,ARROZ FRITO,1.0,0.022,14.69
9793,2026-07-20,2026-07-26,9:00:00 PM,-ARROZ FRITO,1.0,0.02,13.49
9794,2026-07-20,2026-07-26,9:00:00 PM,BABY CHURASCO,3.0,0.09,59.97
9795,2026-07-20,2026-07-26,9:00:00 PM,BABY CHURRASCO,2.0,0.055,36.38
9796,2026-07-20,2026-07-26,9:00:00 PM,Bananas.3 $ 1.50,1.0,0.002,1.5
9797,2026-07-20,2026-07-26,9:00:00 PM,BATIDO CHOCOLATE.,1.0,0.007,4.99
9798,2026-07-20,2026-07-26,9:00:00 PM,BATIDO FRUTA BONBA,2.0,0.015,9.98
9799,2026-07-20,2026-07-26,9:00:00 PM,BATIDO MAMEY,3.0,0.025,16.47
9800,2026-07-20,2026-07-26,9:00:00 PM,BATIDO VAINILLA,1.0,0.007,4.99
9801,2026-07-20,2026-07-26,9:00:00 PM,Best Mango,1.0,0.004,2.99
9802,2026-07-20,2026-07-26,9:00:00 PM,BISTEC DE POLLO-,3.0,0.064,42.67
9803,2026-07-20,2026-07-26,9:00:00 PM,-BISTEC DE POLLO.,2.0,0.041,27.38
9804,2026-07-20,2026-07-26,9:00:00 PM,BISTEC DE POLLO..,1.0,0.02,13.49
9805,2026-07-20,2026-07-26,9:00:00 PM,BISTEC DE POLLO...,2.0,0.041,27.38
9806,2026-07-20,2026-07-26,9:00:00 PM,-BISTEC DE PUERCO,4.0,0.097,64.56
9807,2026-07-20,2026-07-26,9:00:00 PM,-BISTEC PALOMILLA,6.0,0.164,108.94
9808,2026-07-20,2026-07-26,9:00:00 PM,BISTEC POLLO PLANCHA,1.0,0.021,13.69
9809,2026-07-20,2026-07-26,9:00:00 PM,BOCADITO DE TUNA.,1.0,0.014,9.19
9810,2026-07-20,2026-07-26,9:00:00 PM,CAFE CUBANO.,10.0,0.023,15.0
9811,2026-07-20,2026-07-26,9:00:00 PM,CAMARONES ENCHILADO.,1.0,0.03,19.99
9812,2026-07-20,2026-07-26,9:00:00 PM,CANT 4 DELIVER,1.0,0.084,56.0
9813,2026-07-20,2026-07-26,9:00:00 PM,CARNE CON PAPAS.,1.0,0.021,13.99
9814,2026-07-20,2026-07-26,9:00:00 PM,CHICHAR POLLO SIN HUES,1.0,0.021,13.69
9815,2026-07-20,2026-07-26,9:00:00 PM,CHICHARO CHIQUITO.,1.0,0.006,3.99
9816,2026-07-20,2026-07-26,9:00:00 PM,CHULETAS DE PUERCO,1.0,0.024,15.69
9817,2026-07-20,2026-07-26,9:00:00 PM,"CHURRASCO ,,,",11.0,0.435,289.69
9818,2026-07-20,2026-07-26,9:00:00 PM,COKE CERO.,1.0,0.004,2.5
9819,2026-07-20,2026-07-26,9:00:00 PM,COKE.,3.0,0.011,7.5
9820,2026-07-20,2026-07-26,9:00:00 PM,COLADA.,4.0,0.017,11.0
9821,2026-07-20,2026-07-26,9:00:00 PM,-CORONA.,2.0,0.016,10.98
9822,2026-07-20,2026-07-26,9:00:00 PM,"Cortadito,.",2.0,0.006,3.98
9823,2026-07-20,2026-07-26,9:00:00 PM,CREMA CALABAZACHIQUIT,1.0,0.007,4.5
9824,2026-07-20,2026-07-26,9:00:00 PM,CREMA MALANGA MEDIANA.,5.0,0.052,34.95
9825,2026-07-20,2026-07-26,9:00:00 PM,CREMA. MALANGA GRANDE.,2.0,0.032,20.98
9826,2026-07-20,2026-07-26,9:00:00 PM,croqueta jamon.,4.0,0.011,7.0
9827,2026-07-20,2026-07-26,9:00:00 PM,-DEDITOS DE POLLO,2.0,0.039,26.18
9828,2026-07-20,2026-07-26,9:00:00 PM,DIET MATERVA.,2.0,0.008,5.0
9829,2026-07-20,2026-07-26,9:00:00 PM,DOS HUEVO AROS PAPITAS,1.0,0.014,8.99
9830,2026-07-20,2026-07-26,9:00:00 PM,ENPANISADO. RES,2.0,0.048,32.18
9831,2026-07-20,2026-07-26,9:00:00 PM,ENSALA AGUACAT PEQUE,2.0,0.014,9.0
9832,2026-07-20,2026-07-26,9:00:00 PM,ENSALA POLLO 2 CROQUET,1.0,0.019,12.49
9833,2026-07-20,2026-07-26,9:00:00 PM,Ensalada Small,2.0,0.008,5.5
9834,2026-07-20,2026-07-26,9:00:00 PM,FABADA GRANDE,2.0,0.032,20.98
9835,2026-07-20,2026-07-26,9:00:00 PM,FELITOS,2.0,0.004,2.98
9836,2026-07-20,2026-07-26,9:00:00 PM,FILETILLO POLLO PLANCH,1.0,0.024,16.19
9837,2026-07-20,2026-07-26,9:00:00 PM,-FLAN.,1.0,0.007,4.99
9838,2026-07-20,2026-07-26,9:00:00 PM,FRICASE PUERCO.,2.0,0.04,26.9
9839,2026-07-20,2026-07-26,9:00:00 PM,FRIJOL GRANDE,1.0,0.012,7.99
9840,2026-07-20,2026-07-26,9:00:00 PM,FRIJOL MEDIANO.,1.0,0.007,4.99
9841,2026-07-20,2026-07-26,9:00:00 PM,FRIJOL PEQUENO.,1.0,0.004,2.99
9842,2026-07-20,2026-07-26,9:00:00 PM,FRITURA VACALAO.,3.0,0.029,19.5
9843,2026-07-20,2026-07-26,9:00:00 PM,GUARAPO.,5.0,0.039,26.25
9844,2026-07-20,2026-07-26,9:00:00 PM,HELADO CONO..,1.0,0.005,3.5
9845,2026-07-20,2026-07-26,9:00:00 PM,HORDEN DE CHICHARON.,1.0,0.005,3.25
9846,2026-07-20,2026-07-26,9:00:00 PM,HORDEN DE 3 CHICHARONE,5.0,0.024,16.25
9847,2026-07-20,2026-07-26,9:00:00 PM,JARRITO NARANJA.,1.0,0.005,3.49
9848,2026-07-20,2026-07-26,9:00:00 PM,JUGO DE MANZANA.,2.0,0.01,6.5
9849,2026-07-20,2026-07-26,9:00:00 PM,JUGO MARACULLA,1.0,0.007,4.5
9850,2026-07-20,2026-07-26,9:00:00 PM,JUGO PINA,2.0,0.014,9.0
9851,2026-07-20,2026-07-26,9:00:00 PM,JUGO ZANAHORIA NARAJA,1.0,0.007,4.99
9852,2026-07-20,2026-07-26,9:00:00 PM,-LECHE MALTEADA,1.0,0.007,4.99
9853,2026-07-20,2026-07-26,9:00:00 PM,-LECHON ASADO,2.0,0.042,28.18
9854,2026-07-20,2026-07-26,9:00:00 PM,MADIO.POLLO A la brasa,1.0,0.021,13.99
9855,2026-07-20,2026-07-26,9:00:00 PM,-MADUROS.,2.0,0.013,8.98
9856,2026-07-20,2026-07-26,9:00:00 PM,MARLBORO ROJO,1.0,0.018,12.0
9857,2026-07-20,2026-07-26,9:00:00 PM,-MASAS DE PUERCO,1.0,0.021,13.99
9858,2026-07-20,2026-07-26,9:00:00 PM,MELON..SANDIA,4.0,0.027,18.0
9859,2026-07-20,2026-07-26,9:00:00 PM,MERENQUITO,1.0,0.002,1.5
9860,2026-07-20,2026-07-26,9:00:00 PM,MODELO,2.0,0.016,10.98
9861,2026-07-20,2026-07-26,9:00:00 PM,MOROS...,1.0,0.006,3.99
9862,2026-07-20,2026-07-26,9:00:00 PM,NATILLA CATALANA,1.0,0.009,6.25
9863,2026-07-20,2026-07-26,9:00:00 PM,PAN CON LECHON.,1.0,0.015,9.69
9864,2026-07-20,2026-07-26,9:00:00 PM,PAN CON TORTILLA.,2.0,0.033,22.18
9865,2026-07-20,2026-07-26,9:00:00 PM,PAPAS FRITAS,2.0,0.013,8.98
9866,2026-07-20,2026-07-26,9:00:00 PM,PICADILLO,2.0,0.041,26.98
9867,2026-07-20,2026-07-26,9:00:00 PM,-PICADILLO,3.0,0.066,43.67
9868,2026-07-20,2026-07-26,9:00:00 PM,pizza y alitas,1.0,0.026,16.99
9869,2026-07-20,2026-07-26,9:00:00 PM,PRESIDENTE..,1.0,0.008,5.49
9870,2026-07-20,2026-07-26,9:00:00 PM,PUDIN DE PAN.,2.0,0.016,10.98
9871,2026-07-20,2026-07-26,9:00:00 PM,-RACION DE MALANGA.,1.0,0.009,5.99
9872,2026-07-20,2026-07-26,9:00:00 PM,ROPA VIEJA..,1.0,0.023,15.19
9873,2026-07-20,2026-07-26,9:00:00 PM,RUEDA DE SERRUCHO.,1.0,0.023,14.99
9874,2026-07-20,2026-07-26,9:00:00 PM,RUEDA SERRUCO FRITA.,1.0,0.024,15.99
9875,2026-07-20,2026-07-26,9:00:00 PM,salsa cilandro,2.0,0.004,2.5
9876,2026-07-20,2026-07-26,9:00:00 PM,-SDWC TUNA REGULAR.,1.0,0.016,10.69
9877,2026-07-20,2026-07-26,9:00:00 PM,SM SOPA DE POLLO,1.0,0.004,2.99
9878,2026-07-20,2026-07-26,9:00:00 PM,SOLO.TOMATE,1.0,0.004,2.5
9879,2026-07-20,2026-07-26,9:00:00 PM,Sopa de Pollo Grande,7.0,0.089,59.43
9880,2026-07-20,2026-07-26,9:00:00 PM,SOPA DE RES GRANDE,2.0,0.036,23.98
9881,2026-07-20,2026-07-26,9:00:00 PM,SOPA PESCADO MEDIANA.,2.0,0.021,13.98
9882,2026-07-20,2026-07-26,9:00:00 PM,SOPA PLATANO MEDIANA.,2.0,0.021,13.98
9883,2026-07-20,2026-07-26,9:00:00 PM,Sopa Pollo Medina,4.0,0.033,21.96
9884,2026-07-20,2026-07-26,9:00:00 PM,SPAGHETTI ALFRED JAMON,1.0,0.02,13.19
9885,2026-07-20,2026-07-26,9:00:00 PM,SPAGUETTI/W CARNE,1.0,0.024,16.19
9886,2026-07-20,2026-07-26,9:00:00 PM,stella ARTOIS,3.0,0.025,16.47
9887,2026-07-20,2026-07-26,9:00:00 PM,SUNKIST.,1.0,0.004,2.5
9888,2026-07-20,2026-07-26,9:00:00 PM,T0 GO MESA,11.0,0.006,3.85
9889,2026-07-20,2026-07-26,9:00:00 PM,TAMAL,1.0,0.004,2.99
9890,2026-07-20,2026-07-26,9:00:00 PM,TAMAL.JAMON PIERN.QUES,1.0,0.02,12.99
9891,2026-07-20,2026-07-26,9:00:00 PM,To Go.,3.0,0.001,0.6
9892,2026-07-20,2026-07-26,9:00:00 PM,To Go..,14.0,0.004,2.95
9893,2026-07-20,2026-07-26,9:00:00 PM,TOSTONES.,1.0,0.007,4.99
9894,2026-07-20,2026-07-26,9:00:00 PM,TRES LECHES.,2.0,0.018,11.98
9895,2026-07-20,2026-07-26,9:00:00 PM,-VACA FRITA,4.0,0.103,68.56
9896,2026-07-20,2026-07-26,9:00:00 PM,YUCA.,1.0,0.007,4.49
9897,2026-07-20,2026-07-26,10:00:00 PM,AGUACATE$4.00,1.0,0.006,4.0
9898,2026-07-20,2026-07-26,10:00:00 PM,BATIDO CHOCOLATE.,1.0,0.007,4.99
9899,2026-07-20,2026-07-26,10:00:00 PM,HORDEN DE CHICHARON.,2.0,0.01,6.5
9900,2026-07-20,2026-07-26,10:00:00 PM,JUGO ZANAHORIA NARAJA,1.0,0.007,4.99
9901,2026-07-20,2026-07-26,10:00:00 PM,MATERVA.,1.0,0.004,2.5
9902,2026-07-20,2026-07-26,10:00:00 PM,NATILLA,1.0,0.007,4.99
9903,2026-07-20,2026-07-26,10:00:00 PM,RESUMEN DE LA HORA,7.0,0.042,27.97
9904,2026-08-03,2026-08-09,6:00:00 AM,1.SOLO.PANQUEY,1.0,0.003,2.25
9905,2026-08-03,2026-08-09,6:00:00 AM,BISTEC A CABALLO,3.0,0.064,44.07
9906,2026-08-03,2026-08-09,6:00:00 AM,CAFE CON LECHE PEQUENO,4.0,0.014,10.0
9907,2026-08-03,2026-08-09,6:00:00 AM,CAFE CUBANO.,8.0,0.017,12.0
9908,2026-08-03,2026-08-09,6:00:00 AM,CAFECITO.,1.0,0.001,0.99
9909,2026-08-03,2026-08-09,6:00:00 AM,COLADA.,1.0,0.004,2.75
9910,2026-08-03,2026-08-09,6:00:00 AM,Cortadito Evaporada,2.0,0.007,5.0
9911,2026-08-03,2026-08-09,6:00:00 AM,"Cortadito,.",1.0,0.003,2.25
9912,2026-08-03,2026-08-09,6:00:00 AM,croqueta jamon.,1.0,0.003,1.75
9913,2026-08-03,2026-08-09,6:00:00 AM,DESALLUNOS..,4.0,0.07,48.56
9914,2026-08-03,2026-08-09,6:00:00 AM,ENPANADA COLONBIANA..,3.0,0.011,7.47
9915,2026-08-03,2026-08-09,6:00:00 AM,ENSALA POLLO 2 CROQUET,1.0,0.018,12.49
9916,2026-08-03,2026-08-09,6:00:00 AM,HUEVO FRITO,1.0,0.002,1.5
9917,2026-08-03,2026-08-09,6:00:00 AM,JUGO PINA,1.0,0.007,4.5
9918,2026-08-03,2026-08-09,6:00:00 AM,JUGO.NARANJA.,2.0,0.015,10.5
9919,2026-08-03,2026-08-09,6:00:00 AM,NEWPORT,2.0,0.037,25.5
9920,2026-08-03,2026-08-09,6:00:00 AM,PAN DE BONO..,1.0,0.003,1.99
9921,2026-08-03,2026-08-09,6:00:00 AM,PAN JAMAICA,2.0,0.005,3.2
9922,2026-08-03,2026-08-09,6:00:00 AM,PAPA RELLENA,1.0,0.004,2.99
9923,2026-08-03,2026-08-09,6:00:00 AM,PEPSI.,2.0,0.007,5.0
9924,2026-08-03,2026-08-09,6:00:00 AM,PERICO RIPIADO.,1.0,0.018,12.19
9925,2026-08-03,2026-08-09,6:00:00 AM,QUESO SUIZO,1.0,0.003,1.99
9926,2026-08-03,2026-08-09,6:00:00 AM,SDWCH DE PAVO REGL.,1.0,0.015,10.19
9927,2026-08-03,2026-08-09,6:00:00 AM,To Go.,1.0,0.0,0.2
9928,2026-08-03,2026-08-09,6:00:00 AM,TOSTADA,5.0,0.014,9.95
9929,2026-08-03,2026-08-09,6:00:00 AM,RESUMEN DE LA HORA,51.0,0.346,239.28
9930,2026-08-03,2026-08-09,7:00:00 AM,AGUA NATURAL,1.0,0.003,1.99
9931,2026-08-03,2026-08-09,7:00:00 AM,BACON,1.0,0.007,4.99
9932,2026-08-03,2026-08-09,7:00:00 AM,Bananas.3 $ 1.50,2.0,0.004,3.0
9933,2026-08-03,2026-08-09,7:00:00 AM,BATIDO FRUTA BONBA,1.0,0.007,4.99
9934,2026-08-03,2026-08-09,7:00:00 AM,Best Mango,1.0,0.004,2.99
9935,2026-08-03,2026-08-09,7:00:00 AM,BISTEC A CABALLO,2.0,0.042,28.98
9936,2026-08-03,2026-08-09,7:00:00 AM,CAF.LEC.EVAP.CHICO,1.0,0.004,3.0
9937,2026-08-03,2026-08-09,7:00:00 AM,CAFE CON LECHE GRANDE,2.0,0.013,9.0
9938,2026-08-03,2026-08-09,7:00:00 AM,CAFE CON LECHE MEDIANO,2.0,0.011,7.5
9939,2026-08-03,2026-08-09,7:00:00 AM,CAFE CON LECHE PEQUENO,16.0,0.058,40.0
9940,2026-08-03,2026-08-09,7:00:00 AM,CAFE CUBANO.,28.0,0.061,42.0
9941,2026-08-03,2026-08-09,7:00:00 AM,chocolate med,1.0,0.004,2.99
9942,2026-08-03,2026-08-09,7:00:00 AM,cocacola.botella,1.0,0.005,3.49
9943,2026-08-03,2026-08-09,7:00:00 AM,COKE.,1.0,0.004,2.5
9944,2026-08-03,2026-08-09,7:00:00 AM,COLADA.,9.0,0.036,24.75
9945,2026-08-03,2026-08-09,7:00:00 AM,Cortadito Evaporada,2.0,0.007,5.0
9946,2026-08-03,2026-08-09,7:00:00 AM,"Cortadito,.",3.0,0.009,5.97
9947,2026-08-03,2026-08-09,7:00:00 AM,croqueta bacalao.,3.0,0.009,5.97
9948,2026-08-03,2026-08-09,7:00:00 AM,croqueta jamon.,17.0,0.043,29.75
9949,2026-08-03,2026-08-09,7:00:00 AM,croqueta pollo.,1.0,0.003,1.75
9950,2026-08-03,2026-08-09,7:00:00 AM,Deditos De Queso.,4.0,0.012,7.96
9951,2026-08-03,2026-08-09,7:00:00 AM,DESALLUNOS..,24.0,0.44,303.81
9952,2026-08-03,2026-08-09,7:00:00 AM,DOS HUEVO AROS. MADUR,1.0,0.013,8.99
9953,2026-08-03,2026-08-09,7:00:00 AM,Empanada carne,7.0,0.03,20.93
9954,2026-08-03,2026-08-09,7:00:00 AM,Empanada Jamon/Queso,1.0,0.004,2.99
9955,2026-08-03,2026-08-09,7:00:00 AM,ENPANADA COLONBIANA..,4.0,0.014,9.96
9956,2026-08-03,2026-08-09,7:00:00 AM,ENSALA AGUACAT PEQUE,1.0,0.007,4.5
9957,2026-08-03,2026-08-09,7:00:00 AM,Ensalada Small,1.0,0.004,2.75
9958,2026-08-03,2026-08-09,7:00:00 AM,EXTRA QUESO CREMA.,3.0,0.008,5.25
9959,2026-08-03,2026-08-09,7:00:00 AM,FELITOS,17.0,0.037,25.33
9960,2026-08-03,2026-08-09,7:00:00 AM,FRITA CUBANA,1.0,0.015,10.19
9961,2026-08-03,2026-08-09,7:00:00 AM,HARINA MEDIANA,1.0,0.009,6.25
9962,2026-08-03,2026-08-09,7:00:00 AM,HARINA PEQUEÑA,1.0,0.006,3.99
9963,2026-08-03,2026-08-09,7:00:00 AM,HUEVO CON BUTIFARA.,1.0,0.02,13.49
9964,2026-08-03,2026-08-09,7:00:00 AM,HUEVO FRITO,4.0,0.008,5.5
9965,2026-08-03,2026-08-09,7:00:00 AM,HUEVOS AL PORCH,1.0,0.017,11.99
9966,2026-08-03,2026-08-09,7:00:00 AM,JUEGO DE MANZANA,1.0,0.005,3.25
9967,2026-08-03,2026-08-09,7:00:00 AM,JUGO DE MANZANA.,1.0,0.005,3.25
9968,2026-08-03,2026-08-09,7:00:00 AM,JUGO MARACULLA,1.0,0.007,4.5
9969,2026-08-03,2026-08-09,7:00:00 AM,JUGO ZANAHORIA NARAJA,2.0,0.014,9.98
9970,2026-08-03,2026-08-09,7:00:00 AM,JUGO.NARANJA.,7.0,0.053,36.75
9971,2026-08-03,2026-08-09,7:00:00 AM,LECHE PEQUENA,1.0,0.002,1.5
9972,2026-08-03,2026-08-09,7:00:00 AM,MALBORO REG,1.0,0.017,12.0
9973,2026-08-03,2026-08-09,7:00:00 AM,NEWPORT,2.0,0.037,25.5
9974,2026-08-03,2026-08-09,7:00:00 AM,-PAN CON BISTEC.,1.0,0.016,11.19
9975,2026-08-03,2026-08-09,7:00:00 AM,PAN CON TORTILLA.,3.0,0.049,33.57
9976,2026-08-03,2026-08-09,7:00:00 AM,PAN DE BONO..,5.0,0.014,9.95
9977,2026-08-03,2026-08-09,7:00:00 AM,PAN JAMAICA,3.0,0.007,4.8
9978,2026-08-03,2026-08-09,7:00:00 AM,PAPA RELLENA,1.0,0.004,2.99
9979,2026-08-03,2026-08-09,7:00:00 AM,Pasteles Guayaba,5.0,0.011,7.5
9980,2026-08-03,2026-08-09,7:00:00 AM,Pasteles Queso/Guayaba,3.0,0.007,4.5
9981,2026-08-03,2026-08-09,7:00:00 AM,PEPSI.,4.0,0.014,10.0
9982,2026-08-03,2026-08-09,7:00:00 AM,PERICO RIPIADO.,3.0,0.052,36.17
9983,2026-08-03,2026-08-09,7:00:00 AM,Rinconcito BREAKFAST,1.0,0.021,14.19
9984,2026-08-03,2026-08-09,7:00:00 AM,SOLO.TOMATE,1.0,0.004,2.5
9985,2026-08-03,2026-08-09,7:00:00 AM,TORTILLA.,1.0,0.016,10.99
9986,2026-08-03,2026-08-09,7:00:00 AM,TOSTADA,23.0,0.066,45.77
9987,2026-08-03,2026-08-09,7:00:00 AM,TOSTADA 2 CROQUETAS.,2.0,0.014,9.98
9988,2026-08-03,2026-08-09,7:00:00 AM,Western Omlet reg,2.0,0.032,21.98
9989,2026-08-03,2026-08-09,7:00:00 AM,RESUMEN DE LA HORA,241.0,1.444,997.3
9990,2026-08-03,2026-08-09,8:00:00 AM,== TO GO ==,1.0,0.0,0.2
9991,2026-08-03,2026-08-09,8:00:00 AM,======================,1.0,0.0,0.0
9992,2026-08-03,2026-08-09,8:00:00 AM,1.LIBRA ENSALA POLLO.,1.0,0.013,8.99
9993,2026-08-03,2026-08-09,8:00:00 AM,"2,,WAFLE,,",1.0,0.007,4.99
9994,2026-08-03,2026-08-09,8:00:00 AM,"3,,PANQUEQUES..",1.0,0.009,5.99
9995,2026-08-03,2026-08-09,8:00:00 AM,AGUA NATURAL,3.0,0.009,5.97
9996,2026-08-03,2026-08-09,8:00:00 AM,AJIACO..GRANDE,1.0,0.015,10.69
9997,2026-08-03,2026-08-09,8:00:00 AM,ARROZ FRITO,1.0,0.021,14.69
9998,2026-08-03,2026-08-09,8:00:00 AM,BACON,1.0,0.007,4.99
9999,2026-08-03,2026-08-09,8:00:00 AM,BATIDO BANANA,2.0,0.014,9.98
10000,2026-08-03,2026-08-09,8:00:00 AM,BATIDO FRUTA BONBA,1.0,0.007,4.99
10001,2026-08-03,2026-08-09,8:00:00 AM,BATIDO MAMEY,2.0,0.016,10.98
10002,2026-08-03,2026-08-09,8:00:00 AM,BATIDO MANGO,1.0,0.007,4.99
10003,2026-08-03,2026-08-09,8:00:00 AM,BISTEC A CABALLO,3.0,0.063,43.47
10004,2026-08-03,2026-08-09,8:00:00 AM,CAF.LEC.EVAP.CHICO,1.0,0.004,3.0
10005,2026-08-03,2026-08-09,8:00:00 AM,CAFE AMERICANO CHIQUIT,1.0,0.004,2.99
10006,2026-08-03,2026-08-09,8:00:00 AM,CAFE CON LECHE GRANDE,1.0,0.007,4.5
10007,2026-08-03,2026-08-09,8:00:00 AM,CAFE CON LECHE MEDIANO,2.0,0.011,7.5
10008,2026-08-03,2026-08-09,8:00:00 AM,CAFE CON LECHE PEQUENO,20.0,0.072,50.0
10009,2026-08-03,2026-08-09,8:00:00 AM,CAFE CUBANO.,23.0,0.05,34.5
10010,2026-08-03,2026-08-09,8:00:00 AM,CAFECITO.,1.0,0.001,0.99
10011,2026-08-03,2026-08-09,8:00:00 AM,COLADA.,13.0,0.052,35.75
10012,2026-08-03,2026-08-09,8:00:00 AM,COLORADOS GRANDE.,1.0,0.014,9.69
10013,2026-08-03,2026-08-09,8:00:00 AM,con evaporada,1.0,0.002,1.5
10014,2026-08-03,2026-08-09,8:00:00 AM,Cortadito Evaporada,4.0,0.014,10.0
10015,2026-08-03,2026-08-09,8:00:00 AM,"Cortadito,.",2.0,0.006,4.24
10016,2026-08-03,2026-08-09,8:00:00 AM,CREMA. MALANGA GRANDE.,1.0,0.015,10.49
10017,2026-08-03,2026-08-09,8:00:00 AM,croqueta bacalao.,4.0,0.012,7.96
10018,2026-08-03,2026-08-09,8:00:00 AM,croqueta jamon.,37.0,0.094,64.75
10019,2026-08-03,2026-08-09,8:00:00 AM,croqueta pollo.,1.0,0.003,1.75
10020,2026-08-03,2026-08-09,8:00:00 AM,CROQUETA PREPARADA.,1.0,0.017,11.99
10021,2026-08-03,2026-08-09,8:00:00 AM,Deditos De Queso.,4.0,0.012,7.96
10022,2026-08-03,2026-08-09,8:00:00 AM,deditos Queso/Guayaba,1.0,0.003,1.99
10023,2026-08-03,2026-08-09,8:00:00 AM,DESALLUNOS..,37.0,0.659,455.23
10024,2026-08-03,2026-08-09,8:00:00 AM,DOS HUEVO AROS. MADUR,1.0,0.013,8.99
10025,2026-08-03,2026-08-09,8:00:00 AM,Empanada carne,3.0,0.013,8.97
10026,2026-08-03,2026-08-09,8:00:00 AM,Empanada Jamon/Queso,3.0,0.013,8.97
10027,2026-08-03,2026-08-09,8:00:00 AM,Empanada Pollo,2.0,0.009,5.98
10028,2026-08-03,2026-08-09,8:00:00 AM,"ENPELLAS,chicharones.",1.0,0.009,6.0
10029,2026-08-03,2026-08-09,8:00:00 AM,ENSALA AGUACAT PEQUE,1.0,0.007,4.5
10030,2026-08-03,2026-08-09,8:00:00 AM,EXTRA QUESO CREMA.,1.0,0.003,1.75
10031,2026-08-03,2026-08-09,8:00:00 AM,FABADA MEDIANA.,1.0,0.01,7.19
10032,2026-08-03,2026-08-09,8:00:00 AM,FELITOS,8.0,0.017,11.92
10033,2026-08-03,2026-08-09,8:00:00 AM,FILETILL POLLO SALSA,1.0,0.022,15.19
10034,2026-08-03,2026-08-09,8:00:00 AM,fosforera..,1.0,0.003,2.25
10035,2026-08-03,2026-08-09,8:00:00 AM,FRITA CUBANA,2.0,0.029,19.98
10036,2026-08-03,2026-08-09,8:00:00 AM,FRITURAS DE MALANGA,3.0,0.028,19.5
10037,2026-08-03,2026-08-09,8:00:00 AM,GALLETA DELICIOSAS,1.0,0.005,3.6
10038,2026-08-03,2026-08-09,8:00:00 AM,HARINA MEDIANA,1.0,0.009,6.25
10039,2026-08-03,2026-08-09,8:00:00 AM,HUEVO FRITO,11.0,0.024,16.5
10040,2026-08-03,2026-08-09,8:00:00 AM,HUEVO HERVIDO.,2.0,0.005,3.5
10041,2026-08-03,2026-08-09,8:00:00 AM,HUEVOS AL PORCH,4.0,0.082,56.96
10042,2026-08-03,2026-08-09,8:00:00 AM,JUGO DE MANZANA.,1.0,0.005,3.25
10043,2026-08-03,2026-08-09,8:00:00 AM,JUGO.NARANJA.,5.0,0.038,26.25
10044,2026-08-03,2026-08-09,8:00:00 AM,LECHE MEDIANA,1.0,0.004,2.85
10045,2026-08-03,2026-08-09,8:00:00 AM,LECHE PEQUENA,1.0,0.002,1.5
10046,2026-08-03,2026-08-09,8:00:00 AM,-MADUROS.,1.0,0.007,4.49
10047,2026-08-03,2026-08-09,8:00:00 AM,MEDIA NOCHE.,3.0,0.044,30.57
10048,2026-08-03,2026-08-09,8:00:00 AM,MISC COCINA,3.0,0.013,9.24
10049,2026-08-03,2026-08-09,8:00:00 AM,-PAN CON BISTEC.,1.0,0.016,11.19
10050,2026-08-03,2026-08-09,8:00:00 AM,PAN CON LECHON.,3.0,0.042,29.07
10051,2026-08-03,2026-08-09,8:00:00 AM,PAN CON TORTILLA.,3.0,0.048,33.17
10052,2026-08-03,2026-08-09,8:00:00 AM,PAN DE BONO..,1.0,0.003,1.99
10053,2026-08-03,2026-08-09,8:00:00 AM,PAPA RELLENA,3.0,0.013,8.97
10054,2026-08-03,2026-08-09,8:00:00 AM,Pasteles Carne,3.0,0.007,4.5
10055,2026-08-03,2026-08-09,8:00:00 AM,Pasteles Guayaba,4.0,0.009,6.0
10056,2026-08-03,2026-08-09,8:00:00 AM,Pasteles Queso,1.0,0.002,1.5
10057,2026-08-03,2026-08-09,8:00:00 AM,PERICO RIPIADO.,8.0,0.14,96.52
10058,2026-08-03,2026-08-09,8:00:00 AM,QUESO SUIZO,1.0,0.003,1.99
10059,2026-08-03,2026-08-09,8:00:00 AM,Rinconcito BREAKFAST,3.0,0.061,41.97
10060,2026-08-03,2026-08-09,8:00:00 AM,SOPA DE RES GRANDE,1.0,0.018,12.19
10061,2026-08-03,2026-08-09,8:00:00 AM,TAMAL CAZUELA.MEDIANO.,3.0,0.031,21.57
10062,2026-08-03,2026-08-09,8:00:00 AM,To Go.,1.0,0.0,0.2
10063,2026-08-03,2026-08-09,8:00:00 AM,To Go..,4.0,0.001,0.8
10064,2026-08-03,2026-08-09,8:00:00 AM,TORTILLA.,4.0,0.071,48.96
10065,2026-08-03,2026-08-09,8:00:00 AM,TOSTADA,34.0,0.098,67.66
10066,2026-08-03,2026-08-09,8:00:00 AM,Western Omlet reg,2.0,0.037,25.43
10067,2026-08-03,2026-08-09,9:00:00 AM,== TO GO ==,11.0,0.003,2.2
10068,2026-08-03,2026-08-09,9:00:00 AM,======================,6.0,0.0,0.0
10069,2026-08-03,2026-08-09,9:00:00 AM,"3,,PANQUEQUES..",2.0,0.017,11.98
10070,2026-08-03,2026-08-09,9:00:00 AM,305 Morados,2.0,0.018,12.5
10071,2026-08-03,2026-08-09,9:00:00 AM,AGUA NATURAL,3.0,0.009,5.97
10072,2026-08-03,2026-08-09,9:00:00 AM,AJIACO MEDIANO,1.0,0.01,7.19
10073,2026-08-03,2026-08-09,9:00:00 AM,AJIACO..GRANDE,2.0,0.031,21.38
10074,2026-08-03,2026-08-09,9:00:00 AM,BACON,1.0,0.007,4.99
10075,2026-08-03,2026-08-09,9:00:00 AM,BATIDO FRUTA BONBA,3.0,0.022,14.97
10076,2026-08-03,2026-08-09,9:00:00 AM,BATIDO MAMEY,7.0,0.056,38.43
10077,2026-08-03,2026-08-09,9:00:00 AM,BISTEC A CABALLO,9.0,0.194,134.01
10078,2026-08-03,2026-08-09,9:00:00 AM,BISTEC DE POLLO.,1.0,0.02,13.49
10079,2026-08-03,2026-08-09,9:00:00 AM,-BISTEC DE POLLO.,1.0,0.02,13.49
10080,2026-08-03,2026-08-09,9:00:00 AM,CAF.LEC.EVAP.CHICO,1.0,0.004,3.0
10081,2026-08-03,2026-08-09,9:00:00 AM,CAF.LEC.EVAP.MEDIA,3.0,0.02,13.5
10082,2026-08-03,2026-08-09,9:00:00 AM,CAF.LEC.GRANDE.EVA,1.0,0.008,5.5
10083,2026-08-03,2026-08-09,9:00:00 AM,CAFE AMERICANO CHIQUIT,1.0,0.004,2.5
10084,2026-08-03,2026-08-09,9:00:00 AM,CAFE CON LECHE GRANDE,8.0,0.052,36.0
10085,2026-08-03,2026-08-09,9:00:00 AM,CAFE CON LECHE MEDIANO,5.0,0.027,18.75
10086,2026-08-03,2026-08-09,9:00:00 AM,CAFE CON LECHE PEQUENO,17.0,0.062,42.5
10087,2026-08-03,2026-08-09,9:00:00 AM,CAFE CUBANO.,17.0,0.037,25.5
10088,2026-08-03,2026-08-09,9:00:00 AM,CANT 5 DELIVER,3.0,0.304,210.0
10089,2026-08-03,2026-08-09,9:00:00 AM,CHICHARO MEDIANO.,1.0,0.01,6.99
10090,2026-08-03,2026-08-09,9:00:00 AM,cholcolate chico,1.0,0.004,2.89
10091,2026-08-03,2026-08-09,9:00:00 AM,CHORIPAN.,1.0,0.014,9.99
10092,2026-08-03,2026-08-09,9:00:00 AM,COKE CERO.,1.0,0.004,2.5
10093,2026-08-03,2026-08-09,9:00:00 AM,COKE.,9.0,0.033,22.5
10094,2026-08-03,2026-08-09,9:00:00 AM,COLADA.,7.0,0.028,19.25
10095,2026-08-03,2026-08-09,9:00:00 AM,"Cortadito,.",13.0,0.039,26.91
10096,2026-08-03,2026-08-09,9:00:00 AM,CREMA BROCOLY,1.0,0.013,9.25
10097,2026-08-03,2026-08-09,9:00:00 AM,CREMA MALANGA MEDIANA.,1.0,0.01,6.99
10098,2026-08-03,2026-08-09,9:00:00 AM,CREMA. MALANGA GRANDE.,3.0,0.046,31.47
10099,2026-08-03,2026-08-09,9:00:00 AM,CREMITA.,1.0,0.002,1.25
10100,2026-08-03,2026-08-09,9:00:00 AM,croqueta bacalao.,2.0,0.006,3.98
10101,2026-08-03,2026-08-09,9:00:00 AM,croqueta jamon.,23.0,0.058,40.25
10102,2026-08-03,2026-08-09,9:00:00 AM,croqueta pollo.,4.0,0.01,7.0
10103,2026-08-03,2026-08-09,9:00:00 AM,CROQUETA PREPARADA.,4.0,0.07,48.56
10104,2026-08-03,2026-08-09,9:00:00 AM,deditos Queso/Guayaba,3.0,0.009,5.97
10105,2026-08-03,2026-08-09,9:00:00 AM,DESALLUNOS..,59.0,1.064,734.76
10106,2026-08-03,2026-08-09,9:00:00 AM,DIET COKE.,2.0,0.007,4.5
10107,2026-08-03,2026-08-09,9:00:00 AM,Empanada carne,8.0,0.035,23.92
10108,2026-08-03,2026-08-09,9:00:00 AM,Empanada Jamon/Queso,1.0,0.004,2.99
10109,2026-08-03,2026-08-09,9:00:00 AM,Empanada Pollo,3.0,0.013,8.97
10110,2026-08-03,2026-08-09,9:00:00 AM,Empnda Espinaca/Queso,1.0,0.004,2.99
10111,2026-08-03,2026-08-09,9:00:00 AM,ENPANADA COLONBIANA..,2.0,0.007,4.98
10112,2026-08-03,2026-08-09,9:00:00 AM,ENSALA AGUACAT PEQUE,4.0,0.026,18.0
10113,2026-08-03,2026-08-09,9:00:00 AM,EXTRA AGUACATE.,1.0,0.003,1.75
10114,2026-08-03,2026-08-09,9:00:00 AM,EXTRA QUESO CREMA.,2.0,0.005,3.5
10115,2026-08-03,2026-08-09,9:00:00 AM,FABADA GRANDE,1.0,0.015,10.69
10116,2026-08-03,2026-08-09,9:00:00 AM,FABADA MEDIANA.,1.0,0.01,7.19
10117,2026-08-03,2026-08-09,9:00:00 AM,FELITOS,4.0,0.009,5.96
10118,2026-08-03,2026-08-09,9:00:00 AM,FLAN ESPECIAL.,1.0,0.009,5.99
10119,2026-08-03,2026-08-09,9:00:00 AM,-FLAN.,1.0,0.007,4.99
10120,2026-08-03,2026-08-09,9:00:00 AM,FRIJOL PEQUENO.,1.0,0.004,2.99
10121,2026-08-03,2026-08-09,9:00:00 AM,GARBANZO GRANDE.,1.0,0.015,10.49
10122,2026-08-03,2026-08-09,9:00:00 AM,GARBANZO.FRITO.,1.0,0.021,14.19
10123,2026-08-03,2026-08-09,9:00:00 AM,GARBANZO.MEDIANO.,1.0,0.01,6.99
10124,2026-08-03,2026-08-09,9:00:00 AM,GUARAPO.,2.0,0.015,10.5
10125,2026-08-03,2026-08-09,9:00:00 AM,HARINA GRANDE,2.0,0.03,20.38
10126,2026-08-03,2026-08-09,9:00:00 AM,HARINA MEDIANA,2.0,0.018,12.7
10127,2026-08-03,2026-08-09,9:00:00 AM,HUEVO FRITO,2.0,0.004,3.0
10128,2026-08-03,2026-08-09,9:00:00 AM,HUEVO REVUELTO,1.0,0.002,1.25
10129,2026-08-03,2026-08-09,9:00:00 AM,HUEVOS AL PORCH,1.0,0.02,13.49
10130,2026-08-03,2026-08-09,9:00:00 AM,JUGO MARACULLA,3.0,0.02,13.5
10131,2026-08-03,2026-08-09,9:00:00 AM,JUGO PINA,1.0,0.007,4.5
10132,2026-08-03,2026-08-09,9:00:00 AM,JUGO ZANAHORIA NARAJA,3.0,0.022,14.97
10133,2026-08-03,2026-08-09,9:00:00 AM,JUGO.NARANJA.,12.0,0.091,63.0
10134,2026-08-03,2026-08-09,9:00:00 AM,JUPIÑA.,1.0,0.004,2.5
10135,2026-08-03,2026-08-09,9:00:00 AM,LECHE PEQUENA,1.0,0.002,1.5
10136,2026-08-03,2026-08-09,9:00:00 AM,LENTEJAS MEDIANA.,1.0,0.01,6.99
10137,2026-08-03,2026-08-09,9:00:00 AM,-MADUROS.,1.0,0.007,4.49
10138,2026-08-03,2026-08-09,9:00:00 AM,-MALTA,1.0,0.005,3.25
10139,2026-08-03,2026-08-09,9:00:00 AM,-MASAS DE PUERCO,1.0,0.021,14.19
10140,2026-08-03,2026-08-09,9:00:00 AM,-MASAS DE PUERCO.,1.0,0.02,13.99
10141,2026-08-03,2026-08-09,9:00:00 AM,MEDIA NOCHE.,7.0,0.103,71.13
10142,2026-08-03,2026-08-09,9:00:00 AM,Mini sandwich,2.0,0.017,11.98
10143,2026-08-03,2026-08-09,9:00:00 AM,MISC COCINA,4.0,0.009,6.5
10144,2026-08-03,2026-08-09,9:00:00 AM,MIXTO PAVO ESPINACA.,1.0,0.018,12.49
10145,2026-08-03,2026-08-09,9:00:00 AM,NATILLA CATALANA,1.0,0.009,6.25
10146,2026-08-03,2026-08-09,9:00:00 AM,NEWPORT,1.0,0.018,12.75
10147,2026-08-03,2026-08-09,9:00:00 AM,-PAN CON BISTEC.,1.0,0.018,12.49
10148,2026-08-03,2026-08-09,9:00:00 AM,PAN CON TORTILLA.,7.0,0.12,82.93
10149,2026-08-03,2026-08-09,9:00:00 AM,PAN DE BONO..,3.0,0.009,5.97
10150,2026-08-03,2026-08-09,9:00:00 AM,PAPA CASA..,1.0,0.006,3.99
10151,2026-08-03,2026-08-09,9:00:00 AM,PAPAS FRITAS,2.0,0.013,8.98
10152,2026-08-03,2026-08-09,9:00:00 AM,Pasteles Guayaba,6.0,0.013,9.0
10153,2026-08-03,2026-08-09,9:00:00 AM,Pasteles Queso,1.0,0.002,1.5
10154,2026-08-03,2026-08-09,9:00:00 AM,PERICO DE CLARAS.,3.0,0.056,38.97
10155,2026-08-03,2026-08-09,9:00:00 AM,PERICO RIPIADO.,12.0,0.213,146.78
10156,2026-08-03,2026-08-09,9:00:00 AM,-PICADILLO,1.0,0.021,14.69
10157,2026-08-03,2026-08-09,9:00:00 AM,QUESO CREMA.,1.0,0.003,1.75
10158,2026-08-03,2026-08-09,9:00:00 AM,REGULAR DE PIERNA.,2.0,0.027,18.38
10159,2026-08-03,2026-08-09,9:00:00 AM,Rinconcito BREAKFAST,5.0,0.102,70.15
10160,2026-08-03,2026-08-09,9:00:00 AM,SACHICHAS,4.0,0.017,11.96
10161,2026-08-03,2026-08-09,9:00:00 AM,SAND JAMON QUESO,2.0,0.026,18.18
10162,2026-08-03,2026-08-09,9:00:00 AM,SANDWICH ENSAL POLLO,1.0,0.017,11.49
10163,2026-08-03,2026-08-09,9:00:00 AM,Sopa de Pollo Grande,2.0,0.025,16.98
10164,2026-08-03,2026-08-09,9:00:00 AM,SOPA DE RES MEDIANA,2.0,0.023,16.18
10165,2026-08-03,2026-08-09,9:00:00 AM,SOPA PLATANO MEDIANA.,1.0,0.01,6.99
10166,2026-08-03,2026-08-09,9:00:00 AM,Sopa Pollo Medina,1.0,0.008,5.49
10167,2026-08-03,2026-08-09,9:00:00 AM,T0 GO MESA,2.0,0.001,0.7
10168,2026-08-03,2026-08-09,9:00:00 AM,To Go..,5.0,0.002,1.15
10169,2026-08-03,2026-08-09,9:00:00 AM,TORTILLA.,4.0,0.073,50.71
10170,2026-08-03,2026-08-09,9:00:00 AM,TOSTADA,28.0,0.081,55.72
10171,2026-08-03,2026-08-09,9:00:00 AM,Western Omlet reg,1.0,0.016,10.99
10172,2026-08-03,2026-08-09,10:00:00 AM,== TO GO ==,2.0,0.001,0.4
10173,2026-08-03,2026-08-09,10:00:00 AM,======================,4.0,0.0,0.0
10174,2026-08-03,2026-08-09,10:00:00 AM,"1,,WAFLE,,",1.0,0.004,2.5
10175,2026-08-03,2026-08-09,10:00:00 AM,2 PIEZAS DE CORDERO.,1.0,0.036,25.19
10176,2026-08-03,2026-08-09,10:00:00 AM,"2,,WAFLE,,",1.0,0.007,4.99
10177,2026-08-03,2026-08-09,10:00:00 AM,"3,,PANQUEQUES..",1.0,0.009,5.99
10178,2026-08-03,2026-08-09,10:00:00 AM,305 Morados,2.0,0.018,12.5
10179,2026-08-03,2026-08-09,10:00:00 AM,AGUA NATURAL,2.0,0.006,3.98
10180,2026-08-03,2026-08-09,10:00:00 AM,AGUACATE $5.00,1.0,0.007,5.0
10181,2026-08-03,2026-08-09,10:00:00 AM,AGUACATE$4.00,1.0,0.006,4.0
10182,2026-08-03,2026-08-09,10:00:00 AM,ARROZ CON LECHE,1.0,0.008,5.49
10183,2026-08-03,2026-08-09,10:00:00 AM,ARROZ BLANCO..,2.0,0.009,6.5
10184,2026-08-03,2026-08-09,10:00:00 AM,ARROZ CHIQUITO,1.0,0.005,3.25
10185,2026-08-03,2026-08-09,10:00:00 AM,ARROZ CON POLLO.,1.0,0.02,13.69
10186,2026-08-03,2026-08-09,10:00:00 AM,Arroz con puerco,1.0,0.019,13.19
10187,2026-08-03,2026-08-09,10:00:00 AM,BABY CHURASCO,1.0,0.029,19.99
10188,2026-08-03,2026-08-09,10:00:00 AM,BACON,3.0,0.022,14.97
10189,2026-08-03,2026-08-09,10:00:00 AM,banana,3.0,0.002,1.5
10190,2026-08-03,2026-08-09,10:00:00 AM,BATIDO MAMEY,5.0,0.04,27.45
10191,2026-08-03,2026-08-09,10:00:00 AM,BATIDO TRIGO,1.0,0.007,4.99
10192,2026-08-03,2026-08-09,10:00:00 AM,Best Mango,4.0,0.017,11.96
10193,2026-08-03,2026-08-09,10:00:00 AM,BISTEC A CABALLO,9.0,0.189,130.81
10194,2026-08-03,2026-08-09,10:00:00 AM,BISTEC DE POLLO-,2.0,0.039,27.18
10195,2026-08-03,2026-08-09,10:00:00 AM,BISTEC DE POLLO.,2.0,0.041,28.38
10196,2026-08-03,2026-08-09,10:00:00 AM,BISTEC DE POLLO...,1.0,0.02,13.69
10197,2026-08-03,2026-08-09,10:00:00 AM,-BISTEC PALOMILLA,2.0,0.052,35.98
10198,2026-08-03,2026-08-09,10:00:00 AM,-BISTECDE POLLO,1.0,0.02,13.69
10199,2026-08-03,2026-08-09,10:00:00 AM,BOLICHE ..,1.0,0.022,15.19
10200,2026-08-03,2026-08-09,10:00:00 AM,CAF.LEC.GRANDE.EVA,1.0,0.008,5.5
10201,2026-08-03,2026-08-09,10:00:00 AM,CAFE AMERICAN GRANDE.,1.0,0.005,3.25
10202,2026-08-03,2026-08-09,10:00:00 AM,CAFE AMERICAN MEDIANO,1.0,0.004,3.0
10203,2026-08-03,2026-08-09,10:00:00 AM,CAFE CON LECHE GRANDE,6.0,0.039,27.0
10204,2026-08-03,2026-08-09,10:00:00 AM,CAFE CON LECHE MEDIANO,4.0,0.022,15.0
10205,2026-08-03,2026-08-09,10:00:00 AM,CAFE CON LECHE PEQUENO,10.0,0.036,25.0
10206,2026-08-03,2026-08-09,10:00:00 AM,CAFE CUBANO.,26.0,0.056,39.0
10207,2026-08-03,2026-08-09,10:00:00 AM,CALDO GALLEGO.MEDIANO.,1.0,0.012,7.99
10208,2026-08-03,2026-08-09,10:00:00 AM,CALDO.GALLEGO GRANDE.,1.0,0.017,11.69
10209,2026-08-03,2026-08-09,10:00:00 AM,CAMORON SALSA ALFREDO,1.0,0.029,19.99
10210,2026-08-03,2026-08-09,10:00:00 AM,CANT 5 DELIVER,1.0,0.101,70.0
10211,2026-08-03,2026-08-09,10:00:00 AM,CANT 5 RECOGER,1.0,0.087,60.0
10212,2026-08-03,2026-08-09,10:00:00 AM,chevere.,2.0,0.004,2.5
10213,2026-08-03,2026-08-09,10:00:00 AM,CHICHARO GRANDE.,2.0,0.027,18.38
10214,2026-08-03,2026-08-09,10:00:00 AM,cholcolate chico,1.0,0.004,2.89
10215,2026-08-03,2026-08-09,10:00:00 AM,CHULETAS DE PUERCO,1.0,0.021,14.49
10216,2026-08-03,2026-08-09,10:00:00 AM,"CHURRASCO ,,,",1.0,0.038,25.99
10217,2026-08-03,2026-08-09,10:00:00 AM,COKE.,4.0,0.014,10.0
10218,2026-08-03,2026-08-09,10:00:00 AM,COLADA.,6.0,0.024,16.5
10219,2026-08-03,2026-08-09,10:00:00 AM,COLORADOS GRANDE.,2.0,0.028,19.38
10220,2026-08-03,2026-08-09,10:00:00 AM,con evaporada,1.0,0.002,1.5
10221,2026-08-03,2026-08-09,10:00:00 AM,Cortadito Evaporada,3.0,0.011,7.5
10222,2026-08-03,2026-08-09,10:00:00 AM,"Cortadito,.",5.0,0.014,9.95
10223,2026-08-03,2026-08-09,10:00:00 AM,CREMA CALABAZA MEDIAN,1.0,0.01,6.99
10224,2026-08-03,2026-08-09,10:00:00 AM,CREMA CALABAZA..GRAND,1.0,0.014,9.99
10225,2026-08-03,2026-08-09,10:00:00 AM,CREMA MALANGA MEDIANA.,1.0,0.01,6.99
10226,2026-08-03,2026-08-09,10:00:00 AM,croqueta bacalao.,4.0,0.012,7.96
10227,2026-08-03,2026-08-09,10:00:00 AM,croqueta jamon.,63.0,0.16,110.25
10228,2026-08-03,2026-08-09,10:00:00 AM,croqueta pollo.,4.0,0.01,7.0
10229,2026-08-03,2026-08-09,10:00:00 AM,CUBANO REGULAR.,2.0,0.029,20.18
10230,2026-08-03,2026-08-09,10:00:00 AM,DEDITOS DE PESCADO,1.0,0.023,16.19
10231,2026-08-03,2026-08-09,10:00:00 AM,Deditos De Queso.,3.0,0.009,5.97
10232,2026-08-03,2026-08-09,10:00:00 AM,DESALLUNOS..,45.0,0.809,559.05
10233,2026-08-03,2026-08-09,10:00:00 AM,DIET MATERVA.,1.0,0.004,2.5
10234,2026-08-03,2026-08-09,10:00:00 AM,DULCE DE LECHE,1.0,0.008,5.49
10235,2026-08-03,2026-08-09,10:00:00 AM,Empanada carne,13.0,0.056,38.87
10236,2026-08-03,2026-08-09,10:00:00 AM,Empanada Jamon/Queso,3.0,0.013,8.97
10237,2026-08-03,2026-08-09,10:00:00 AM,Empanada Pollo,3.0,0.013,8.97
10238,2026-08-03,2026-08-09,10:00:00 AM,Empnda Espinaca/Queso,2.0,0.009,5.98
10239,2026-08-03,2026-08-09,10:00:00 AM,ENPANADA COLONBIANA..,3.0,0.011,7.47
10240,2026-08-03,2026-08-09,10:00:00 AM,ENSALADA AGUACAT GRAND,1.0,0.008,5.5
10241,2026-08-03,2026-08-09,10:00:00 AM,FABADA GRANDE,1.0,0.015,10.69
10242,2026-08-03,2026-08-09,10:00:00 AM,-FILETE PESCADO PLANCH,1.0,0.025,16.99
10243,2026-08-03,2026-08-09,10:00:00 AM,FILETE SALMON.,1.0,0.026,18.2
10244,2026-08-03,2026-08-09,10:00:00 AM,FILETILLO DE CARNE.,1.0,0.02,13.69
10245,2026-08-03,2026-08-09,10:00:00 AM,FRICASE PUERCO.,1.0,0.019,13.45
10246,2026-08-03,2026-08-09,10:00:00 AM,GALLETA DELICIOSAS,1.0,0.005,3.6
10247,2026-08-03,2026-08-09,10:00:00 AM,GUARAPO.,5.0,0.038,26.25
10248,2026-08-03,2026-08-09,10:00:00 AM,HARINA GRANDE,1.0,0.015,10.19
10249,2026-08-03,2026-08-09,10:00:00 AM,HARINA MEDIANA,1.0,0.009,6.45
10250,2026-08-03,2026-08-09,10:00:00 AM,HUEVO FRITO,4.0,0.009,6.0
10251,2026-08-03,2026-08-09,10:00:00 AM,IMPERIAL .,1.0,0.018,12.19
10252,2026-08-03,2026-08-09,10:00:00 AM,JARRITO NARANJA.,1.0,0.005,3.49
10253,2026-08-03,2026-08-09,10:00:00 AM,JUGO MARACULLA,1.0,0.007,4.5
10254,2026-08-03,2026-08-09,10:00:00 AM,JUGO PINA,2.0,0.013,9.0
10255,2026-08-03,2026-08-09,10:00:00 AM,JUGO ZANAHORIA NARAJA,1.0,0.007,4.99
10256,2026-08-03,2026-08-09,10:00:00 AM,JUGO.NARANJA.,12.0,0.091,63.0
10257,2026-08-03,2026-08-09,10:00:00 AM,-LECHE MALTEADA,1.0,0.007,4.99
10258,2026-08-03,2026-08-09,10:00:00 AM,LECHE PEQUENA,1.0,0.002,1.5
10259,2026-08-03,2026-08-09,10:00:00 AM,LENTEJAS MEDIANA.,1.0,0.01,6.99
10260,2026-08-03,2026-08-09,10:00:00 AM,LIMONADA,2.0,0.013,9.0
10261,2026-08-03,2026-08-09,10:00:00 AM,-MADUROS.,1.0,0.007,4.49
10262,2026-08-03,2026-08-09,10:00:00 AM,MASAS DE PUERCO.,2.0,0.04,27.38
10263,2026-08-03,2026-08-09,10:00:00 AM,-MASAS DE PUERCO.,3.0,0.062,42.57
10264,2026-08-03,2026-08-09,10:00:00 AM,MATERVA.,1.0,0.004,2.5
10265,2026-08-03,2026-08-09,10:00:00 AM,MEDIA NOCHE.,4.0,0.059,40.56
10266,2026-08-03,2026-08-09,10:00:00 AM,-MEDIO POLLO FRITO,1.0,0.02,13.69
10267,2026-08-03,2026-08-09,10:00:00 AM,MELON..SANDIA,1.0,0.007,4.5
10268,2026-08-03,2026-08-09,10:00:00 AM,MISC COCINA,1.0,0.004,3.0
10269,2026-08-03,2026-08-09,10:00:00 AM,MOROS...,1.0,0.006,3.99
10270,2026-08-03,2026-08-09,10:00:00 AM,palomilla baby,2.0,0.032,22.0
10271,2026-08-03,2026-08-09,10:00:00 AM,-PAN CON BISTEC.,3.0,0.049,33.57
10272,2026-08-03,2026-08-09,10:00:00 AM,PAN CON LECHON.,1.0,0.014,9.69
10273,2026-08-03,2026-08-09,10:00:00 AM,PAN CON TORTILLA.,3.0,0.048,33.37
10274,2026-08-03,2026-08-09,10:00:00 AM,PAPA CASA..,1.0,0.006,3.99
10275,2026-08-03,2026-08-09,10:00:00 AM,PAPA RELLENA,2.0,0.009,5.98
10276,2026-08-03,2026-08-09,10:00:00 AM,PAPAS FRITAS,4.0,0.026,17.96
10277,2026-08-03,2026-08-09,10:00:00 AM,Pasteles Guayaba,4.0,0.009,6.0
10278,2026-08-03,2026-08-09,10:00:00 AM,Pasteles Queso,3.0,0.007,4.5
10279,2026-08-03,2026-08-09,10:00:00 AM,Pasteles Queso/Guayaba,4.0,0.009,6.0
10280,2026-08-03,2026-08-09,10:00:00 AM,PERICO DE CLARAS.,1.0,0.019,13.19
10281,2026-08-03,2026-08-09,10:00:00 AM,PERICO RIPIADO.,11.0,0.195,134.59
10282,2026-08-03,2026-08-09,10:00:00 AM,-PICADILLO,1.0,0.021,14.69
10283,2026-08-03,2026-08-09,10:00:00 AM,QUESO CREMA.,1.0,0.003,1.75
10284,2026-08-03,2026-08-09,10:00:00 AM,RABO ENCENDIDO.,1.0,0.035,24.19
10285,2026-08-03,2026-08-09,10:00:00 AM,RABO ENCENDIDO...,2.0,0.07,48.18
10286,2026-08-03,2026-08-09,10:00:00 AM,REGULAR DE PIERNA.,1.0,0.013,9.19
10287,2026-08-03,2026-08-09,10:00:00 AM,Rinconcito BREAKFAST,6.0,0.122,84.34
10288,2026-08-03,2026-08-09,10:00:00 AM,ROPA VIEJA..,1.0,0.022,15.19
10289,2026-08-03,2026-08-09,10:00:00 AM,SANDWECHES POLLO..,1.0,0.017,11.69
10290,2026-08-03,2026-08-09,10:00:00 AM,-SDWC TUNA REGULAR.,1.0,0.015,10.69
10291,2026-08-03,2026-08-09,10:00:00 AM,SOPA DE RES GRANDE,4.0,0.07,48.36
10292,2026-08-03,2026-08-09,10:00:00 AM,SOPA DE RES MEDIANA,2.0,0.023,16.18
10293,2026-08-03,2026-08-09,10:00:00 AM,SOPA PESCADO GRANDE.,2.0,0.032,21.98
10294,2026-08-03,2026-08-09,10:00:00 AM,Sopa Pollo Medina,2.0,0.016,10.98
10295,2026-08-03,2026-08-09,10:00:00 AM,T0 GO MESA,4.0,0.002,1.4
10296,2026-08-03,2026-08-09,10:00:00 AM,TAMAL.CAZUELA GRANDE.,2.0,0.032,22.38
10297,2026-08-03,2026-08-09,10:00:00 AM,To Go..,13.0,0.004,2.75
10298,2026-08-03,2026-08-09,10:00:00 AM,TORTILLA.,7.0,0.119,82.08
10299,2026-08-03,2026-08-09,10:00:00 AM,TOSTADA,17.0,0.049,33.83
10300,2026-08-03,2026-08-09,10:00:00 AM,TOSTADA 2 CROQUETAS.,1.0,0.008,5.19
10301,2026-08-03,2026-08-09,10:00:00 AM,TRES LECHES.,5.0,0.043,29.95
10302,2026-08-03,2026-08-09,10:00:00 AM,-VACA FRITA.,1.0,0.026,17.99
10303,2026-08-03,2026-08-09,10:00:00 AM,Western Omlet reg,1.0,0.016,10.99
10304,2026-08-03,2026-08-09,11:00:00 AM,.BISTEC DE POLLO,2.0,0.04,27.38
10305,2026-08-03,2026-08-09,11:00:00 AM,_=====================,1.0,0.0,0.0
10306,2026-08-03,2026-08-09,11:00:00 AM,== TO GO ==,29.0,0.008,5.8
10307,2026-08-03,2026-08-09,11:00:00 AM,======================,13.0,0.0,0.0
10308,2026-08-03,2026-08-09,11:00:00 AM,1 PIEZA DE CORDERO,1.0,0.026,17.99
10309,2026-08-03,2026-08-09,11:00:00 AM,"1,,WAFLE,,",2.0,0.007,5.0
10310,2026-08-03,2026-08-09,11:00:00 AM,1.LIBRA ENSALA POLLO.,1.0,0.013,8.99
10311,2026-08-03,2026-08-09,11:00:00 AM,"3,,PANQUEQUES..",3.0,0.026,17.97
10312,2026-08-03,2026-08-09,11:00:00 AM,305 Morados,3.0,0.027,18.75
10313,2026-08-03,2026-08-09,11:00:00 AM,AGUA NATURAL,4.0,0.012,7.96
10314,2026-08-03,2026-08-09,11:00:00 AM,AGUA PERRIER,7.0,0.035,24.43
10315,2026-08-03,2026-08-09,11:00:00 AM,AGUACATE$4.00,1.0,0.006,4.0
10316,2026-08-03,2026-08-09,11:00:00 AM,AJIACO MEDIANO,2.0,0.021,14.18
10317,2026-08-03,2026-08-09,11:00:00 AM,AJIACO..GRANDE,7.0,0.108,74.83
10318,2026-08-03,2026-08-09,11:00:00 AM,ARROZ CON LECHE,1.0,0.008,5.49
10319,2026-08-03,2026-08-09,11:00:00 AM,ARROZ BLANCO..,2.0,0.009,6.5
10320,2026-08-03,2026-08-09,11:00:00 AM,ARROZ CON POLLO,1.0,0.018,12.69
10321,2026-08-03,2026-08-09,11:00:00 AM,ARROZ CON POLLO.,1.0,0.02,13.69
10322,2026-08-03,2026-08-09,11:00:00 AM,Arroz con puerco,1.0,0.019,12.99
10323,2026-08-03,2026-08-09,11:00:00 AM,ARROZ FRITO,1.0,0.021,14.69
10324,2026-08-03,2026-08-09,11:00:00 AM,ARROZ IMPERIAL..,2.0,0.041,28.38
10325,2026-08-03,2026-08-09,11:00:00 AM,Arroz pollo.desmenuza.,1.0,0.018,12.69
10326,2026-08-03,2026-08-09,11:00:00 AM,BABY CHURASCO,1.0,0.029,19.99
10327,2026-08-03,2026-08-09,11:00:00 AM,BABY CHURRASCO,3.0,0.078,54.17
10328,2026-08-03,2026-08-09,11:00:00 AM,BACALAO VISCAINA,3.0,0.087,60.17
10329,2026-08-03,2026-08-09,11:00:00 AM,BACON,1.0,0.007,4.99
10330,2026-08-03,2026-08-09,11:00:00 AM,BATIDO BANANA,1.0,0.007,4.99
10331,2026-08-03,2026-08-09,11:00:00 AM,BATIDO CHOCOLATE.,2.0,0.014,9.98
10332,2026-08-03,2026-08-09,11:00:00 AM,BATIDO FRUTA BONBA,3.0,0.022,14.97
10333,2026-08-03,2026-08-09,11:00:00 AM,BATIDO MAMEY,15.0,0.119,82.35
10334,2026-08-03,2026-08-09,11:00:00 AM,BATIDO TRIGO,2.0,0.014,9.98
10335,2026-08-03,2026-08-09,11:00:00 AM,BISTEC A CABALLO,11.0,0.241,166.54
10336,2026-08-03,2026-08-09,11:00:00 AM,BISTEC DE POLLO.,1.0,0.02,13.69
10337,2026-08-03,2026-08-09,11:00:00 AM,BISTEC DE POLLO...,8.0,0.158,108.92
10338,2026-08-03,2026-08-09,11:00:00 AM,-BISTEC DE PUERCO,2.0,0.045,31.18
10339,2026-08-03,2026-08-09,11:00:00 AM,BISTEC EN CAZUELA,1.0,0.021,14.69
10340,2026-08-03,2026-08-09,11:00:00 AM,-BISTEC PALOMILLA,5.0,0.131,90.75
10341,2026-08-03,2026-08-09,11:00:00 AM,BISTEC POLLO PLANCHA,6.0,0.119,81.94
10342,2026-08-03,2026-08-09,11:00:00 AM,BOLA ENSALADA POLLO,1.0,0.005,3.25
10343,2026-08-03,2026-08-09,11:00:00 AM,BONIATO FRITO..,1.0,0.007,4.99
10344,2026-08-03,2026-08-09,11:00:00 AM,BOÑUELOS.,1.0,0.008,5.49
10345,2026-08-03,2026-08-09,11:00:00 AM,CAESAR /POLLO,1.0,0.019,12.99
10346,2026-08-03,2026-08-09,11:00:00 AM,CAF.LEC.EVAP.CHICO,1.0,0.004,3.0
10347,2026-08-03,2026-08-09,11:00:00 AM,CAFE AMERICANO CHIQUIT,1.0,0.004,2.99
10348,2026-08-03,2026-08-09,11:00:00 AM,CAFE CON LECHE GRANDE,1.0,0.007,4.5
10349,2026-08-03,2026-08-09,11:00:00 AM,CAFE CON LECHE PEQUENO,21.0,0.076,52.5
10350,2026-08-03,2026-08-09,11:00:00 AM,CAFE CUBANO.,23.0,0.05,34.5
10351,2026-08-03,2026-08-09,11:00:00 AM,CALDO GALLEGO.CHIQUITO,1.0,0.007,4.49
10352,2026-08-03,2026-08-09,11:00:00 AM,CALDO.GALLEGO GRANDE.,1.0,0.017,11.69
10353,2026-08-03,2026-08-09,11:00:00 AM,CANT 4 DELIVER,1.0,0.081,56.0
10354,2026-08-03,2026-08-09,11:00:00 AM,CANT 5 DELIVER,3.0,0.304,210.0
10355,2026-08-03,2026-08-09,11:00:00 AM,CANT 5 RECOGER,3.0,0.261,180.0
10356,2026-08-03,2026-08-09,11:00:00 AM,CARNE CON PAPAS.,4.0,0.085,58.76
10357,2026-08-03,2026-08-09,11:00:00 AM,chevere.,4.0,0.007,5.0
10358,2026-08-03,2026-08-09,11:00:00 AM,CHICHAR POLLO C HUESO.,1.0,0.02,13.69
10359,2026-08-03,2026-08-09,11:00:00 AM,CHICHARO GRANDE.,2.0,0.027,18.38
10360,2026-08-03,2026-08-09,11:00:00 AM,CHICHARO MEDIANO.,2.0,0.02,13.98
10361,2026-08-03,2026-08-09,11:00:00 AM,CHULETAS DE PUERCO.,2.0,0.041,28.38
10362,2026-08-03,2026-08-09,11:00:00 AM,"CHURRASCO ,,,",1.0,0.038,25.99
10363,2026-08-03,2026-08-09,11:00:00 AM,cocacola.botella,1.0,0.005,3.49
10364,2026-08-03,2026-08-09,11:00:00 AM,COKE CERO.,1.0,0.004,2.5
10365,2026-08-03,2026-08-09,11:00:00 AM,COKE.,12.0,0.043,30.0
10366,2026-08-03,2026-08-09,11:00:00 AM,COLADA.,5.0,0.02,13.75
10367,2026-08-03,2026-08-09,11:00:00 AM,COLORADOS GRANDE.,1.0,0.014,9.69
10368,2026-08-03,2026-08-09,11:00:00 AM,Cortadito Evaporada,6.0,0.022,15.0
10369,2026-08-03,2026-08-09,11:00:00 AM,"Cortadito,.",13.0,0.041,28.47
10370,2026-08-03,2026-08-09,11:00:00 AM,CREMA CALABAZA GRANDE,1.0,0.014,9.99
10371,2026-08-03,2026-08-09,11:00:00 AM,CREMA CALABAZA MEDIAN,2.0,0.02,13.98
10372,2026-08-03,2026-08-09,11:00:00 AM,CREMA CALABAZA MEDIAN,1.0,0.01,6.99
10373,2026-08-03,2026-08-09,11:00:00 AM,CREMA GRANDE CALABAZA.,1.0,0.015,10.19
10374,2026-08-03,2026-08-09,11:00:00 AM,CREMA MALANGA MEDIANA.,5.0,0.051,34.95
10375,2026-08-03,2026-08-09,11:00:00 AM,CREMA VEGETAL MEDIANA,4.0,0.04,27.96
10376,2026-08-03,2026-08-09,11:00:00 AM,CREMA. MALANGA GRANDE.,6.0,0.091,62.94
10377,2026-08-03,2026-08-09,11:00:00 AM,croqueta bacalao.,5.0,0.014,9.95
10378,2026-08-03,2026-08-09,11:00:00 AM,croqueta jamon.,51.0,0.129,89.25
10379,2026-08-03,2026-08-09,11:00:00 AM,croqueta pollo.,4.0,0.01,7.0
10380,2026-08-03,2026-08-09,11:00:00 AM,CROQUETA PREPARADA.,3.0,0.053,36.37
10381,2026-08-03,2026-08-09,11:00:00 AM,CUBANO REGULAR.,1.0,0.015,10.19
10382,2026-08-03,2026-08-09,11:00:00 AM,DEDITOS DE PESCADO,2.0,0.047,32.38
10383,2026-08-03,2026-08-09,11:00:00 AM,-DEDITOS DE POLLO,1.0,0.019,13.19
10384,2026-08-03,2026-08-09,11:00:00 AM,Deditos De Queso.,2.0,0.006,3.98
10385,2026-08-03,2026-08-09,11:00:00 AM,deditos Queso/Guayaba,2.0,0.006,3.98
10386,2026-08-03,2026-08-09,11:00:00 AM,DESALLUNOS..,45.0,0.812,561.05
10387,2026-08-03,2026-08-09,11:00:00 AM,DIET COKE.,2.0,0.007,4.5
10388,2026-08-03,2026-08-09,11:00:00 AM,DULCE DE LECHE,1.0,0.008,5.49
10389,2026-08-03,2026-08-09,11:00:00 AM,ELENA RUZ.,1.0,0.014,9.99
10390,2026-08-03,2026-08-09,11:00:00 AM,Empanada carne,10.0,0.043,29.9
10391,2026-08-03,2026-08-09,11:00:00 AM,Empanada Jamon/Queso,7.0,0.03,20.93
10392,2026-08-03,2026-08-09,11:00:00 AM,Empanada Pollo,2.0,0.009,5.98
10393,2026-08-03,2026-08-09,11:00:00 AM,Empnda Espinaca/Queso,2.0,0.009,5.98
10394,2026-08-03,2026-08-09,11:00:00 AM,ENPANISADO. RES,2.0,0.049,34.18
10395,2026-08-03,2026-08-09,11:00:00 AM,"ENPELLAS,chicharones.",1.0,0.009,6.0
10396,2026-08-03,2026-08-09,11:00:00 AM,ENSALA AGUACAT PEQUE,6.0,0.039,27.0
10397,2026-08-03,2026-08-09,11:00:00 AM,ENSALA POLLO 2 CROQUET,3.0,0.054,37.47
10398,2026-08-03,2026-08-09,11:00:00 AM,ENSALADA MIXTA,1.0,0.009,6.5
10399,2026-08-03,2026-08-09,11:00:00 AM,ENSALDA DE TUNA,1.0,0.017,11.99
10400,2026-08-03,2026-08-09,11:00:00 AM,EXTRA AGUACATE,1.0,0.003,2.0
10401,2026-08-03,2026-08-09,11:00:00 AM,EXTRA AGUACATE.,1.0,0.003,1.75
10402,2026-08-03,2026-08-09,11:00:00 AM,EXTRA QUESO CREMA.,1.0,0.003,1.75
10403,2026-08-03,2026-08-09,11:00:00 AM,FABADA GRANDE,3.0,0.046,32.07
10404,2026-08-03,2026-08-09,11:00:00 AM,FABADA MEDIANA.,2.0,0.021,14.18
10405,2026-08-03,2026-08-09,11:00:00 AM,FILETE PARGO PLANCHA,2.0,0.061,41.98
10406,2026-08-03,2026-08-09,11:00:00 AM,FILETE SALMON.,2.0,0.053,36.4
10407,2026-08-03,2026-08-09,11:00:00 AM,FILETILL POLLO SALSA,1.0,0.023,16.19
10408,2026-08-03,2026-08-09,11:00:00 AM,FILETILLO DE CARNE.,1.0,0.02,13.69
10409,2026-08-03,2026-08-09,11:00:00 AM,FLAN ESPECIAL.,1.0,0.009,5.99
10410,2026-08-03,2026-08-09,11:00:00 AM,FRIJOL GRANDE,1.0,0.012,7.99
10411,2026-08-03,2026-08-09,11:00:00 AM,FRIJOL MEDIANO.,3.0,0.022,14.97
10412,2026-08-03,2026-08-09,11:00:00 AM,FRITA CUBANA,1.0,0.014,9.99
10413,2026-08-03,2026-08-09,11:00:00 AM,FRITURAS DE MALANGA,1.0,0.009,6.5
10414,2026-08-03,2026-08-09,11:00:00 AM,GALLETA DELICIOSAS,2.0,0.01,7.2
10415,2026-08-03,2026-08-09,11:00:00 AM,GARBANZO GRANDE.,1.0,0.015,10.49
10416,2026-08-03,2026-08-09,11:00:00 AM,GARBANZO.FRITO.,1.0,0.021,14.19
10417,2026-08-03,2026-08-09,11:00:00 AM,GARBANZO.MEDIANO.,3.0,0.03,20.97
10418,2026-08-03,2026-08-09,11:00:00 AM,GUARAPO.,2.0,0.015,10.5
10419,2026-08-03,2026-08-09,11:00:00 AM,HARINA PEQUEÑA,2.0,0.012,8.18
10420,2026-08-03,2026-08-09,11:00:00 AM,HUEVO FRITO,10.0,0.022,15.0
10421,2026-08-03,2026-08-09,11:00:00 AM,HUEVO HERVIDO.,8.0,0.02,14.0
10422,2026-08-03,2026-08-09,11:00:00 AM,IRON BEER.,1.0,0.004,2.5
10423,2026-08-03,2026-08-09,11:00:00 AM,JUGO MARACULLA,2.0,0.013,9.0
10424,2026-08-03,2026-08-09,11:00:00 AM,JUGO PINA,4.0,0.026,18.0
10425,2026-08-03,2026-08-09,11:00:00 AM,JUGO ZANAHORIA NARAJA,1.0,0.007,4.99
10426,2026-08-03,2026-08-09,11:00:00 AM,JUGO.NARANJA.,14.0,0.106,73.5
10427,2026-08-03,2026-08-09,11:00:00 AM,JUPINA DIETA,1.0,0.004,2.5
10428,2026-08-03,2026-08-09,11:00:00 AM,LECHE PEQUENA,1.0,0.002,1.5
10429,2026-08-03,2026-08-09,11:00:00 AM,-LECHON ASADO,1.0,0.021,14.19
10430,2026-08-03,2026-08-09,11:00:00 AM,LENTEJAS GRANDE.,2.0,0.027,18.98
10431,2026-08-03,2026-08-09,11:00:00 AM,LENTEJAS MEDIANA.,1.0,0.01,6.99
10432,2026-08-03,2026-08-09,11:00:00 AM,LIMONADA,1.0,0.007,4.5
10433,2026-08-03,2026-08-09,11:00:00 AM,MADIO.POLLO A la brasa,3.0,0.062,42.57
10434,2026-08-03,2026-08-09,11:00:00 AM,-MADUROS.,3.0,0.02,13.47
10435,2026-08-03,2026-08-09,11:00:00 AM,-MALTA,1.0,0.005,3.25
10436,2026-08-03,2026-08-09,11:00:00 AM,MARIQUITAS DE MALANGA,1.0,0.009,5.99
10437,2026-08-03,2026-08-09,11:00:00 AM,-MARIQUITAS.,2.0,0.017,11.98
10438,2026-08-03,2026-08-09,11:00:00 AM,MARIQUITAS..MIXTA,1.0,0.008,5.49
10439,2026-08-03,2026-08-09,11:00:00 AM,-MASAS DE PUERCO,4.0,0.082,56.36
10440,2026-08-03,2026-08-09,11:00:00 AM,MASAS DE PUERCO.,4.0,0.082,56.76
10441,2026-08-03,2026-08-09,11:00:00 AM,-MASAS DE PUERCO.,3.0,0.066,45.37
10442,2026-08-03,2026-08-09,11:00:00 AM,MATERVA.,1.0,0.004,2.5
10443,2026-08-03,2026-08-09,11:00:00 AM,MEDIA NOCHE.,6.0,0.09,62.44
10444,2026-08-03,2026-08-09,11:00:00 AM,-MEDIO POLLO A BRASA.,1.0,0.02,13.99
10445,2026-08-03,2026-08-09,11:00:00 AM,MIAMI SANDWICH.,1.0,0.017,11.99
10446,2026-08-03,2026-08-09,11:00:00 AM,Miller Light,1.0,0.007,4.99
10447,2026-08-03,2026-08-09,11:00:00 AM,MISC COCINA,2.0,0.022,15.0
10448,2026-08-03,2026-08-09,11:00:00 AM,MODELO,1.0,0.008,5.49
10449,2026-08-03,2026-08-09,11:00:00 AM,Mofongo solo,1.0,0.012,7.99
10450,2026-08-03,2026-08-09,11:00:00 AM,MOROS...,1.0,0.006,3.99
10451,2026-08-03,2026-08-09,11:00:00 AM,PAELLA VALENCIANA,1.0,0.061,41.99
10452,2026-08-03,2026-08-09,11:00:00 AM,-PAN CON BISTEC.,6.0,0.097,66.74
10453,2026-08-03,2026-08-09,11:00:00 AM,PAN CON LECHON.,2.0,0.028,19.18
10454,2026-08-03,2026-08-09,11:00:00 AM,PAN CON TORTILLA.,2.0,0.032,22.18
10455,2026-08-03,2026-08-09,11:00:00 AM,PAN DE BONO..,5.0,0.014,9.95
10456,2026-08-03,2026-08-09,11:00:00 AM,PAPA CASA..,1.0,0.006,3.99
10457,2026-08-03,2026-08-09,11:00:00 AM,PAPA RELLENA,7.0,0.03,20.93
10458,2026-08-03,2026-08-09,11:00:00 AM,PAPAS FRITAS,1.0,0.007,4.49
10459,2026-08-03,2026-08-09,11:00:00 AM,Pasteles Queso,1.0,0.002,1.5
10460,2026-08-03,2026-08-09,11:00:00 AM,Pasteles Queso/Guayaba,1.0,0.002,1.5
10461,2026-08-03,2026-08-09,11:00:00 AM,PERICO DE CLARAS.,2.0,0.038,25.98
10462,2026-08-03,2026-08-09,11:00:00 AM,PERICO RIPIADO.,11.0,0.193,133.39
10463,2026-08-03,2026-08-09,11:00:00 AM,PICADILLO,1.0,0.02,13.69
10464,2026-08-03,2026-08-09,11:00:00 AM,-PICADILLO,1.0,0.021,14.69
10465,2026-08-03,2026-08-09,11:00:00 AM,POLLO EMPANIZADO,2.0,0.042,28.98
10466,2026-08-03,2026-08-09,11:00:00 AM,POTAJE COLORADOS MEDIA,1.0,0.01,7.19
10467,2026-08-03,2026-08-09,11:00:00 AM,PUDIN DE PAN.,1.0,0.008,5.49
10468,2026-08-03,2026-08-09,11:00:00 AM,PUDIN DIPLOMATICO.,2.0,0.016,10.98
10469,2026-08-03,2026-08-09,11:00:00 AM,QUESO CREMA.,1.0,0.003,1.75
10470,2026-08-03,2026-08-09,11:00:00 AM,RABO ENCENDIDO.,1.0,0.035,24.19
10471,2026-08-03,2026-08-09,11:00:00 AM,RABO ENCENDIDO...,3.0,0.105,72.57
10472,2026-08-03,2026-08-09,11:00:00 AM,-RACION DE MALANGA.,1.0,0.009,5.99
10473,2026-08-03,2026-08-09,11:00:00 AM,Ribeye Steak,1.0,0.042,29.2
10474,2026-08-03,2026-08-09,11:00:00 AM,Rinconcito BREAKFAST,6.0,0.122,84.14
10475,2026-08-03,2026-08-09,11:00:00 AM,ROPA VIEJA...,1.0,0.024,16.69
10476,2026-08-03,2026-08-09,11:00:00 AM,RUEDA SERRUCO FRITA.,1.0,0.023,15.99
10477,2026-08-03,2026-08-09,11:00:00 AM,SANDWECHES POLLO..,4.0,0.067,46.56
10478,2026-08-03,2026-08-09,11:00:00 AM,SDWCH DE PAVO REGL.,1.0,0.015,10.19
10479,2026-08-03,2026-08-09,11:00:00 AM,SOLO.TOMATE,1.0,0.004,2.5
10480,2026-08-03,2026-08-09,11:00:00 AM,Sopa de Pollo Grande,8.0,0.098,67.92
10481,2026-08-03,2026-08-09,11:00:00 AM,SOPA DE RES GRANDE,6.0,0.105,72.54
10482,2026-08-03,2026-08-09,11:00:00 AM,SOPA DE RES MEDIANA,2.0,0.024,16.38
10483,2026-08-03,2026-08-09,11:00:00 AM,SOPA PESCADO GRANDE.,5.0,0.08,54.95
10484,2026-08-03,2026-08-09,11:00:00 AM,SOPA PLATANO GRANDE.,1.0,0.015,10.49
10485,2026-08-03,2026-08-09,11:00:00 AM,SOPA PLATANO MEDIANA.,1.0,0.01,6.99
10486,2026-08-03,2026-08-09,11:00:00 AM,Sopa Pollo Medina,9.0,0.072,49.41
10487,2026-08-03,2026-08-09,11:00:00 AM,SPRIET.,3.0,0.011,7.5
10488,2026-08-03,2026-08-09,11:00:00 AM,stella ARTOIS,1.0,0.008,5.49
10489,2026-08-03,2026-08-09,11:00:00 AM,T0 GO MESA,11.0,0.006,3.85
10490,2026-08-03,2026-08-09,11:00:00 AM,TAMAL,1.0,0.004,2.99
10491,2026-08-03,2026-08-09,11:00:00 AM,TAMAL CAZUELA.MEDIANO.,1.0,0.01,7.19
10492,2026-08-03,2026-08-09,11:00:00 AM,TAMAL.CAZUELA GRANDE.,2.0,0.032,22.18
10493,2026-08-03,2026-08-09,11:00:00 AM,To Go.,7.0,0.002,1.4
10494,2026-08-03,2026-08-09,11:00:00 AM,To Go..,44.0,0.014,9.85
10495,2026-08-03,2026-08-09,11:00:00 AM,TORTILLA.,6.0,0.103,71.39
10496,2026-08-03,2026-08-09,11:00:00 AM,TOSTADA,19.0,0.055,37.81
10497,2026-08-03,2026-08-09,11:00:00 AM,TOSTADA 2 CROQUETAS.,1.0,0.011,7.49
10498,2026-08-03,2026-08-09,11:00:00 AM,TOSTONES.,3.0,0.022,14.97
10499,2026-08-03,2026-08-09,11:00:00 AM,TRES LECHES.,2.0,0.017,11.98
10500,2026-08-03,2026-08-09,11:00:00 AM,-VACA FRITA,4.0,0.1,68.76
10501,2026-08-03,2026-08-09,11:00:00 AM,-VACA FRITA.,1.0,0.023,15.99
10502,2026-08-03,2026-08-09,11:00:00 AM,Western Omlet reg,3.0,0.051,34.97
10503,2026-08-03,2026-08-09,12:00:00 PM,.ARROZ FRITO,5.0,0.099,68.25
10504,2026-08-03,2026-08-09,12:00:00 PM,.BISTEC DE POLLO,9.0,0.18,124.01
10505,2026-08-03,2026-08-09,12:00:00 PM,== TO GO ==,42.0,0.012,8.4
10506,2026-08-03,2026-08-09,12:00:00 PM,======================,27.0,0.0,0.0
10507,2026-08-03,2026-08-09,12:00:00 PM,1 BOLA HELADO..,2.0,0.009,5.98
10508,2026-08-03,2026-08-09,12:00:00 PM,1 PIEZA DE CORDERO,1.0,0.026,18.19
10509,2026-08-03,2026-08-09,12:00:00 PM,1.LIBRA ENSALA POLLO.,1.0,0.013,8.99
10510,2026-08-03,2026-08-09,12:00:00 PM,AGUACATE $5.00,1.0,0.007,5.0
10511,2026-08-03,2026-08-09,12:00:00 PM,AGUACATE$4.00,1.0,0.006,4.0
10512,2026-08-03,2026-08-09,12:00:00 PM,AJIACO MEDIANO,6.0,0.062,42.74
10513,2026-08-03,2026-08-09,12:00:00 PM,AJIACO..GRANDE,9.0,0.139,96.21
10514,2026-08-03,2026-08-09,12:00:00 PM,ARROZ CON LECHE,2.0,0.016,10.98
10515,2026-08-03,2026-08-09,12:00:00 PM,ARROZ BLANCO..,4.0,0.019,13.0
10516,2026-08-03,2026-08-09,12:00:00 PM,ARROZ CHIQUITO,4.0,0.013,9.0
10517,2026-08-03,2026-08-09,12:00:00 PM,ARROZ CON CAMARONES.,1.0,0.032,22.19
10518,2026-08-03,2026-08-09,12:00:00 PM,ARROZ CON POLLO,5.0,0.095,65.45
10519,2026-08-03,2026-08-09,12:00:00 PM,ARROZ CON POLLO.,1.0,0.02,13.69
10520,2026-08-03,2026-08-09,12:00:00 PM,Arroz con puerco,4.0,0.076,52.56
10521,2026-08-03,2026-08-09,12:00:00 PM,ARROZ FRITO,3.0,0.063,43.67
10522,2026-08-03,2026-08-09,12:00:00 PM,ARROZ IMPERIAL..,2.0,0.041,28.38
10523,2026-08-03,2026-08-09,12:00:00 PM,BABY CHURASCO,10.0,0.29,200.3
10524,2026-08-03,2026-08-09,12:00:00 PM,BABY CHURRASCO,4.0,0.105,72.36
10525,2026-08-03,2026-08-09,12:00:00 PM,BACALAO VISCAINA,2.0,0.058,40.38
10526,2026-08-03,2026-08-09,12:00:00 PM,BATIDO CHOCOLATE.,2.0,0.014,9.98
10527,2026-08-03,2026-08-09,12:00:00 PM,BATIDO FRUTA BONBA,1.0,0.007,4.99
10528,2026-08-03,2026-08-09,12:00:00 PM,BATIDO MAMEY,9.0,0.072,49.41
10529,2026-08-03,2026-08-09,12:00:00 PM,BATIDO TRIGO,1.0,0.007,4.99
10530,2026-08-03,2026-08-09,12:00:00 PM,BISTEC A CABALLO,2.0,0.042,29.18
10531,2026-08-03,2026-08-09,12:00:00 PM,-BISTEC DE HIGADO,1.0,0.02,13.49
10532,2026-08-03,2026-08-09,12:00:00 PM,BISTEC DE POLLO-,5.0,0.098,67.65
10533,2026-08-03,2026-08-09,12:00:00 PM,BISTEC DE POLLO.,6.0,0.121,83.34
10534,2026-08-03,2026-08-09,12:00:00 PM,-BISTEC DE POLLO.,2.0,0.039,26.98
10535,2026-08-03,2026-08-09,12:00:00 PM,BISTEC DE POLLO..,6.0,0.118,81.34
10536,2026-08-03,2026-08-09,12:00:00 PM,BISTEC DE POLLO...,4.0,0.079,54.36
10537,2026-08-03,2026-08-09,12:00:00 PM,-BISTEC DE PUERCO,4.0,0.091,62.76
10538,2026-08-03,2026-08-09,12:00:00 PM,BISTEC EN CAZUELA,2.0,0.043,29.38
10539,2026-08-03,2026-08-09,12:00:00 PM,-BISTEC PALOMILLA,6.0,0.156,107.94
10540,2026-08-03,2026-08-09,12:00:00 PM,BISTEC POLLO PLANCHA,3.0,0.062,42.57
10541,2026-08-03,2026-08-09,12:00:00 PM,-BISTECDE POLLO,5.0,0.098,67.85
10542,2026-08-03,2026-08-09,12:00:00 PM,BOCADITO DE TUNA.,1.0,0.013,9.19
10543,2026-08-03,2026-08-09,12:00:00 PM,-BOLICHE ASADO,1.0,0.024,16.49
10544,2026-08-03,2026-08-09,12:00:00 PM,BONIATO FRITO..,1.0,0.007,4.99
10545,2026-08-03,2026-08-09,12:00:00 PM,BOÑUELOS.,3.0,0.024,16.47
10546,2026-08-03,2026-08-09,12:00:00 PM,CAESAR /POLLO,2.0,0.038,25.98
10547,2026-08-03,2026-08-09,12:00:00 PM,CAF.LEC.EVAP.CHICO,1.0,0.004,3.0
10548,2026-08-03,2026-08-09,12:00:00 PM,CAFE CON LECHE GRANDE,3.0,0.02,13.5
10549,2026-08-03,2026-08-09,12:00:00 PM,CAFE CON LECHE MEDIANO,1.0,0.005,3.75
10550,2026-08-03,2026-08-09,12:00:00 PM,CAFE CON LECHE PEQUENO,4.0,0.014,10.0
10551,2026-08-03,2026-08-09,12:00:00 PM,CAFE CUBANO.,31.0,0.067,46.5
10552,2026-08-03,2026-08-09,12:00:00 PM,CALAMARES FRITOS,1.0,0.022,14.99
10553,2026-08-03,2026-08-09,12:00:00 PM,CALDO GALLEGO.CHIQUITO,2.0,0.013,8.98
10554,2026-08-03,2026-08-09,12:00:00 PM,CALDO.GALLEGO GRANDE.,1.0,0.017,11.69
10555,2026-08-03,2026-08-09,12:00:00 PM,CAMARONES AL AJILLO.,1.0,0.029,20.19
10556,2026-08-03,2026-08-09,12:00:00 PM,CANT 4 DELIVER,3.0,0.243,168.0
10557,2026-08-03,2026-08-09,12:00:00 PM,CARNE CON PAPAS.,2.0,0.043,29.68
10558,2026-08-03,2026-08-09,12:00:00 PM,CASCOS GUAVA QUESO,2.0,0.017,11.98
10559,2026-08-03,2026-08-09,12:00:00 PM,CEVICHE MIXTO,1.0,0.033,22.99
10560,2026-08-03,2026-08-09,12:00:00 PM,CHICHAR POLLO SIN HUES,3.0,0.061,42.47
10561,2026-08-03,2026-08-09,12:00:00 PM,CHICHARO GRANDE.,3.0,0.04,27.57
10562,2026-08-03,2026-08-09,12:00:00 PM,CHICHARO MEDIANO.,2.0,0.02,13.98
10563,2026-08-03,2026-08-09,12:00:00 PM,chichek wings,2.0,0.022,15.0
10564,2026-08-03,2026-08-09,12:00:00 PM,CHILINDRON D CHIVO,1.0,0.032,21.99
10565,2026-08-03,2026-08-09,12:00:00 PM,CHULETAS DE PUERCO.,1.0,0.02,13.49
10566,2026-08-03,2026-08-09,12:00:00 PM,"CHURRASCO ,,,",7.0,0.27,186.73
10567,2026-08-03,2026-08-09,12:00:00 PM,churros.solo.4,1.0,0.007,4.99
10568,2026-08-03,2026-08-09,12:00:00 PM,CLUB SANDWICH.,3.0,0.053,36.57
10569,2026-08-03,2026-08-09,12:00:00 PM,cocacola.botella,1.0,0.005,3.49
10570,2026-08-03,2026-08-09,12:00:00 PM,COCTEL DE CAMARONES.,2.0,0.049,34.0
10571,2026-08-03,2026-08-09,12:00:00 PM,COKE CERO.,2.0,0.007,5.0
10572,2026-08-03,2026-08-09,12:00:00 PM,COKE.,12.0,0.043,30.0
10573,2026-08-03,2026-08-09,12:00:00 PM,COLADA.,5.0,0.02,13.75
10574,2026-08-03,2026-08-09,12:00:00 PM,CONGRI.,2.0,0.012,7.98
10575,2026-08-03,2026-08-09,12:00:00 PM,COPA ..HELADO,1.0,0.007,4.99
10576,2026-08-03,2026-08-09,12:00:00 PM,COPA VINO,3.0,0.039,26.97
10577,2026-08-03,2026-08-09,12:00:00 PM,-CORONA.,4.0,0.032,21.96
10578,2026-08-03,2026-08-09,12:00:00 PM,Cortadito Evaporada,12.0,0.043,30.0
10579,2026-08-03,2026-08-09,12:00:00 PM,"Cortadito,.",15.0,0.048,32.97
10580,2026-08-03,2026-08-09,12:00:00 PM,CREMA BROCOLY,4.0,0.054,37.0
10581,2026-08-03,2026-08-09,12:00:00 PM,CREMA CALABAZA MEDIAN,2.0,0.02,13.98
10582,2026-08-03,2026-08-09,12:00:00 PM,CREMA CALABAZACHIQUIT,3.0,0.02,13.5
10583,2026-08-03,2026-08-09,12:00:00 PM,CREMA MALANGA MEDIANA.,13.0,0.132,90.87
10584,2026-08-03,2026-08-09,12:00:00 PM,CREMA VEGETAL MEDIANA,3.0,0.03,20.97
10585,2026-08-03,2026-08-09,12:00:00 PM,CREMA. MALANGA GRANDE.,7.0,0.106,73.43
10586,2026-08-03,2026-08-09,12:00:00 PM,croqueta jamon.,23.0,0.058,40.25
10587,2026-08-03,2026-08-09,12:00:00 PM,croqueta pollo.,4.0,0.01,7.0
10588,2026-08-03,2026-08-09,12:00:00 PM,CROQUETA PREPARADA.,3.0,0.052,36.17
10589,2026-08-03,2026-08-09,12:00:00 PM,CUBANO ESPECIAL..,1.0,0.018,12.19
10590,2026-08-03,2026-08-09,12:00:00 PM,CUBANO REGULAR.,3.0,0.044,30.57
10591,2026-08-03,2026-08-09,12:00:00 PM,CUBIERTO.....,2.0,0.0,0.0
10592,2026-08-03,2026-08-09,12:00:00 PM,DEDITOS .PESCADO.,3.0,0.061,41.97
10593,2026-08-03,2026-08-09,12:00:00 PM,DEDITOS DE PESCADO,8.0,0.198,136.72
10594,2026-08-03,2026-08-09,12:00:00 PM,Deditos De Queso.,1.0,0.003,1.99
10595,2026-08-03,2026-08-09,12:00:00 PM,deditos Queso/Guayaba,3.0,0.009,5.97
10596,2026-08-03,2026-08-09,12:00:00 PM,DESALLUNOS..,9.0,0.159,109.91
10597,2026-08-03,2026-08-09,12:00:00 PM,desayuno baby,1.0,0.013,8.99
10598,2026-08-03,2026-08-09,12:00:00 PM,DIET COKE.,3.0,0.01,6.75
10599,2026-08-03,2026-08-09,12:00:00 PM,DIET MATERVA.,1.0,0.004,2.5
10600,2026-08-03,2026-08-09,12:00:00 PM,DOS HUEVO AROS PAPITAS,1.0,0.013,8.99
10601,2026-08-03,2026-08-09,12:00:00 PM,DULCE DE LECHE,2.0,0.016,10.98
10602,2026-08-03,2026-08-09,12:00:00 PM,ELENA RUZ.,1.0,0.014,9.99
10603,2026-08-03,2026-08-09,12:00:00 PM,Empanada carne,4.0,0.017,11.96
10604,2026-08-03,2026-08-09,12:00:00 PM,Empanada Jamon/Queso,1.0,0.004,2.99
10605,2026-08-03,2026-08-09,12:00:00 PM,Empanada Pollo,1.0,0.004,2.99
10606,2026-08-03,2026-08-09,12:00:00 PM,Empnda Espinaca/Queso,1.0,0.004,2.99
10607,2026-08-03,2026-08-09,12:00:00 PM,ENPANISADO. RES,1.0,0.023,16.19
10608,2026-08-03,2026-08-09,12:00:00 PM,"ENPELLAS,chicharones.",2.0,0.017,12.0
10609,2026-08-03,2026-08-09,12:00:00 PM,ENSALA AGUACAT PEQUE,18.0,0.117,81.0
10610,2026-08-03,2026-08-09,12:00:00 PM,ENSALA POLLO 2 CROQUET,2.0,0.036,24.98
10611,2026-08-03,2026-08-09,12:00:00 PM,ENSALADA AGUACAT GRAND,3.0,0.024,16.5
10612,2026-08-03,2026-08-09,12:00:00 PM,Ensalada Small,1.0,0.004,2.75
10613,2026-08-03,2026-08-09,12:00:00 PM,FABADA GRANDE,2.0,0.031,21.38
10614,2026-08-03,2026-08-09,12:00:00 PM,FILETE ALA VILVAINA,1.0,0.029,19.99
10615,2026-08-03,2026-08-09,12:00:00 PM,-FILETE PESCADO PLANCH,2.0,0.052,36.18
10616,2026-08-03,2026-08-09,12:00:00 PM,FILETE SALMON.,3.0,0.079,54.4
10617,2026-08-03,2026-08-09,12:00:00 PM,FILETILL POLLO SALSA,1.0,0.022,14.99
10618,2026-08-03,2026-08-09,12:00:00 PM,FILETILLO DE CARNE.,1.0,0.02,13.49
10619,2026-08-03,2026-08-09,12:00:00 PM,FILETILLO POLLO PLANCH,5.0,0.109,75.35
10620,2026-08-03,2026-08-09,12:00:00 PM,FILETILLO RES PLANCHA.,1.0,0.025,16.99
10621,2026-08-03,2026-08-09,12:00:00 PM,FLAN ESPECIAL.,6.0,0.052,35.94
10622,2026-08-03,2026-08-09,12:00:00 PM,-FLAN.,5.0,0.036,24.95
10623,2026-08-03,2026-08-09,12:00:00 PM,-FRICASE DE POLLO,4.0,0.067,45.96
10624,2026-08-03,2026-08-09,12:00:00 PM,FRICASE PUERCO.,5.0,0.096,66.45
10625,2026-08-03,2026-08-09,12:00:00 PM,FRIJOL GRANDE,1.0,0.012,7.99
10626,2026-08-03,2026-08-09,12:00:00 PM,FRIJOL.COLORADO CHIQUI,1.0,0.006,3.99
10627,2026-08-03,2026-08-09,12:00:00 PM,FRITURA VACALAO.,2.0,0.019,13.0
10628,2026-08-03,2026-08-09,12:00:00 PM,FRITURAS DE MALANGA,2.0,0.019,13.0
10629,2026-08-03,2026-08-09,12:00:00 PM,GALLETA DELICIOSAS,1.0,0.005,3.6
10630,2026-08-03,2026-08-09,12:00:00 PM,GARBANZO GRANDE.,1.0,0.015,10.49
10631,2026-08-03,2026-08-09,12:00:00 PM,GARBANZO.CHIQUITO.,1.0,0.006,3.99
10632,2026-08-03,2026-08-09,12:00:00 PM,GARBANZO.FRITO.,1.0,0.021,14.19
10633,2026-08-03,2026-08-09,12:00:00 PM,GARBANZO.MEDIANO.,6.0,0.061,41.94
10634,2026-08-03,2026-08-09,12:00:00 PM,GUARAPO.,2.0,0.015,10.5
10635,2026-08-03,2026-08-09,12:00:00 PM,GUISO MAIZ GRANDE.,1.0,0.015,10.49
10636,2026-08-03,2026-08-09,12:00:00 PM,GUISO.MAIZ MEDIANO.,2.0,0.02,13.98
10637,2026-08-03,2026-08-09,12:00:00 PM,HAMBURQUESA.CON QUESO,2.0,0.032,22.38
10638,2026-08-03,2026-08-09,12:00:00 PM,Heineken,1.0,0.008,5.49
10639,2026-08-03,2026-08-09,12:00:00 PM,HIGADO ITALIANA,1.0,0.022,15.19
10640,2026-08-03,2026-08-09,12:00:00 PM,HORDEN DE 3 CHICHARONE,1.0,0.005,3.25
10641,2026-08-03,2026-08-09,12:00:00 PM,HUEVO FRITO,2.0,0.004,3.0
10642,2026-08-03,2026-08-09,12:00:00 PM,inca kola,3.0,0.013,8.97
10643,2026-08-03,2026-08-09,12:00:00 PM,JUGO DE MANZANA.,1.0,0.005,3.25
10644,2026-08-03,2026-08-09,12:00:00 PM,JUGO MARACULLA,1.0,0.007,4.5
10645,2026-08-03,2026-08-09,12:00:00 PM,JUGO PINA,3.0,0.02,13.5
10646,2026-08-03,2026-08-09,12:00:00 PM,JUGO ZANAHORIA NARAJA,1.0,0.007,4.99
10647,2026-08-03,2026-08-09,12:00:00 PM,JUGO.NARANJA.,7.0,0.053,36.75
10648,2026-08-03,2026-08-09,12:00:00 PM,JUPINA DIETA,1.0,0.004,2.5
10649,2026-08-03,2026-08-09,12:00:00 PM,JUPIÑA.,1.0,0.004,2.5
10650,2026-08-03,2026-08-09,12:00:00 PM,-LECHE MALTEADA,2.0,0.014,9.98
10651,2026-08-03,2026-08-09,12:00:00 PM,-LECHON ASADO,2.0,0.043,29.68
10652,2026-08-03,2026-08-09,12:00:00 PM,LENTEJAS MEDIANA.,2.0,0.02,13.98
10653,2026-08-03,2026-08-09,12:00:00 PM,LENTEJAS.CHIQUITA.,2.0,0.012,7.98
10654,2026-08-03,2026-08-09,12:00:00 PM,LIMONADA,8.0,0.052,36.0
10655,2026-08-03,2026-08-09,12:00:00 PM,LIMONADA FRESA,2.0,0.017,11.98
10656,2026-08-03,2026-08-09,12:00:00 PM,MADIO.POLLO A la brasa,3.0,0.061,42.17
10657,2026-08-03,2026-08-09,12:00:00 PM,-MADUROS.,4.0,0.026,17.96
10658,2026-08-03,2026-08-09,12:00:00 PM,-MARIQUITAS.,3.0,0.026,17.97
10659,2026-08-03,2026-08-09,12:00:00 PM,MARIQUITAS..MIXTA,2.0,0.016,10.98
10660,2026-08-03,2026-08-09,12:00:00 PM,-MASAS DE PUERCO,11.0,0.226,156.09
10661,2026-08-03,2026-08-09,12:00:00 PM,MASAS DE PUERCO.,3.0,0.062,42.87
10662,2026-08-03,2026-08-09,12:00:00 PM,-MASAS DE PUERCO.,4.0,0.082,56.56
10663,2026-08-03,2026-08-09,12:00:00 PM,MATERVA.,5.0,0.018,12.5
10664,2026-08-03,2026-08-09,12:00:00 PM,MEDIA NOCHE.,7.0,0.103,71.13
10665,2026-08-03,2026-08-09,12:00:00 PM,-MEDIO POLLO A BRASA.,2.0,0.038,26.38
10666,2026-08-03,2026-08-09,12:00:00 PM,MEDIO POLLO.ASADO.,4.0,0.076,52.56
10667,2026-08-03,2026-08-09,12:00:00 PM,MELON..SANDIA,4.0,0.026,18.0
10668,2026-08-03,2026-08-09,12:00:00 PM,-MILANESA DE POLLO,1.0,0.023,16.19
10669,2026-08-03,2026-08-09,12:00:00 PM,MILANESA RES.,3.0,0.087,60.37
10670,2026-08-03,2026-08-09,12:00:00 PM,Miller Light,1.0,0.007,4.99
10671,2026-08-03,2026-08-09,12:00:00 PM,Mini sandwich,1.0,0.009,5.99
10672,2026-08-03,2026-08-09,12:00:00 PM,MISC COCINA,4.0,0.018,12.7
10673,2026-08-03,2026-08-09,12:00:00 PM,MOFONG.chicharon POLLO,1.0,0.023,15.99
10674,2026-08-03,2026-08-09,12:00:00 PM,MOFONGO PUERCO.,1.0,0.025,16.99
10675,2026-08-03,2026-08-09,12:00:00 PM,NATILLA,2.0,0.014,9.98
10676,2026-08-03,2026-08-09,12:00:00 PM,NATILLA CATALANA,1.0,0.009,6.25
10677,2026-08-03,2026-08-09,12:00:00 PM,-PAN CON BISTEC.,7.0,0.115,79.43
10678,2026-08-03,2026-08-09,12:00:00 PM,PAN CON LECHON.,3.0,0.042,28.87
10679,2026-08-03,2026-08-09,12:00:00 PM,PAPAS FRITAS,5.0,0.033,22.45
10680,2026-08-03,2026-08-09,12:00:00 PM,-PARGO FRITO,1.0,0.035,23.99
10681,2026-08-03,2026-08-09,12:00:00 PM,-PARGO FRITO ENTERO.,1.0,0.038,25.99
10682,2026-08-03,2026-08-09,12:00:00 PM,Pasteles Queso/Guayaba,1.0,0.002,1.5
10683,2026-08-03,2026-08-09,12:00:00 PM,PEPSI.,1.0,0.004,2.5
10684,2026-08-03,2026-08-09,12:00:00 PM,PERICO DE CLARAS.,1.0,0.02,13.99
10685,2026-08-03,2026-08-09,12:00:00 PM,PERICO RIPIADO.,1.0,0.018,12.19
10686,2026-08-03,2026-08-09,12:00:00 PM,-PICADILLO,2.0,0.043,29.38
10687,2026-08-03,2026-08-09,12:00:00 PM,PLATANO HERVIDO,1.0,0.007,4.99
10688,2026-08-03,2026-08-09,12:00:00 PM,POLLO ALA FRANCESA,1.0,0.025,16.99
10689,2026-08-03,2026-08-09,12:00:00 PM,POLLO EMPANIZADO,3.0,0.063,43.67
10690,2026-08-03,2026-08-09,12:00:00 PM,POTAJE COLORADOS MEDIA,1.0,0.01,7.19
10691,2026-08-03,2026-08-09,12:00:00 PM,PUDIN DE PAN.,1.0,0.008,5.49
10692,2026-08-03,2026-08-09,12:00:00 PM,PUDIN DIPLOMATICO.,2.0,0.016,10.98
10693,2026-08-03,2026-08-09,12:00:00 PM,RABO ENCENDIDO.,9.0,0.314,216.91
10694,2026-08-03,2026-08-09,12:00:00 PM,RABO ENCENDIDO...,2.0,0.07,48.38
10695,2026-08-03,2026-08-09,12:00:00 PM,-RACION DE MALANGA.,1.0,0.009,5.99
10696,2026-08-03,2026-08-09,12:00:00 PM,Rinconcito BREAKFAST,3.0,0.061,42.17
10697,2026-08-03,2026-08-09,12:00:00 PM,RIÑONADA.,3.0,0.091,62.97
10698,2026-08-03,2026-08-09,12:00:00 PM,ROPA VIEJA..,2.0,0.044,30.38
10699,2026-08-03,2026-08-09,12:00:00 PM,RUEDA SERRUCO FRITA.,2.0,0.049,33.98
10700,2026-08-03,2026-08-09,12:00:00 PM,S.PELLECRINO,2.0,0.01,6.98
10701,2026-08-03,2026-08-09,12:00:00 PM,SANDWECHES POLLO..,6.0,0.104,71.74
10702,2026-08-03,2026-08-09,12:00:00 PM,-SDWC TUNA REGULAR.,2.0,0.031,21.38
10703,2026-08-03,2026-08-09,12:00:00 PM,SDWCH DE PAVO REGL.,1.0,0.014,9.99
10704,2026-08-03,2026-08-09,12:00:00 PM,SM AJIACO,2.0,0.012,7.98
10705,2026-08-03,2026-08-09,12:00:00 PM,Sopa de Pollo Grande,5.0,0.061,42.45
10706,2026-08-03,2026-08-09,12:00:00 PM,SOPA DE RES GRANDE,4.0,0.071,48.76
10707,2026-08-03,2026-08-09,12:00:00 PM,SOPA DE RES MEDIANA,1.0,0.012,8.19
10708,2026-08-03,2026-08-09,12:00:00 PM,SOPA DE RES PEQUENA,1.0,0.007,4.99
10709,2026-08-03,2026-08-09,12:00:00 PM,SOPA PESCADO GRANDE.,8.0,0.127,87.92
10710,2026-08-03,2026-08-09,12:00:00 PM,SOPA PLATANO GRANDE.,1.0,0.015,10.49
10711,2026-08-03,2026-08-09,12:00:00 PM,SOPA PLATANO MEDIANA.,3.0,0.03,20.97
10712,2026-08-03,2026-08-09,12:00:00 PM,SOPA POLLO MEDIA,1.0,0.008,5.69
10713,2026-08-03,2026-08-09,12:00:00 PM,Sopa Pollo Medina,17.0,0.135,93.33
10714,2026-08-03,2026-08-09,12:00:00 PM,SOPA. POLLO CHIQUITA,5.0,0.025,17.5
10715,2026-08-03,2026-08-09,12:00:00 PM,SPAGHETTI POLLO ALFRED,1.0,0.022,14.99
10716,2026-08-03,2026-08-09,12:00:00 PM,SPRIET.,3.0,0.011,7.5
10717,2026-08-03,2026-08-09,12:00:00 PM,stella ARTOIS,5.0,0.04,27.45
10718,2026-08-03,2026-08-09,12:00:00 PM,T0 GO MESA,39.0,0.02,13.65
10719,2026-08-03,2026-08-09,12:00:00 PM,TAMAL,5.0,0.022,14.95
10720,2026-08-03,2026-08-09,12:00:00 PM,TAMAL CAZUELA.MEDIANO.,6.0,0.062,42.54
10721,2026-08-03,2026-08-09,12:00:00 PM,TAMAL.CAZUELA GRANDE.,1.0,0.016,11.19
10722,2026-08-03,2026-08-09,12:00:00 PM,TE FRIO.,2.0,0.009,5.98
10723,2026-08-03,2026-08-09,12:00:00 PM,To Go.,10.0,0.003,2.0
10724,2026-08-03,2026-08-09,12:00:00 PM,To Go..,48.0,0.015,10.05
10725,2026-08-03,2026-08-09,12:00:00 PM,TOSTADA,9.0,0.026,17.91
10726,2026-08-03,2026-08-09,12:00:00 PM,TOSTONES.,2.0,0.014,9.98
10727,2026-08-03,2026-08-09,12:00:00 PM,TRES LECHES.,10.0,0.087,59.9
10728,2026-08-03,2026-08-09,12:00:00 PM,-VACA FRITA,9.0,0.223,154.11
10729,2026-08-03,2026-08-09,12:00:00 PM,-VACA FRITA.,1.0,0.023,15.99
10730,2026-08-03,2026-08-09,12:00:00 PM,Vaso.hielo,1.0,0.0,0.25
10731,2026-08-03,2026-08-09,12:00:00 PM,Western Omlet reg - LATE,2.0,0.037,25.38
10732,2026-08-03,2026-08-09,12:00:00 PM,YUCA FRITA.,1.0,0.008,5.49
10733,2026-08-03,2026-08-09,1:00:00 PM,.ARROZ FRITO,1.0,0.02,13.49
10734,2026-08-03,2026-08-09,1:00:00 PM,.BISTEC DE POLLO,5.0,0.098,67.85
10735,2026-08-03,2026-08-09,1:00:00 PM,_=====================,2.0,0.0,0.0
10736,2026-08-03,2026-08-09,1:00:00 PM,== TO GO ==,35.0,0.01,7.0
10737,2026-08-03,2026-08-09,1:00:00 PM,======================,15.0,0.0,0.0
10738,2026-08-03,2026-08-09,1:00:00 PM,1 BOLA HELADO..,2.0,0.009,5.98
10739,2026-08-03,2026-08-09,1:00:00 PM,1 PIEZA DE CORDERO,3.0,0.079,54.37
10740,2026-08-03,2026-08-09,1:00:00 PM,1.SOLO.PANQUEY,1.0,0.003,2.25
10741,2026-08-03,2026-08-09,1:00:00 PM,2 PIEZAS DE CORDERO.,1.0,0.036,25.19
10742,2026-08-03,2026-08-09,1:00:00 PM,305 Morados,1.0,0.009,6.25
10743,2026-08-03,2026-08-09,1:00:00 PM,AGUA NATURAL,6.0,0.017,11.94
10744,2026-08-03,2026-08-09,1:00:00 PM,AGUA PERRIER,1.0,0.005,3.49
10745,2026-08-03,2026-08-09,1:00:00 PM,AGUACATE DE $4.50,1.0,0.007,4.5
10746,2026-08-03,2026-08-09,1:00:00 PM,AJIACO MEDIANO,3.0,0.031,21.57
10747,2026-08-03,2026-08-09,1:00:00 PM,AJIACO..GRANDE,5.0,0.077,53.45
10748,2026-08-03,2026-08-09,1:00:00 PM,ALBONDIGAS.RES.,5.0,0.105,72.75
10749,2026-08-03,2026-08-09,1:00:00 PM,ARROZ CON LECHE,2.0,0.016,10.98
10750,2026-08-03,2026-08-09,1:00:00 PM,ARROZ BLANCO..,6.0,0.028,19.5
10751,2026-08-03,2026-08-09,1:00:00 PM,ARROZ CHIQUITO,3.0,0.014,9.75
10752,2026-08-03,2026-08-09,1:00:00 PM,ARROZ CON POLLO,4.0,0.073,50.56
10753,2026-08-03,2026-08-09,1:00:00 PM,Arroz con puerco,3.0,0.057,39.17
10754,2026-08-03,2026-08-09,1:00:00 PM,-ARROZ FRITO,1.0,0.02,13.49
10755,2026-08-03,2026-08-09,1:00:00 PM,ARROZ IMPERIAL..,1.0,0.021,14.19
10756,2026-08-03,2026-08-09,1:00:00 PM,Arroz pollo.desmenuza.,4.0,0.073,50.56
10757,2026-08-03,2026-08-09,1:00:00 PM,BABY CHURASCO,4.0,0.119,81.96
10758,2026-08-03,2026-08-09,1:00:00 PM,BABY CHURRASCO,3.0,0.079,54.57
10759,2026-08-03,2026-08-09,1:00:00 PM,BACALAO VISCAINA,4.0,0.117,80.76
10760,2026-08-03,2026-08-09,1:00:00 PM,BACON,1.0,0.007,4.99
10761,2026-08-03,2026-08-09,1:00:00 PM,BATIDO CHOCOLATE.,2.0,0.014,9.98
10762,2026-08-03,2026-08-09,1:00:00 PM,BATIDO FRUTA BONBA,1.0,0.007,4.99
10763,2026-08-03,2026-08-09,1:00:00 PM,BATIDO MAMEY,10.0,0.079,54.9
10764,2026-08-03,2026-08-09,1:00:00 PM,BISTEC A CABALLO,1.0,0.023,15.99
10765,2026-08-03,2026-08-09,1:00:00 PM,BISTEC DE POLLO-,5.0,0.11,76.25
10766,2026-08-03,2026-08-09,1:00:00 PM,BISTEC DE POLLO.,3.0,0.062,42.67
10767,2026-08-03,2026-08-09,1:00:00 PM,-BISTEC DE POLLO.,5.0,0.099,68.05
10768,2026-08-03,2026-08-09,1:00:00 PM,BISTEC DE POLLO..,5.0,0.103,71.05
10769,2026-08-03,2026-08-09,1:00:00 PM,BISTEC DE POLLO...,6.0,0.119,81.94
10770,2026-08-03,2026-08-09,1:00:00 PM,-BISTEC DE PUERCO,3.0,0.068,46.67
10771,2026-08-03,2026-08-09,1:00:00 PM,BISTEC EN CAZUELA,5.0,0.107,73.65
10772,2026-08-03,2026-08-09,1:00:00 PM,BISTEC JAMON,1.0,0.02,13.49
10773,2026-08-03,2026-08-09,1:00:00 PM,-BISTEC PALOMILLA,14.0,0.373,257.86
10774,2026-08-03,2026-08-09,1:00:00 PM,BISTEC POLLO PLANCHA,4.0,0.079,54.76
10775,2026-08-03,2026-08-09,1:00:00 PM,-BISTECDE POLLO,6.0,0.119,81.94
10776,2026-08-03,2026-08-09,1:00:00 PM,BOCADITO DE TUNA.,2.0,0.027,18.38
10777,2026-08-03,2026-08-09,1:00:00 PM,BOLICHE ..,3.0,0.068,47.17
10778,2026-08-03,2026-08-09,1:00:00 PM,-BOLICHE ASADO,1.0,0.024,16.49
10779,2026-08-03,2026-08-09,1:00:00 PM,BONIATO FRITO..,2.0,0.014,9.98
10780,2026-08-03,2026-08-09,1:00:00 PM,BOÑUELOS.,5.0,0.04,27.45
10781,2026-08-03,2026-08-09,1:00:00 PM,CAESAR /POLLO,1.0,0.019,12.99
10782,2026-08-03,2026-08-09,1:00:00 PM,CAFE CON LECHE MEDIANO,1.0,0.005,3.75
10783,2026-08-03,2026-08-09,1:00:00 PM,CAFE CON LECHE PEQUENO,3.0,0.011,7.5
10784,2026-08-03,2026-08-09,1:00:00 PM,CAFE CUBANO.,40.0,0.087,60.0
10785,2026-08-03,2026-08-09,1:00:00 PM,CALDO GALLEGO.MEDIANO.,1.0,0.012,8.19
10786,2026-08-03,2026-08-09,1:00:00 PM,CAMARONES ENCHILADO.,1.0,0.029,19.99
10787,2026-08-03,2026-08-09,1:00:00 PM,CANT 4 DELIVER,1.0,0.081,56.0
10788,2026-08-03,2026-08-09,1:00:00 PM,CANT 5 DELIVER,4.0,0.405,280.0
10789,2026-08-03,2026-08-09,1:00:00 PM,CANT 5 RECOGER,1.0,0.087,60.0
10790,2026-08-03,2026-08-09,1:00:00 PM,CARNE CON PAPAS.,3.0,0.065,44.57
10791,2026-08-03,2026-08-09,1:00:00 PM,CASCOS GUAVA QUESO,1.0,0.009,5.99
10792,2026-08-03,2026-08-09,1:00:00 PM,CHICHAR POLLO C HUESO.,2.0,0.041,27.98
10793,2026-08-03,2026-08-09,1:00:00 PM,CHICHAR POLLO SIN HUES,1.0,0.02,13.49
10794,2026-08-03,2026-08-09,1:00:00 PM,CHICHARO GRANDE.,3.0,0.039,27.17
10795,2026-08-03,2026-08-09,1:00:00 PM,CHICHARO MEDIANO.,5.0,0.051,34.95
10796,2026-08-03,2026-08-09,1:00:00 PM,CHICHARRON DE POLLO.,1.0,0.017,11.99
10797,2026-08-03,2026-08-09,1:00:00 PM,CHORIPAN.,1.0,0.015,10.19
10798,2026-08-03,2026-08-09,1:00:00 PM,CHULETAS DE PUERCO.,1.0,0.02,13.49
10799,2026-08-03,2026-08-09,1:00:00 PM,"CHURRASCO ,,,",9.0,0.342,236.31
10800,2026-08-03,2026-08-09,1:00:00 PM,CLUB SANDWICH.,2.0,0.035,24.38
10801,2026-08-03,2026-08-09,1:00:00 PM,COKE CERO.,3.0,0.011,7.5
10802,2026-08-03,2026-08-09,1:00:00 PM,COKE.,12.0,0.043,30.0
10803,2026-08-03,2026-08-09,1:00:00 PM,COLADA.,9.0,0.036,24.75
10804,2026-08-03,2026-08-09,1:00:00 PM,COLORADOS GRANDE.,3.0,0.042,29.07
10805,2026-08-03,2026-08-09,1:00:00 PM,CONGRI.,2.0,0.012,7.98
10806,2026-08-03,2026-08-09,1:00:00 PM,-CORONA.,1.0,0.008,5.49
10807,2026-08-03,2026-08-09,1:00:00 PM,Cortadito Evaporada,15.0,0.054,37.5
10808,2026-08-03,2026-08-09,1:00:00 PM,"Cortadito,.",5.0,0.016,11.25
10809,2026-08-03,2026-08-09,1:00:00 PM,CREMA BROCOLY,6.0,0.08,55.5
10810,2026-08-03,2026-08-09,1:00:00 PM,CREMA CALABAZA MEDIAN,6.0,0.061,41.94
10811,2026-08-03,2026-08-09,1:00:00 PM,CREMA CALABAZACHIQUIT,1.0,0.007,4.5
10812,2026-08-03,2026-08-09,1:00:00 PM,CREMA MALANGA MEDIANA.,11.0,0.111,76.89
10813,2026-08-03,2026-08-09,1:00:00 PM,CREMA VEGETAL MEDIANA,2.0,0.02,13.98
10814,2026-08-03,2026-08-09,1:00:00 PM,CREMA VEGETALE.MEDIAN,1.0,0.01,6.99
10815,2026-08-03,2026-08-09,1:00:00 PM,CREMA. MALANGA CHIQUIT,1.0,0.007,4.5
10816,2026-08-03,2026-08-09,1:00:00 PM,CREMA. MALANGA GRANDE.,3.0,0.046,31.47
10817,2026-08-03,2026-08-09,1:00:00 PM,CREMA. VEGETALCHIQUITA,4.0,0.026,18.0
10818,2026-08-03,2026-08-09,1:00:00 PM,croqueta bacalao.,6.0,0.017,11.94
10819,2026-08-03,2026-08-09,1:00:00 PM,croqueta jamon.,28.0,0.071,49.0
10820,2026-08-03,2026-08-09,1:00:00 PM,croqueta pollo.,1.0,0.003,1.75
10821,2026-08-03,2026-08-09,1:00:00 PM,CROQUETA PREPARADA.,1.0,0.018,12.19
10822,2026-08-03,2026-08-09,1:00:00 PM,CUBANO ESPECIAL..,1.0,0.018,12.19
10823,2026-08-03,2026-08-09,1:00:00 PM,CUBANO REGULAR.,4.0,0.059,40.56
10824,2026-08-03,2026-08-09,1:00:00 PM,CUBIERTO.....,4.0,0.0,0.0
10825,2026-08-03,2026-08-09,1:00:00 PM,DEDITOS .PESCADO.,3.0,0.061,42.37
10826,2026-08-03,2026-08-09,1:00:00 PM,DEDITOS DE PESCADO,3.0,0.07,48.17
10827,2026-08-03,2026-08-09,1:00:00 PM,-DEDITOS DE POLLO,2.0,0.038,26.18
10828,2026-08-03,2026-08-09,1:00:00 PM,deditos de pollo kids,1.0,0.012,7.99
10829,2026-08-03,2026-08-09,1:00:00 PM,Deditos De Queso.,1.0,0.003,1.99
10830,2026-08-03,2026-08-09,1:00:00 PM,deditos Queso/Guayaba,2.0,0.006,3.98
10831,2026-08-03,2026-08-09,1:00:00 PM,DESALLUNOS..,6.0,0.106,73.44
10832,2026-08-03,2026-08-09,1:00:00 PM,desayuno baby,1.0,0.015,10.49
10833,2026-08-03,2026-08-09,1:00:00 PM,DIET COKE.,6.0,0.02,13.5
10834,2026-08-03,2026-08-09,1:00:00 PM,DIET MATERVA.,1.0,0.004,2.5
10835,2026-08-03,2026-08-09,1:00:00 PM,DOS HUEVO AROS. MADUR,1.0,0.013,8.99
10836,2026-08-03,2026-08-09,1:00:00 PM,DULCE DE LECHE,1.0,0.008,5.49
10837,2026-08-03,2026-08-09,1:00:00 PM,Empanada carne,4.0,0.017,11.96
10838,2026-08-03,2026-08-09,1:00:00 PM,Empanada Jamon/Queso,4.0,0.017,11.96
10839,2026-08-03,2026-08-09,1:00:00 PM,Empanada Pollo,4.0,0.017,11.96
10840,2026-08-03,2026-08-09,1:00:00 PM,Empnda Espinaca/Queso,1.0,0.004,2.99
10841,2026-08-03,2026-08-09,1:00:00 PM,ENPANISADO. RES,3.0,0.07,48.17
10842,2026-08-03,2026-08-09,1:00:00 PM,"ENPELLAS,chicharones.",1.0,0.009,6.0
10843,2026-08-03,2026-08-09,1:00:00 PM,ENSALA AGUACAT PEQUE,25.0,0.163,112.5
10844,2026-08-03,2026-08-09,1:00:00 PM,ENSALA POLLO 2 CROQUET,2.0,0.036,24.98
10845,2026-08-03,2026-08-09,1:00:00 PM,ENSALADA AGUACAT GRAND,4.0,0.032,22.0
10846,2026-08-03,2026-08-09,1:00:00 PM,ENSALADA MIXTA,1.0,0.009,6.5
10847,2026-08-03,2026-08-09,1:00:00 PM,FABADA CHIQUITA.,1.0,0.006,3.99
10848,2026-08-03,2026-08-09,1:00:00 PM,FILETE ALA VILVAINA,3.0,0.087,60.17
10849,2026-08-03,2026-08-09,1:00:00 PM,FILETE PARGO EN SALSA,2.0,0.07,48.2
10850,2026-08-03,2026-08-09,1:00:00 PM,FILETE PARGO PLANCHA,2.0,0.061,41.98
10851,2026-08-03,2026-08-09,1:00:00 PM,-FILETE PESCADO PLANCH,3.0,0.074,51.17
10852,2026-08-03,2026-08-09,1:00:00 PM,FILETE SALMON.,2.0,0.052,36.0
10853,2026-08-03,2026-08-09,1:00:00 PM,FILETILL POLLO SALSA,2.0,0.043,29.98
10854,2026-08-03,2026-08-09,1:00:00 PM,FILETILLO POLLO PLANCH,3.0,0.069,47.37
10855,2026-08-03,2026-08-09,1:00:00 PM,FILETILLO RES PLANCHA.,1.0,0.022,15.19
10856,2026-08-03,2026-08-09,1:00:00 PM,FLAN ESPECIAL.,7.0,0.061,41.93
10857,2026-08-03,2026-08-09,1:00:00 PM,-FLAN.,6.0,0.043,29.94
10858,2026-08-03,2026-08-09,1:00:00 PM,-FRICASE DE POLLO,1.0,0.016,10.99
10859,2026-08-03,2026-08-09,1:00:00 PM,FRICASE PUERCO.,3.0,0.058,40.35
10860,2026-08-03,2026-08-09,1:00:00 PM,FRIJOL GRANDE,2.0,0.023,15.98
10861,2026-08-03,2026-08-09,1:00:00 PM,FRIJOL MEDIANO.,3.0,0.022,14.97
10862,2026-08-03,2026-08-09,1:00:00 PM,FRIJOL PEQUENO.,6.0,0.026,17.94
10863,2026-08-03,2026-08-09,1:00:00 PM,FRITURAS DE MALANGA,1.0,0.009,6.5
10864,2026-08-03,2026-08-09,1:00:00 PM,GARBANZO GRANDE.,1.0,0.015,10.49
10865,2026-08-03,2026-08-09,1:00:00 PM,GARBANZO.FRITO.,1.0,0.021,14.19
10866,2026-08-03,2026-08-09,1:00:00 PM,GARBANZO.MEDIANO.,6.0,0.061,41.94
10867,2026-08-03,2026-08-09,1:00:00 PM,GUARAPO.,12.0,0.091,63.0
10868,2026-08-03,2026-08-09,1:00:00 PM,GUISO MAIZ CHIQUITO.,2.0,0.012,7.98
10869,2026-08-03,2026-08-09,1:00:00 PM,GUISO MAIZ GRANDE.,2.0,0.03,20.98
10870,2026-08-03,2026-08-09,1:00:00 PM,GUISO.MAIZ MEDIANO.,4.0,0.04,27.96
10871,2026-08-03,2026-08-09,1:00:00 PM,Heineken,4.0,0.032,21.96
10872,2026-08-03,2026-08-09,1:00:00 PM,HELADO CONO..,1.0,0.005,3.5
10873,2026-08-03,2026-08-09,1:00:00 PM,HIGADO ITALIANA,1.0,0.022,14.99
10874,2026-08-03,2026-08-09,1:00:00 PM,HORDEN DE 3 CHICHARONE,1.0,0.005,3.25
10875,2026-08-03,2026-08-09,1:00:00 PM,JUGO PINA,3.0,0.02,13.5
10876,2026-08-03,2026-08-09,1:00:00 PM,JUGO.NARANJA.,9.0,0.068,47.25
10877,2026-08-03,2026-08-09,1:00:00 PM,JUPIÑA.,1.0,0.004,2.5
10878,2026-08-03,2026-08-09,1:00:00 PM,LENTEJAS GRANDE.,1.0,0.014,9.49
10879,2026-08-03,2026-08-09,1:00:00 PM,LENTEJAS MEDIANA.,3.0,0.03,20.97
10880,2026-08-03,2026-08-09,1:00:00 PM,LIMANADA COCO.,1.0,0.009,5.99
10881,2026-08-03,2026-08-09,1:00:00 PM,LIMONADA,5.0,0.033,22.5
10882,2026-08-03,2026-08-09,1:00:00 PM,MADIO.POLLO A la brasa,3.0,0.061,42.17
10883,2026-08-03,2026-08-09,1:00:00 PM,-MADUROS.,6.0,0.039,26.94
10884,2026-08-03,2026-08-09,1:00:00 PM,MARIQUITAS DE MALANGA,2.0,0.017,11.98
10885,2026-08-03,2026-08-09,1:00:00 PM,-MARIQUITAS.,1.0,0.009,5.99
10886,2026-08-03,2026-08-09,1:00:00 PM,MARIQUITAS..MIXTA,1.0,0.008,5.49
10887,2026-08-03,2026-08-09,1:00:00 PM,MARLBORO ROJO,2.0,0.035,24.0
10888,2026-08-03,2026-08-09,1:00:00 PM,-MASAS DE PUERCO,8.0,0.166,114.42
10889,2026-08-03,2026-08-09,1:00:00 PM,-MASAS DE PUERCO.,2.0,0.042,28.98
10890,2026-08-03,2026-08-09,1:00:00 PM,MATERVA.,4.0,0.014,10.0
10891,2026-08-03,2026-08-09,1:00:00 PM,MEDIA JARRA,1.0,0.023,16.0
10892,2026-08-03,2026-08-09,1:00:00 PM,MEDIA NOCHE.,8.0,0.118,81.32
10893,2026-08-03,2026-08-09,1:00:00 PM,-MEDIO POLLO A BRASA.,10.0,0.193,133.5
10894,2026-08-03,2026-08-09,1:00:00 PM,MEDIO POLLO.ASADO.,5.0,0.095,65.55
10895,2026-08-03,2026-08-09,1:00:00 PM,MELON..SANDIA,4.0,0.026,18.0
10896,2026-08-03,2026-08-09,1:00:00 PM,MIAMI SANDWICH.,1.0,0.019,12.94
10897,2026-08-03,2026-08-09,1:00:00 PM,-MILANESA DE POLLO,4.0,0.093,64.16
10898,2026-08-03,2026-08-09,1:00:00 PM,MILANESA RES.,2.0,0.06,41.18
10899,2026-08-03,2026-08-09,1:00:00 PM,MISC COCINA,2.0,0.008,5.5
10900,2026-08-03,2026-08-09,1:00:00 PM,MODELO,4.0,0.032,21.96
10901,2026-08-03,2026-08-09,1:00:00 PM,MOFONGO PUERCO.,1.0,0.025,16.99
10902,2026-08-03,2026-08-09,1:00:00 PM,Mofongo solo,2.0,0.023,15.98
10903,2026-08-03,2026-08-09,1:00:00 PM,MOROS...,1.0,0.006,3.99
10904,2026-08-03,2026-08-09,1:00:00 PM,NATILLA,1.0,0.007,4.99
10905,2026-08-03,2026-08-09,1:00:00 PM,NATILLA CATALANA,1.0,0.009,6.25
10906,2026-08-03,2026-08-09,1:00:00 PM,palomilla baby,1.0,0.016,11.0
10907,2026-08-03,2026-08-09,1:00:00 PM,-PAN CON BISTEC.,13.0,0.21,145.07
10908,2026-08-03,2026-08-09,1:00:00 PM,PAN CON LECHON.,5.0,0.07,48.45
10909,2026-08-03,2026-08-09,1:00:00 PM,PAN CON TORTILLA.,3.0,0.051,35.07
10910,2026-08-03,2026-08-09,1:00:00 PM,PAN JAMAICA,2.0,0.005,3.2
10911,2026-08-03,2026-08-09,1:00:00 PM,PAPA RELLENA,2.0,0.009,5.98
10912,2026-08-03,2026-08-09,1:00:00 PM,PAPAS FRITAS,3.0,0.02,13.47
10913,2026-08-03,2026-08-09,1:00:00 PM,-PARGO FRITO,3.0,0.105,72.57
10914,2026-08-03,2026-08-09,1:00:00 PM,Pasteles Guayaba,4.0,0.009,6.0
10915,2026-08-03,2026-08-09,1:00:00 PM,PERICO RIPIADO.,1.0,0.018,12.19
10916,2026-08-03,2026-08-09,1:00:00 PM,PICADILLO,4.0,0.079,54.56
10917,2026-08-03,2026-08-09,1:00:00 PM,PLATANO HERVIDO,1.0,0.007,4.99
10918,2026-08-03,2026-08-09,1:00:00 PM,POLLO EMPANIZADO,2.0,0.045,30.98
10919,2026-08-03,2026-08-09,1:00:00 PM,POTAJE COLORADOS MEDIA,3.0,0.031,21.57
10920,2026-08-03,2026-08-09,1:00:00 PM,PUDIN DE PAN.,2.0,0.016,10.98
10921,2026-08-03,2026-08-09,1:00:00 PM,RABO ENCENDIDO.,6.0,0.209,144.34
10922,2026-08-03,2026-08-09,1:00:00 PM,RABO ENCENDIDO...,11.0,0.384,265.49
10923,2026-08-03,2026-08-09,1:00:00 PM,RIÑONADA.,4.0,0.125,86.36
10924,2026-08-03,2026-08-09,1:00:00 PM,RIÑONADA.CON.3. CAMAR,1.0,0.043,29.99
10925,2026-08-03,2026-08-09,1:00:00 PM,ROPA VIEJA..,1.0,0.022,15.19
10926,2026-08-03,2026-08-09,1:00:00 PM,ROPA VIEJA...,3.0,0.072,49.67
10927,2026-08-03,2026-08-09,1:00:00 PM,RUEDA DE SERRUCHO.,1.0,0.022,15.19
10928,2026-08-03,2026-08-09,1:00:00 PM,SAND JAMON QUESO,1.0,0.013,9.19
10929,2026-08-03,2026-08-09,1:00:00 PM,SANDWECHES POLLO..,2.0,0.036,24.98
10930,2026-08-03,2026-08-09,1:00:00 PM,Sopa de Pollo Grande,8.0,0.098,67.92
10931,2026-08-03,2026-08-09,1:00:00 PM,SOPA DE RES GRANDE,6.0,0.105,72.34
10932,2026-08-03,2026-08-09,1:00:00 PM,SOPA DE RES MEDIANA,7.0,0.082,56.73
10933,2026-08-03,2026-08-09,1:00:00 PM,SOPA PESCADO GRANDE.,2.0,0.032,21.98
10934,2026-08-03,2026-08-09,1:00:00 PM,SOPA PESCADO MEDIANA.,1.0,0.01,6.99
10935,2026-08-03,2026-08-09,1:00:00 PM,SOPA PLATANO GRANDE.,1.0,0.015,10.49
10936,2026-08-03,2026-08-09,1:00:00 PM,SOPA PLATANO MEDIANA.,2.0,0.02,13.98
10937,2026-08-03,2026-08-09,1:00:00 PM,Sopa Pollo Medina,15.0,0.119,82.35
10938,2026-08-03,2026-08-09,1:00:00 PM,SOPA. POLLO CHIQUITA,3.0,0.015,10.5
10939,2026-08-03,2026-08-09,1:00:00 PM,SPRIET.,4.0,0.014,10.0
10940,2026-08-03,2026-08-09,1:00:00 PM,stella ARTOIS,3.0,0.024,16.47
10941,2026-08-03,2026-08-09,1:00:00 PM,SYROP.EXTRA..,1.0,0.001,1.0
10942,2026-08-03,2026-08-09,1:00:00 PM,T0 GO MESA,24.0,0.012,8.4
10943,2026-08-03,2026-08-09,1:00:00 PM,TAMAL,1.0,0.004,2.99
10944,2026-08-03,2026-08-09,1:00:00 PM,TAMAL CAZUELA.MEDIANO.,3.0,0.03,20.97
10945,2026-08-03,2026-08-09,1:00:00 PM,TAMAL.CAZUELA GRANDE.,1.0,0.016,11.19
10946,2026-08-03,2026-08-09,1:00:00 PM,TE FRIO.,1.0,0.004,2.99
10947,2026-08-03,2026-08-09,1:00:00 PM,To Go.,15.0,0.004,3.0
10948,2026-08-03,2026-08-09,1:00:00 PM,To Go..,46.0,0.014,9.95
10949,2026-08-03,2026-08-09,1:00:00 PM,TOSTADA,2.0,0.006,3.98
10950,2026-08-03,2026-08-09,1:00:00 PM,TOSTONES.,4.0,0.029,19.96
10951,2026-08-03,2026-08-09,1:00:00 PM,TRES LECHES.,3.0,0.026,17.97
10952,2026-08-03,2026-08-09,1:00:00 PM,TRUMPETERA 1/2 MALBEC,1.0,0.025,16.99
10953,2026-08-03,2026-08-09,1:00:00 PM,-VACA FRITA,5.0,0.123,84.95
10954,2026-08-03,2026-08-09,1:00:00 PM,-VACA FRITA.,6.0,0.143,98.54
10955,2026-08-03,2026-08-09,1:00:00 PM,Vaso.hielo,1.0,0.0,0.25
10956,2026-08-03,2026-08-09,1:00:00 PM,vegetal.hervido,1.0,0.007,4.99
10957,2026-08-03,2026-08-09,1:00:00 PM,YUCA.,1.0,0.007,4.49
10958,2026-08-03,2026-08-09,2:00:00 PM,.ARROZ FRITO,5.0,0.099,68.05
10959,2026-08-03,2026-08-09,2:00:00 PM,.BISTEC DE POLLO,11.0,0.217,149.99
10960,2026-08-03,2026-08-09,2:00:00 PM,_=====================,2.0,0.0,0.0
10961,2026-08-03,2026-08-09,2:00:00 PM,== TO GO ==,32.0,0.009,6.4
10962,2026-08-03,2026-08-09,2:00:00 PM,======================,19.0,0.0,0.0
10963,2026-08-03,2026-08-09,2:00:00 PM,1 PIEZA DE CORDERO,2.0,0.052,35.98
10964,2026-08-03,2026-08-09,2:00:00 PM,1.LIBRA ENSALA POLLO.,5.0,0.065,44.95
10965,2026-08-03,2026-08-09,2:00:00 PM,305 Morados,1.0,0.009,6.25
10966,2026-08-03,2026-08-09,2:00:00 PM,AGUA NATURAL,1.0,0.003,1.99
10967,2026-08-03,2026-08-09,2:00:00 PM,AGUA PERRIER,3.0,0.015,10.47
10968,2026-08-03,2026-08-09,2:00:00 PM,AGUACATE $5.00,2.0,0.014,10.0
10969,2026-08-03,2026-08-09,2:00:00 PM,AGUACATE$4.00,2.0,0.012,8.0
10970,2026-08-03,2026-08-09,2:00:00 PM,AJIACO MEDIANO,3.0,0.031,21.57
10971,2026-08-03,2026-08-09,2:00:00 PM,AJIACO..GRANDE,4.0,0.062,42.56
10972,2026-08-03,2026-08-09,2:00:00 PM,ALBONDIGAS.RES.,1.0,0.022,14.99
10973,2026-08-03,2026-08-09,2:00:00 PM,ARROZ CON LECHE,7.0,0.056,38.43
10974,2026-08-03,2026-08-09,2:00:00 PM,ARROZ BLANCO..,4.0,0.019,13.0
10975,2026-08-03,2026-08-09,2:00:00 PM,ARROZ CHIQUITO,1.0,0.005,3.25
10976,2026-08-03,2026-08-09,2:00:00 PM,ARROZ CON POLLO,4.0,0.073,50.16
10977,2026-08-03,2026-08-09,2:00:00 PM,ARROZ CON POLLO.,4.0,0.078,54.16
10978,2026-08-03,2026-08-09,2:00:00 PM,Arroz con puerco,2.0,0.038,26.18
10979,2026-08-03,2026-08-09,2:00:00 PM,ARROZ FRITO,4.0,0.085,58.56
10980,2026-08-03,2026-08-09,2:00:00 PM,-ARROZ FRITO,1.0,0.02,13.49
10981,2026-08-03,2026-08-09,2:00:00 PM,ARROZ IMPERIAL..,1.0,0.02,13.99
10982,2026-08-03,2026-08-09,2:00:00 PM,Arroz pollo.desmenuza.,1.0,0.018,12.69
10983,2026-08-03,2026-08-09,2:00:00 PM,BABY CHURASCO,13.0,0.382,263.87
10984,2026-08-03,2026-08-09,2:00:00 PM,BABY CHURRASCO,1.0,0.026,17.99
10985,2026-08-03,2026-08-09,2:00:00 PM,BATIDO FRUTA BONBA,4.0,0.029,19.96
10986,2026-08-03,2026-08-09,2:00:00 PM,BATIDO MAMEY,3.0,0.024,16.47
10987,2026-08-03,2026-08-09,2:00:00 PM,BATIDO MANGO,1.0,0.007,4.99
10988,2026-08-03,2026-08-09,2:00:00 PM,BISTEC DE POLLO-,5.0,0.102,70.25
10989,2026-08-03,2026-08-09,2:00:00 PM,BISTEC DE POLLO.,5.0,0.098,67.45
10990,2026-08-03,2026-08-09,2:00:00 PM,-BISTEC DE POLLO.,5.0,0.1,69.25
10991,2026-08-03,2026-08-09,2:00:00 PM,BISTEC DE POLLO..,2.0,0.04,27.38
10992,2026-08-03,2026-08-09,2:00:00 PM,BISTEC DE POLLO...,1.0,0.026,17.69
10993,2026-08-03,2026-08-09,2:00:00 PM,-BISTEC DE PUERCO,4.0,0.09,62.36
10994,2026-08-03,2026-08-09,2:00:00 PM,BISTEC EN CAZUELA,1.0,0.021,14.69
10995,2026-08-03,2026-08-09,2:00:00 PM,BISTEC JAMON,1.0,0.02,13.49
10996,2026-08-03,2026-08-09,2:00:00 PM,-BISTEC PALOMILLA,6.0,0.157,108.14
10997,2026-08-03,2026-08-09,2:00:00 PM,BISTEC POLLO PLANCHA,3.0,0.059,41.07
10998,2026-08-03,2026-08-09,2:00:00 PM,-BISTECDE POLLO,3.0,0.059,40.67
10999,2026-08-03,2026-08-09,2:00:00 PM,BOLA ENSALADA POLLO,2.0,0.009,6.5
11000,2026-08-03,2026-08-09,2:00:00 PM,BOLICHE ..,1.0,0.022,14.99
11001,2026-08-03,2026-08-09,2:00:00 PM,-BOLICHE ASADO,1.0,0.024,16.69
11002,2026-08-03,2026-08-09,2:00:00 PM,BONIATO HERVIDO,1.0,0.007,4.99
11003,2026-08-03,2026-08-09,2:00:00 PM,BOÑUELOS.,4.0,0.032,21.96
11004,2026-08-03,2026-08-09,2:00:00 PM,CAESAR /POLLO,2.0,0.038,25.98
11005,2026-08-03,2026-08-09,2:00:00 PM,CAFE AMERICAN GRANDE.,1.0,0.005,3.25
11006,2026-08-03,2026-08-09,2:00:00 PM,CAFE CON LECHE MEDIANO,1.0,0.005,3.75
11007,2026-08-03,2026-08-09,2:00:00 PM,CAFE CON LECHE PEQUENO,13.0,0.047,32.5
11008,2026-08-03,2026-08-09,2:00:00 PM,CAFE CUBANO.,36.0,0.078,54.0
11009,2026-08-03,2026-08-09,2:00:00 PM,CALDO GALLEGO.MEDIANO.,6.0,0.07,48.54
11010,2026-08-03,2026-08-09,2:00:00 PM,CAMARONES ENCHILADO.,1.0,0.029,19.99
11011,2026-08-03,2026-08-09,2:00:00 PM,CANT 4 DELIVER,1.0,0.081,56.0
11012,2026-08-03,2026-08-09,2:00:00 PM,CANT 5 DELIVER,1.0,0.101,70.0
11013,2026-08-03,2026-08-09,2:00:00 PM,CARNE CON PAPAS.,9.0,0.184,126.91
11014,2026-08-03,2026-08-09,2:00:00 PM,CASCOS GUAVA QUESO,1.0,0.009,5.99
11015,2026-08-03,2026-08-09,2:00:00 PM,CASUELA MARISCOS.,1.0,0.057,39.5
11016,2026-08-03,2026-08-09,2:00:00 PM,CHICHAR POLLO SIN HUES,2.0,0.039,26.98
11017,2026-08-03,2026-08-09,2:00:00 PM,CHICHARO CHIQUITO.,1.0,0.006,3.99
11018,2026-08-03,2026-08-09,2:00:00 PM,CHICHARO GRANDE.,2.0,0.027,18.38
11019,2026-08-03,2026-08-09,2:00:00 PM,CHICHARO MEDIANO.,1.0,0.01,6.99
11020,2026-08-03,2026-08-09,2:00:00 PM,CHICHARRON DE POLLO.,1.0,0.017,11.99
11021,2026-08-03,2026-08-09,2:00:00 PM,CHILINDRON D CHIVO,1.0,0.032,22.19
11022,2026-08-03,2026-08-09,2:00:00 PM,CHULETAS DE PUERCO,4.0,0.084,58.36
11023,2026-08-03,2026-08-09,2:00:00 PM,CHULETAS DE PUERCO.,2.0,0.039,27.18
11024,2026-08-03,2026-08-09,2:00:00 PM,"CHURRASCO ,,,",2.0,0.075,51.98
11025,2026-08-03,2026-08-09,2:00:00 PM,CLAMATO,2.0,0.009,5.98
11026,2026-08-03,2026-08-09,2:00:00 PM,CLUB SANDWICH.,2.0,0.035,24.18
11027,2026-08-03,2026-08-09,2:00:00 PM,cocacola.botella,1.0,0.005,3.49
11028,2026-08-03,2026-08-09,2:00:00 PM,COKE CERO.,3.0,0.011,7.5
11029,2026-08-03,2026-08-09,2:00:00 PM,COKE.,7.0,0.025,17.5
11030,2026-08-03,2026-08-09,2:00:00 PM,COLADA.,9.0,0.036,24.75
11031,2026-08-03,2026-08-09,2:00:00 PM,COLORADOS GRANDE.,1.0,0.014,9.69
11032,2026-08-03,2026-08-09,2:00:00 PM,con evaporada,2.0,0.004,3.0
11033,2026-08-03,2026-08-09,2:00:00 PM,COPA ..HELADO,1.0,0.007,4.99
11034,2026-08-03,2026-08-09,2:00:00 PM,COPA VINO,2.0,0.026,17.98
11035,2026-08-03,2026-08-09,2:00:00 PM,-CORONA.,8.0,0.064,43.92
11036,2026-08-03,2026-08-09,2:00:00 PM,Cortadito Evaporada,17.0,0.062,42.5
11037,2026-08-03,2026-08-09,2:00:00 PM,"Cortadito,.",6.0,0.019,13.24
11038,2026-08-03,2026-08-09,2:00:00 PM,CREMA BROCOLY,1.0,0.013,9.25
11039,2026-08-03,2026-08-09,2:00:00 PM,CREMA CALABAZA GRANDE,2.0,0.029,19.98
11040,2026-08-03,2026-08-09,2:00:00 PM,CREMA CALABAZA MEDIAN,2.0,0.02,13.98
11041,2026-08-03,2026-08-09,2:00:00 PM,CREMA CALABAZACHIQUIT,3.0,0.02,13.5
11042,2026-08-03,2026-08-09,2:00:00 PM,CREMA MALANGA MEDIANA.,9.0,0.091,62.91
11043,2026-08-03,2026-08-09,2:00:00 PM,CREMA VEGETAL MEDIANA,6.0,0.061,41.94
11044,2026-08-03,2026-08-09,2:00:00 PM,CREMA VEGETALES MEDIAN,1.0,0.01,6.99
11045,2026-08-03,2026-08-09,2:00:00 PM,CREMA. MALANGA CHIQUIT,3.0,0.02,13.5
11046,2026-08-03,2026-08-09,2:00:00 PM,CREMA. MALANGA GRANDE.,3.0,0.046,31.47
11047,2026-08-03,2026-08-09,2:00:00 PM,CREMA. VEGETALCHIQUITA,1.0,0.007,4.5
11048,2026-08-03,2026-08-09,2:00:00 PM,croqueta bacalao.,12.0,0.035,23.88
11049,2026-08-03,2026-08-09,2:00:00 PM,croqueta jamon.,29.0,0.073,50.75
11050,2026-08-03,2026-08-09,2:00:00 PM,croqueta pollo.,3.0,0.008,5.25
11051,2026-08-03,2026-08-09,2:00:00 PM,CROQUETA PREPARADA.,2.0,0.035,23.98
11052,2026-08-03,2026-08-09,2:00:00 PM,CUBANO ESPECIAL..,1.0,0.018,12.19
11053,2026-08-03,2026-08-09,2:00:00 PM,CUBANO REGULAR.,1.0,0.015,10.19
11054,2026-08-03,2026-08-09,2:00:00 PM,DEDITOS DE PESCADO,7.0,0.167,115.13
11055,2026-08-03,2026-08-09,2:00:00 PM,-DEDITOS DE POLLO,3.0,0.057,39.37
11056,2026-08-03,2026-08-09,2:00:00 PM,deditos de pollo kids,1.0,0.012,7.99
11057,2026-08-03,2026-08-09,2:00:00 PM,DESALLUNOS..,3.0,0.056,38.92
11058,2026-08-03,2026-08-09,2:00:00 PM,DIET COKE.,5.0,0.016,11.25
11059,2026-08-03,2026-08-09,2:00:00 PM,DIET MATERVA.,1.0,0.004,2.5
11060,2026-08-03,2026-08-09,2:00:00 PM,DOS HUEVO AROS. MADUR,1.0,0.013,8.99
11061,2026-08-03,2026-08-09,2:00:00 PM,ELENA RUZ.,1.0,0.015,10.19
11062,2026-08-03,2026-08-09,2:00:00 PM,Empanada carne,1.0,0.004,2.99
11063,2026-08-03,2026-08-09,2:00:00 PM,Empanada Jamon/Queso,11.0,0.048,32.89
11064,2026-08-03,2026-08-09,2:00:00 PM,Empanada Pollo,4.0,0.017,11.96
11065,2026-08-03,2026-08-09,2:00:00 PM,Empnda Espinaca/Queso,2.0,0.009,5.98
11066,2026-08-03,2026-08-09,2:00:00 PM,ENPANISADO. RES,3.0,0.073,50.37
11067,2026-08-03,2026-08-09,2:00:00 PM,ENSALA AGUACAT PEQUE,12.0,0.078,54.0
11068,2026-08-03,2026-08-09,2:00:00 PM,ENSALA POLLO 2 CROQUET,6.0,0.109,74.94
11069,2026-08-03,2026-08-09,2:00:00 PM,ENSALADA AGUACAT GRAND,2.0,0.016,11.0
11070,2026-08-03,2026-08-09,2:00:00 PM,Ensalada Small,1.0,0.004,2.75
11071,2026-08-03,2026-08-09,2:00:00 PM,EXTRA AGUACATE.,1.0,0.003,1.75
11072,2026-08-03,2026-08-09,2:00:00 PM,extra.coco,1.0,0.003,1.99
11073,2026-08-03,2026-08-09,2:00:00 PM,FABADA CHIQUITA.,1.0,0.006,3.99
11074,2026-08-03,2026-08-09,2:00:00 PM,FABADA MEDIANA.,2.0,0.02,13.98
11075,2026-08-03,2026-08-09,2:00:00 PM,FILETE ALA FRANCESA,1.0,0.032,21.99
11076,2026-08-03,2026-08-09,2:00:00 PM,FILETE ALA VILVAINA,1.0,0.029,20.19
11077,2026-08-03,2026-08-09,2:00:00 PM,FILETE CURVINA PLANCHA,1.0,0.027,18.99
11078,2026-08-03,2026-08-09,2:00:00 PM,FILETE PARGO PLANCHA,3.0,0.091,62.97
11079,2026-08-03,2026-08-09,2:00:00 PM,FILETE PESCADO EMPANI,1.0,0.025,17.49
11080,2026-08-03,2026-08-09,2:00:00 PM,-FILETE PESCADO PLANCH,6.0,0.157,108.14
11081,2026-08-03,2026-08-09,2:00:00 PM,FILETE SALMON.,3.0,0.082,56.4
11082,2026-08-03,2026-08-09,2:00:00 PM,FILETILL POLLO SALSA,1.0,0.022,14.99
11083,2026-08-03,2026-08-09,2:00:00 PM,FILETILLO DE CARNE.,3.0,0.059,40.67
11084,2026-08-03,2026-08-09,2:00:00 PM,FILETILLO POLLO PLANCH,6.0,0.131,90.34
11085,2026-08-03,2026-08-09,2:00:00 PM,FILETILLO RES PLANCHA.,3.0,0.065,45.17
11086,2026-08-03,2026-08-09,2:00:00 PM,FLAN ESPECIAL.,7.0,0.061,41.93
11087,2026-08-03,2026-08-09,2:00:00 PM,-FLAN.,1.0,0.007,4.99
11088,2026-08-03,2026-08-09,2:00:00 PM,-FRICASE DE POLLO,4.0,0.064,44.36
11089,2026-08-03,2026-08-09,2:00:00 PM,FRICASE PUERCO.,1.0,0.019,13.45
11090,2026-08-03,2026-08-09,2:00:00 PM,FRIJOL GRANDE,1.0,0.012,7.99
11091,2026-08-03,2026-08-09,2:00:00 PM,FRIJOL MEDIANO.,1.0,0.007,4.99
11092,2026-08-03,2026-08-09,2:00:00 PM,FRIJOL PEQUENO.,3.0,0.013,8.97
11093,2026-08-03,2026-08-09,2:00:00 PM,FRIJOL.COLORADO CHIQUI,1.0,0.006,3.99
11094,2026-08-03,2026-08-09,2:00:00 PM,FRITURAS DE MALANGA,6.0,0.056,39.0
11095,2026-08-03,2026-08-09,2:00:00 PM,GARBANZO GRANDE.,2.0,0.03,20.98
11096,2026-08-03,2026-08-09,2:00:00 PM,GARBANZO.MEDIANO.,1.0,0.01,6.99
11097,2026-08-03,2026-08-09,2:00:00 PM,GUARAPO.,5.0,0.038,26.25
11098,2026-08-03,2026-08-09,2:00:00 PM,GUISO MAIZ CHIQUITO.,2.0,0.012,7.98
11099,2026-08-03,2026-08-09,2:00:00 PM,HAMBURQUESA.CON QUESO,2.0,0.032,22.38
11100,2026-08-03,2026-08-09,2:00:00 PM,Heineken,1.0,0.008,5.49
11101,2026-08-03,2026-08-09,2:00:00 PM,HELADO CONO..,2.0,0.01,7.0
11102,2026-08-03,2026-08-09,2:00:00 PM,HIGADO ITALIANA,1.0,0.022,15.19
11103,2026-08-03,2026-08-09,2:00:00 PM,HORDEN DE CHICHARON.,2.0,0.009,6.5
11104,2026-08-03,2026-08-09,2:00:00 PM,HORDEN DE 3 CHICHARONE,2.0,0.009,6.5
11105,2026-08-03,2026-08-09,2:00:00 PM,HUEVO REVUELTO,2.0,0.004,3.0
11106,2026-08-03,2026-08-09,2:00:00 PM,IMPERIAL .,1.0,0.017,11.99
11107,2026-08-03,2026-08-09,2:00:00 PM,IMPERIAL.OVALADO.,1.0,0.203,140.0
11108,2026-08-03,2026-08-09,2:00:00 PM,IRON BEER.,2.0,0.007,5.0
11109,2026-08-03,2026-08-09,2:00:00 PM,JARRA DE SANGRIA,1.0,0.035,24.0
11110,2026-08-03,2026-08-09,2:00:00 PM,JARRITO NARANJA.,2.0,0.01,6.98
11111,2026-08-03,2026-08-09,2:00:00 PM,JUGO MARACULLA,9.0,0.059,40.5
11112,2026-08-03,2026-08-09,2:00:00 PM,JUGO PINA,4.0,0.026,18.0
11113,2026-08-03,2026-08-09,2:00:00 PM,JUGO ZANAHORIA NARAJA,2.0,0.014,9.98
11114,2026-08-03,2026-08-09,2:00:00 PM,JUGO.NARANJA.,9.0,0.068,47.25
11115,2026-08-03,2026-08-09,2:00:00 PM,JUPIÑA.,3.0,0.011,7.5
11116,2026-08-03,2026-08-09,2:00:00 PM,-LECHE MALTEADA,2.0,0.014,9.98
11117,2026-08-03,2026-08-09,2:00:00 PM,-LECHON ASADO,4.0,0.082,56.76
11118,2026-08-03,2026-08-09,2:00:00 PM,LENTEJAS GRANDE.,3.0,0.041,28.47
11119,2026-08-03,2026-08-09,2:00:00 PM,LENTEJAS MEDIANA.,2.0,0.02,13.98
11120,2026-08-03,2026-08-09,2:00:00 PM,LENTEJAS.CHIQUITA.,1.0,0.006,3.99
11121,2026-08-03,2026-08-09,2:00:00 PM,LIMANADA COCO.,2.0,0.017,11.98
11122,2026-08-03,2026-08-09,2:00:00 PM,LIMONADA,7.0,0.046,31.5
11123,2026-08-03,2026-08-09,2:00:00 PM,LIMONADA FRESA,4.0,0.035,23.96
11124,2026-08-03,2026-08-09,2:00:00 PM,MADIO.POLLO A la brasa,3.0,0.061,42.17
11125,2026-08-03,2026-08-09,2:00:00 PM,-MADUROS.,6.0,0.039,26.94
11126,2026-08-03,2026-08-09,2:00:00 PM,MALBORO LIGHT,1.0,0.017,12.0
11127,2026-08-03,2026-08-09,2:00:00 PM,-MALTA,1.0,0.005,3.25
11128,2026-08-03,2026-08-09,2:00:00 PM,MARIQUITAS DE MALANGA,1.0,0.009,5.99
11129,2026-08-03,2026-08-09,2:00:00 PM,-MARIQUITAS.,3.0,0.026,17.97
11130,2026-08-03,2026-08-09,2:00:00 PM,MARIQUITAS..MIXTA,1.0,0.008,5.49
11131,2026-08-03,2026-08-09,2:00:00 PM,-MASAS DE PUERCO,1.0,0.021,14.19
11132,2026-08-03,2026-08-09,2:00:00 PM,MASAS DE PUERCO.,3.0,0.061,42.47
11133,2026-08-03,2026-08-09,2:00:00 PM,-MASAS DE PUERCO.,5.0,0.102,70.15
11134,2026-08-03,2026-08-09,2:00:00 PM,MATERVA.,8.0,0.029,20.0
11135,2026-08-03,2026-08-09,2:00:00 PM,MEDIA NOCHE.,1.0,0.015,10.19
11136,2026-08-03,2026-08-09,2:00:00 PM,-MEDIO POLLO FRITO,1.0,0.02,13.69
11137,2026-08-03,2026-08-09,2:00:00 PM,MEDIO POLLO.ASADO.,1.0,0.019,13.19
11138,2026-08-03,2026-08-09,2:00:00 PM,MELON..SANDIA,3.0,0.02,13.5
11139,2026-08-03,2026-08-09,2:00:00 PM,MIAMI SANDWICH.,4.0,0.069,47.96
11140,2026-08-03,2026-08-09,2:00:00 PM,-MILANESA DE POLLO,1.0,0.023,15.99
11141,2026-08-03,2026-08-09,2:00:00 PM,MILANESA RES.,2.0,0.058,40.18
11142,2026-08-03,2026-08-09,2:00:00 PM,MOFONGO PUERCO.,1.0,0.025,16.99
11143,2026-08-03,2026-08-09,2:00:00 PM,Mofongo solo,1.0,0.012,7.99
11144,2026-08-03,2026-08-09,2:00:00 PM,MOROS...,8.0,0.046,31.92
11145,2026-08-03,2026-08-09,2:00:00 PM,NATILLA CATALANA,1.0,0.009,6.25
11146,2026-08-03,2026-08-09,2:00:00 PM,palomilla baby,1.0,0.016,11.2
11147,2026-08-03,2026-08-09,2:00:00 PM,-PAN CON BISTEC.,8.0,0.129,88.92
11148,2026-08-03,2026-08-09,2:00:00 PM,PAN CON LECHON.,1.0,0.014,9.49
11149,2026-08-03,2026-08-09,2:00:00 PM,PAPA RELLENA,2.0,0.009,5.98
11150,2026-08-03,2026-08-09,2:00:00 PM,-PARGO FRITO,1.0,0.035,23.99
11151,2026-08-03,2026-08-09,2:00:00 PM,-PARGO FRITO ENTERO.,1.0,0.038,25.99
11152,2026-08-03,2026-08-09,2:00:00 PM,Pasteles Guayaba,5.0,0.011,7.5
11153,2026-08-03,2026-08-09,2:00:00 PM,PEPSI.,1.0,0.004,2.5
11154,2026-08-03,2026-08-09,2:00:00 PM,PICADILLO,4.0,0.079,54.56
11155,2026-08-03,2026-08-09,2:00:00 PM,-PICADILLO,2.0,0.043,29.38
11156,2026-08-03,2026-08-09,2:00:00 PM,PINA COLADA,1.0,0.01,6.99
11157,2026-08-03,2026-08-09,2:00:00 PM,pizza personal,1.0,0.016,10.99
11158,2026-08-03,2026-08-09,2:00:00 PM,POTAJE COLORADOS MEDIA,2.0,0.021,14.18
11159,2026-08-03,2026-08-09,2:00:00 PM,PRESIDENTE..,2.0,0.016,10.98
11160,2026-08-03,2026-08-09,2:00:00 PM,PUDIN DE PAN.,1.0,0.008,5.49
11161,2026-08-03,2026-08-09,2:00:00 PM,PUDIN DIPLOMATICO.,5.0,0.04,27.45
11162,2026-08-03,2026-08-09,2:00:00 PM,QUESO AMERICANO.,1.0,0.003,1.75
11163,2026-08-03,2026-08-09,2:00:00 PM,RABO ENCENDIDO.,3.0,0.104,72.17
11164,2026-08-03,2026-08-09,2:00:00 PM,RABO ENCENDIDO...,1.0,0.035,23.99
11165,2026-08-03,2026-08-09,2:00:00 PM,-RACION DE MALANGA.,1.0,0.009,5.99
11166,2026-08-03,2026-08-09,2:00:00 PM,Rinconcito BREAKFAST,2.0,0.043,29.48
11167,2026-08-03,2026-08-09,2:00:00 PM,RIÑONADA.,2.0,0.061,42.18
11168,2026-08-03,2026-08-09,2:00:00 PM,ROPA VIEJA..,7.0,0.153,105.93
11169,2026-08-03,2026-08-09,2:00:00 PM,ROPA VIEJA...,1.0,0.024,16.69
11170,2026-08-03,2026-08-09,2:00:00 PM,RUEDA DE SERRUCHO.,6.0,0.13,89.94
11171,2026-08-03,2026-08-09,2:00:00 PM,SANDWICHES..POLLO.EMPA,2.0,0.041,28.28
11172,2026-08-03,2026-08-09,2:00:00 PM,SM AJIACO,1.0,0.006,3.99
11173,2026-08-03,2026-08-09,2:00:00 PM,SODA GINJER.,1.0,0.004,2.5
11174,2026-08-03,2026-08-09,2:00:00 PM,Sopa de Pollo Grande,11.0,0.135,93.39
11175,2026-08-03,2026-08-09,2:00:00 PM,SOPA DE RES GRANDE,10.0,0.175,121.1
11176,2026-08-03,2026-08-09,2:00:00 PM,SOPA DE RES MEDIANA,3.0,0.035,23.97
11177,2026-08-03,2026-08-09,2:00:00 PM,SOPA DE RES PEQUENA,1.0,0.007,4.99
11178,2026-08-03,2026-08-09,2:00:00 PM,SOPA PLATANO CHIQUITA.,1.0,0.006,3.99
11179,2026-08-03,2026-08-09,2:00:00 PM,SOPA PLATANO GRANDE.,2.0,0.03,20.98
11180,2026-08-03,2026-08-09,2:00:00 PM,SOPA PLATANO MEDIANA.,1.0,0.01,6.99
11181,2026-08-03,2026-08-09,2:00:00 PM,Sopa Pollo Medina,4.0,0.032,21.96
11182,2026-08-03,2026-08-09,2:00:00 PM,SOPA. POLLO CHIQUITA,3.0,0.015,10.5
11183,2026-08-03,2026-08-09,2:00:00 PM,sopon marinero,2.0,0.075,51.98
11184,2026-08-03,2026-08-09,2:00:00 PM,Spageti pollo,1.0,0.022,15.19
11185,2026-08-03,2026-08-09,2:00:00 PM,SPRIET.,2.0,0.007,5.0
11186,2026-08-03,2026-08-09,2:00:00 PM,stella ARTOIS,3.0,0.024,16.47
11187,2026-08-03,2026-08-09,2:00:00 PM,T0 GO MESA,43.0,0.022,15.05
11188,2026-08-03,2026-08-09,2:00:00 PM,TAMA. CAZUELA CHIQUITO,1.0,0.007,4.5
11189,2026-08-03,2026-08-09,2:00:00 PM,TAMAL,6.0,0.026,17.94
11190,2026-08-03,2026-08-09,2:00:00 PM,TAMAL CAZUELA.MEDIANO.,2.0,0.021,14.18
11191,2026-08-03,2026-08-09,2:00:00 PM,TAMAL.JAMON PIERN.QUES,1.0,0.019,12.99
11192,2026-08-03,2026-08-09,2:00:00 PM,To Go.,8.0,0.002,1.6
11193,2026-08-03,2026-08-09,2:00:00 PM,To Go..,34.0,0.011,7.7
11194,2026-08-03,2026-08-09,2:00:00 PM,TOREJA CUBANA,2.0,0.017,11.98
11195,2026-08-03,2026-08-09,2:00:00 PM,TORRE.1/2,1.0,0.023,16.0
11196,2026-08-03,2026-08-09,2:00:00 PM,TOSTADA,4.0,0.012,7.96
11197,2026-08-03,2026-08-09,2:00:00 PM,TRES LECHES.,3.0,0.026,17.97
11198,2026-08-03,2026-08-09,2:00:00 PM,-VACA FRITA,3.0,0.074,51.17
11199,2026-08-03,2026-08-09,2:00:00 PM,-VACA FRITA.,9.0,0.213,147.21
11200,2026-08-03,2026-08-09,2:00:00 PM,YUCA FRITA.,1.0,0.008,5.49
11201,2026-08-03,2026-08-09,2:00:00 PM,YUCA.,1.0,0.007,4.49
11202,2026-08-03,2026-08-09,3:00:00 PM,.ARROZ FRITO,2.0,0.039,27.18
11203,2026-08-03,2026-08-09,3:00:00 PM,.BISTEC DE POLLO,6.0,0.118,81.54
11204,2026-08-03,2026-08-09,3:00:00 PM,_=====================,20.0,0.0,0.0
11205,2026-08-03,2026-08-09,3:00:00 PM,== TO GO ==,30.0,0.009,6.0
11206,2026-08-03,2026-08-09,3:00:00 PM,======================,10.0,0.0,0.0
11207,2026-08-03,2026-08-09,3:00:00 PM,1 PIEZA DE CORDERO,4.0,0.105,72.56
11208,2026-08-03,2026-08-09,3:00:00 PM,1.LIBRA ENSALA POLLO.,1.0,0.013,8.99
11209,2026-08-03,2026-08-09,3:00:00 PM,305 Morados,2.0,0.018,12.5
11210,2026-08-03,2026-08-09,3:00:00 PM,AGUA NATURAL,2.0,0.006,3.98
11211,2026-08-03,2026-08-09,3:00:00 PM,AGUA PERRIER,2.0,0.01,6.98
11212,2026-08-03,2026-08-09,3:00:00 PM,AGUACATE $5.00,2.0,0.014,10.0
11213,2026-08-03,2026-08-09,3:00:00 PM,AGUACATE DE 3.00,2.0,0.009,6.0
11214,2026-08-03,2026-08-09,3:00:00 PM,AJIACO MEDIANO,2.0,0.02,13.98
11215,2026-08-03,2026-08-09,3:00:00 PM,AJIACO..GRANDE,1.0,0.015,10.69
11216,2026-08-03,2026-08-09,3:00:00 PM,ALBONDIGAS.RES.,3.0,0.065,44.57
11217,2026-08-03,2026-08-09,3:00:00 PM,ALITAS DE POLLO PAPITA,1.0,0.016,10.99
11218,2026-08-03,2026-08-09,3:00:00 PM,ARROZ CON LECHE,3.0,0.024,16.47
11219,2026-08-03,2026-08-09,3:00:00 PM,ARROZ BLANCO..,1.0,0.005,3.25
11220,2026-08-03,2026-08-09,3:00:00 PM,ARROZ CHIQUITO,4.0,0.014,10.0
11221,2026-08-03,2026-08-09,3:00:00 PM,ARROZ CON POLLO,3.0,0.055,37.87
11222,2026-08-03,2026-08-09,3:00:00 PM,ARROZ CON POLLO.,5.0,0.099,68.05
11223,2026-08-03,2026-08-09,3:00:00 PM,Arroz con puerco,5.0,0.095,65.75
11224,2026-08-03,2026-08-09,3:00:00 PM,ARROZ FRITO,1.0,0.021,14.69
11225,2026-08-03,2026-08-09,3:00:00 PM,-ARROZ FRITO,2.0,0.039,26.98
11226,2026-08-03,2026-08-09,3:00:00 PM,ARROZ IMPERIAL..,1.0,0.021,14.19
11227,2026-08-03,2026-08-09,3:00:00 PM,BABY CHURASCO,9.0,0.267,184.31
11228,2026-08-03,2026-08-09,3:00:00 PM,BABY CHURRASCO,3.0,0.078,53.97
11229,2026-08-03,2026-08-09,3:00:00 PM,BACALAO VISCAINA,1.0,0.029,19.99
11230,2026-08-03,2026-08-09,3:00:00 PM,Bananas.3 $ 1.50,1.0,0.002,1.5
11231,2026-08-03,2026-08-09,3:00:00 PM,bandeja rinconcito 87,1.0,0.048,32.99
11232,2026-08-03,2026-08-09,3:00:00 PM,BATIDO CHOCOLATE.,4.0,0.029,19.96
11233,2026-08-03,2026-08-09,3:00:00 PM,BATIDO MAMEY,7.0,0.056,38.43
11234,2026-08-03,2026-08-09,3:00:00 PM,BATIDO MANGO,1.0,0.007,4.99
11235,2026-08-03,2026-08-09,3:00:00 PM,BATIDO VAINILLA,1.0,0.007,4.99
11236,2026-08-03,2026-08-09,3:00:00 PM,BISTEC A CABALLO,1.0,0.021,14.49
11237,2026-08-03,2026-08-09,3:00:00 PM,-BISTEC DE HIGADO,1.0,0.02,13.49
11238,2026-08-03,2026-08-09,3:00:00 PM,BISTEC DE POLLO-,3.0,0.061,42.07
11239,2026-08-03,2026-08-09,3:00:00 PM,BISTEC DE POLLO.,3.0,0.059,41.07
11240,2026-08-03,2026-08-09,3:00:00 PM,-BISTEC DE POLLO.,2.0,0.04,27.38
11241,2026-08-03,2026-08-09,3:00:00 PM,BISTEC DE POLLO..,1.0,0.023,15.69
11242,2026-08-03,2026-08-09,3:00:00 PM,BISTEC DE POLLO...,5.0,0.099,68.25
11243,2026-08-03,2026-08-09,3:00:00 PM,-BISTEC DE PUERCO,1.0,0.022,15.49
11244,2026-08-03,2026-08-09,3:00:00 PM,BISTEC EN CAZUELA,2.0,0.043,29.38
11245,2026-08-03,2026-08-09,3:00:00 PM,-BISTEC PALOMILLA,7.0,0.185,128.03
11246,2026-08-03,2026-08-09,3:00:00 PM,BISTEC POLLO PLANCHA,5.0,0.101,70.05
11247,2026-08-03,2026-08-09,3:00:00 PM,-BISTECDE POLLO,3.0,0.061,41.87
11248,2026-08-03,2026-08-09,3:00:00 PM,BOLICHE ..,5.0,0.109,75.55
11249,2026-08-03,2026-08-09,3:00:00 PM,-BOLICHE ASADO,3.0,0.072,49.67
11250,2026-08-03,2026-08-09,3:00:00 PM,BONIATO FRITO..,2.0,0.014,9.98
11251,2026-08-03,2026-08-09,3:00:00 PM,BOÑUELOS.,1.0,0.008,5.49
11252,2026-08-03,2026-08-09,3:00:00 PM,CAFE CON LECHE MEDIANO,1.0,0.005,3.75
11253,2026-08-03,2026-08-09,3:00:00 PM,CAFE CON LECHE PEQUENO,6.0,0.022,15.0
11254,2026-08-03,2026-08-09,3:00:00 PM,CAFE CUBANO.,23.0,0.05,34.5
11255,2026-08-03,2026-08-09,3:00:00 PM,CALAMARES FRITOS,1.0,0.022,14.99
11256,2026-08-03,2026-08-09,3:00:00 PM,CALDO GALLEGO.CHIQUITO,1.0,0.007,4.49
11257,2026-08-03,2026-08-09,3:00:00 PM,CALDO GALLEGO.MEDIANO.,2.0,0.024,16.38
11258,2026-08-03,2026-08-09,3:00:00 PM,CALDO.GALLEGO GRANDE.,1.0,0.017,11.69
11259,2026-08-03,2026-08-09,3:00:00 PM,CAMARONES EMPANIZAD,1.0,0.031,21.19
11260,2026-08-03,2026-08-09,3:00:00 PM,CANT 4 RECOGER,1.0,0.069,48.0
11261,2026-08-03,2026-08-09,3:00:00 PM,CANT 5 DELIVER,6.0,0.608,420.0
11262,2026-08-03,2026-08-09,3:00:00 PM,CANT 5 RECOGER,1.0,0.087,60.0
11263,2026-08-03,2026-08-09,3:00:00 PM,CARNE CON PAPAS.,3.0,0.061,42.37
11264,2026-08-03,2026-08-09,3:00:00 PM,CASCOS GUAVA QUESO,1.0,0.009,5.99
11265,2026-08-03,2026-08-09,3:00:00 PM,CASUELA MARISCOS.,1.0,0.055,38.0
11266,2026-08-03,2026-08-09,3:00:00 PM,CHICHAR POLLO SIN HUES,2.0,0.043,29.38
11267,2026-08-03,2026-08-09,3:00:00 PM,CHICHARO GRANDE.,1.0,0.013,9.19
11268,2026-08-03,2026-08-09,3:00:00 PM,CHULETAS DE PUERCO,1.0,0.021,14.69
11269,2026-08-03,2026-08-09,3:00:00 PM,CHULETAS DE PUERCO.,1.0,0.02,13.69
11270,2026-08-03,2026-08-09,3:00:00 PM,"CHURRASCO ,,,",3.0,0.113,78.17
11271,2026-08-03,2026-08-09,3:00:00 PM,churros.solo.4,3.0,0.022,14.97
11272,2026-08-03,2026-08-09,3:00:00 PM,CLUB SANDWICH.,2.0,0.035,24.18
11273,2026-08-03,2026-08-09,3:00:00 PM,COCTEL DE CAMARONES.,1.0,0.025,17.0
11274,2026-08-03,2026-08-09,3:00:00 PM,COKE CERO.,7.0,0.025,17.5
11275,2026-08-03,2026-08-09,3:00:00 PM,COKE.,12.0,0.043,30.0
11276,2026-08-03,2026-08-09,3:00:00 PM,COLADA.,9.0,0.036,24.75
11277,2026-08-03,2026-08-09,3:00:00 PM,COLORADOS GRANDE.,2.0,0.028,19.38
11278,2026-08-03,2026-08-09,3:00:00 PM,CONGRI.,2.0,0.012,7.98
11279,2026-08-03,2026-08-09,3:00:00 PM,COPA VINO,3.0,0.039,26.97
11280,2026-08-03,2026-08-09,3:00:00 PM,Cortadito Evaporada,5.0,0.018,12.5
11281,2026-08-03,2026-08-09,3:00:00 PM,"Cortadito,.",7.0,0.021,14.45
11282,2026-08-03,2026-08-09,3:00:00 PM,CREMA CALABAZA GRANDE,5.0,0.072,49.95
11283,2026-08-03,2026-08-09,3:00:00 PM,CREMA CALABAZA MEDIAN,1.0,0.01,6.99
11284,2026-08-03,2026-08-09,3:00:00 PM,CREMA CALABAZA MEDIAN,1.0,0.01,6.99
11285,2026-08-03,2026-08-09,3:00:00 PM,CREMA CALABAZACHIQUIT,1.0,0.007,4.5
11286,2026-08-03,2026-08-09,3:00:00 PM,CREMA MALANGA MEDIANA.,6.0,0.061,41.94
11287,2026-08-03,2026-08-09,3:00:00 PM,CREMA. MALANGA CHIQUIT,1.0,0.007,4.5
11288,2026-08-03,2026-08-09,3:00:00 PM,CREMA. MALANGA GRANDE.,8.0,0.122,83.92
11289,2026-08-03,2026-08-09,3:00:00 PM,croqueta bacalao.,5.0,0.014,9.95
11290,2026-08-03,2026-08-09,3:00:00 PM,croqueta jamon.,24.0,0.061,42.0
11291,2026-08-03,2026-08-09,3:00:00 PM,croqueta pollo.,2.0,0.005,3.5
11292,2026-08-03,2026-08-09,3:00:00 PM,CUBANO ESPECIAL..,1.0,0.017,11.99
11293,2026-08-03,2026-08-09,3:00:00 PM,DEDITOS DE PESCADO,2.0,0.047,32.38
11294,2026-08-03,2026-08-09,3:00:00 PM,-DEDITOS DE POLLO,1.0,0.019,13.19
11295,2026-08-03,2026-08-09,3:00:00 PM,deditos de pollo kids,2.0,0.024,16.38
11296,2026-08-03,2026-08-09,3:00:00 PM,Deditos De Queso.,4.0,0.012,7.96
11297,2026-08-03,2026-08-09,3:00:00 PM,deditos Queso/Guayaba,3.0,0.009,5.97
11298,2026-08-03,2026-08-09,3:00:00 PM,DESALLUNOS..,1.0,0.017,11.99
11299,2026-08-03,2026-08-09,3:00:00 PM,DIET COKE.,2.0,0.007,4.5
11300,2026-08-03,2026-08-09,3:00:00 PM,DIET MATERVA.,2.0,0.007,5.0
11301,2026-08-03,2026-08-09,3:00:00 PM,DULCE DE LECHE,1.0,0.008,5.49
11302,2026-08-03,2026-08-09,3:00:00 PM,Empanada carne,4.0,0.017,11.96
11303,2026-08-03,2026-08-09,3:00:00 PM,Empanada Jamon/Queso,3.0,0.013,8.97
11304,2026-08-03,2026-08-09,3:00:00 PM,Empanada Pollo,2.0,0.009,5.98
11305,2026-08-03,2026-08-09,3:00:00 PM,Empnda Espinaca/Queso,3.0,0.013,8.97
11306,2026-08-03,2026-08-09,3:00:00 PM,ENPANADA COLONBIANA..,1.0,0.004,2.49
11307,2026-08-03,2026-08-09,3:00:00 PM,ENPANISADO. RES,3.0,0.07,48.17
11308,2026-08-03,2026-08-09,3:00:00 PM,ENSALA AGUACAT PEQUE,9.0,0.059,40.5
11309,2026-08-03,2026-08-09,3:00:00 PM,ENSALADA AGUACAT GRAND,1.0,0.008,5.5
11310,2026-08-03,2026-08-09,3:00:00 PM,extra.coco,1.0,0.003,1.99
11311,2026-08-03,2026-08-09,3:00:00 PM,FABADA GRANDE,1.0,0.015,10.69
11312,2026-08-03,2026-08-09,3:00:00 PM,FABADA MEDIANA.,1.0,0.01,7.19
11313,2026-08-03,2026-08-09,3:00:00 PM,FILETE PARGO PLANCHA,1.0,0.03,20.99
11314,2026-08-03,2026-08-09,3:00:00 PM,FILETE PESCADO EMPANI,1.0,0.026,17.69
11315,2026-08-03,2026-08-09,3:00:00 PM,-FILETE PESCADO PLANCH,3.0,0.078,54.17
11316,2026-08-03,2026-08-09,3:00:00 PM,FILETE SALMON.,1.0,0.026,18.2
11317,2026-08-03,2026-08-09,3:00:00 PM,FILETILLO DE CARNE.,1.0,0.02,13.49
11318,2026-08-03,2026-08-09,3:00:00 PM,FILETILLO POLLO PLANCH,2.0,0.044,30.38
11319,2026-08-03,2026-08-09,3:00:00 PM,FILETILLO RES PLANCHA.,2.0,0.047,32.38
11320,2026-08-03,2026-08-09,3:00:00 PM,FLAN ESPECIAL.,1.0,0.009,5.99
11321,2026-08-03,2026-08-09,3:00:00 PM,-FLAN.,5.0,0.036,24.95
11322,2026-08-03,2026-08-09,3:00:00 PM,FRICASE PUERCO.,1.0,0.019,13.25
11323,2026-08-03,2026-08-09,3:00:00 PM,FRIJOL PEQUENO.,3.0,0.013,8.97
11324,2026-08-03,2026-08-09,3:00:00 PM,FRITA CUBANA,1.0,0.014,9.99
11325,2026-08-03,2026-08-09,3:00:00 PM,FRITURA VACALAO.,3.0,0.028,19.5
11326,2026-08-03,2026-08-09,3:00:00 PM,FRITURAS DE MALANGA,2.0,0.019,13.0
11327,2026-08-03,2026-08-09,3:00:00 PM,GARBANZO GRANDE.,2.0,0.03,20.98
11328,2026-08-03,2026-08-09,3:00:00 PM,GUARAPO.,5.0,0.038,26.25
11329,2026-08-03,2026-08-09,3:00:00 PM,GUISO MAIZ GRANDE.,1.0,0.015,10.49
11330,2026-08-03,2026-08-09,3:00:00 PM,GUISO.MAIZ MEDIANO.,2.0,0.02,13.98
11331,2026-08-03,2026-08-09,3:00:00 PM,HELADO CONO..,2.0,0.01,7.0
11332,2026-08-03,2026-08-09,3:00:00 PM,HIGADO ITALIANA,3.0,0.066,45.37
11333,2026-08-03,2026-08-09,3:00:00 PM,HORDEN DE CHICHARON.,3.0,0.014,9.75
11334,2026-08-03,2026-08-09,3:00:00 PM,HORDEN DE 3 CHICHARONE,2.0,0.009,6.5
11335,2026-08-03,2026-08-09,3:00:00 PM,HORDEN DE LIMON,1.0,0.003,1.99
11336,2026-08-03,2026-08-09,3:00:00 PM,HUEVO FRITO,1.0,0.002,1.5
11337,2026-08-03,2026-08-09,3:00:00 PM,JARRA DE SANGRIA,1.0,0.035,24.0
11338,2026-08-03,2026-08-09,3:00:00 PM,JUGO PINA,1.0,0.007,4.5
11339,2026-08-03,2026-08-09,3:00:00 PM,JUGO ZANAHORIA NARAJA,1.0,0.007,4.99
11340,2026-08-03,2026-08-09,3:00:00 PM,JUGO.NARANJA.,3.0,0.023,15.75
11341,2026-08-03,2026-08-09,3:00:00 PM,Juntas,1.0,0.0,0.0
11342,2026-08-03,2026-08-09,3:00:00 PM,JUPINA DIETA,3.0,0.011,7.5
11343,2026-08-03,2026-08-09,3:00:00 PM,JUPIÑA.,2.0,0.007,5.0
11344,2026-08-03,2026-08-09,3:00:00 PM,LENTEJAS GRANDE.,6.0,0.082,56.94
11345,2026-08-03,2026-08-09,3:00:00 PM,LENTEJAS MEDIANA.,3.0,0.03,20.97
11346,2026-08-03,2026-08-09,3:00:00 PM,LENTEJAS.CHIQUITA.,1.0,0.006,3.99
11347,2026-08-03,2026-08-09,3:00:00 PM,LIMONADA,2.0,0.013,9.0
11348,2026-08-03,2026-08-09,3:00:00 PM,MADIO.POLLO A la brasa,1.0,0.021,14.19
11349,2026-08-03,2026-08-09,3:00:00 PM,-MADUROS.,2.0,0.013,8.98
11350,2026-08-03,2026-08-09,3:00:00 PM,MALBORO LIGHT,1.0,0.017,12.0
11351,2026-08-03,2026-08-09,3:00:00 PM,MARIQUITAS DE MALANGA,1.0,0.009,5.99
11352,2026-08-03,2026-08-09,3:00:00 PM,-MARIQUITAS.,4.0,0.035,23.96
11353,2026-08-03,2026-08-09,3:00:00 PM,-MASAS DE PUERCO,3.0,0.061,42.37
11354,2026-08-03,2026-08-09,3:00:00 PM,MASAS DE PUERCO.,2.0,0.04,27.38
11355,2026-08-03,2026-08-09,3:00:00 PM,-MASAS DE PUERCO.,5.0,0.102,70.75
11356,2026-08-03,2026-08-09,3:00:00 PM,MATERVA.,3.0,0.011,7.5
11357,2026-08-03,2026-08-09,3:00:00 PM,MEDIA NOCHE.,10.0,0.147,101.3
11358,2026-08-03,2026-08-09,3:00:00 PM,-MEDIO POLLO A BRASA.,1.0,0.019,13.19
11359,2026-08-03,2026-08-09,3:00:00 PM,MEDIO POLLO.ASADO.,1.0,0.019,13.19
11360,2026-08-03,2026-08-09,3:00:00 PM,MELON..SANDIA,1.0,0.007,4.5
11361,2026-08-03,2026-08-09,3:00:00 PM,-MILANESA DE POLLO,4.0,0.093,64.36
11362,2026-08-03,2026-08-09,3:00:00 PM,MILANESA RES.,3.0,0.087,60.17
11363,2026-08-03,2026-08-09,3:00:00 PM,MISC COCINA,3.0,0.02,13.5
11364,2026-08-03,2026-08-09,3:00:00 PM,MODELO,1.0,0.008,5.49
11365,2026-08-03,2026-08-09,3:00:00 PM,MOFONGO PUERCO.,1.0,0.025,16.99
11366,2026-08-03,2026-08-09,3:00:00 PM,Mofongo solo,3.0,0.035,23.97
11367,2026-08-03,2026-08-09,3:00:00 PM,NATILLA CATALANA,2.0,0.018,12.5
11368,2026-08-03,2026-08-09,3:00:00 PM,palomilla baby,1.0,0.016,11.0
11369,2026-08-03,2026-08-09,3:00:00 PM,-PAN CON BISTEC.,6.0,0.096,66.54
11370,2026-08-03,2026-08-09,3:00:00 PM,PAN DE BONO..,1.0,0.003,1.99
11371,2026-08-03,2026-08-09,3:00:00 PM,PAN JAMAICA,2.0,0.005,3.2
11372,2026-08-03,2026-08-09,3:00:00 PM,PAPA RELLENA,1.0,0.004,2.99
11373,2026-08-03,2026-08-09,3:00:00 PM,PAPAS FRITAS,1.0,0.007,4.49
11374,2026-08-03,2026-08-09,3:00:00 PM,-PARGO FRITO ENTERO.,3.0,0.114,78.97
11375,2026-08-03,2026-08-09,3:00:00 PM,Pasteles Guayaba,1.0,0.002,1.5
11376,2026-08-03,2026-08-09,3:00:00 PM,PEPSI.,3.0,0.011,7.5
11377,2026-08-03,2026-08-09,3:00:00 PM,PICADILLO,2.0,0.04,27.38
11378,2026-08-03,2026-08-09,3:00:00 PM,-PICADILLO,2.0,0.042,29.18
11379,2026-08-03,2026-08-09,3:00:00 PM,POLLO EMPANIZADO,1.0,0.021,14.69
11380,2026-08-03,2026-08-09,3:00:00 PM,POTAJE COLORADOS MEDIA,1.0,0.01,6.99
11381,2026-08-03,2026-08-09,3:00:00 PM,PUDIN DE PAN.,1.0,0.008,5.49
11382,2026-08-03,2026-08-09,3:00:00 PM,PUDIN DIPLOMATICO.,1.0,0.008,5.49
11383,2026-08-03,2026-08-09,3:00:00 PM,RABO ENCENDIDO.,3.0,0.104,72.17
11384,2026-08-03,2026-08-09,3:00:00 PM,RABO ENCENDIDO...,4.0,0.14,96.76
11385,2026-08-03,2026-08-09,3:00:00 PM,-RACION DE MALANGA.,1.0,0.009,5.99
11386,2026-08-03,2026-08-09,3:00:00 PM,ROPA VIEJA..,1.0,0.022,15.19
11387,2026-08-03,2026-08-09,3:00:00 PM,ROPA VIEJA...,4.0,0.097,66.76
11388,2026-08-03,2026-08-09,3:00:00 PM,SAND JAMON QUESO,1.0,0.013,9.19
11389,2026-08-03,2026-08-09,3:00:00 PM,SANDWECHES POLLO..,1.0,0.017,11.49
11390,2026-08-03,2026-08-09,3:00:00 PM,SM SOPA DE POLLO,2.0,0.009,5.98
11391,2026-08-03,2026-08-09,3:00:00 PM,Sopa de Pollo Grande,6.0,0.074,50.94
11392,2026-08-03,2026-08-09,3:00:00 PM,SOPA DE RES GRANDE,2.0,0.035,24.38
11393,2026-08-03,2026-08-09,3:00:00 PM,SOPA DE RES MEDIANA,4.0,0.046,31.96
11394,2026-08-03,2026-08-09,3:00:00 PM,SOPA PESCADO GRANDE.,3.0,0.048,32.97
11395,2026-08-03,2026-08-09,3:00:00 PM,SOPA PESCADO MEDIANA.,3.0,0.03,20.97
11396,2026-08-03,2026-08-09,3:00:00 PM,SOPA PLATANO GRANDE.,1.0,0.015,10.49
11397,2026-08-03,2026-08-09,3:00:00 PM,SOPA PLATANO MEDIANA.,1.0,0.01,6.99
11398,2026-08-03,2026-08-09,3:00:00 PM,Sopa Pollo Medina,8.0,0.064,43.92
11399,2026-08-03,2026-08-09,3:00:00 PM,SOPA. POLLO CHIQUITA,1.0,0.005,3.5
11400,2026-08-03,2026-08-09,3:00:00 PM,SPAGHETTI CAMARON ALFR,1.0,0.034,23.19
11401,2026-08-03,2026-08-09,3:00:00 PM,SPRIET.,1.0,0.004,2.5
11402,2026-08-03,2026-08-09,3:00:00 PM,T0 GO MESA,26.0,0.013,9.1
11403,2026-08-03,2026-08-09,3:00:00 PM,TAMAL,3.0,0.013,8.97
11404,2026-08-03,2026-08-09,3:00:00 PM,TAMAL CAZUELA.MEDIANO.,3.0,0.031,21.57
11405,2026-08-03,2026-08-09,3:00:00 PM,TAMAL.CAZUELA GRANDE.,5.0,0.081,55.95
11406,2026-08-03,2026-08-09,3:00:00 PM,-TE CALIENTE,1.0,0.003,2.25
11407,2026-08-03,2026-08-09,3:00:00 PM,TE FRIO.,1.0,0.004,2.99
11408,2026-08-03,2026-08-09,3:00:00 PM,To Go.,6.0,0.002,1.2
11409,2026-08-03,2026-08-09,3:00:00 PM,To Go..,48.0,0.015,10.5
11410,2026-08-03,2026-08-09,3:00:00 PM,TOREJA CUBANA,1.0,0.009,5.99
11411,2026-08-03,2026-08-09,3:00:00 PM,TORTILLA BASCA. - LATE,1.0,0.02,13.69
11412,2026-08-03,2026-08-09,3:00:00 PM,TOSTONES.,1.0,0.007,4.99
11413,2026-08-03,2026-08-09,3:00:00 PM,TRES LECHES.,3.0,0.026,17.97
11414,2026-08-03,2026-08-09,3:00:00 PM,tronchos pescado,1.0,0.023,16.19
11415,2026-08-03,2026-08-09,3:00:00 PM,-VACA FRITA,11.0,0.272,187.69
11416,2026-08-03,2026-08-09,3:00:00 PM,-VACA FRITA.,4.0,0.093,64.16
11417,2026-08-03,2026-08-09,3:00:00 PM,Vaso.hielo,1.0,0.0,0.25
11418,2026-08-03,2026-08-09,3:00:00 PM,vegetal.hervido,1.0,0.007,4.99
11419,2026-08-03,2026-08-09,3:00:00 PM,YUCA FRITA.,1.0,0.008,5.49
11420,2026-08-03,2026-08-09,4:00:00 PM,.BISTEC DE POLLO,5.0,0.102,70.25
11421,2026-08-03,2026-08-09,4:00:00 PM,_=====================,28.0,0.0,0.0
11422,2026-08-03,2026-08-09,4:00:00 PM,== TO GO ==,38.0,0.011,7.6
11423,2026-08-03,2026-08-09,4:00:00 PM,======================,14.0,0.0,0.0
11424,2026-08-03,2026-08-09,4:00:00 PM,1 BOLA HELADO..,2.0,0.009,5.98
11425,2026-08-03,2026-08-09,4:00:00 PM,1 PIEZA DE CORDERO,1.0,0.026,17.99
11426,2026-08-03,2026-08-09,4:00:00 PM,AGUACATE $5.00,1.0,0.007,5.0
11427,2026-08-03,2026-08-09,4:00:00 PM,AJIACO MEDIANO,4.0,0.041,28.36
11428,2026-08-03,2026-08-09,4:00:00 PM,AJIACO..GRANDE,6.0,0.093,63.94
11429,2026-08-03,2026-08-09,4:00:00 PM,ALBONDIGAS.RES.,1.0,0.02,13.99
11430,2026-08-03,2026-08-09,4:00:00 PM,ARROZ CON LECHE,3.0,0.024,16.47
11431,2026-08-03,2026-08-09,4:00:00 PM,ARROZ BLANCO..,3.0,0.014,9.75
11432,2026-08-03,2026-08-09,4:00:00 PM,ARROZ CON CAMARONES.,1.0,0.032,22.19
11433,2026-08-03,2026-08-09,4:00:00 PM,ARROZ CON POLLO,3.0,0.055,38.07
11434,2026-08-03,2026-08-09,4:00:00 PM,ARROZ CON POLLO.,2.0,0.039,27.18
11435,2026-08-03,2026-08-09,4:00:00 PM,Arroz con puerco,1.0,0.019,12.99
11436,2026-08-03,2026-08-09,4:00:00 PM,ARROZ FRITO,2.0,0.043,29.38
11437,2026-08-03,2026-08-09,4:00:00 PM,-ARROZ FRITO,3.0,0.059,41.07
11438,2026-08-03,2026-08-09,4:00:00 PM,BABY CHURASCO,7.0,0.206,142.53
11439,2026-08-03,2026-08-09,4:00:00 PM,BACALAO VISCAINA,1.0,0.029,20.19
11440,2026-08-03,2026-08-09,4:00:00 PM,Bananas.3 $ 1.50,2.0,0.004,3.0
11441,2026-08-03,2026-08-09,4:00:00 PM,BATIDO BANANA,1.0,0.007,4.99
11442,2026-08-03,2026-08-09,4:00:00 PM,BATIDO FRUTA BONBA,1.0,0.007,4.99
11443,2026-08-03,2026-08-09,4:00:00 PM,BATIDO MAMEY,9.0,0.072,49.41
11444,2026-08-03,2026-08-09,4:00:00 PM,BATIDO MANGO,3.0,0.022,14.97
11445,2026-08-03,2026-08-09,4:00:00 PM,BATIDO TRIGO,2.0,0.014,9.98
11446,2026-08-03,2026-08-09,4:00:00 PM,-BISTEC DE HIGADO,1.0,0.02,13.69
11447,2026-08-03,2026-08-09,4:00:00 PM,BISTEC DE POLLO-,2.0,0.039,26.98
11448,2026-08-03,2026-08-09,4:00:00 PM,BISTEC DE POLLO.,3.0,0.059,40.87
11449,2026-08-03,2026-08-09,4:00:00 PM,BISTEC DE POLLO..,1.0,0.021,14.49
11450,2026-08-03,2026-08-09,4:00:00 PM,BISTEC DE POLLO...,4.0,0.081,55.76
11451,2026-08-03,2026-08-09,4:00:00 PM,-BISTEC DE PUERCO,2.0,0.045,31.38
11452,2026-08-03,2026-08-09,4:00:00 PM,BISTEC EN CAZUELA,1.0,0.021,14.49
11453,2026-08-03,2026-08-09,4:00:00 PM,BISTEC JAMON,1.0,0.02,13.69
11454,2026-08-03,2026-08-09,4:00:00 PM,-BISTEC PALOMILLA,11.0,0.291,200.69
11455,2026-08-03,2026-08-09,4:00:00 PM,BISTEC POLLO PLANCHA,5.0,0.099,68.45
11456,2026-08-03,2026-08-09,4:00:00 PM,-BISTECDE POLLO,10.0,0.197,136.3
11457,2026-08-03,2026-08-09,4:00:00 PM,BOLICHE ..,2.0,0.044,30.38
11458,2026-08-03,2026-08-09,4:00:00 PM,-BOLICHE ASADO,1.0,0.024,16.69
11459,2026-08-03,2026-08-09,4:00:00 PM,BONIATILLO.,1.0,0.002,1.5
11460,2026-08-03,2026-08-09,4:00:00 PM,BONIATO FRITO..,1.0,0.007,4.99
11461,2026-08-03,2026-08-09,4:00:00 PM,BONIATO HERVIDO,1.0,0.007,4.99
11462,2026-08-03,2026-08-09,4:00:00 PM,BOÑUELOS.,2.0,0.016,10.98
11463,2026-08-03,2026-08-09,4:00:00 PM,Budweiser,2.0,0.014,9.98
11464,2026-08-03,2026-08-09,4:00:00 PM,CAFE AMERICANO CHIQUIT,1.0,0.004,2.5
11465,2026-08-03,2026-08-09,4:00:00 PM,CAFE CON LECHE MEDIANO,1.0,0.005,3.75
11466,2026-08-03,2026-08-09,4:00:00 PM,CAFE CON LECHE PEQUENO,4.0,0.014,10.0
11467,2026-08-03,2026-08-09,4:00:00 PM,CAFE CUBANO.,24.0,0.052,36.0
11468,2026-08-03,2026-08-09,4:00:00 PM,CALDO GALLEGO.CHIQUITO,1.0,0.007,4.49
11469,2026-08-03,2026-08-09,4:00:00 PM,CALDO.GALLEGO GRANDE.,1.0,0.017,11.69
11470,2026-08-03,2026-08-09,4:00:00 PM,CAMARONES EMPANIZAD,1.0,0.029,19.99
11471,2026-08-03,2026-08-09,4:00:00 PM,CANT 4 DELIVER,1.0,0.081,56.0
11472,2026-08-03,2026-08-09,4:00:00 PM,CANT 5 DELIVER,1.0,0.101,70.0
11473,2026-08-03,2026-08-09,4:00:00 PM,CANT 5 RECOGER,2.0,0.174,120.0
11474,2026-08-03,2026-08-09,4:00:00 PM,CARNE CON PAPAS.,5.0,0.102,70.55
11475,2026-08-03,2026-08-09,4:00:00 PM,CEVICHE MIXTO,1.0,0.034,23.19
11476,2026-08-03,2026-08-09,4:00:00 PM,CHICHAR POLLO C HUESO.,1.0,0.02,13.49
11477,2026-08-03,2026-08-09,4:00:00 PM,CHICHAR POLLO SIN HUES,1.0,0.02,13.69
11478,2026-08-03,2026-08-09,4:00:00 PM,CHICHARO GRANDE.,1.0,0.013,8.99
11479,2026-08-03,2026-08-09,4:00:00 PM,CHICHARO MEDIANO.,1.0,0.01,6.99
11480,2026-08-03,2026-08-09,4:00:00 PM,CHILINDRON D CHIVO,1.0,0.032,22.19
11481,2026-08-03,2026-08-09,4:00:00 PM,CHULETAS DE PUERCO,1.0,0.021,14.49
11482,2026-08-03,2026-08-09,4:00:00 PM,CHULETAS DE PUERCO.,1.0,0.02,13.69
11483,2026-08-03,2026-08-09,4:00:00 PM,"CHURRASCO ,,,",5.0,0.189,130.55
11484,2026-08-03,2026-08-09,4:00:00 PM,churros.solo.4,2.0,0.014,9.98
11485,2026-08-03,2026-08-09,4:00:00 PM,CLUB SANDWICH.,4.0,0.07,48.56
11486,2026-08-03,2026-08-09,4:00:00 PM,COKE CERO.,1.0,0.004,2.5
11487,2026-08-03,2026-08-09,4:00:00 PM,COKE.,9.0,0.033,22.5
11488,2026-08-03,2026-08-09,4:00:00 PM,COLADA.,3.0,0.012,8.25
11489,2026-08-03,2026-08-09,4:00:00 PM,CONGRI.,1.0,0.006,3.99
11490,2026-08-03,2026-08-09,4:00:00 PM,COPA VINO,1.0,0.013,8.99
11491,2026-08-03,2026-08-09,4:00:00 PM,-CORONA.,8.0,0.064,43.92
11492,2026-08-03,2026-08-09,4:00:00 PM,Cortadito Evaporada,7.0,0.025,17.5
11493,2026-08-03,2026-08-09,4:00:00 PM,"Cortadito,.",4.0,0.012,8.22
11494,2026-08-03,2026-08-09,4:00:00 PM,CREMA BROCOLY,1.0,0.013,9.25
11495,2026-08-03,2026-08-09,4:00:00 PM,CREMA CALABAZA GRANDE,1.0,0.014,9.99
11496,2026-08-03,2026-08-09,4:00:00 PM,CREMA CALABAZA MEDIAN,7.0,0.071,48.93
11497,2026-08-03,2026-08-09,4:00:00 PM,CREMA MALANGA MEDIANA.,9.0,0.091,62.91
11498,2026-08-03,2026-08-09,4:00:00 PM,CREMA MALANGA.GRANDE.,1.0,0.015,10.49
11499,2026-08-03,2026-08-09,4:00:00 PM,CREMA VEGETAL GRANDE.,2.0,0.03,20.98
11500,2026-08-03,2026-08-09,4:00:00 PM,CREMA VEGETAL MEDIANA,1.0,0.01,6.99
11501,2026-08-03,2026-08-09,4:00:00 PM,CREMA VEGETALES GRAND,1.0,0.015,10.49
11502,2026-08-03,2026-08-09,4:00:00 PM,CREMA. MALANGA CHIQUIT,3.0,0.02,13.5
11503,2026-08-03,2026-08-09,4:00:00 PM,CREMA. MALANGA GRANDE.,8.0,0.122,83.92
11504,2026-08-03,2026-08-09,4:00:00 PM,CREMA. VEGETALCHIQUITA,1.0,0.007,4.5
11505,2026-08-03,2026-08-09,4:00:00 PM,croqueta jamon.,32.0,0.081,56.0
11506,2026-08-03,2026-08-09,4:00:00 PM,CROQUETA PREPARADA.,1.0,0.018,12.19
11507,2026-08-03,2026-08-09,4:00:00 PM,DEDITOS .PESCADO.,1.0,0.021,14.19
11508,2026-08-03,2026-08-09,4:00:00 PM,DEDITOS DE PESCADO,3.0,0.07,48.57
11509,2026-08-03,2026-08-09,4:00:00 PM,-DEDITOS DE POLLO,2.0,0.038,26.18
11510,2026-08-03,2026-08-09,4:00:00 PM,Deditos De Queso.,2.0,0.006,3.98
11511,2026-08-03,2026-08-09,4:00:00 PM,DIET COKE.,1.0,0.003,2.25
11512,2026-08-03,2026-08-09,4:00:00 PM,DOS HUEVO AROS. MADUR,2.0,0.026,17.98
11513,2026-08-03,2026-08-09,4:00:00 PM,E PAGUETI SOLO ROJA.,1.0,0.013,8.99
11514,2026-08-03,2026-08-09,4:00:00 PM,Empanada carne,7.0,0.03,20.93
11515,2026-08-03,2026-08-09,4:00:00 PM,Empanada Jamon/Queso,4.0,0.017,11.96
11516,2026-08-03,2026-08-09,4:00:00 PM,Empanada Pollo,5.0,0.022,14.95
11517,2026-08-03,2026-08-09,4:00:00 PM,Empnda Espinaca/Queso,3.0,0.013,8.97
11518,2026-08-03,2026-08-09,4:00:00 PM,ENPANADA COLONBIANA..,4.0,0.014,9.96
11519,2026-08-03,2026-08-09,4:00:00 PM,ENPANISADO. RES,3.0,0.07,48.37
11520,2026-08-03,2026-08-09,4:00:00 PM,ENSALA AGUACAT PEQUE,9.0,0.059,40.5
11521,2026-08-03,2026-08-09,4:00:00 PM,ENSALA POLLO 2 CROQUET,1.0,0.018,12.49
11522,2026-08-03,2026-08-09,4:00:00 PM,ENSALADA AGUACAT GRAND,5.0,0.04,27.5
11523,2026-08-03,2026-08-09,4:00:00 PM,Espaguetti jamon,1.0,0.019,13.19
11524,2026-08-03,2026-08-09,4:00:00 PM,EXTRA AGUACATE.,2.0,0.005,3.5
11525,2026-08-03,2026-08-09,4:00:00 PM,FABADA GRANDE,1.0,0.015,10.69
11526,2026-08-03,2026-08-09,4:00:00 PM,FABADA MEDIANA.,1.0,0.01,6.99
11527,2026-08-03,2026-08-09,4:00:00 PM,FILETE CURVINA PLANCHA,1.0,0.027,18.99
11528,2026-08-03,2026-08-09,4:00:00 PM,FILETE PARGO EN SALSA,1.0,0.035,24.0
11529,2026-08-03,2026-08-09,4:00:00 PM,FILETE PARGO PLANCHA,3.0,0.092,63.37
11530,2026-08-03,2026-08-09,4:00:00 PM,FILETE PESCADO EMPANI,2.0,0.054,37.38
11531,2026-08-03,2026-08-09,4:00:00 PM,-FILETE PESCADO PLANCH,1.0,0.025,16.99
11532,2026-08-03,2026-08-09,4:00:00 PM,FILETE SALMON.,1.0,0.026,18.0
11533,2026-08-03,2026-08-09,4:00:00 PM,FILETILLO POLLO PLANCH,2.0,0.044,30.38
11534,2026-08-03,2026-08-09,4:00:00 PM,FILETILLO RES PLANCHA.,3.0,0.066,45.37
11535,2026-08-03,2026-08-09,4:00:00 PM,FLAN ESPECIAL.,3.0,0.026,17.97
11536,2026-08-03,2026-08-09,4:00:00 PM,-FLAN.,3.0,0.022,14.97
11537,2026-08-03,2026-08-09,4:00:00 PM,-FRICASE DE POLLO,4.0,0.067,46.36
11538,2026-08-03,2026-08-09,4:00:00 PM,FRICASE PUERCO.,3.0,0.058,39.95
11539,2026-08-03,2026-08-09,4:00:00 PM,FRIJOL MEDIANO.,3.0,0.022,14.97
11540,2026-08-03,2026-08-09,4:00:00 PM,FRIJOL PEQUENO.,2.0,0.009,5.98
11541,2026-08-03,2026-08-09,4:00:00 PM,FRITURA VACALAO.,1.0,0.009,6.5
11542,2026-08-03,2026-08-09,4:00:00 PM,FRITURAS DE MALANGA,4.0,0.038,26.0
11543,2026-08-03,2026-08-09,4:00:00 PM,GARBANZO.MEDIANO.,1.0,0.01,6.99
11544,2026-08-03,2026-08-09,4:00:00 PM,GUARAPO.,1.0,0.008,5.25
11545,2026-08-03,2026-08-09,4:00:00 PM,GUISO.MAIZ MEDIANO.,1.0,0.01,6.99
11546,2026-08-03,2026-08-09,4:00:00 PM,HAMBURQUESA.CON QUESO,2.0,0.032,22.18
11547,2026-08-03,2026-08-09,4:00:00 PM,HIGADO ITALIANA,2.0,0.044,30.38
11548,2026-08-03,2026-08-09,4:00:00 PM,HORDE DEPAN,1.0,0.002,1.5
11549,2026-08-03,2026-08-09,4:00:00 PM,HORDEN DE 3 CHICHARONE,1.0,0.005,3.25
11550,2026-08-03,2026-08-09,4:00:00 PM,HORDEN DE LIMON,2.0,0.006,3.98
11551,2026-08-03,2026-08-09,4:00:00 PM,HUEVO FRITO,1.0,0.002,1.5
11552,2026-08-03,2026-08-09,4:00:00 PM,IMPERIAL .,1.0,0.018,12.19
11553,2026-08-03,2026-08-09,4:00:00 PM,inca kola,1.0,0.004,2.99
11554,2026-08-03,2026-08-09,4:00:00 PM,JUEGO DE MANZANA,2.0,0.009,6.5
11555,2026-08-03,2026-08-09,4:00:00 PM,JUGO DE MANZANA.,3.0,0.014,9.75
11556,2026-08-03,2026-08-09,4:00:00 PM,JUGO MARACULLA,4.0,0.026,18.0
11557,2026-08-03,2026-08-09,4:00:00 PM,JUGO PINA,5.0,0.033,22.5
11558,2026-08-03,2026-08-09,4:00:00 PM,JUGO ZANAHORIA NARAJA,1.0,0.007,4.99
11559,2026-08-03,2026-08-09,4:00:00 PM,JUGO.NARANJA.,10.0,0.076,52.5
11560,2026-08-03,2026-08-09,4:00:00 PM,Juntas,3.0,0.0,0.0
11561,2026-08-03,2026-08-09,4:00:00 PM,LANGOSTA ENCHILADA.,1.0,0.058,40.0
11562,2026-08-03,2026-08-09,4:00:00 PM,LENTEJAS GRANDE.,2.0,0.027,18.98
11563,2026-08-03,2026-08-09,4:00:00 PM,LENTEJAS MEDIANA.,7.0,0.071,48.93
11564,2026-08-03,2026-08-09,4:00:00 PM,LENTEJAS.CHIQUITA.,1.0,0.006,3.99
11565,2026-08-03,2026-08-09,4:00:00 PM,LIMONADA,1.0,0.007,4.5
11566,2026-08-03,2026-08-09,4:00:00 PM,MADIO.POLLO A la brasa,2.0,0.041,27.98
11567,2026-08-03,2026-08-09,4:00:00 PM,-MARIQUITAS.,3.0,0.026,17.97
11568,2026-08-03,2026-08-09,4:00:00 PM,MARIQUITAS..MIXTA,1.0,0.008,5.49
11569,2026-08-03,2026-08-09,4:00:00 PM,Mariquitas.togo.,1.0,0.007,4.5
11570,2026-08-03,2026-08-09,4:00:00 PM,-MASAS DE PUERCO,2.0,0.041,28.38
11571,2026-08-03,2026-08-09,4:00:00 PM,MASAS DE PUERCO.,3.0,0.059,40.47
11572,2026-08-03,2026-08-09,4:00:00 PM,-MASAS DE PUERCO.,7.0,0.143,98.93
11573,2026-08-03,2026-08-09,4:00:00 PM,MATERVA.,1.0,0.004,2.5
11574,2026-08-03,2026-08-09,4:00:00 PM,MEDIA NOCHE.,3.0,0.044,30.37
11575,2026-08-03,2026-08-09,4:00:00 PM,-MEDIO POLLO A BRASA.,1.0,0.02,13.99
11576,2026-08-03,2026-08-09,4:00:00 PM,MEDIO POLLO.ASADO.,1.0,0.019,13.19
11577,2026-08-03,2026-08-09,4:00:00 PM,MELON..SANDIA,1.0,0.007,4.5
11578,2026-08-03,2026-08-09,4:00:00 PM,MIAMI SANDWICH.,8.0,0.14,96.52
11579,2026-08-03,2026-08-09,4:00:00 PM,-MILANESA DE POLLO,2.0,0.05,34.38
11580,2026-08-03,2026-08-09,4:00:00 PM,Miller Light,1.0,0.007,4.99
11581,2026-08-03,2026-08-09,4:00:00 PM,MISC COCINA,2.0,0.004,3.0
11582,2026-08-03,2026-08-09,4:00:00 PM,MODELO,6.0,0.048,32.94
11583,2026-08-03,2026-08-09,4:00:00 PM,MOFONGO PUERCO.,1.0,0.025,16.99
11584,2026-08-03,2026-08-09,4:00:00 PM,MOJO CHIQUITO.,2.0,0.011,7.9
11585,2026-08-03,2026-08-09,4:00:00 PM,MOROS...,1.0,0.006,3.99
11586,2026-08-03,2026-08-09,4:00:00 PM,NATILLA,1.0,0.007,4.99
11587,2026-08-03,2026-08-09,4:00:00 PM,NATILLA CATALANA,3.0,0.027,18.75
11588,2026-08-03,2026-08-09,4:00:00 PM,-PAN CON BISTEC.,6.0,0.097,66.94
11589,2026-08-03,2026-08-09,4:00:00 PM,PAPA RELLENA,2.0,0.009,5.98
11590,2026-08-03,2026-08-09,4:00:00 PM,PAPAS FRITAS,5.0,0.033,22.45
11591,2026-08-03,2026-08-09,4:00:00 PM,Pasteles Guayaba,1.0,0.002,1.5
11592,2026-08-03,2026-08-09,4:00:00 PM,-PICADILLO,3.0,0.063,43.47
11593,2026-08-03,2026-08-09,4:00:00 PM,PLATANO HERVIDO,2.0,0.014,9.98
11594,2026-08-03,2026-08-09,4:00:00 PM,PUDIN DE PAN.,1.0,0.008,5.49
11595,2026-08-03,2026-08-09,4:00:00 PM,PUDIN DIPLOMATICO.,2.0,0.016,10.98
11596,2026-08-03,2026-08-09,4:00:00 PM,RABO ENCENDIDO.,1.0,0.035,24.19
11597,2026-08-03,2026-08-09,4:00:00 PM,RABO ENCENDIDO...,3.0,0.105,72.57
11598,2026-08-03,2026-08-09,4:00:00 PM,RIÑONADA.,1.0,0.03,20.99
11599,2026-08-03,2026-08-09,4:00:00 PM,ROPA VIEJA..,3.0,0.066,45.37
11600,2026-08-03,2026-08-09,4:00:00 PM,ROPA VIEJA...,1.0,0.024,16.69
11601,2026-08-03,2026-08-09,4:00:00 PM,RUEDA DE SERRUCHO.,1.0,0.022,14.99
11602,2026-08-03,2026-08-09,4:00:00 PM,S.PELLECRINO,2.0,0.01,6.98
11603,2026-08-03,2026-08-09,4:00:00 PM,salsa cilandro,1.0,0.002,1.25
11604,2026-08-03,2026-08-09,4:00:00 PM,SANDWECHES POLLO..,1.0,0.017,11.69
11605,2026-08-03,2026-08-09,4:00:00 PM,SM CREMA CALABAZA-,1.0,0.006,3.99
11606,2026-08-03,2026-08-09,4:00:00 PM,SM CREMA CALABAZA..,2.0,0.012,7.98
11607,2026-08-03,2026-08-09,4:00:00 PM,Sopa de Pollo Grande,11.0,0.135,93.39
11608,2026-08-03,2026-08-09,4:00:00 PM,SOPA DE RES GRANDE,2.0,0.035,24.38
11609,2026-08-03,2026-08-09,4:00:00 PM,SOPA DE RES PEQUENA,1.0,0.007,4.99
11610,2026-08-03,2026-08-09,4:00:00 PM,SOPA PESCADO GRANDE.,7.0,0.111,76.93
11611,2026-08-03,2026-08-09,4:00:00 PM,SOPA PLATANO GRANDE.,1.0,0.015,10.49
11612,2026-08-03,2026-08-09,4:00:00 PM,SOPA PLATANO MEDIANA.,3.0,0.03,20.97
11613,2026-08-03,2026-08-09,4:00:00 PM,Sopa Pollo Medina,9.0,0.072,49.41
11614,2026-08-03,2026-08-09,4:00:00 PM,SOPA. POLLO CHIQUITA,2.0,0.01,7.0
11615,2026-08-03,2026-08-09,4:00:00 PM,SOPON MARINERO.,1.0,0.038,25.99
11616,2026-08-03,2026-08-09,4:00:00 PM,SPRIET.,4.0,0.014,10.0
11617,2026-08-03,2026-08-09,4:00:00 PM,T0 GO MESA,28.0,0.014,9.8
11618,2026-08-03,2026-08-09,4:00:00 PM,TAMAL,3.0,0.013,8.97
11619,2026-08-03,2026-08-09,4:00:00 PM,TAMAL.CAZUELA GRANDE.,2.0,0.032,22.38
11620,2026-08-03,2026-08-09,4:00:00 PM,TARTARA...,1.0,0.001,1.0
11621,2026-08-03,2026-08-09,4:00:00 PM,To Go.,12.0,0.003,2.4
11622,2026-08-03,2026-08-09,4:00:00 PM,To Go..,42.0,0.013,9.15
11623,2026-08-03,2026-08-09,4:00:00 PM,TORTILLA.,1.0,0.016,10.99
11624,2026-08-03,2026-08-09,4:00:00 PM,TOSTADA,2.0,0.006,3.98
11625,2026-08-03,2026-08-09,4:00:00 PM,TOSTONES.,1.0,0.007,4.99
11626,2026-08-03,2026-08-09,4:00:00 PM,TRES LECHES.,5.0,0.043,29.95
11627,2026-08-03,2026-08-09,4:00:00 PM,-VACA FRITA,5.0,0.124,85.75
11628,2026-08-03,2026-08-09,4:00:00 PM,-VACA FRITA.,4.0,0.094,64.76
11629,2026-08-03,2026-08-09,4:00:00 PM,vegetal.hervido,1.0,0.007,4.99
11630,2026-08-03,2026-08-09,5:00:00 PM,.ARROZ FRITO,2.0,0.04,27.38
11631,2026-08-03,2026-08-09,5:00:00 PM,.BISTEC DE POLLO,4.0,0.08,55.36
11632,2026-08-03,2026-08-09,5:00:00 PM,_=====================,37.0,0.0,0.0
11633,2026-08-03,2026-08-09,5:00:00 PM,== TO GO ==,46.0,0.013,9.2
11634,2026-08-03,2026-08-09,5:00:00 PM,======================,22.0,0.0,0.0
11635,2026-08-03,2026-08-09,5:00:00 PM,1 BOLA HELADO..,5.0,0.022,14.95
11636,2026-08-03,2026-08-09,5:00:00 PM,2 PIEZAS DE CORDERO.,1.0,0.039,27.19
11637,2026-08-03,2026-08-09,5:00:00 PM,AGUA PERRIER,1.0,0.005,3.49
11638,2026-08-03,2026-08-09,5:00:00 PM,AGUACATE $5.00,4.0,0.029,20.0
11639,2026-08-03,2026-08-09,5:00:00 PM,AJIACO MEDIANO,2.0,0.021,14.18
11640,2026-08-03,2026-08-09,5:00:00 PM,AJIACO..GRANDE,6.0,0.093,63.94
11641,2026-08-03,2026-08-09,5:00:00 PM,ALBONDIGAS.RES.,1.0,0.02,13.99
11642,2026-08-03,2026-08-09,5:00:00 PM,ARROZ CON LECHE,3.0,0.024,16.47
11643,2026-08-03,2026-08-09,5:00:00 PM,ARROZ BLANCO..,2.0,0.009,6.5
11644,2026-08-03,2026-08-09,5:00:00 PM,ARROZ CHIQUITO,6.0,0.022,15.5
11645,2026-08-03,2026-08-09,5:00:00 PM,ARROZ CON POLLO,1.0,0.018,12.69
11646,2026-08-03,2026-08-09,5:00:00 PM,ARROZ CON POLLO.,4.0,0.079,54.56
11647,2026-08-03,2026-08-09,5:00:00 PM,Arroz con puerco,1.0,0.019,13.19
11648,2026-08-03,2026-08-09,5:00:00 PM,ARROZ FRITO,2.0,0.043,29.38
11649,2026-08-03,2026-08-09,5:00:00 PM,-ARROZ FRITO,1.0,0.02,13.49
11650,2026-08-03,2026-08-09,5:00:00 PM,ARROZ IMPERIAL..,1.0,0.023,16.19
11651,2026-08-03,2026-08-09,5:00:00 PM,Arroz pollo.desmenuza.,2.0,0.036,24.98
11652,2026-08-03,2026-08-09,5:00:00 PM,BABY CHURASCO,8.0,0.232,159.92
11653,2026-08-03,2026-08-09,5:00:00 PM,BABY CHURRASCO,1.0,0.026,17.99
11654,2026-08-03,2026-08-09,5:00:00 PM,banana,1.0,0.001,0.5
11655,2026-08-03,2026-08-09,5:00:00 PM,BATIDO CHOCOLATE.,3.0,0.022,14.97
11656,2026-08-03,2026-08-09,5:00:00 PM,BATIDO FRUTA BONBA,1.0,0.007,4.99
11657,2026-08-03,2026-08-09,5:00:00 PM,BATIDO MAMEY,6.0,0.048,32.94
11658,2026-08-03,2026-08-09,5:00:00 PM,BATIDO TRIGO,1.0,0.007,4.99
11659,2026-08-03,2026-08-09,5:00:00 PM,BISTEC DE POLLO-,5.0,0.1,68.85
11660,2026-08-03,2026-08-09,5:00:00 PM,BISTEC DE POLLO.,8.0,0.159,109.92
11661,2026-08-03,2026-08-09,5:00:00 PM,-BISTEC DE POLLO.,1.0,0.02,13.69
11662,2026-08-03,2026-08-09,5:00:00 PM,BISTEC DE POLLO...,3.0,0.059,41.07
11663,2026-08-03,2026-08-09,5:00:00 PM,-BISTEC DE PUERCO,8.0,0.187,129.22
11664,2026-08-03,2026-08-09,5:00:00 PM,BISTEC EN CAZUELA,3.0,0.064,43.87
11665,2026-08-03,2026-08-09,5:00:00 PM,-BISTEC PALOMILLA,15.0,0.397,274.25
11666,2026-08-03,2026-08-09,5:00:00 PM,BISTEC POLLO PLANCHA,6.0,0.119,81.94
11667,2026-08-03,2026-08-09,5:00:00 PM,-BISTECDE POLLO,5.0,0.099,68.05
11668,2026-08-03,2026-08-09,5:00:00 PM,BOLA ENSALADA POLLO,3.0,0.014,9.75
11669,2026-08-03,2026-08-09,5:00:00 PM,BOLICHE ..,3.0,0.066,45.57
11670,2026-08-03,2026-08-09,5:00:00 PM,-BOLICHE ASADO,1.0,0.024,16.49
11671,2026-08-03,2026-08-09,5:00:00 PM,BOLITA DE TUNA.,1.0,0.005,3.25
11672,2026-08-03,2026-08-09,5:00:00 PM,BONIATO FRITO..,1.0,0.007,4.99
11673,2026-08-03,2026-08-09,5:00:00 PM,BOÑUELOS.,2.0,0.016,10.98
11674,2026-08-03,2026-08-09,5:00:00 PM,CAF.LEC.EVAP.CHICO,1.0,0.004,3.0
11675,2026-08-03,2026-08-09,5:00:00 PM,CAF.LEC.EVAP.MEDIA,3.0,0.02,13.5
11676,2026-08-03,2026-08-09,5:00:00 PM,CAFE CON LECHE GRANDE,1.0,0.007,4.5
11677,2026-08-03,2026-08-09,5:00:00 PM,CAFE CON LECHE PEQUENO,4.0,0.014,10.0
11678,2026-08-03,2026-08-09,5:00:00 PM,CAFE CUBANO.,19.0,0.041,28.5
11679,2026-08-03,2026-08-09,5:00:00 PM,CALABAZA HERVIDA..,1.0,0.007,4.99
11680,2026-08-03,2026-08-09,5:00:00 PM,CALDO GALLEGO.CHIQUITO,3.0,0.02,13.47
11681,2026-08-03,2026-08-09,5:00:00 PM,CALDO GALLEGO.MEDIANO.,2.0,0.024,16.38
11682,2026-08-03,2026-08-09,5:00:00 PM,CAMARONES AL AJILLO.,1.0,0.031,21.19
11683,2026-08-03,2026-08-09,5:00:00 PM,CAMARONES EMPANIZAD,1.0,0.029,19.99
11684,2026-08-03,2026-08-09,5:00:00 PM,CAMARONES ENCHILADO.,1.0,0.029,19.99
11685,2026-08-03,2026-08-09,5:00:00 PM,CANT 4 RECOGER,1.0,0.069,48.0
11686,2026-08-03,2026-08-09,5:00:00 PM,CANT 5 RECOGER,3.0,0.261,180.0
11687,2026-08-03,2026-08-09,5:00:00 PM,CARNE CON PAPAS.,4.0,0.082,56.76
11688,2026-08-03,2026-08-09,5:00:00 PM,CASCOS GUAVA QUESO,2.0,0.017,11.98
11689,2026-08-03,2026-08-09,5:00:00 PM,chevere.,2.0,0.004,2.5
11690,2026-08-03,2026-08-09,5:00:00 PM,CHICHAR POLLO SIN HUES,6.0,0.119,82.14
11691,2026-08-03,2026-08-09,5:00:00 PM,CHICHARO GRANDE.,3.0,0.04,27.57
11692,2026-08-03,2026-08-09,5:00:00 PM,CHICHARO MEDIANO.,1.0,0.01,6.99
11693,2026-08-03,2026-08-09,5:00:00 PM,CHICHARRON DE POLLO.,1.0,0.017,11.99
11694,2026-08-03,2026-08-09,5:00:00 PM,chichek wings,2.0,0.022,15.0
11695,2026-08-03,2026-08-09,5:00:00 PM,CHILINDRON D CHIVO,2.0,0.065,44.98
11696,2026-08-03,2026-08-09,5:00:00 PM,CHULETAS DE PUERCO,3.0,0.064,44.47
11697,2026-08-03,2026-08-09,5:00:00 PM,"CHURRASCO ,,,",7.0,0.266,183.93
11698,2026-08-03,2026-08-09,5:00:00 PM,CLUB SANDWICH.,2.0,0.035,24.18
11699,2026-08-03,2026-08-09,5:00:00 PM,COKE CERO.,1.0,0.004,2.5
11700,2026-08-03,2026-08-09,5:00:00 PM,COKE.,3.0,0.011,7.5
11701,2026-08-03,2026-08-09,5:00:00 PM,COLADA.,8.0,0.032,22.0
11702,2026-08-03,2026-08-09,5:00:00 PM,CONGRI.,1.0,0.006,3.99
11703,2026-08-03,2026-08-09,5:00:00 PM,COPA DE SANGRIA.,1.0,0.013,8.99
11704,2026-08-03,2026-08-09,5:00:00 PM,COPA VINO,3.0,0.039,26.97
11705,2026-08-03,2026-08-09,5:00:00 PM,-CORONA.,6.0,0.048,32.94
11706,2026-08-03,2026-08-09,5:00:00 PM,Cortadito Evaporada,10.0,0.036,25.0
11707,2026-08-03,2026-08-09,5:00:00 PM,"Cortadito,.",6.0,0.018,12.72
11708,2026-08-03,2026-08-09,5:00:00 PM,CREMA BROCOLY,2.0,0.027,18.5
11709,2026-08-03,2026-08-09,5:00:00 PM,CREMA CALABAZA GRANDE,2.0,0.029,19.98
11710,2026-08-03,2026-08-09,5:00:00 PM,CREMA CALABAZA MEDIAN,6.0,0.061,41.94
11711,2026-08-03,2026-08-09,5:00:00 PM,CREMA CALABAZACHIQUIT,1.0,0.007,4.5
11712,2026-08-03,2026-08-09,5:00:00 PM,CREMA MALANGA MEDIANA.,6.0,0.061,41.94
11713,2026-08-03,2026-08-09,5:00:00 PM,CREMA VEGETAL GRANDE.,2.0,0.03,20.98
11714,2026-08-03,2026-08-09,5:00:00 PM,CREMA VEGETALE.MEDIAN,1.0,0.01,6.99
11715,2026-08-03,2026-08-09,5:00:00 PM,CREMA. MALANGA CHIQUIT,2.0,0.013,9.0
11716,2026-08-03,2026-08-09,5:00:00 PM,CREMA. MALANGA GRANDE.,8.0,0.122,83.92
11717,2026-08-03,2026-08-09,5:00:00 PM,CREMA. VEGETALCHIQUITA,2.0,0.013,9.0
11718,2026-08-03,2026-08-09,5:00:00 PM,croqueta bacalao.,8.0,0.023,15.92
11719,2026-08-03,2026-08-09,5:00:00 PM,croqueta jamon.,38.0,0.096,66.5
11720,2026-08-03,2026-08-09,5:00:00 PM,CROQUETA PREPARADA.,1.0,0.017,11.99
11721,2026-08-03,2026-08-09,5:00:00 PM,CUBANO ESPECIAL..,2.0,0.035,24.38
11722,2026-08-03,2026-08-09,5:00:00 PM,DEDITOS .PESCADO.,3.0,0.065,45.17
11723,2026-08-03,2026-08-09,5:00:00 PM,DEDITOS DE PESCADO,3.0,0.075,51.87
11724,2026-08-03,2026-08-09,5:00:00 PM,-DEDITOS DE POLLO,3.0,0.057,39.57
11725,2026-08-03,2026-08-09,5:00:00 PM,Deditos De Queso.,3.0,0.009,5.97
11726,2026-08-03,2026-08-09,5:00:00 PM,deditos Queso/Guayaba,1.0,0.003,1.99
11727,2026-08-03,2026-08-09,5:00:00 PM,DESALLUNOS..,1.0,0.017,11.99
11728,2026-08-03,2026-08-09,5:00:00 PM,DIET COKE.,3.0,0.01,6.75
11729,2026-08-03,2026-08-09,5:00:00 PM,DIET MATERVA.,1.0,0.004,2.5
11730,2026-08-03,2026-08-09,5:00:00 PM,ELENA RUZ.,3.0,0.044,30.57
11731,2026-08-03,2026-08-09,5:00:00 PM,Empanada carne,2.0,0.009,5.98
11732,2026-08-03,2026-08-09,5:00:00 PM,Empanada Jamon/Queso,4.0,0.017,11.96
11733,2026-08-03,2026-08-09,5:00:00 PM,Empanada Pollo,2.0,0.009,5.98
11734,2026-08-03,2026-08-09,5:00:00 PM,ENPANADA COLONBIANA..,1.0,0.004,2.49
11735,2026-08-03,2026-08-09,5:00:00 PM,ENPANISADO. RES,3.0,0.073,50.37
11736,2026-08-03,2026-08-09,5:00:00 PM,ENSALA AGUACAT PEQUE,9.0,0.059,40.5
11737,2026-08-03,2026-08-09,5:00:00 PM,ENSALA POLLO 2 CROQUET,3.0,0.054,37.47
11738,2026-08-03,2026-08-09,5:00:00 PM,ENSALADA AGUACAT GRAND,7.0,0.056,38.5
11739,2026-08-03,2026-08-09,5:00:00 PM,ENSALDA DE TUNA,2.0,0.035,23.98
11740,2026-08-03,2026-08-09,5:00:00 PM,FABADA CHIQUITA.,1.0,0.006,3.99
11741,2026-08-03,2026-08-09,5:00:00 PM,FABADA MEDIANA.,3.0,0.031,21.17
11742,2026-08-03,2026-08-09,5:00:00 PM,FILETE ALA VILVAINA,1.0,0.032,21.99
11743,2026-08-03,2026-08-09,5:00:00 PM,FILETE PARGO PLANCHA,2.0,0.061,42.18
11744,2026-08-03,2026-08-09,5:00:00 PM,FILETILL POLLO SALSA,1.0,0.022,15.19
11745,2026-08-03,2026-08-09,5:00:00 PM,FILETILLO POLLO PLANCH,3.0,0.066,45.57
11746,2026-08-03,2026-08-09,5:00:00 PM,FILETILLO RES SALSA.,1.0,0.022,15.19
11747,2026-08-03,2026-08-09,5:00:00 PM,FLAN ESPECIAL.,11.0,0.095,65.89
11748,2026-08-03,2026-08-09,5:00:00 PM,-FLAN.,3.0,0.022,14.97
11749,2026-08-03,2026-08-09,5:00:00 PM,-FRICASE DE POLLO,1.0,0.016,11.19
11750,2026-08-03,2026-08-09,5:00:00 PM,FRICASE PUERCO.,1.0,0.019,13.25
11751,2026-08-03,2026-08-09,5:00:00 PM,FRIJOL GRANDE,4.0,0.046,31.96
11752,2026-08-03,2026-08-09,5:00:00 PM,FRIJOL MEDIANO.,4.0,0.029,19.96
11753,2026-08-03,2026-08-09,5:00:00 PM,FRIJOL PEQUENO.,1.0,0.004,2.99
11754,2026-08-03,2026-08-09,5:00:00 PM,FRITA CUBANA,1.0,0.014,9.99
11755,2026-08-03,2026-08-09,5:00:00 PM,FRITURA VACALAO.,1.0,0.009,6.5
11756,2026-08-03,2026-08-09,5:00:00 PM,FRITURAS DE MALANGA,2.0,0.019,13.0
11757,2026-08-03,2026-08-09,5:00:00 PM,GARBANZO GRANDE.,5.0,0.076,52.45
11758,2026-08-03,2026-08-09,5:00:00 PM,GARBANZO.CHIQUITO.,1.0,0.006,3.99
11759,2026-08-03,2026-08-09,5:00:00 PM,GARBANZO.FRITO.,3.0,0.065,44.57
11760,2026-08-03,2026-08-09,5:00:00 PM,GARBANZO.MEDIANO.,2.0,0.02,13.98
11761,2026-08-03,2026-08-09,5:00:00 PM,GUISO.MAIZ MEDIANO.,2.0,0.02,13.98
11762,2026-08-03,2026-08-09,5:00:00 PM,HAMBURQUESA.CON QUESO,1.0,0.016,11.19
11763,2026-08-03,2026-08-09,5:00:00 PM,Heineken,4.0,0.032,21.96
11764,2026-08-03,2026-08-09,5:00:00 PM,HELADO CONO..,1.0,0.005,3.5
11765,2026-08-03,2026-08-09,5:00:00 PM,HORDE DEPAN,4.0,0.009,6.0
11766,2026-08-03,2026-08-09,5:00:00 PM,HORDEN DE CHICHARON.,2.0,0.009,6.5
11767,2026-08-03,2026-08-09,5:00:00 PM,HORDEN DE LIMON,1.0,0.003,1.99
11768,2026-08-03,2026-08-09,5:00:00 PM,HUEVO FRITO,2.0,0.004,2.5
11769,2026-08-03,2026-08-09,5:00:00 PM,IMPERIAL .,2.0,0.035,24.38
11770,2026-08-03,2026-08-09,5:00:00 PM,IRON BEER.,1.0,0.004,2.5
11771,2026-08-03,2026-08-09,5:00:00 PM,JUGO MARACULLA,2.0,0.013,9.0
11772,2026-08-03,2026-08-09,5:00:00 PM,JUGO ZANAHORIA NARAJA,2.0,0.014,9.98
11773,2026-08-03,2026-08-09,5:00:00 PM,JUGO.NARANJA.,9.0,0.068,47.25
11774,2026-08-03,2026-08-09,5:00:00 PM,Juntas,2.0,0.0,0.0
11775,2026-08-03,2026-08-09,5:00:00 PM,-LECHON ASADO,8.0,0.164,113.12
11776,2026-08-03,2026-08-09,5:00:00 PM,LENTEJAS GRANDE.,4.0,0.055,37.96
11777,2026-08-03,2026-08-09,5:00:00 PM,LENTEJAS MEDIANA.,6.0,0.061,41.94
11778,2026-08-03,2026-08-09,5:00:00 PM,LIMANADA COCO.,1.0,0.009,5.99
11779,2026-08-03,2026-08-09,5:00:00 PM,LIMONADA,5.0,0.033,22.5
11780,2026-08-03,2026-08-09,5:00:00 PM,MADIO.POLLO A la brasa,5.0,0.102,70.75
11781,2026-08-03,2026-08-09,5:00:00 PM,-MADUROS.,6.0,0.039,26.94
11782,2026-08-03,2026-08-09,5:00:00 PM,MALBORO REG,1.0,0.017,12.0
11783,2026-08-03,2026-08-09,5:00:00 PM,-MALTA,1.0,0.005,3.25
11784,2026-08-03,2026-08-09,5:00:00 PM,MARIQUITAS DE MALANGA,1.0,0.009,5.99
11785,2026-08-03,2026-08-09,5:00:00 PM,-MARIQUITAS.,1.0,0.009,5.99
11786,2026-08-03,2026-08-09,5:00:00 PM,-MASAS DE PUERCO,6.0,0.125,86.34
11787,2026-08-03,2026-08-09,5:00:00 PM,MASAS DE PUERCO.,2.0,0.045,30.88
11788,2026-08-03,2026-08-09,5:00:00 PM,-MASAS DE PUERCO.,1.0,0.021,14.19
11789,2026-08-03,2026-08-09,5:00:00 PM,MATERVA.,4.0,0.014,10.0
11790,2026-08-03,2026-08-09,5:00:00 PM,MEDIA NOCHE.,5.0,0.073,50.75
11791,2026-08-03,2026-08-09,5:00:00 PM,-MEDIO POLLO A BRASA.,2.0,0.041,28.38
11792,2026-08-03,2026-08-09,5:00:00 PM,-MEDIO POLLO FRITO,1.0,0.021,14.69
11793,2026-08-03,2026-08-09,5:00:00 PM,MEDIO POLLO.ASADO.,1.0,0.019,13.19
11794,2026-08-03,2026-08-09,5:00:00 PM,MELON..SANDIA,4.0,0.026,18.0
11795,2026-08-03,2026-08-09,5:00:00 PM,MIAMI SANDWICH.,1.0,0.018,12.19
11796,2026-08-03,2026-08-09,5:00:00 PM,-MILANESA DE POLLO,1.0,0.023,16.19
11797,2026-08-03,2026-08-09,5:00:00 PM,MILANESA RES.,2.0,0.058,40.18
11798,2026-08-03,2026-08-09,5:00:00 PM,Mini sandwich,1.0,0.009,5.99
11799,2026-08-03,2026-08-09,5:00:00 PM,MISC COCINA,1.0,0.015,10.5
11800,2026-08-03,2026-08-09,5:00:00 PM,MOROS...,1.0,0.006,3.99
11801,2026-08-03,2026-08-09,5:00:00 PM,-PAN CON BISTEC.,3.0,0.048,33.37
11802,2026-08-03,2026-08-09,5:00:00 PM,PAPA RELLENA,1.0,0.004,2.99
11803,2026-08-03,2026-08-09,5:00:00 PM,-PARGO FRITO,1.0,0.035,23.99
11804,2026-08-03,2026-08-09,5:00:00 PM,Pasteles Guayaba,1.0,0.002,1.5
11805,2026-08-03,2026-08-09,5:00:00 PM,PICADILLO,5.0,0.099,68.25
11806,2026-08-03,2026-08-09,5:00:00 PM,-PICADILLO,2.0,0.043,29.38
11807,2026-08-03,2026-08-09,5:00:00 PM,POLLO EMPANIZADO,4.0,0.085,58.76
11808,2026-08-03,2026-08-09,5:00:00 PM,POTAJE COLORADOS MEDIA,1.0,0.01,7.19
11809,2026-08-03,2026-08-09,5:00:00 PM,PRESIDENTE..,1.0,0.008,5.49
11810,2026-08-03,2026-08-09,5:00:00 PM,PUDIN DE PAN.,2.0,0.016,10.98
11811,2026-08-03,2026-08-09,5:00:00 PM,PUDIN DIPLOMATICO.,2.0,0.016,10.98
11812,2026-08-03,2026-08-09,5:00:00 PM,RABO ENCENDIDO.,2.0,0.073,50.38
11813,2026-08-03,2026-08-09,5:00:00 PM,RABO ENCENDIDO...,3.0,0.104,72.17
11814,2026-08-03,2026-08-09,5:00:00 PM,RIÑONADA.,2.0,0.063,43.18
11815,2026-08-03,2026-08-09,5:00:00 PM,ROPA VIEJA..,1.0,0.022,15.19
11816,2026-08-03,2026-08-09,5:00:00 PM,ROPA VIEJA...,2.0,0.05,34.68
11817,2026-08-03,2026-08-09,5:00:00 PM,RUEDA DE SERRUCHO.,1.0,0.022,15.19
11818,2026-08-03,2026-08-09,5:00:00 PM,salsa cilandro,1.0,0.002,1.25
11819,2026-08-03,2026-08-09,5:00:00 PM,SAND JAMON QUESO,1.0,0.013,9.19
11820,2026-08-03,2026-08-09,5:00:00 PM,SANDWECHES POLLO..,1.0,0.017,11.69
11821,2026-08-03,2026-08-09,5:00:00 PM,SANDWICH ENSAL POLLO,1.0,0.015,10.19
11822,2026-08-03,2026-08-09,5:00:00 PM,SODA COLONBIANA.,1.0,0.004,2.99
11823,2026-08-03,2026-08-09,5:00:00 PM,Sopa de Pollo Grande,8.0,0.098,67.92
11824,2026-08-03,2026-08-09,5:00:00 PM,SOPA DE RES GRANDE,9.0,0.158,109.31
11825,2026-08-03,2026-08-09,5:00:00 PM,SOPA DE RES MEDIANA,1.0,0.012,8.19
11826,2026-08-03,2026-08-09,5:00:00 PM,SOPA PESCADO GRANDE.,5.0,0.08,54.95
11827,2026-08-03,2026-08-09,5:00:00 PM,SOPA PESCADO MEDIANA.,1.0,0.01,6.99
11828,2026-08-03,2026-08-09,5:00:00 PM,SOPA PLATANO GRANDE.,4.0,0.061,41.96
11829,2026-08-03,2026-08-09,5:00:00 PM,SOPA PLATANO MEDIANA.,1.0,0.01,6.99
11830,2026-08-03,2026-08-09,5:00:00 PM,Sopa Pollo Medina,10.0,0.079,54.9
11831,2026-08-03,2026-08-09,5:00:00 PM,SOPA. POLLO CHIQUITA,4.0,0.02,14.0
11832,2026-08-03,2026-08-09,5:00:00 PM,Spageti pollo,1.0,0.022,15.19
11833,2026-08-03,2026-08-09,5:00:00 PM,SPAGHETTI POLLO ALFRED,3.0,0.066,45.57
11834,2026-08-03,2026-08-09,5:00:00 PM,SPAGUETTI/W CARNE,1.0,0.023,15.99
11835,2026-08-03,2026-08-09,5:00:00 PM,stella ARTOIS,2.0,0.016,10.98
11836,2026-08-03,2026-08-09,5:00:00 PM,T0 GO MESA,27.0,0.014,9.45
11837,2026-08-03,2026-08-09,5:00:00 PM,TAMA. CAZUELA CHIQUITO,1.0,0.007,4.5
11838,2026-08-03,2026-08-09,5:00:00 PM,TAMAL.CAZUELA GRANDE.,3.0,0.049,33.57
11839,2026-08-03,2026-08-09,5:00:00 PM,To Go.,18.0,0.005,3.6
11840,2026-08-03,2026-08-09,5:00:00 PM,To Go..,67.0,0.019,13.4
11841,2026-08-03,2026-08-09,5:00:00 PM,TORRE.1/2,1.0,0.023,16.0
11842,2026-08-03,2026-08-09,5:00:00 PM,TORTILLA.,2.0,0.034,23.68
11843,2026-08-03,2026-08-09,5:00:00 PM,TOSTADA,2.0,0.006,3.98
11844,2026-08-03,2026-08-09,5:00:00 PM,TOSTONES.,4.0,0.029,19.96
11845,2026-08-03,2026-08-09,5:00:00 PM,TRES LECHES.,2.0,0.017,11.98
11846,2026-08-03,2026-08-09,5:00:00 PM,tronchos pescado,1.0,0.023,15.99
11847,2026-08-03,2026-08-09,5:00:00 PM,-VACA FRITA,12.0,0.298,205.48
11848,2026-08-03,2026-08-09,5:00:00 PM,-VACA FRITA.,10.0,0.241,166.6
11849,2026-08-03,2026-08-09,5:00:00 PM,vegetal.hervido,7.0,0.051,34.93
11850,2026-08-03,2026-08-09,5:00:00 PM,YUCA FRITA.,1.0,0.008,5.49
11851,2026-08-03,2026-08-09,6:00:00 PM,.ARROZ FRITO,3.0,0.059,40.87
11852,2026-08-03,2026-08-09,6:00:00 PM,.BISTEC DE POLLO,2.0,0.04,27.38
11853,2026-08-03,2026-08-09,6:00:00 PM,_=====================,32.0,0.0,0.0
11854,2026-08-03,2026-08-09,6:00:00 PM,== TO GO ==,38.0,0.011,7.6
11855,2026-08-03,2026-08-09,6:00:00 PM,======================,25.0,0.0,0.0
11856,2026-08-03,2026-08-09,6:00:00 PM,1 BOLA HELADO..,5.0,0.022,14.95
11857,2026-08-03,2026-08-09,6:00:00 PM,2 PIEZAS DE CORDERO.,2.0,0.072,49.98
11858,2026-08-03,2026-08-09,6:00:00 PM,AGUACATE $5.00,2.0,0.014,10.0
11859,2026-08-03,2026-08-09,6:00:00 PM,AJIACO MEDIANO,1.0,0.01,7.19
11860,2026-08-03,2026-08-09,6:00:00 PM,AJIACO..GRANDE,6.0,0.093,64.14
11861,2026-08-03,2026-08-09,6:00:00 PM,ALBONDIGAS.RES.,1.0,0.021,14.19
11862,2026-08-03,2026-08-09,6:00:00 PM,ARROZ CON LECHE,3.0,0.024,16.47
11863,2026-08-03,2026-08-09,6:00:00 PM,ARROZ BLANCO..,8.0,0.038,26.0
11864,2026-08-03,2026-08-09,6:00:00 PM,ARROZ CHIQUITO,6.0,0.022,15.5
11865,2026-08-03,2026-08-09,6:00:00 PM,ARROZ CON CAMARONES.,1.0,0.032,22.19
11866,2026-08-03,2026-08-09,6:00:00 PM,ARROZ CON POLLO,1.0,0.018,12.69
11867,2026-08-03,2026-08-09,6:00:00 PM,-ARROZ FRITO,1.0,0.02,13.69
11868,2026-08-03,2026-08-09,6:00:00 PM,Arroz pollo.desmenuza.,3.0,0.055,37.87
11869,2026-08-03,2026-08-09,6:00:00 PM,BABY CHURASCO,15.0,0.44,303.55
11870,2026-08-03,2026-08-09,6:00:00 PM,BABY CHURRASCO,3.0,0.079,54.37
11871,2026-08-03,2026-08-09,6:00:00 PM,BACALAO VISCAINA,2.0,0.058,40.38
11872,2026-08-03,2026-08-09,6:00:00 PM,Bananas.3 $ 1.50,1.0,0.002,1.5
11873,2026-08-03,2026-08-09,6:00:00 PM,BATIDO FRUTA BONBA,1.0,0.007,4.99
11874,2026-08-03,2026-08-09,6:00:00 PM,BATIDO MAMEY,5.0,0.04,27.45
11875,2026-08-03,2026-08-09,6:00:00 PM,BATIDO MANGO,3.0,0.022,14.97
11876,2026-08-03,2026-08-09,6:00:00 PM,BISTEC DE POLLO-,7.0,0.139,96.03
11877,2026-08-03,2026-08-09,6:00:00 PM,BISTEC DE POLLO.,4.0,0.079,54.56
11878,2026-08-03,2026-08-09,6:00:00 PM,-BISTEC DE POLLO.,5.0,0.102,70.25
11879,2026-08-03,2026-08-09,6:00:00 PM,BISTEC DE POLLO..,6.0,0.119,81.94
11880,2026-08-03,2026-08-09,6:00:00 PM,BISTEC DE POLLO...,7.0,0.138,95.43
11881,2026-08-03,2026-08-09,6:00:00 PM,-BISTEC DE PUERCO,2.0,0.045,31.38
11882,2026-08-03,2026-08-09,6:00:00 PM,BISTEC EN CAZUELA,3.0,0.064,43.87
11883,2026-08-03,2026-08-09,6:00:00 PM,-BISTEC PALOMILLA,7.0,0.184,126.93
11884,2026-08-03,2026-08-09,6:00:00 PM,BISTEC POLLO PLANCHA,10.0,0.2,137.9
11885,2026-08-03,2026-08-09,6:00:00 PM,-BISTECDE POLLO,6.0,0.12,83.04
11886,2026-08-03,2026-08-09,6:00:00 PM,BOLICHE ..,1.0,0.022,15.19
11887,2026-08-03,2026-08-09,6:00:00 PM,-BOLICHE ASADO,1.0,0.024,16.69
11888,2026-08-03,2026-08-09,6:00:00 PM,BONIATILLO.,1.0,0.002,1.5
11889,2026-08-03,2026-08-09,6:00:00 PM,BONIATO FRITO..,1.0,0.007,4.99
11890,2026-08-03,2026-08-09,6:00:00 PM,BOÑUELOS.,2.0,0.016,10.98
11891,2026-08-03,2026-08-09,6:00:00 PM,Bud Light,1.0,0.007,4.99
11892,2026-08-03,2026-08-09,6:00:00 PM,Budweiser,1.0,0.007,4.99
11893,2026-08-03,2026-08-09,6:00:00 PM,CAESAR /POLLO,1.0,0.019,12.99
11894,2026-08-03,2026-08-09,6:00:00 PM,CAFE CUBANO.,22.0,0.048,33.0
11895,2026-08-03,2026-08-09,6:00:00 PM,CALABAZA HERVIDA..,1.0,0.007,4.99
11896,2026-08-03,2026-08-09,6:00:00 PM,CALDO GALLEGO.MEDIANO.,1.0,0.012,8.19
11897,2026-08-03,2026-08-09,6:00:00 PM,CALDO.GALLEGO GRANDE.,1.0,0.017,11.69
11898,2026-08-03,2026-08-09,6:00:00 PM,caldosos,1.0,0.0,0.0
11899,2026-08-03,2026-08-09,6:00:00 PM,CAMARONE A LA PLANCHA.,1.0,0.032,22.19
11900,2026-08-03,2026-08-09,6:00:00 PM,CAMARONES ENCHILADO.,5.0,0.15,103.75
11901,2026-08-03,2026-08-09,6:00:00 PM,CANT 4 DELIVER,1.0,0.081,56.0
11902,2026-08-03,2026-08-09,6:00:00 PM,CANT 4 RECOGER,1.0,0.069,48.0
11903,2026-08-03,2026-08-09,6:00:00 PM,CANT 5 DELIVER,1.0,0.101,70.0
11904,2026-08-03,2026-08-09,6:00:00 PM,CARNE CON PAPAS.,4.0,0.082,56.36
11905,2026-08-03,2026-08-09,6:00:00 PM,CASCOS GUAVA QUESO,1.0,0.009,5.99
11906,2026-08-03,2026-08-09,6:00:00 PM,CHICHAR POLLO C HUESO.,1.0,0.022,15.49
11907,2026-08-03,2026-08-09,6:00:00 PM,CHICHAR POLLO SIN HUES,3.0,0.059,41.07
11908,2026-08-03,2026-08-09,6:00:00 PM,CHICHARO GRANDE.,2.0,0.027,18.38
11909,2026-08-03,2026-08-09,6:00:00 PM,CHICHARO MEDIANO.,3.0,0.03,20.97
11910,2026-08-03,2026-08-09,6:00:00 PM,CHULETAS DE PUERCO,1.0,0.021,14.69
11911,2026-08-03,2026-08-09,6:00:00 PM,CHULETAS DE PUERCO.,6.0,0.119,81.94
11912,2026-08-03,2026-08-09,6:00:00 PM,"CHURRASCO ,,,",1.0,0.038,25.99
11913,2026-08-03,2026-08-09,6:00:00 PM,churros.con dulce,1.0,0.009,6.25
11914,2026-08-03,2026-08-09,6:00:00 PM,churros.solo.4,1.0,0.007,4.99
11915,2026-08-03,2026-08-09,6:00:00 PM,COKE.,4.0,0.014,10.0
11916,2026-08-03,2026-08-09,6:00:00 PM,COLADA.,4.0,0.016,11.0
11917,2026-08-03,2026-08-09,6:00:00 PM,COLORADOS GRANDE.,2.0,0.028,19.18
11918,2026-08-03,2026-08-09,6:00:00 PM,CONGRI.,1.0,0.006,3.99
11919,2026-08-03,2026-08-09,6:00:00 PM,COPA VINO,8.0,0.104,71.92
11920,2026-08-03,2026-08-09,6:00:00 PM,Cortadito Evaporada,10.0,0.036,25.0
11921,2026-08-03,2026-08-09,6:00:00 PM,"Cortadito,.",8.0,0.024,16.7
11922,2026-08-03,2026-08-09,6:00:00 PM,CREMA BROCOLY,1.0,0.013,9.25
11923,2026-08-03,2026-08-09,6:00:00 PM,CREMA CALABAZA GRANDE,2.0,0.029,19.98
11924,2026-08-03,2026-08-09,6:00:00 PM,CREMA CALABAZA MEDIAN,4.0,0.04,27.96
11925,2026-08-03,2026-08-09,6:00:00 PM,CREMA MALANGA MEDIANA.,6.0,0.061,41.94
11926,2026-08-03,2026-08-09,6:00:00 PM,CREMA VEGETAL MEDIANA,1.0,0.01,6.99
11927,2026-08-03,2026-08-09,6:00:00 PM,CREMA. MALANGA GRANDE.,6.0,0.091,62.94
11928,2026-08-03,2026-08-09,6:00:00 PM,croqueta bacalao.,3.0,0.009,5.97
11929,2026-08-03,2026-08-09,6:00:00 PM,croqueta jamon.,19.0,0.048,33.25
11930,2026-08-03,2026-08-09,6:00:00 PM,CROQUETA PREPARADA.,2.0,0.035,24.18
11931,2026-08-03,2026-08-09,6:00:00 PM,CUBANO ESPECIAL..,2.0,0.035,24.38
11932,2026-08-03,2026-08-09,6:00:00 PM,DEDITOS .PESCADO.,6.0,0.126,87.04
11933,2026-08-03,2026-08-09,6:00:00 PM,DEDITOS DE PESCADO,3.0,0.07,48.37
11934,2026-08-03,2026-08-09,6:00:00 PM,-DEDITOS DE POLLO,1.0,0.019,13.19
11935,2026-08-03,2026-08-09,6:00:00 PM,deditos de pollo kids,1.0,0.012,8.19
11936,2026-08-03,2026-08-09,6:00:00 PM,DESALLUNOS..,2.0,0.035,23.98
11937,2026-08-03,2026-08-09,6:00:00 PM,DIET COKE.,1.0,0.003,2.25
11938,2026-08-03,2026-08-09,6:00:00 PM,DULCE DE LECHE,2.0,0.016,10.98
11939,2026-08-03,2026-08-09,6:00:00 PM,ELENA RUZ.,1.0,0.014,9.99
11940,2026-08-03,2026-08-09,6:00:00 PM,Empanada carne,2.0,0.009,5.98
11941,2026-08-03,2026-08-09,6:00:00 PM,Empanada Jamon/Queso,4.0,0.017,11.96
11942,2026-08-03,2026-08-09,6:00:00 PM,Empanada Pollo,1.0,0.004,2.99
11943,2026-08-03,2026-08-09,6:00:00 PM,ENPANISADO. RES,3.0,0.07,48.57
11944,2026-08-03,2026-08-09,6:00:00 PM,ENSALA AGUACAT PEQUE,12.0,0.078,54.0
11945,2026-08-03,2026-08-09,6:00:00 PM,ENSALA POLLO 2 CROQUET,3.0,0.054,37.47
11946,2026-08-03,2026-08-09,6:00:00 PM,ENSALADA AGUACAT GRAND,7.0,0.056,38.5
11947,2026-08-03,2026-08-09,6:00:00 PM,ENSALDA DE TUNA,2.0,0.035,23.98
11948,2026-08-03,2026-08-09,6:00:00 PM,Epaguetti con jamon.RO,1.0,0.019,13.19
11949,2026-08-03,2026-08-09,6:00:00 PM,FABADA MEDIANA.,2.0,0.021,14.38
11950,2026-08-03,2026-08-09,6:00:00 PM,FILETE PARGO PLANCHA,2.0,0.061,41.98
11951,2026-08-03,2026-08-09,6:00:00 PM,-FILETE PESCADO PLANCH,1.0,0.025,16.99
11952,2026-08-03,2026-08-09,6:00:00 PM,FILETILL POLLO SALSA,1.0,0.022,15.19
11953,2026-08-03,2026-08-09,6:00:00 PM,FILETILLO DE CARNE.,1.0,0.02,13.49
11954,2026-08-03,2026-08-09,6:00:00 PM,FILETILLO POLLO PLANCH,5.0,0.112,77.55
11955,2026-08-03,2026-08-09,6:00:00 PM,FLAN ESPECIAL.,8.0,0.069,47.92
11956,2026-08-03,2026-08-09,6:00:00 PM,-FLAN.,5.0,0.036,24.95
11957,2026-08-03,2026-08-09,6:00:00 PM,-FRICASE DE POLLO,2.0,0.032,21.98
11958,2026-08-03,2026-08-09,6:00:00 PM,FRICASE PUERCO.,5.0,0.097,66.85
11959,2026-08-03,2026-08-09,6:00:00 PM,FRIJOL GRANDE,1.0,0.012,7.99
11960,2026-08-03,2026-08-09,6:00:00 PM,FRIJOL MEDIANO.,2.0,0.014,9.98
11961,2026-08-03,2026-08-09,6:00:00 PM,FRIJOL PEQUENO.,1.0,0.004,2.99
11962,2026-08-03,2026-08-09,6:00:00 PM,FRITA CUBANA,1.0,0.014,9.99
11963,2026-08-03,2026-08-09,6:00:00 PM,FRITURA VACALAO.,2.0,0.019,13.0
11964,2026-08-03,2026-08-09,6:00:00 PM,GARBANZO GRANDE.,2.0,0.03,20.98
11965,2026-08-03,2026-08-09,6:00:00 PM,GARBANZO.CHIQUITO.,1.0,0.006,3.99
11966,2026-08-03,2026-08-09,6:00:00 PM,GARBANZO.FRITO.,1.0,0.021,14.19
11967,2026-08-03,2026-08-09,6:00:00 PM,GARBANZO.MEDIANO.,7.0,0.071,48.93
11968,2026-08-03,2026-08-09,6:00:00 PM,GREMA-MALANGA.GRANDE.,1.0,0.015,10.69
11969,2026-08-03,2026-08-09,6:00:00 PM,GUARAPO.,8.0,0.061,42.0
11970,2026-08-03,2026-08-09,6:00:00 PM,GUISO MAIZ CHIQUITO.,1.0,0.006,3.99
11971,2026-08-03,2026-08-09,6:00:00 PM,HAMBURQUESA.CON QUESO,3.0,0.05,34.32
11972,2026-08-03,2026-08-09,6:00:00 PM,Heineken,1.0,0.008,5.49
11973,2026-08-03,2026-08-09,6:00:00 PM,HELADO CONO..,1.0,0.005,3.5
11974,2026-08-03,2026-08-09,6:00:00 PM,HIGADO ITALIANA,1.0,0.022,14.99
11975,2026-08-03,2026-08-09,6:00:00 PM,HORDEN DE CHICHARON.,3.0,0.014,9.75
11976,2026-08-03,2026-08-09,6:00:00 PM,HORDEN DE 3 CHICHARONE,3.0,0.014,9.75
11977,2026-08-03,2026-08-09,6:00:00 PM,IMPERIAL.CHIQUITO.,1.0,0.109,75.0
11978,2026-08-03,2026-08-09,6:00:00 PM,JUGO MARACULLA,4.0,0.026,18.0
11979,2026-08-03,2026-08-09,6:00:00 PM,JUGO PINA,1.0,0.007,4.5
11980,2026-08-03,2026-08-09,6:00:00 PM,JUGO.NARANJA.,4.0,0.03,21.0
11981,2026-08-03,2026-08-09,6:00:00 PM,Juntas,8.0,0.0,0.0
11982,2026-08-03,2026-08-09,6:00:00 PM,JUPINA DIETA,1.0,0.004,2.5
11983,2026-08-03,2026-08-09,6:00:00 PM,JUPIÑA.,7.0,0.025,17.5
11984,2026-08-03,2026-08-09,6:00:00 PM,KERNS PERA,2.0,0.007,5.0
11985,2026-08-03,2026-08-09,6:00:00 PM,LECHUGA CEBOLLA PEPINO,1.0,0.007,4.99
11986,2026-08-03,2026-08-09,6:00:00 PM,LENTEJAS GRANDE.,1.0,0.014,9.49
11987,2026-08-03,2026-08-09,6:00:00 PM,LENTEJAS MEDIANA.,1.0,0.01,6.99
11988,2026-08-03,2026-08-09,6:00:00 PM,LIMONADA,7.0,0.046,31.5
11989,2026-08-03,2026-08-09,6:00:00 PM,MADIO.POLLO A la brasa,3.0,0.062,42.57
11990,2026-08-03,2026-08-09,6:00:00 PM,-MADUROS.,8.0,0.052,35.92
11991,2026-08-03,2026-08-09,6:00:00 PM,MARIQUITAS DE MALANGA,1.0,0.009,5.99
11992,2026-08-03,2026-08-09,6:00:00 PM,-MARIQUITAS.,3.0,0.026,17.97
11993,2026-08-03,2026-08-09,6:00:00 PM,-MASAS DE PUERCO,5.0,0.103,70.95
11994,2026-08-03,2026-08-09,6:00:00 PM,MASAS DE PUERCO.,6.0,0.126,87.14
11995,2026-08-03,2026-08-09,6:00:00 PM,-MASAS DE PUERCO.,8.0,0.172,118.52
11996,2026-08-03,2026-08-09,6:00:00 PM,MATERVA.,3.0,0.011,7.5
11997,2026-08-03,2026-08-09,6:00:00 PM,MED CREMA -MALANGA,1.0,0.01,7.19
11998,2026-08-03,2026-08-09,6:00:00 PM,MEDIA NOCHE.,1.0,0.015,10.19
11999,2026-08-03,2026-08-09,6:00:00 PM,-MEDIO POLLO A BRASA.,1.0,0.019,12.99
12000,2026-08-03,2026-08-09,6:00:00 PM,MEDIO POLLO.ASADO.,1.0,0.019,13.19
12001,2026-08-03,2026-08-09,6:00:00 PM,MELON..SANDIA,2.0,0.013,9.0
12002,2026-08-03,2026-08-09,6:00:00 PM,MERENQUITO,1.0,0.002,1.5
12003,2026-08-03,2026-08-09,6:00:00 PM,MIAMI SANDWICH.,3.0,0.053,36.57
12004,2026-08-03,2026-08-09,6:00:00 PM,-MILANESA DE POLLO,5.0,0.117,80.55
12005,2026-08-03,2026-08-09,6:00:00 PM,MILANESA RES.,2.0,0.06,41.38
12006,2026-08-03,2026-08-09,6:00:00 PM,Miller Light,1.0,0.007,4.99
12007,2026-08-03,2026-08-09,6:00:00 PM,Mini sandwich,1.0,0.009,6.19
12008,2026-08-03,2026-08-09,6:00:00 PM,MISC COCINA,1.0,0.009,6.0
12009,2026-08-03,2026-08-09,6:00:00 PM,MOFONG.chicharon POLLO,1.0,0.023,15.99
12010,2026-08-03,2026-08-09,6:00:00 PM,MOFONGO PUERCO.,3.0,0.074,50.97
12011,2026-08-03,2026-08-09,6:00:00 PM,Mofongo solo,2.0,0.023,15.98
12012,2026-08-03,2026-08-09,6:00:00 PM,MOROS...,5.0,0.029,19.95
12013,2026-08-03,2026-08-09,6:00:00 PM,NATILLA,1.0,0.007,4.99
12014,2026-08-03,2026-08-09,6:00:00 PM,NATILLA CATALANA,4.0,0.036,25.0
12015,2026-08-03,2026-08-09,6:00:00 PM,-PAN CON BISTEC.,11.0,0.178,122.69
12016,2026-08-03,2026-08-09,6:00:00 PM,PAPA RELLENA,4.0,0.017,11.96
12017,2026-08-03,2026-08-09,6:00:00 PM,PAPAS FRITAS,5.0,0.033,22.45
12018,2026-08-03,2026-08-09,6:00:00 PM,-PARGO FRITO ENTERO.,1.0,0.038,26.19
12019,2026-08-03,2026-08-09,6:00:00 PM,Pasteles Queso,1.0,0.002,1.5
12020,2026-08-03,2026-08-09,6:00:00 PM,PEPSI.,2.0,0.007,5.0
12021,2026-08-03,2026-08-09,6:00:00 PM,PICADILLO,2.0,0.039,27.18
12022,2026-08-03,2026-08-09,6:00:00 PM,-PICADILLO,4.0,0.085,58.76
12023,2026-08-03,2026-08-09,6:00:00 PM,PIZZA DE QUESO,1.0,0.016,10.99
12024,2026-08-03,2026-08-09,6:00:00 PM,PLATANO HERVIDO,1.0,0.007,4.99
12025,2026-08-03,2026-08-09,6:00:00 PM,POLLO EMPANIZADO,3.0,0.064,44.07
12026,2026-08-03,2026-08-09,6:00:00 PM,POTAJE COLORADOS MEDIA,2.0,0.021,14.18
12027,2026-08-03,2026-08-09,6:00:00 PM,PUDIN DE PAN.,4.0,0.032,21.96
12028,2026-08-03,2026-08-09,6:00:00 PM,PUDIN DIPLOMATICO.,1.0,0.008,5.49
12029,2026-08-03,2026-08-09,6:00:00 PM,RABO ENCENDIDO.,3.0,0.111,76.57
12030,2026-08-03,2026-08-09,6:00:00 PM,RABO ENCENDIDO...,6.0,0.21,144.94
12031,2026-08-03,2026-08-09,6:00:00 PM,RIÑONADA.,1.0,0.031,21.19
12032,2026-08-03,2026-08-09,6:00:00 PM,ROPA VIEJA..,7.0,0.153,105.33
12033,2026-08-03,2026-08-09,6:00:00 PM,ROPA VIEJA...,2.0,0.048,33.18
12034,2026-08-03,2026-08-09,6:00:00 PM,RUEDA SERRUCO FRITA.,1.0,0.023,15.99
12035,2026-08-03,2026-08-09,6:00:00 PM,SANDWECHES POLLO..,3.0,0.05,34.67
12036,2026-08-03,2026-08-09,6:00:00 PM,SANDWICHE QUESO REGULA,1.0,0.013,8.99
12037,2026-08-03,2026-08-09,6:00:00 PM,Sopa de Pollo Grande,15.0,0.184,127.35
12038,2026-08-03,2026-08-09,6:00:00 PM,SOPA DE RES GRANDE,5.0,0.088,60.95
12039,2026-08-03,2026-08-09,6:00:00 PM,SOPA DE RES MEDIANA,3.0,0.035,24.17
12040,2026-08-03,2026-08-09,6:00:00 PM,SOPA PESCADO GRANDE.,1.0,0.016,10.99
12041,2026-08-03,2026-08-09,6:00:00 PM,SOPA PESCADO MEDIANA.,2.0,0.02,13.98
12042,2026-08-03,2026-08-09,6:00:00 PM,SOPA PLATANO CHIQUITA.,3.0,0.017,11.97
12043,2026-08-03,2026-08-09,6:00:00 PM,SOPA PLATANO GRANDE.,2.0,0.03,20.98
12044,2026-08-03,2026-08-09,6:00:00 PM,SOPA POLLO GRANDE.,1.0,0.013,8.69
12045,2026-08-03,2026-08-09,6:00:00 PM,Sopa Pollo Medina,11.0,0.087,60.39
12046,2026-08-03,2026-08-09,6:00:00 PM,SPAGHETTI POLLO ALFRED,5.0,0.11,75.75
12047,2026-08-03,2026-08-09,6:00:00 PM,SPRIET.,2.0,0.007,5.0
12048,2026-08-03,2026-08-09,6:00:00 PM,stella ARTOIS,1.0,0.008,5.49
12049,2026-08-03,2026-08-09,6:00:00 PM,T0 GO MESA,26.0,0.013,9.1
12050,2026-08-03,2026-08-09,6:00:00 PM,TAMAL,10.0,0.043,29.9
12051,2026-08-03,2026-08-09,6:00:00 PM,TAMAL.CAZUELA GRANDE.,4.0,0.065,44.76
12052,2026-08-03,2026-08-09,6:00:00 PM,To Go.,14.0,0.004,2.8
12053,2026-08-03,2026-08-09,6:00:00 PM,To Go..,74.0,0.023,15.55
12054,2026-08-03,2026-08-09,6:00:00 PM,TOREJA CUBANA,3.0,0.026,17.97
12055,2026-08-03,2026-08-09,6:00:00 PM,TORTILLA.,1.0,0.016,11.19
12056,2026-08-03,2026-08-09,6:00:00 PM,TOSTADA,2.0,0.006,3.98
12057,2026-08-03,2026-08-09,6:00:00 PM,TOSTONES.,4.0,0.029,19.96
12058,2026-08-03,2026-08-09,6:00:00 PM,TRES LECHES.,8.0,0.069,47.92
12059,2026-08-03,2026-08-09,6:00:00 PM,-VACA FRITA,15.0,0.382,263.85
12060,2026-08-03,2026-08-09,6:00:00 PM,VALLE HERMOSO BLAN,1.0,0.042,29.0
12061,2026-08-03,2026-08-09,6:00:00 PM,YUCA FRITA.,1.0,0.008,5.49
12062,2026-08-03,2026-08-09,7:00:00 PM,.ARROZ FRITO,1.0,0.02,13.69
12063,2026-08-03,2026-08-09,7:00:00 PM,.BISTEC DE POLLO,5.0,0.099,68.45
12064,2026-08-03,2026-08-09,7:00:00 PM,_=====================,30.0,0.0,0.0
12065,2026-08-03,2026-08-09,7:00:00 PM,== TO GO ==,44.0,0.013,8.8
12066,2026-08-03,2026-08-09,7:00:00 PM,======================,19.0,0.0,0.0
12067,2026-08-03,2026-08-09,7:00:00 PM,1 BOLA HELADO..,3.0,0.013,8.97
12068,2026-08-03,2026-08-09,7:00:00 PM,1.LIBRA ENSALA POLLO.,1.0,0.013,8.99
12069,2026-08-03,2026-08-09,7:00:00 PM,AGUACATE $5.00,2.0,0.014,10.0
12070,2026-08-03,2026-08-09,7:00:00 PM,AGUACATE DE 3.00,2.0,0.009,6.0
12071,2026-08-03,2026-08-09,7:00:00 PM,AGUACATE$4.00,1.0,0.006,4.0
12072,2026-08-03,2026-08-09,7:00:00 PM,AJIACO MEDIANO,4.0,0.04,27.96
12073,2026-08-03,2026-08-09,7:00:00 PM,AJIACO..GRANDE,5.0,0.077,53.45
12074,2026-08-03,2026-08-09,7:00:00 PM,ARROZ CON LECHE,6.0,0.048,32.94
12075,2026-08-03,2026-08-09,7:00:00 PM,ARROZ BLANCO..,1.0,0.005,3.25
12076,2026-08-03,2026-08-09,7:00:00 PM,ARROZ CHIQUITO,3.0,0.01,6.75
12077,2026-08-03,2026-08-09,7:00:00 PM,ARROZ CON POLLO,1.0,0.018,12.69
12078,2026-08-03,2026-08-09,7:00:00 PM,ARROZ CON POLLO.,2.0,0.04,27.38
12079,2026-08-03,2026-08-09,7:00:00 PM,Arroz con puerco,1.0,0.019,13.19
12080,2026-08-03,2026-08-09,7:00:00 PM,ARROZ FRITO,1.0,0.021,14.69
12081,2026-08-03,2026-08-09,7:00:00 PM,-ARROZ FRITO,1.0,0.02,13.49
12082,2026-08-03,2026-08-09,7:00:00 PM,ARROZ IMPERIAL..,1.0,0.02,13.99
12083,2026-08-03,2026-08-09,7:00:00 PM,BABY CHURASCO,6.0,0.174,120.34
12084,2026-08-03,2026-08-09,7:00:00 PM,BABY CHURRASCO,5.0,0.131,90.75
12085,2026-08-03,2026-08-09,7:00:00 PM,BATIDO .FRESA,1.0,0.007,4.99
12086,2026-08-03,2026-08-09,7:00:00 PM,BATIDO BANANA,1.0,0.007,4.99
12087,2026-08-03,2026-08-09,7:00:00 PM,BATIDO FRUTA BONBA,7.0,0.051,34.93
12088,2026-08-03,2026-08-09,7:00:00 PM,BATIDO MAMEY,3.0,0.024,16.47
12089,2026-08-03,2026-08-09,7:00:00 PM,BATIDO MANGO,1.0,0.007,4.99
12090,2026-08-03,2026-08-09,7:00:00 PM,BATIDO TRIGO,2.0,0.014,9.98
12091,2026-08-03,2026-08-09,7:00:00 PM,-BISTEC DE HIGADO,1.0,0.02,13.49
12092,2026-08-03,2026-08-09,7:00:00 PM,BISTEC DE POLLO-,4.0,0.079,54.56
12093,2026-08-03,2026-08-09,7:00:00 PM,BISTEC DE POLLO.,1.0,0.02,13.49
12094,2026-08-03,2026-08-09,7:00:00 PM,-BISTEC DE POLLO.,3.0,0.059,40.47
12095,2026-08-03,2026-08-09,7:00:00 PM,BISTEC DE POLLO..,6.0,0.118,81.74
12096,2026-08-03,2026-08-09,7:00:00 PM,BISTEC DE POLLO...,6.0,0.12,83.14
12097,2026-08-03,2026-08-09,7:00:00 PM,-BISTEC DE PUERCO,1.0,0.022,15.49
12098,2026-08-03,2026-08-09,7:00:00 PM,-BISTEC PALOMILLA,7.0,0.183,126.33
12099,2026-08-03,2026-08-09,7:00:00 PM,BISTEC POLLO PLANCHA,6.0,0.118,81.74
12100,2026-08-03,2026-08-09,7:00:00 PM,-BISTECDE POLLO,4.0,0.079,54.76
12101,2026-08-03,2026-08-09,7:00:00 PM,BOLA ENSALADA POLLO,2.0,0.009,6.5
12102,2026-08-03,2026-08-09,7:00:00 PM,BOLICHE ..,4.0,0.088,60.76
12103,2026-08-03,2026-08-09,7:00:00 PM,-BOLICHE ASADO,5.0,0.12,83.05
12104,2026-08-03,2026-08-09,7:00:00 PM,BONIATO FRITO..,2.0,0.014,9.98
12105,2026-08-03,2026-08-09,7:00:00 PM,BONIATO HERVIDO,1.0,0.007,4.99
12106,2026-08-03,2026-08-09,7:00:00 PM,BOÑUELOS.,5.0,0.04,27.45
12107,2026-08-03,2026-08-09,7:00:00 PM,CAESAR /POLLO,1.0,0.019,12.99
12108,2026-08-03,2026-08-09,7:00:00 PM,CAF.LEC.EVAP.CHICO,1.0,0.004,3.0
12109,2026-08-03,2026-08-09,7:00:00 PM,CAFE CUBANO.,15.0,0.033,22.5
12110,2026-08-03,2026-08-09,7:00:00 PM,CALDO GALLEGO.MEDIANO.,2.0,0.023,15.98
12111,2026-08-03,2026-08-09,7:00:00 PM,caldosos,1.0,0.0,0.0
12112,2026-08-03,2026-08-09,7:00:00 PM,CAMARONES ENCHILADO.,1.0,0.029,19.99
12113,2026-08-03,2026-08-09,7:00:00 PM,CANT 4 DELIVER,3.0,0.243,168.0
12114,2026-08-03,2026-08-09,7:00:00 PM,CANT 5 DELIVER,1.0,0.101,70.0
12115,2026-08-03,2026-08-09,7:00:00 PM,CASCOS GUAVA QUESO,2.0,0.017,11.98
12116,2026-08-03,2026-08-09,7:00:00 PM,CHULETAS DE PUERCO,2.0,0.042,28.98
12117,2026-08-03,2026-08-09,7:00:00 PM,CHULETAS DE PUERCO.,3.0,0.059,40.67
12118,2026-08-03,2026-08-09,7:00:00 PM,"CHURRASCO ,,,",19.0,0.725,500.41
12119,2026-08-03,2026-08-09,7:00:00 PM,churros.con dulce,2.0,0.018,12.5
12120,2026-08-03,2026-08-09,7:00:00 PM,churros.solo.4,1.0,0.007,4.99
12121,2026-08-03,2026-08-09,7:00:00 PM,CLAMATO,1.0,0.004,2.99
12122,2026-08-03,2026-08-09,7:00:00 PM,CLUB SANDWICH.,2.0,0.035,24.18
12123,2026-08-03,2026-08-09,7:00:00 PM,COKE CERO.,2.0,0.007,5.0
12124,2026-08-03,2026-08-09,7:00:00 PM,COKE.,6.0,0.022,15.0
12125,2026-08-03,2026-08-09,7:00:00 PM,COLADA.,4.0,0.016,11.0
12126,2026-08-03,2026-08-09,7:00:00 PM,COLORADOS GRANDE.,3.0,0.042,29.07
12127,2026-08-03,2026-08-09,7:00:00 PM,CONGRI.,2.0,0.012,7.98
12128,2026-08-03,2026-08-09,7:00:00 PM,COPA DE SANGRIA.,1.0,0.013,8.99
12129,2026-08-03,2026-08-09,7:00:00 PM,COPA VINO,3.0,0.039,26.97
12130,2026-08-03,2026-08-09,7:00:00 PM,-CORONA.,3.0,0.024,16.47
12131,2026-08-03,2026-08-09,7:00:00 PM,Cortadito Evaporada,3.0,0.011,7.5
12132,2026-08-03,2026-08-09,7:00:00 PM,"Cortadito,.",7.0,0.022,15.23
12133,2026-08-03,2026-08-09,7:00:00 PM,CREMA BROCOLY,2.0,0.027,18.5
12134,2026-08-03,2026-08-09,7:00:00 PM,CREMA CALABAZA GRANDE,1.0,0.014,9.99
12135,2026-08-03,2026-08-09,7:00:00 PM,CREMA CALABAZA MEDIAN,2.0,0.02,13.98
12136,2026-08-03,2026-08-09,7:00:00 PM,CREMA CALABAZACHIQUIT,1.0,0.007,4.5
12137,2026-08-03,2026-08-09,7:00:00 PM,CREMA MALANGA MEDIANA.,9.0,0.091,62.91
12138,2026-08-03,2026-08-09,7:00:00 PM,CREMA VEGETAL MEDIANA,2.0,0.02,13.98
12139,2026-08-03,2026-08-09,7:00:00 PM,CREMA VEGETALE.MEDIAN,1.0,0.01,6.99
12140,2026-08-03,2026-08-09,7:00:00 PM,CREMA. MALANGA GRANDE.,7.0,0.106,73.43
12141,2026-08-03,2026-08-09,7:00:00 PM,CREMA. VEGETALCHIQUITA,2.0,0.013,9.0
12142,2026-08-03,2026-08-09,7:00:00 PM,croqueta jamon.,35.0,0.089,61.25
12143,2026-08-03,2026-08-09,7:00:00 PM,croqueta pollo.,1.0,0.003,1.75
12144,2026-08-03,2026-08-09,7:00:00 PM,CUBANO REGULAR.,2.0,0.029,19.98
12145,2026-08-03,2026-08-09,7:00:00 PM,DEDITOS .PESCADO.,2.0,0.041,28.18
12146,2026-08-03,2026-08-09,7:00:00 PM,DEDITOS DE PESCADO,2.0,0.046,31.98
12147,2026-08-03,2026-08-09,7:00:00 PM,-DEDITOS DE POLLO,2.0,0.038,26.38
12148,2026-08-03,2026-08-09,7:00:00 PM,deditos de pollo kids,1.0,0.012,7.99
12149,2026-08-03,2026-08-09,7:00:00 PM,Deditos De Queso.,1.0,0.003,1.99
12150,2026-08-03,2026-08-09,7:00:00 PM,deditos Queso/Guayaba,1.0,0.003,1.99
12151,2026-08-03,2026-08-09,7:00:00 PM,DIET MATERVA.,4.0,0.014,10.0
12152,2026-08-03,2026-08-09,7:00:00 PM,DOS HUEVO AROS. MADUR,1.0,0.013,8.99
12153,2026-08-03,2026-08-09,7:00:00 PM,E PAGUETI SOLO ROJA.,2.0,0.026,17.98
12154,2026-08-03,2026-08-09,7:00:00 PM,Empanada carne,1.0,0.004,2.99
12155,2026-08-03,2026-08-09,7:00:00 PM,Empanada Pollo,1.0,0.004,2.99
12156,2026-08-03,2026-08-09,7:00:00 PM,ENPANISADO. RES,4.0,0.093,64.56
12157,2026-08-03,2026-08-09,7:00:00 PM,ENSALA AGUACAT PEQUE,10.0,0.065,45.0
12158,2026-08-03,2026-08-09,7:00:00 PM,ENSALA POLLO 2 CROQUET,1.0,0.018,12.49
12159,2026-08-03,2026-08-09,7:00:00 PM,ENSALADA AGUACAT GRAND,6.0,0.048,33.0
12160,2026-08-03,2026-08-09,7:00:00 PM,ENSALDA DE TUNA,1.0,0.017,11.99
12161,2026-08-03,2026-08-09,7:00:00 PM,FABADA MEDIANA.,2.0,0.021,14.38
12162,2026-08-03,2026-08-09,7:00:00 PM,FILETE ALA FRANCESA,3.0,0.09,62.47
12163,2026-08-03,2026-08-09,7:00:00 PM,FILETE PARGO PLANCHA,1.0,0.035,23.99
12164,2026-08-03,2026-08-09,7:00:00 PM,FILETE PESCADO EMPANI,1.0,0.026,17.69
12165,2026-08-03,2026-08-09,7:00:00 PM,-FILETE PESCADO PLANCH,3.0,0.074,51.17
12166,2026-08-03,2026-08-09,7:00:00 PM,FILETILL POLLO SALSA,2.0,0.043,29.98
12167,2026-08-03,2026-08-09,7:00:00 PM,FILETILLO DE CARNE.,1.0,0.02,13.49
12168,2026-08-03,2026-08-09,7:00:00 PM,FILETILLO POLLO PLANCH,1.0,0.023,16.19
12169,2026-08-03,2026-08-09,7:00:00 PM,FILETILLO RES PLANCHA.,1.0,0.022,14.99
12170,2026-08-03,2026-08-09,7:00:00 PM,FLAN ESPECIAL.,7.0,0.061,41.93
12171,2026-08-03,2026-08-09,7:00:00 PM,-FLAN.,4.0,0.029,19.96
12172,2026-08-03,2026-08-09,7:00:00 PM,-FRICASE DE POLLO,2.0,0.032,22.38
12173,2026-08-03,2026-08-09,7:00:00 PM,FRICASE PUERCO.,2.0,0.042,28.9
12174,2026-08-03,2026-08-09,7:00:00 PM,FRIJOL GRANDE,2.0,0.023,15.98
12175,2026-08-03,2026-08-09,7:00:00 PM,FRIJOL MEDIANO.,4.0,0.029,19.96
12176,2026-08-03,2026-08-09,7:00:00 PM,FRIJOL PEQUENO.,5.0,0.022,14.95
12177,2026-08-03,2026-08-09,7:00:00 PM,FRITA CUBANA,1.0,0.015,10.19
12178,2026-08-03,2026-08-09,7:00:00 PM,FRITURA VACALAO.,3.0,0.028,19.5
12179,2026-08-03,2026-08-09,7:00:00 PM,FRITURAS DE MALANGA,3.0,0.028,19.5
12180,2026-08-03,2026-08-09,7:00:00 PM,GALLETA DELICIOSAS,9.0,0.047,32.4
12181,2026-08-03,2026-08-09,7:00:00 PM,GUARAPO.,4.0,0.03,21.0
12182,2026-08-03,2026-08-09,7:00:00 PM,HAMBURQUESA.CON QUESO,1.0,0.016,11.19
12183,2026-08-03,2026-08-09,7:00:00 PM,HORDE DEPAN,1.0,0.002,1.5
12184,2026-08-03,2026-08-09,7:00:00 PM,HORDEN DE CHICHARON.,1.0,0.005,3.25
12185,2026-08-03,2026-08-09,7:00:00 PM,HORDEN DE 3 CHICHARONE,1.0,0.005,3.25
12186,2026-08-03,2026-08-09,7:00:00 PM,HUEVO FRITO,1.0,0.002,1.25
12187,2026-08-03,2026-08-09,7:00:00 PM,JUGO DE MANZANA.,1.0,0.005,3.25
12188,2026-08-03,2026-08-09,7:00:00 PM,JUGO MARACULLA,2.0,0.013,9.0
12189,2026-08-03,2026-08-09,7:00:00 PM,JUGO.NARANJA.,4.0,0.03,21.0
12190,2026-08-03,2026-08-09,7:00:00 PM,Juntas,4.0,0.0,0.0
12191,2026-08-03,2026-08-09,7:00:00 PM,JUPIÑA.,3.0,0.011,7.5
12192,2026-08-03,2026-08-09,7:00:00 PM,LECHE GRANDE,1.0,0.005,3.25
12193,2026-08-03,2026-08-09,7:00:00 PM,-LECHON ASADO,5.0,0.102,70.15
12194,2026-08-03,2026-08-09,7:00:00 PM,LIMONADA,12.0,0.078,54.0
12195,2026-08-03,2026-08-09,7:00:00 PM,LIMONADA FRESA,1.0,0.009,5.99
12196,2026-08-03,2026-08-09,7:00:00 PM,MADIO.POLLO A la brasa,1.0,0.022,15.19
12197,2026-08-03,2026-08-09,7:00:00 PM,-MADUROS.,8.0,0.052,35.92
12198,2026-08-03,2026-08-09,7:00:00 PM,MALBORO REG,1.0,0.017,12.0
12199,2026-08-03,2026-08-09,7:00:00 PM,-MARIQUITAS.,3.0,0.026,17.97
12200,2026-08-03,2026-08-09,7:00:00 PM,-MASAS DE PUERCO,3.0,0.061,42.37
12201,2026-08-03,2026-08-09,7:00:00 PM,MASAS DE PUERCO.,3.0,0.062,43.07
12202,2026-08-03,2026-08-09,7:00:00 PM,MATERVA.,2.0,0.007,5.0
12203,2026-08-03,2026-08-09,7:00:00 PM,MEDIA NOCHE.,3.0,0.044,30.37
12204,2026-08-03,2026-08-09,7:00:00 PM,-MEDIO POLLO A BRASA.,2.0,0.038,26.18
12205,2026-08-03,2026-08-09,7:00:00 PM,-MEDIO POLLO FRITO,3.0,0.062,42.87
12206,2026-08-03,2026-08-09,7:00:00 PM,MEDIO POLLO.ASADO.,2.0,0.041,28.18
12207,2026-08-03,2026-08-09,7:00:00 PM,MELON..SANDIA,4.0,0.026,18.0
12208,2026-08-03,2026-08-09,7:00:00 PM,MIAMI SANDWICH.,2.0,0.035,24.38
12209,2026-08-03,2026-08-09,7:00:00 PM,-MILANESA DE POLLO,7.0,0.166,114.63
12210,2026-08-03,2026-08-09,7:00:00 PM,MILANESA RES.,2.0,0.058,40.18
12211,2026-08-03,2026-08-09,7:00:00 PM,MISC COCINA,2.0,0.012,8.0
12212,2026-08-03,2026-08-09,7:00:00 PM,MOFONGO PUERCO.,5.0,0.123,84.95
12213,2026-08-03,2026-08-09,7:00:00 PM,MOJO CHIQUITO.,2.0,0.011,7.9
12214,2026-08-03,2026-08-09,7:00:00 PM,MOROS...,2.0,0.012,7.98
12215,2026-08-03,2026-08-09,7:00:00 PM,NATILLA CATALANA,1.0,0.009,6.25
12216,2026-08-03,2026-08-09,7:00:00 PM,-PAN CON BISTEC.,13.0,0.211,145.87
12217,2026-08-03,2026-08-09,7:00:00 PM,PAPAS FRITAS,1.0,0.007,4.49
12218,2026-08-03,2026-08-09,7:00:00 PM,PESCADO ALO MACHO,1.0,0.038,25.99
12219,2026-08-03,2026-08-09,7:00:00 PM,PICADILLO,1.0,0.02,13.69
12220,2026-08-03,2026-08-09,7:00:00 PM,-PICADILLO,4.0,0.085,58.56
12221,2026-08-03,2026-08-09,7:00:00 PM,PINA COLADA,2.0,0.02,13.98
12222,2026-08-03,2026-08-09,7:00:00 PM,PLATANO HERVIDO,1.0,0.007,4.99
12223,2026-08-03,2026-08-09,7:00:00 PM,POLLO EMPANIZADO,1.0,0.021,14.49
12224,2026-08-03,2026-08-09,7:00:00 PM,POTAJE COLORADOS MEDIA,1.0,0.01,7.19
12225,2026-08-03,2026-08-09,7:00:00 PM,PRESIDENTE..,1.0,0.008,5.49
12226,2026-08-03,2026-08-09,7:00:00 PM,PUDIN DE PAN.,2.0,0.016,10.98
12227,2026-08-03,2026-08-09,7:00:00 PM,PUDIN DIPLOMATICO.,3.0,0.024,16.47
12228,2026-08-03,2026-08-09,7:00:00 PM,RABO ENCENDIDO.,1.0,0.035,24.19
12229,2026-08-03,2026-08-09,7:00:00 PM,RABO ENCENDIDO...,5.0,0.175,120.95
12230,2026-08-03,2026-08-09,7:00:00 PM,Ribeye Steak,1.0,0.043,30.0
12231,2026-08-03,2026-08-09,7:00:00 PM,ROPA VIEJA..,2.0,0.044,30.38
12232,2026-08-03,2026-08-09,7:00:00 PM,ROPA VIEJA...,1.0,0.024,16.69
12233,2026-08-03,2026-08-09,7:00:00 PM,RUEDA DE SERRUCHO.,2.0,0.047,32.38
12234,2026-08-03,2026-08-09,7:00:00 PM,S.PELLECRINO,1.0,0.005,3.49
12235,2026-08-03,2026-08-09,7:00:00 PM,SANDWECHES POLLO..,2.0,0.034,23.18
12236,2026-08-03,2026-08-09,7:00:00 PM,SM AJIACO,1.0,0.006,3.99
12237,2026-08-03,2026-08-09,7:00:00 PM,SM CREMA CALABAZA-,1.0,0.006,3.99
12238,2026-08-03,2026-08-09,7:00:00 PM,SODA GINJER.,1.0,0.004,2.5
12239,2026-08-03,2026-08-09,7:00:00 PM,Sopa de Pollo Grande,12.0,0.148,101.88
12240,2026-08-03,2026-08-09,7:00:00 PM,SOPA DE RES GRANDE,4.0,0.071,48.76
12241,2026-08-03,2026-08-09,7:00:00 PM,SOPA DE RES MEDIANA,1.0,0.012,8.19
12242,2026-08-03,2026-08-09,7:00:00 PM,SOPA DE RES PEQUENA,1.0,0.007,4.99
12243,2026-08-03,2026-08-09,7:00:00 PM,SOPA PLATANO GRANDE.,1.0,0.015,10.49
12244,2026-08-03,2026-08-09,7:00:00 PM,SOPA PLATANO MEDIANA.,1.0,0.01,6.99
12245,2026-08-03,2026-08-09,7:00:00 PM,Sopa Pollo Medina,9.0,0.072,49.41
12246,2026-08-03,2026-08-09,7:00:00 PM,SOPA. POLLO CHIQUITA,2.0,0.01,7.0
12247,2026-08-03,2026-08-09,7:00:00 PM,SOPON MARINERO.,1.0,0.038,25.99
12248,2026-08-03,2026-08-09,7:00:00 PM,SPAGHETTI CAMARON ALFR,1.0,0.032,22.19
12249,2026-08-03,2026-08-09,7:00:00 PM,Spaghetti Camarones.RO,1.0,0.032,22.19
12250,2026-08-03,2026-08-09,7:00:00 PM,SPRIET.,2.0,0.007,5.0
12251,2026-08-03,2026-08-09,7:00:00 PM,T0 GO MESA,28.0,0.014,9.8
12252,2026-08-03,2026-08-09,7:00:00 PM,TAMAL,11.0,0.048,32.89
12253,2026-08-03,2026-08-09,7:00:00 PM,TAMAL CAZUELA.MEDIANO.,1.0,0.01,7.19
12254,2026-08-03,2026-08-09,7:00:00 PM,TAMAL.CAZUELA GRANDE.,1.0,0.016,11.19
12255,2026-08-03,2026-08-09,7:00:00 PM,TAMAL.JAMON PIERN.QUES,1.0,0.019,12.99
12256,2026-08-03,2026-08-09,7:00:00 PM,TE FRIO.,1.0,0.004,2.99
12257,2026-08-03,2026-08-09,7:00:00 PM,To Go.,7.0,0.002,1.4
12258,2026-08-03,2026-08-09,7:00:00 PM,To Go..,52.0,0.016,10.85
12259,2026-08-03,2026-08-09,7:00:00 PM,TOSTADA,3.0,0.009,5.97
12260,2026-08-03,2026-08-09,7:00:00 PM,TOSTONES.,3.0,0.022,14.97
12261,2026-08-03,2026-08-09,7:00:00 PM,TRES LECHES.,3.0,0.026,17.97
12262,2026-08-03,2026-08-09,7:00:00 PM,"TRIO,,HELADO",1.0,0.009,6.5
12263,2026-08-03,2026-08-09,7:00:00 PM,-VACA FRITA,9.0,0.226,156.31
12264,2026-08-03,2026-08-09,7:00:00 PM,-VACA FRITA.,7.0,0.163,112.73
12265,2026-08-03,2026-08-09,8:00:00 PM,.BISTEC DE POLLO,3.0,0.059,41.07
12266,2026-08-03,2026-08-09,8:00:00 PM,_=====================,13.0,0.0,0.0
12267,2026-08-03,2026-08-09,8:00:00 PM,== TO GO ==,22.0,0.006,4.4
12268,2026-08-03,2026-08-09,8:00:00 PM,======================,5.0,0.0,0.0
12269,2026-08-03,2026-08-09,8:00:00 PM,1 BOLA HELADO..,1.0,0.004,2.99
12270,2026-08-03,2026-08-09,8:00:00 PM,305 Morados,1.0,0.009,6.25
12271,2026-08-03,2026-08-09,8:00:00 PM,AGUA NATURAL,1.0,0.003,1.99
12272,2026-08-03,2026-08-09,8:00:00 PM,AGUACATE $5.00,1.0,0.007,5.0
12273,2026-08-03,2026-08-09,8:00:00 PM,AJIACO..GRANDE,1.0,0.015,10.69
12274,2026-08-03,2026-08-09,8:00:00 PM,ALITAS DE POLLO PAPITA,2.0,0.032,21.98
12275,2026-08-03,2026-08-09,8:00:00 PM,ARROZ CON LECHE,3.0,0.024,16.47
12276,2026-08-03,2026-08-09,8:00:00 PM,ARROZ BLANCO..,2.0,0.009,6.5
12277,2026-08-03,2026-08-09,8:00:00 PM,ARROZ CHIQUITO,2.0,0.007,4.5
12278,2026-08-03,2026-08-09,8:00:00 PM,ARROZ CON POLLO,1.0,0.018,12.69
12279,2026-08-03,2026-08-09,8:00:00 PM,ARROZ CON POLLO.,1.0,0.02,13.69
12280,2026-08-03,2026-08-09,8:00:00 PM,-ARROZ FRITO,1.0,0.02,13.69
12281,2026-08-03,2026-08-09,8:00:00 PM,ARROZ IMPERIAL..,1.0,0.023,15.69
12282,2026-08-03,2026-08-09,8:00:00 PM,Arroz pollo.desmenuza.,1.0,0.018,12.49
12283,2026-08-03,2026-08-09,8:00:00 PM,BABY CHURASCO,7.0,0.206,142.33
12284,2026-08-03,2026-08-09,8:00:00 PM,BABY CHURRASCO,2.0,0.052,36.18
12285,2026-08-03,2026-08-09,8:00:00 PM,BACALAO VISCAINA,1.0,0.029,20.19
12286,2026-08-03,2026-08-09,8:00:00 PM,Bananas.3 $ 1.50,2.0,0.004,3.0
12287,2026-08-03,2026-08-09,8:00:00 PM,BATIDO CHOCOLATE.,2.0,0.014,9.98
12288,2026-08-03,2026-08-09,8:00:00 PM,BATIDO FRUTA BONBA,4.0,0.029,19.96
12289,2026-08-03,2026-08-09,8:00:00 PM,BATIDO MAMEY,7.0,0.056,38.43
12290,2026-08-03,2026-08-09,8:00:00 PM,BATIDO MANGO,2.0,0.014,9.98
12291,2026-08-03,2026-08-09,8:00:00 PM,BATIDO TRIGO,1.0,0.007,4.99
12292,2026-08-03,2026-08-09,8:00:00 PM,BATIDO VAINILLA,2.0,0.014,9.98
12293,2026-08-03,2026-08-09,8:00:00 PM,Best Mango,1.0,0.004,2.99
12294,2026-08-03,2026-08-09,8:00:00 PM,-BISTEC DE HIGADO,1.0,0.02,13.49
12295,2026-08-03,2026-08-09,8:00:00 PM,BISTEC DE POLLO-,2.0,0.04,27.38
12296,2026-08-03,2026-08-09,8:00:00 PM,BISTEC DE POLLO.,3.0,0.059,40.67
12297,2026-08-03,2026-08-09,8:00:00 PM,-BISTEC DE POLLO.,2.0,0.039,27.18
12298,2026-08-03,2026-08-09,8:00:00 PM,BISTEC DE POLLO...,3.0,0.059,41.07
12299,2026-08-03,2026-08-09,8:00:00 PM,-BISTEC DE PUERCO,3.0,0.068,46.87
12300,2026-08-03,2026-08-09,8:00:00 PM,-BISTEC PALOMILLA,5.0,0.131,90.35
12301,2026-08-03,2026-08-09,8:00:00 PM,BISTEC POLLO PLANCHA,3.0,0.059,40.87
12302,2026-08-03,2026-08-09,8:00:00 PM,-BISTECDE POLLO,5.0,0.101,69.55
12303,2026-08-03,2026-08-09,8:00:00 PM,BOLICHE ..,2.0,0.044,30.38
12304,2026-08-03,2026-08-09,8:00:00 PM,BOÑUELOS.,1.0,0.008,5.49
12305,2026-08-03,2026-08-09,8:00:00 PM,Bud Light,1.0,0.007,4.99
12306,2026-08-03,2026-08-09,8:00:00 PM,CAESAR /POLLO,1.0,0.019,12.99
12307,2026-08-03,2026-08-09,8:00:00 PM,caesar sala churraco,1.0,0.03,21.0
12308,2026-08-03,2026-08-09,8:00:00 PM,CAFE CON LECHE GRANDE,2.0,0.013,9.0
12309,2026-08-03,2026-08-09,8:00:00 PM,CAFE CON LECHE MEDIANO,1.0,0.005,3.75
12310,2026-08-03,2026-08-09,8:00:00 PM,CAFE CON LECHE PEQUENO,3.0,0.011,7.5
12311,2026-08-03,2026-08-09,8:00:00 PM,CAFE CUBANO.,14.0,0.03,21.0
12312,2026-08-03,2026-08-09,8:00:00 PM,CALABAZA HERVIDA..,1.0,0.007,4.99
12313,2026-08-03,2026-08-09,8:00:00 PM,CALDO GALLEGO.CHIQUITO,1.0,0.007,4.49
12314,2026-08-03,2026-08-09,8:00:00 PM,CALDO GALLEGO.MEDIANO.,2.0,0.024,16.38
12315,2026-08-03,2026-08-09,8:00:00 PM,CALDO.GALLEGO GRANDE.,3.0,0.051,35.07
12316,2026-08-03,2026-08-09,8:00:00 PM,CANT 5 DELIVER,1.0,0.101,70.0
12317,2026-08-03,2026-08-09,8:00:00 PM,CHICHAR POLLO SIN HUES,1.0,0.02,13.69
12318,2026-08-03,2026-08-09,8:00:00 PM,chimichurri,2.0,0.004,2.5
12319,2026-08-03,2026-08-09,8:00:00 PM,CHULETAS DE PUERCO.,1.0,0.02,13.49
12320,2026-08-03,2026-08-09,8:00:00 PM,"CHURRASCO ,,,",5.0,0.192,132.75
12321,2026-08-03,2026-08-09,8:00:00 PM,churros.con dulce,1.0,0.009,6.25
12322,2026-08-03,2026-08-09,8:00:00 PM,CLUB SANDWICH.,3.0,0.053,36.37
12323,2026-08-03,2026-08-09,8:00:00 PM,cocacola.botella,1.0,0.005,3.49
12324,2026-08-03,2026-08-09,8:00:00 PM,COKE CERO.,1.0,0.004,2.5
12325,2026-08-03,2026-08-09,8:00:00 PM,COKE.,5.0,0.018,12.5
12326,2026-08-03,2026-08-09,8:00:00 PM,COLADA.,3.0,0.012,8.25
12327,2026-08-03,2026-08-09,8:00:00 PM,CONGRI.,1.0,0.006,3.99
12328,2026-08-03,2026-08-09,8:00:00 PM,COPA VINO,1.0,0.013,8.99
12329,2026-08-03,2026-08-09,8:00:00 PM,-CORONA.,2.0,0.016,10.98
12330,2026-08-03,2026-08-09,8:00:00 PM,Cortadito Evaporada,2.0,0.007,5.0
12331,2026-08-03,2026-08-09,8:00:00 PM,"Cortadito,.",4.0,0.012,8.48
12332,2026-08-03,2026-08-09,8:00:00 PM,CREMA CALABAZA GRANDE,2.0,0.029,19.98
12333,2026-08-03,2026-08-09,8:00:00 PM,CREMA CALABAZA MEDIAN,2.0,0.02,13.98
12334,2026-08-03,2026-08-09,8:00:00 PM,CREMA CALABAZACHIQUIT,2.0,0.013,9.0
12335,2026-08-03,2026-08-09,8:00:00 PM,CREMA MALANGA MEDIANA.,5.0,0.051,34.95
12336,2026-08-03,2026-08-09,8:00:00 PM,CREMA VEGETAL GRANDE.,1.0,0.015,10.49
12337,2026-08-03,2026-08-09,8:00:00 PM,CREMA VEGETAL MEDIANA,1.0,0.01,6.99
12338,2026-08-03,2026-08-09,8:00:00 PM,CREMA. MALANGA GRANDE.,2.0,0.03,20.98
12339,2026-08-03,2026-08-09,8:00:00 PM,croqueta jamon.,20.0,0.051,35.0
12340,2026-08-03,2026-08-09,8:00:00 PM,CROQUETA PREPARADA.,1.0,0.018,12.19
12341,2026-08-03,2026-08-09,8:00:00 PM,CUBANO REGULAR.,2.0,0.03,20.38
12342,2026-08-03,2026-08-09,8:00:00 PM,DEDITOS DE PESCADO,4.0,0.096,66.16
12343,2026-08-03,2026-08-09,8:00:00 PM,-DEDITOS DE POLLO,2.0,0.04,27.68
12344,2026-08-03,2026-08-09,8:00:00 PM,deditos de pollo kids,1.0,0.012,7.99
12345,2026-08-03,2026-08-09,8:00:00 PM,Deditos De Queso.,1.0,0.003,1.99
12346,2026-08-03,2026-08-09,8:00:00 PM,DULCE DE LECHE,1.0,0.008,5.49
12347,2026-08-03,2026-08-09,8:00:00 PM,ELENA RUZ.,1.0,0.014,9.99
12348,2026-08-03,2026-08-09,8:00:00 PM,Empanada carne,1.0,0.004,2.99
12349,2026-08-03,2026-08-09,8:00:00 PM,Empanada Jamon/Queso,3.0,0.013,8.97
12350,2026-08-03,2026-08-09,8:00:00 PM,Empnda Espinaca/Queso,1.0,0.004,2.99
12351,2026-08-03,2026-08-09,8:00:00 PM,ENPANISADO. RES,3.0,0.07,48.37
12352,2026-08-03,2026-08-09,8:00:00 PM,ENSALA AGUACAT PEQUE,7.0,0.046,31.5
12353,2026-08-03,2026-08-09,8:00:00 PM,ENSALA POLLO 2 CROQUET,1.0,0.018,12.49
12354,2026-08-03,2026-08-09,8:00:00 PM,ENSALADA AGUACAT GRAND,3.0,0.024,16.5
12355,2026-08-03,2026-08-09,8:00:00 PM,ESPAQUETI .SOLO ALFRED,2.0,0.026,17.98
12356,2026-08-03,2026-08-09,8:00:00 PM,FABADA GRANDE,2.0,0.031,21.38
12357,2026-08-03,2026-08-09,8:00:00 PM,FILETE ALA FRANCESA,1.0,0.029,19.99
12358,2026-08-03,2026-08-09,8:00:00 PM,FILETE PARGO EN SALSA,1.0,0.035,24.0
12359,2026-08-03,2026-08-09,8:00:00 PM,FILETE PARGO PLANCHA,4.0,0.123,84.96
12360,2026-08-03,2026-08-09,8:00:00 PM,FILETE PESCADO EMPANI,2.0,0.054,36.98
12361,2026-08-03,2026-08-09,8:00:00 PM,-FILETE PESCADO PLANCH,3.0,0.079,54.37
12362,2026-08-03,2026-08-09,8:00:00 PM,FILETILL POLLO SALSA,1.0,0.022,15.19
12363,2026-08-03,2026-08-09,8:00:00 PM,FILETILLO POLLO PLANCH,1.0,0.025,17.19
12364,2026-08-03,2026-08-09,8:00:00 PM,FILETILLO RES SALSA.,1.0,0.022,14.99
12365,2026-08-03,2026-08-09,8:00:00 PM,-FLAN.,1.0,0.007,4.99
12366,2026-08-03,2026-08-09,8:00:00 PM,-FRICASE DE POLLO,2.0,0.034,23.38
12367,2026-08-03,2026-08-09,8:00:00 PM,FRIJOL MEDIANO.,1.0,0.007,4.99
12368,2026-08-03,2026-08-09,8:00:00 PM,FRIJOL PEQUENO.,3.0,0.013,8.97
12369,2026-08-03,2026-08-09,8:00:00 PM,FRITURAS DE MALANGA,1.0,0.009,6.5
12370,2026-08-03,2026-08-09,8:00:00 PM,GARBANZO.FRITO.,1.0,0.021,14.19
12371,2026-08-03,2026-08-09,8:00:00 PM,GARBANZO.MEDIANO.,2.0,0.02,13.98
12372,2026-08-03,2026-08-09,8:00:00 PM,GUARAPO.,5.0,0.038,26.25
12373,2026-08-03,2026-08-09,8:00:00 PM,GUISO MAIZ CHIQUITO.,1.0,0.006,3.99
12374,2026-08-03,2026-08-09,8:00:00 PM,GUISO MAIZ GRANDE.,1.0,0.015,10.49
12375,2026-08-03,2026-08-09,8:00:00 PM,Heineken,3.0,0.024,16.47
12376,2026-08-03,2026-08-09,8:00:00 PM,HELADO CONO..,1.0,0.005,3.5
12377,2026-08-03,2026-08-09,8:00:00 PM,inca kola,1.0,0.004,2.99
12378,2026-08-03,2026-08-09,8:00:00 PM,JUEGO DE MANZANA,1.0,0.005,3.25
12379,2026-08-03,2026-08-09,8:00:00 PM,JUGO MARACULLA,2.0,0.013,9.0
12380,2026-08-03,2026-08-09,8:00:00 PM,JUGO PINA,1.0,0.007,4.5
12381,2026-08-03,2026-08-09,8:00:00 PM,JUGO ZANAHORIA NARAJA,2.0,0.014,9.98
12382,2026-08-03,2026-08-09,8:00:00 PM,JUGO.NARANJA.,7.0,0.053,36.75
12383,2026-08-03,2026-08-09,8:00:00 PM,JUPIÑA.,1.0,0.004,2.5
12384,2026-08-03,2026-08-09,8:00:00 PM,-LECHE MALTEADA,1.0,0.007,4.99
12385,2026-08-03,2026-08-09,8:00:00 PM,LIMONADA,3.0,0.02,13.5
12386,2026-08-03,2026-08-09,8:00:00 PM,macarron con queso,1.0,0.012,7.99
12387,2026-08-03,2026-08-09,8:00:00 PM,MADIO.POLLO A la brasa,1.0,0.02,13.99
12388,2026-08-03,2026-08-09,8:00:00 PM,-MADUROS.,5.0,0.033,22.45
12389,2026-08-03,2026-08-09,8:00:00 PM,-MARIQUITAS.,1.0,0.009,5.99
12390,2026-08-03,2026-08-09,8:00:00 PM,-MASAS DE PUERCO,6.0,0.122,84.54
12391,2026-08-03,2026-08-09,8:00:00 PM,MASAS DE PUERCO.,3.0,0.059,41.07
12392,2026-08-03,2026-08-09,8:00:00 PM,-MASAS DE PUERCO.,2.0,0.041,28.18
12393,2026-08-03,2026-08-09,8:00:00 PM,MATERVA.,2.0,0.007,5.0
12394,2026-08-03,2026-08-09,8:00:00 PM,MEDIA JARRA,1.0,0.023,16.0
12395,2026-08-03,2026-08-09,8:00:00 PM,MEDIA NOCHE.,1.0,0.015,10.19
12396,2026-08-03,2026-08-09,8:00:00 PM,MELON..SANDIA,4.0,0.026,18.0
12397,2026-08-03,2026-08-09,8:00:00 PM,MIAMI SANDWICH.,2.0,0.035,24.38
12398,2026-08-03,2026-08-09,8:00:00 PM,-MILANESA DE POLLO,6.0,0.141,97.14
12399,2026-08-03,2026-08-09,8:00:00 PM,MILANESA RES.,2.0,0.058,40.38
12400,2026-08-03,2026-08-09,8:00:00 PM,Miller Light,2.0,0.014,9.98
12401,2026-08-03,2026-08-09,8:00:00 PM,MOROS...,1.0,0.006,3.99
12402,2026-08-03,2026-08-09,8:00:00 PM,NATILLA CATALANA,2.0,0.018,12.5
12403,2026-08-03,2026-08-09,8:00:00 PM,palomilla baby,1.0,0.016,11.2
12404,2026-08-03,2026-08-09,8:00:00 PM,-PAN CON BISTEC.,3.0,0.049,33.57
12405,2026-08-03,2026-08-09,8:00:00 PM,PAN CON TORTILLA.,1.0,0.016,11.19
12406,2026-08-03,2026-08-09,8:00:00 PM,PEPSI.,1.0,0.004,2.5
12407,2026-08-03,2026-08-09,8:00:00 PM,-PICADILLO,1.0,0.021,14.49
12408,2026-08-03,2026-08-09,8:00:00 PM,POLLO EMPANIZADO,1.0,0.021,14.49
12409,2026-08-03,2026-08-09,8:00:00 PM,PUDIN DE PAN.,1.0,0.008,5.49
12410,2026-08-03,2026-08-09,8:00:00 PM,RABO ENCENDIDO.,1.0,0.038,26.19
12411,2026-08-03,2026-08-09,8:00:00 PM,RABO ENCENDIDO...,3.0,0.104,72.17
12412,2026-08-03,2026-08-09,8:00:00 PM,RIÑONADA.,3.0,0.091,62.97
12413,2026-08-03,2026-08-09,8:00:00 PM,ROPA VIEJA..,2.0,0.044,30.38
12414,2026-08-03,2026-08-09,8:00:00 PM,ROPA VIEJA...,2.0,0.048,33.18
12415,2026-08-03,2026-08-09,8:00:00 PM,SANDWECHES POLLO..,3.0,0.053,36.57
12416,2026-08-03,2026-08-09,8:00:00 PM,-SDWC TUNA REGULAR.,1.0,0.015,10.49
12417,2026-08-03,2026-08-09,8:00:00 PM,Sopa de Pollo Grande,6.0,0.074,50.94
12418,2026-08-03,2026-08-09,8:00:00 PM,SOPA DE RES GRANDE,3.0,0.053,36.57
12419,2026-08-03,2026-08-09,8:00:00 PM,SOPA DE RES MEDIANA,2.0,0.024,16.38
12420,2026-08-03,2026-08-09,8:00:00 PM,SOPA DE RES PEQUENA,1.0,0.007,4.99
12421,2026-08-03,2026-08-09,8:00:00 PM,SOPA PLATANO MEDIANA.,2.0,0.02,13.98
12422,2026-08-03,2026-08-09,8:00:00 PM,SOPA POLLO MEDIA,1.0,0.008,5.69
12423,2026-08-03,2026-08-09,8:00:00 PM,Sopa Pollo Medina,5.0,0.04,27.45
12424,2026-08-03,2026-08-09,8:00:00 PM,T0 GO MESA,14.0,0.007,4.9
12425,2026-08-03,2026-08-09,8:00:00 PM,TAMAL,1.0,0.004,2.99
12426,2026-08-03,2026-08-09,8:00:00 PM,TAMAL.CAZUELA GRANDE.,2.0,0.032,22.38
12427,2026-08-03,2026-08-09,8:00:00 PM,To Go.,6.0,0.002,1.2
12428,2026-08-03,2026-08-09,8:00:00 PM,To Go..,26.0,0.008,5.35
12429,2026-08-03,2026-08-09,8:00:00 PM,TOREJA CUBANA,1.0,0.009,5.99
12430,2026-08-03,2026-08-09,8:00:00 PM,TORTILLA.,1.0,0.016,10.99
12431,2026-08-03,2026-08-09,8:00:00 PM,TOSTADA,1.0,0.003,1.99
12432,2026-08-03,2026-08-09,8:00:00 PM,TOSTONES.,1.0,0.007,4.99
12433,2026-08-03,2026-08-09,8:00:00 PM,TRES LECHES.,2.0,0.017,11.98
12434,2026-08-03,2026-08-09,8:00:00 PM,-VACA FRITA,8.0,0.198,136.92
12435,2026-08-03,2026-08-09,8:00:00 PM,-VACA FRITA.,8.0,0.19,131.32
12436,2026-08-03,2026-08-09,8:00:00 PM,YUCA.,1.0,0.007,4.49
12437,2026-08-03,2026-08-09,9:00:00 PM,_=====================,4.0,0.0,0.0
12438,2026-08-03,2026-08-09,9:00:00 PM,== TO GO ==,7.0,0.002,1.4
12439,2026-08-03,2026-08-09,9:00:00 PM,======================,3.0,0.0,0.0
12440,2026-08-03,2026-08-09,9:00:00 PM,1 BOLA HELADO..,2.0,0.009,5.98
12441,2026-08-03,2026-08-09,9:00:00 PM,2 PIEZAS DE CORDERO.,1.0,0.036,25.19
12442,2026-08-03,2026-08-09,9:00:00 PM,AJIACO MEDIANO,2.0,0.021,14.38
12443,2026-08-03,2026-08-09,9:00:00 PM,ARROZ BLANCO..,4.0,0.019,13.0
12444,2026-08-03,2026-08-09,9:00:00 PM,ARROZ CHIQUITO,1.0,0.005,3.25
12445,2026-08-03,2026-08-09,9:00:00 PM,BABY CHURASCO,1.0,0.029,19.99
12446,2026-08-03,2026-08-09,9:00:00 PM,BABY CHURRASCO,3.0,0.078,53.97
12447,2026-08-03,2026-08-09,9:00:00 PM,Bananas.3 $ 1.50,2.0,0.004,3.0
12448,2026-08-03,2026-08-09,9:00:00 PM,BATIDO CHOCOLATE.,1.0,0.007,4.99
12449,2026-08-03,2026-08-09,9:00:00 PM,BATIDO VAINILLA,1.0,0.007,4.99
12450,2026-08-03,2026-08-09,9:00:00 PM,BISTEC DE POLLO-,4.0,0.078,54.16
12451,2026-08-03,2026-08-09,9:00:00 PM,BISTEC DE POLLO..,2.0,0.04,27.38
12452,2026-08-03,2026-08-09,9:00:00 PM,-BISTEC DE PUERCO,2.0,0.045,31.18
12453,2026-08-03,2026-08-09,9:00:00 PM,-BISTEC PALOMILLA,4.0,0.105,72.76
12454,2026-08-03,2026-08-09,9:00:00 PM,CAF.LEC.EVAP.CHICO,2.0,0.009,6.0
12455,2026-08-03,2026-08-09,9:00:00 PM,CAFE CUBANO.,2.0,0.004,3.0
12456,2026-08-03,2026-08-09,9:00:00 PM,CALABAZA HERVIDA..,1.0,0.007,4.99
12457,2026-08-03,2026-08-09,9:00:00 PM,CAMARONES EMPANIZAD,1.0,0.029,19.99
12458,2026-08-03,2026-08-09,9:00:00 PM,CANT 4 DELIVER,3.0,0.243,168.0
12459,2026-08-03,2026-08-09,9:00:00 PM,CANT 4 RECOGER,1.0,0.069,48.0
12460,2026-08-03,2026-08-09,9:00:00 PM,CANT 5 DELIVER,4.0,0.405,280.0
12461,2026-08-03,2026-08-09,9:00:00 PM,CHICHAR POLLO SIN HUES,1.0,0.02,13.69
12462,2026-08-03,2026-08-09,9:00:00 PM,"CHURRASCO ,,,",1.0,0.038,25.99
12463,2026-08-03,2026-08-09,9:00:00 PM,COKE.,3.0,0.011,7.5
12464,2026-08-03,2026-08-09,9:00:00 PM,COLADA.,1.0,0.004,2.75
12465,2026-08-03,2026-08-09,9:00:00 PM,COLORADOS GRANDE.,1.0,0.014,9.49
12466,2026-08-03,2026-08-09,9:00:00 PM,-CORONA.,8.0,0.064,43.92
12467,2026-08-03,2026-08-09,9:00:00 PM,CREMA CALABAZACHIQUIT,1.0,0.007,4.5
12468,2026-08-03,2026-08-09,9:00:00 PM,CREMA MALANGA MEDIANA.,3.0,0.03,20.97
12469,2026-08-03,2026-08-09,9:00:00 PM,CREMA. MALANGA CHIQUIT,1.0,0.007,4.5
12470,2026-08-03,2026-08-09,9:00:00 PM,CREMA. MALANGA GRANDE.,1.0,0.015,10.49
12471,2026-08-03,2026-08-09,9:00:00 PM,croqueta jamon.,8.0,0.02,14.0
12472,2026-08-03,2026-08-09,9:00:00 PM,DEDITOS .PESCADO.,1.0,0.02,13.99
12473,2026-08-03,2026-08-09,9:00:00 PM,DEDITOS DE PESCADO,1.0,0.023,15.99
12474,2026-08-03,2026-08-09,9:00:00 PM,DIET COKE.,4.0,0.013,9.0
12475,2026-08-03,2026-08-09,9:00:00 PM,DIET MATERVA.,2.0,0.007,5.0
12476,2026-08-03,2026-08-09,9:00:00 PM,Empanada carne,1.0,0.004,2.99
12477,2026-08-03,2026-08-09,9:00:00 PM,ENPANISADO. RES,3.0,0.07,48.17
12478,2026-08-03,2026-08-09,9:00:00 PM,ENSALA AGUACAT PEQUE,4.0,0.026,18.0
12479,2026-08-03,2026-08-09,9:00:00 PM,ENSALDA DE TUNA,1.0,0.017,11.99
12480,2026-08-03,2026-08-09,9:00:00 PM,FILETILLO POLLO PLANCH,3.0,0.067,46.37
12481,2026-08-03,2026-08-09,9:00:00 PM,FILETILLO RES PLANCHA.,1.0,0.022,14.99
12482,2026-08-03,2026-08-09,9:00:00 PM,FLAN ESPECIAL.,2.0,0.017,11.98
12483,2026-08-03,2026-08-09,9:00:00 PM,-FLAN.,1.0,0.007,4.99
12484,2026-08-03,2026-08-09,9:00:00 PM,FRIJOL PEQUENO.,2.0,0.009,5.98
12485,2026-08-03,2026-08-09,9:00:00 PM,FRITURAS DE MALANGA,1.0,0.009,6.5
12486,2026-08-03,2026-08-09,9:00:00 PM,GALLETA DELICIOSAS,1.0,0.005,3.6
12487,2026-08-03,2026-08-09,9:00:00 PM,Heineken,2.0,0.016,10.98
12488,2026-08-03,2026-08-09,9:00:00 PM,HORDE DEPAN,1.0,0.002,1.5
12489,2026-08-03,2026-08-09,9:00:00 PM,HORDEN DE LIMON,2.0,0.006,3.98
12490,2026-08-03,2026-08-09,9:00:00 PM,JUGO.NARANJA.,3.0,0.023,15.75
12491,2026-08-03,2026-08-09,9:00:00 PM,Juntas,3.0,0.0,0.0
12492,2026-08-03,2026-08-09,9:00:00 PM,JUPIÑA.,3.0,0.011,7.5
12493,2026-08-03,2026-08-09,9:00:00 PM,LIMONADA,1.0,0.007,4.5
12494,2026-08-03,2026-08-09,9:00:00 PM,LIMONADA FRESA,1.0,0.009,5.99
12495,2026-08-03,2026-08-09,9:00:00 PM,MADIO.POLLO A la brasa,1.0,0.02,13.99
12496,2026-08-03,2026-08-09,9:00:00 PM,-MADUROS.,1.0,0.007,4.49
12497,2026-08-03,2026-08-09,9:00:00 PM,-MASAS DE PUERCO,2.0,0.041,28.38
12498,2026-08-03,2026-08-09,9:00:00 PM,-MASAS DE PUERCO.,1.0,0.02,13.99
12499,2026-08-03,2026-08-09,9:00:00 PM,MATERVA.,1.0,0.004,2.5
12500,2026-08-03,2026-08-09,9:00:00 PM,MEDIA NOCHE.,2.0,0.03,20.38
12501,2026-08-03,2026-08-09,9:00:00 PM,-MEDIO POLLO A BRASA.,2.0,0.038,25.98
12502,2026-08-03,2026-08-09,9:00:00 PM,MELON..SANDIA,3.0,0.02,13.5
12503,2026-08-03,2026-08-09,9:00:00 PM,NATILLA,1.0,0.007,4.99
12504,2026-08-03,2026-08-09,9:00:00 PM,NATILLA CATALANA,1.0,0.009,6.25
12505,2026-08-03,2026-08-09,9:00:00 PM,-PAN CON BISTEC.,1.0,0.016,11.19
12506,2026-08-03,2026-08-09,9:00:00 PM,-PARGO FRITO,2.0,0.069,47.98
12507,2026-08-03,2026-08-09,9:00:00 PM,-PARGO FRITO ENTERO.,1.0,0.038,25.99
12508,2026-08-03,2026-08-09,9:00:00 PM,POLLO EMPANIZADO,1.0,0.021,14.49
12509,2026-08-03,2026-08-09,9:00:00 PM,PRESIDENTE..,1.0,0.008,5.49
12510,2026-08-03,2026-08-09,9:00:00 PM,RIÑONADA.CON.3. CAMAR,1.0,0.043,29.99
12511,2026-08-03,2026-08-09,9:00:00 PM,ROPA VIEJA...,2.0,0.048,33.38
12512,2026-08-03,2026-08-09,9:00:00 PM,Sopa de Pollo Grande,3.0,0.037,25.47
12513,2026-08-03,2026-08-09,9:00:00 PM,Sopa Pollo Medina,7.0,0.056,38.43
12514,2026-08-03,2026-08-09,9:00:00 PM,T0 GO MESA,9.0,0.005,3.15
12515,2026-08-03,2026-08-09,9:00:00 PM,TAMAL,1.0,0.004,2.99
12516,2026-08-03,2026-08-09,9:00:00 PM,TAMAL.CAZUELA GRANDE.,1.0,0.016,11.19
12517,2026-08-03,2026-08-09,9:00:00 PM,To Go.,3.0,0.001,0.6
12518,2026-08-03,2026-08-09,9:00:00 PM,To Go..,3.0,0.001,0.75
12519,2026-08-03,2026-08-09,9:00:00 PM,TOSTONES.,1.0,0.007,4.99
12520,2026-08-03,2026-08-09,9:00:00 PM,-VACA FRITA,3.0,0.074,51.17
12521,2026-08-03,2026-08-09,9:00:00 PM,-VACA FRITA.,1.0,0.023,16.19
12522,2026-08-03,2026-08-09,10:00:00 PM,== TO GO ==,1.0,0.0,0.2
12523,2026-08-03,2026-08-09,10:00:00 PM,AGUA NATURAL,3.0,0.009,5.97
12524,2026-08-03,2026-08-09,10:00:00 PM,ARROZ CON LECHE,2.0,0.016,10.98
12525,2026-08-03,2026-08-09,10:00:00 PM,HORDEN DE CHICHARON.,1.0,0.005,3.25
12526,2026-08-03,2026-08-09,10:00:00 PM,Sopa de Pollo Grande,1.0,0.012,8.49
12527,2026-08-03,2026-08-09,10:00:00 PM,TRES LECHES.,1.0,0.009,5.99
12528,2026-08-03,2026-08-09,10:00:00 PM,RESUMEN DE LA HORA,9.0,0.051,34.88
