,week_start,week_end,hour,item,quantity,price
0,2026-07-20,2026-07-26,10:00:00 AM,2 Piezas De Cordero,1.0,25.19
1,2026-07-20,2026-07-26,10:00:00 AM,"2,,Wafle",2.0,9.98
2,2026-07-20,2026-07-26,10:00:00 AM,305 Morados,1.0,6.25
5,2026-07-20,2026-07-26,10:00:00 AM,Agua Perrier,1.0,3.49
6,2026-07-20,2026-07-26,10:00:00 AM,Ajiaco Mediano,1.0,7.19
7,2026-07-20,2026-07-26,10:00:00 AM,Ajiaco..Grande,1.0,10.69
8,2026-07-20,2026-07-26,10:00:00 AM,Albondigas.Res,1.0,14.19
9,2026-07-20,2026-07-26,10:00:00 AM,Arroz Blanco,1.0,3.25
10,2026-07-20,2026-07-26,10:00:00 AM,Arroz Con Puerco,1.0,13.19
11,2026-07-20,2026-07-26,10:00:00 AM,Bacon,1.0,4.99
12,2026-07-20,2026-07-26,10:00:00 AM,Batido .Fresa,1.0,4.99
13,2026-07-20,2026-07-26,10:00:00 AM,Batido Mamey,3.0,16.47
14,2026-07-20,2026-07-26,10:00:00 AM,Batido Mango,2.0,9.98
15,2026-07-20,2026-07-26,10:00:00 AM,Bistec A Caballo,4.0,61.71
16,2026-07-20,2026-07-26,10:00:00 AM,Bistec De Pollo,8.0,109.52
17,2026-07-20,2026-07-26,10:00:00 AM,Bistec Palomilla,2.0,35.98
18,2026-07-20,2026-07-26,10:00:00 AM,Caesar /Pollo,1.0,12.99
19,2026-07-20,2026-07-26,10:00:00 AM,Caf.Lec.Evap.Chico,1.0,3.0
20,2026-07-20,2026-07-26,10:00:00 AM,Cafe American Grande,1.0,3.25
21,2026-07-20,2026-07-26,10:00:00 AM,Cafe Con Leche Grande,2.0,9.0
22,2026-07-20,2026-07-26,10:00:00 AM,Cafe Con Leche Mediano,2.0,7.5
23,2026-07-20,2026-07-26,10:00:00 AM,Cafe Con Leche Pequeno,17.0,42.5
24,2026-07-20,2026-07-26,10:00:00 AM,Cafe Cubano,16.0,24.0
25,2026-07-20,2026-07-26,10:00:00 AM,Caldo Gallego.Mediano,1.0,7.99
28,2026-07-20,2026-07-26,10:00:00 AM,Chevere,3.0,3.75
29,2026-07-20,2026-07-26,10:00:00 AM,Chicharo Mediano,2.0,13.98
30,2026-07-20,2026-07-26,10:00:00 AM,Choripan,1.0,10.19
31,2026-07-20,2026-07-26,10:00:00 AM,Chuletas De Puerco,1.0,14.69
32,2026-07-20,2026-07-26,10:00:00 AM,Churrasco,2.0,52.18
33,2026-07-20,2026-07-26,10:00:00 AM,Coke,4.0,10.0
34,2026-07-20,2026-07-26,10:00:00 AM,Colada,4.0,11.0
35,2026-07-20,2026-07-26,10:00:00 AM,Con Evaporada,2.0,3.0
36,2026-07-20,2026-07-26,10:00:00 AM,Congri,1.0,3.99
37,2026-07-20,2026-07-26,10:00:00 AM,Cortadito,5.0,10.21
38,2026-07-20,2026-07-26,10:00:00 AM,Cortadito Evaporada,2.0,5.0
39,2026-07-20,2026-07-26,10:00:00 AM,Crema Calabaza Grande,1.0,9.99
40,2026-07-20,2026-07-26,10:00:00 AM,Crema Calabaza Median,1.0,6.99
41,2026-07-20,2026-07-26,10:00:00 AM,Crema Malanga Mediana,3.0,20.97
42,2026-07-20,2026-07-26,10:00:00 AM,Crema Malanga.Grande,3.0,31.47
43,2026-07-20,2026-07-26,10:00:00 AM,Crema Vegetales Median,2.0,13.98
44,2026-07-20,2026-07-26,10:00:00 AM,Crema. Malanga Chiquit,1.0,4.5
45,2026-07-20,2026-07-26,10:00:00 AM,Croqueta Bacalao,7.0,13.93
46,2026-07-20,2026-07-26,10:00:00 AM,Croqueta Jamon,42.0,73.5
47,2026-07-20,2026-07-26,10:00:00 AM,Croqueta Pollo,2.0,3.5
48,2026-07-20,2026-07-26,10:00:00 AM,Croqueta Preparada,1.0,12.19
49,2026-07-20,2026-07-26,10:00:00 AM,Deditos .Pescado,1.0,16.19
50,2026-07-20,2026-07-26,10:00:00 AM,Deditos De Pescado,1.0,16.19
51,2026-07-20,2026-07-26,10:00:00 AM,Deditos Queso/Guayaba,1.0,1.99
52,2026-07-20,2026-07-26,10:00:00 AM,Desallunos,47.0,577.93
53,2026-07-20,2026-07-26,10:00:00 AM,Desayuno Baby,2.0,17.98
54,2026-07-20,2026-07-26,10:00:00 AM,Diet Coke,1.0,2.25
55,2026-07-20,2026-07-26,10:00:00 AM,Empanada Carne,11.0,32.89
56,2026-07-20,2026-07-26,10:00:00 AM,Empanada Jamon/Queso,3.0,8.97
57,2026-07-20,2026-07-26,10:00:00 AM,Empanada Pollo,2.0,5.98
58,2026-07-20,2026-07-26,10:00:00 AM,Empnda Espinaca/Queso,2.0,5.98
59,2026-07-20,2026-07-26,10:00:00 AM,"Enpellas,Chicharones",1.0,6.0
60,2026-07-20,2026-07-26,10:00:00 AM,Ensala Aguacat Peque,3.0,13.5
61,2026-07-20,2026-07-26,10:00:00 AM,Ensalada Aguacat Grand,1.0,5.5
62,2026-07-20,2026-07-26,10:00:00 AM,Extra Aguacate,1.0,1.75
63,2026-07-20,2026-07-26,10:00:00 AM,Extra Queso Crema,1.0,1.75
64,2026-07-20,2026-07-26,10:00:00 AM,Fabada Grande,1.0,10.69
65,2026-07-20,2026-07-26,10:00:00 AM,Fabada Mediana,1.0,7.19
66,2026-07-20,2026-07-26,10:00:00 AM,Filete Salmon,1.0,19.2
67,2026-07-20,2026-07-26,10:00:00 AM,Filetillo Pollo Planch,1.0,15.19
68,2026-07-20,2026-07-26,10:00:00 AM,Flan,2.0,9.98
69,2026-07-20,2026-07-26,10:00:00 AM,Frituras De Malanga,1.0,6.5
70,2026-07-20,2026-07-26,10:00:00 AM,Galleta Deliciosas,1.0,3.6
71,2026-07-20,2026-07-26,10:00:00 AM,Garbanzo Grande,2.0,20.98
72,2026-07-20,2026-07-26,10:00:00 AM,Garbanzo.Mediano,1.0,6.99
73,2026-07-20,2026-07-26,10:00:00 AM,Gatorade Fruit Punch,1.0,3.99
74,2026-07-20,2026-07-26,10:00:00 AM,Harina Grande,1.0,10.19
75,2026-07-20,2026-07-26,10:00:00 AM,Harina Mediana,3.0,18.75
76,2026-07-20,2026-07-26,10:00:00 AM,Harina Pequeña,5.0,20.15
77,2026-07-20,2026-07-26,10:00:00 AM,Huevo Hervido,4.0,7.0
78,2026-07-20,2026-07-26,10:00:00 AM,Huevo Revuelto,2.0,3.0
79,2026-07-20,2026-07-26,10:00:00 AM,Jugo Maraculla,1.0,4.5
80,2026-07-20,2026-07-26,10:00:00 AM,Jugo Pina,2.0,9.0
81,2026-07-20,2026-07-26,10:00:00 AM,Jugo Zanahoria Naraja,3.0,14.97
82,2026-07-20,2026-07-26,10:00:00 AM,Jugo.Naranja,10.0,52.5
83,2026-07-20,2026-07-26,10:00:00 AM,Jupiña,1.0,2.5
84,2026-07-20,2026-07-26,10:00:00 AM,Leche Grande,1.0,3.25
85,2026-07-20,2026-07-26,10:00:00 AM,Leche Pequena,1.0,1.5
86,2026-07-20,2026-07-26,10:00:00 AM,Lentejas Grande,1.0,9.49
87,2026-07-20,2026-07-26,10:00:00 AM,Lentejas Mediana,3.0,20.97
88,2026-07-20,2026-07-26,10:00:00 AM,Limanada Coco,2.0,11.98
89,2026-07-20,2026-07-26,10:00:00 AM,Limonada,2.0,9.0
90,2026-07-20,2026-07-26,10:00:00 AM,Mariquitas,1.0,5.99
91,2026-07-20,2026-07-26,10:00:00 AM,Materva,1.0,2.5
92,2026-07-20,2026-07-26,10:00:00 AM,Media Noche,4.0,40.76
93,2026-07-20,2026-07-26,10:00:00 AM,Medio Pollo A Brasa,1.0,13.19
94,2026-07-20,2026-07-26,10:00:00 AM,Melon..Sandia,2.0,9.0
95,2026-07-20,2026-07-26,10:00:00 AM,Miami Sandwich,1.0,12.19
96,2026-07-20,2026-07-26,10:00:00 AM,Mini Sandwich,2.0,12.38
97,2026-07-20,2026-07-26,10:00:00 AM,Misc Cocina,1.0,1.5
98,2026-07-20,2026-07-26,10:00:00 AM,Mixto Pavo Espinaca,1.0,12.49
99,2026-07-20,2026-07-26,10:00:00 AM,Moros,2.0,7.98
100,2026-07-20,2026-07-26,10:00:00 AM,Palomilla Baby,2.0,22.0
101,2026-07-20,2026-07-26,10:00:00 AM,Pan Con Bistec,1.0,11.19
102,2026-07-20,2026-07-26,10:00:00 AM,Pan Con Tortilla,3.0,33.57
103,2026-07-20,2026-07-26,10:00:00 AM,Pan De Bono,2.0,3.98
104,2026-07-20,2026-07-26,10:00:00 AM,Papa Rellena,3.0,8.97
105,2026-07-20,2026-07-26,10:00:00 AM,Pasteles Guayaba,3.0,4.5
106,2026-07-20,2026-07-26,10:00:00 AM,Pasteles Queso,1.0,1.5
107,2026-07-20,2026-07-26,10:00:00 AM,Pepsi,1.0,2.5
108,2026-07-20,2026-07-26,10:00:00 AM,Perico De Claras,2.0,25.98
109,2026-07-20,2026-07-26,10:00:00 AM,Perico Ripiado,8.0,96.52
110,2026-07-20,2026-07-26,10:00:00 AM,Rabo Encendido,3.0,72.57000000000001
111,2026-07-20,2026-07-26,10:00:00 AM,Rinconcito Breakfast,3.0,42.17
112,2026-07-20,2026-07-26,10:00:00 AM,Riñonada,1.0,21.19
113,2026-07-20,2026-07-26,10:00:00 AM,Sopa De Pollo Grande,2.0,16.98
114,2026-07-20,2026-07-26,10:00:00 AM,Sopa De Res Grande,6.0,72.74
115,2026-07-20,2026-07-26,10:00:00 AM,Sopa De Res Mediana,2.0,16.18
116,2026-07-20,2026-07-26,10:00:00 AM,Sopa Pescado Grande,2.0,21.98
117,2026-07-20,2026-07-26,10:00:00 AM,Sopa Pescado Mediana,1.0,6.99
118,2026-07-20,2026-07-26,10:00:00 AM,Sopa Pollo Media,1.0,5.49
119,2026-07-20,2026-07-26,10:00:00 AM,Spaghetti Pollo Alfred,1.0,15.19
120,2026-07-20,2026-07-26,10:00:00 AM,Spaguetti/W Carne,1.0,15.99
122,2026-07-20,2026-07-26,10:00:00 AM,Tamal,8.0,23.92
123,2026-07-20,2026-07-26,10:00:00 AM,Tamal.Cazuela Grande,1.0,11.19
125,2026-07-20,2026-07-26,10:00:00 AM,Toreja Cubana,1.0,5.99
126,2026-07-20,2026-07-26,10:00:00 AM,Tortilla,5.0,58.6
127,2026-07-20,2026-07-26,10:00:00 AM,Tortilla Basca,1.0,12.49
128,2026-07-20,2026-07-26,10:00:00 AM,Tostada,13.0,25.87
129,2026-07-20,2026-07-26,10:00:00 AM,Tostada 2 Croquetas,1.0,5.19
130,2026-07-20,2026-07-26,10:00:00 AM,Tres Leches,3.0,17.97
131,2026-07-20,2026-07-26,10:00:00 AM,Vaca Frita,3.0,51.57
132,2026-07-20,2026-07-26,10:00:00 AM,Western Omlet Reg,4.0,45.16
133,2026-07-20,2026-07-26,10:00:00 PM,Aguacate$4.00,1.0,4.0
134,2026-07-20,2026-07-26,10:00:00 PM,Batido Chocolate,1.0,4.99
135,2026-07-20,2026-07-26,10:00:00 PM,Horden De 3 Chicharone,2.0,6.5
136,2026-07-20,2026-07-26,10:00:00 PM,Jugo Zanahoria Naraja,1.0,4.99
137,2026-07-20,2026-07-26,10:00:00 PM,Materva,1.0,2.5
138,2026-07-20,2026-07-26,10:00:00 PM,Natilla,1.0,4.99
140,2026-07-20,2026-07-26,11:00:00 AM,1 Bola Helado,2.0,5.98
141,2026-07-20,2026-07-26,11:00:00 AM,1 Pieza De Cordero,1.0,18.19
142,2026-07-20,2026-07-26,11:00:00 AM,1.Libra Ensala Pollo,1.0,8.99
143,2026-07-20,2026-07-26,11:00:00 AM,2 Piezas De Cordero,1.0,25.19
144,2026-07-20,2026-07-26,11:00:00 AM,305 Morados,3.0,18.75
147,2026-07-20,2026-07-26,11:00:00 AM,Aguacate $5.00,1.0,5.0
148,2026-07-20,2026-07-26,11:00:00 AM,Aguacate De 3.00,1.0,3.0
149,2026-07-20,2026-07-26,11:00:00 AM,Ajiaco Mediano,3.0,21.57
150,2026-07-20,2026-07-26,11:00:00 AM,Ajiaco..Grande,6.0,63.94
151,2026-07-20,2026-07-26,11:00:00 AM,Arros Con Pollo Pequen,1.0,50.0
152,2026-07-20,2026-07-26,11:00:00 AM,Arroz Blanco,1.0,3.25
153,2026-07-20,2026-07-26,11:00:00 AM,Arroz Con Leche,4.0,21.96
154,2026-07-20,2026-07-26,11:00:00 AM,Arroz Con Pollo,3.0,38.07
155,2026-07-20,2026-07-26,11:00:00 AM,Arroz Frito,2.0,27.18
156,2026-07-20,2026-07-26,11:00:00 AM,Arroz Imperial,1.0,14.19
157,2026-07-20,2026-07-26,11:00:00 AM,Arroz Pollo.Desmenuza,1.0,12.69
158,2026-07-20,2026-07-26,11:00:00 AM,Baby Churrasco,4.0,78.76
159,2026-07-20,2026-07-26,11:00:00 AM,Bacon,1.0,4.99
160,2026-07-20,2026-07-26,11:00:00 AM,Banana,1.0,0.5
161,2026-07-20,2026-07-26,11:00:00 AM,Bananas.3 $ 1.50,1.0,1.5
162,2026-07-20,2026-07-26,11:00:00 AM,Batido Mamey,14.0,76.86
163,2026-07-20,2026-07-26,11:00:00 AM,Batido Mango,2.0,9.98
164,2026-07-20,2026-07-26,11:00:00 AM,Batido Trigo,1.0,4.99
165,2026-07-20,2026-07-26,11:00:00 AM,Bistec A Caballo,5.0,72.65
166,2026-07-20,2026-07-26,11:00:00 AM,Bistec De Pollo,25.0,340.05
167,2026-07-20,2026-07-26,11:00:00 AM,Bistec De Puerco,1.0,17.69
168,2026-07-20,2026-07-26,11:00:00 AM,Bistec En Cazuela,1.0,14.49
169,2026-07-20,2026-07-26,11:00:00 AM,Bistec Palomilla,4.0,72.36
170,2026-07-20,2026-07-26,11:00:00 AM,Boniato Frito,2.0,9.98
171,2026-07-20,2026-07-26,11:00:00 AM,Boñuelos,2.0,10.98
172,2026-07-20,2026-07-26,11:00:00 AM,Caesar /Pollo,1.0,12.99
173,2026-07-20,2026-07-26,11:00:00 AM,Cafe American Mediano,1.0,3.0
174,2026-07-20,2026-07-26,11:00:00 AM,Cafe Americano Chiquit,1.0,2.99
175,2026-07-20,2026-07-26,11:00:00 AM,Cafe Con Leche Grande,1.0,4.5
176,2026-07-20,2026-07-26,11:00:00 AM,Cafe Con Leche Mediano,6.0,22.5
177,2026-07-20,2026-07-26,11:00:00 AM,Cafe Con Leche Pequeno,11.0,27.5
178,2026-07-20,2026-07-26,11:00:00 AM,Cafe Cubano,23.0,34.5
179,2026-07-20,2026-07-26,11:00:00 AM,Caldo Gallego.Mediano,1.0,7.99
180,2026-07-20,2026-07-26,11:00:00 AM,Camarones Al Ajillo,1.0,19.99
184,2026-07-20,2026-07-26,11:00:00 AM,Carne Con Papas,4.0,57.36
185,2026-07-20,2026-07-26,11:00:00 AM,Chicharo Grande,1.0,9.19
186,2026-07-20,2026-07-26,11:00:00 AM,Chicharo Mediano,1.0,6.99
187,2026-07-20,2026-07-26,11:00:00 AM,Cholcolate Chico,1.0,2.89
188,2026-07-20,2026-07-26,11:00:00 AM,Chuletas De Puerco,6.0,85.53999999999999
189,2026-07-20,2026-07-26,11:00:00 AM,Churrasco,6.0,155.94
190,2026-07-20,2026-07-26,11:00:00 AM,Club Sandwich,3.0,36.37
191,2026-07-20,2026-07-26,11:00:00 AM,Cocacola.Botella,4.0,13.96
192,2026-07-20,2026-07-26,11:00:00 AM,Coke,3.0,7.5
193,2026-07-20,2026-07-26,11:00:00 AM,Colada,4.0,11.0
194,2026-07-20,2026-07-26,11:00:00 AM,Colorados Grande,2.0,19.38
195,2026-07-20,2026-07-26,11:00:00 AM,Congri,1.0,3.99
196,2026-07-20,2026-07-26,11:00:00 AM,Copa Vino,1.0,8.99
197,2026-07-20,2026-07-26,11:00:00 AM,Cortadito,8.0,16.96
198,2026-07-20,2026-07-26,11:00:00 AM,Cortadito Evaporada,5.0,12.5
199,2026-07-20,2026-07-26,11:00:00 AM,Crema Brocoly,1.0,9.25
200,2026-07-20,2026-07-26,11:00:00 AM,Crema Calabaza Grande,2.0,19.98
201,2026-07-20,2026-07-26,11:00:00 AM,Crema Calabaza Median,1.0,6.99
202,2026-07-20,2026-07-26,11:00:00 AM,Crema Calabazachiquit,1.0,4.5
203,2026-07-20,2026-07-26,11:00:00 AM,Crema Malanga Mediana,5.0,34.95
204,2026-07-20,2026-07-26,11:00:00 AM,Crema Malanga.Grande,4.0,41.96
205,2026-07-20,2026-07-26,11:00:00 AM,Crema Vegetales Median,3.0,20.97
206,2026-07-20,2026-07-26,11:00:00 AM,Crema. Vegetalchiquita,1.0,4.5
207,2026-07-20,2026-07-26,11:00:00 AM,Croqueta Jamon,42.0,73.5
208,2026-07-20,2026-07-26,11:00:00 AM,Croqueta Pollo,2.0,3.5
209,2026-07-20,2026-07-26,11:00:00 AM,Croqueta Preparada,4.0,48.76
210,2026-07-20,2026-07-26,11:00:00 AM,Cubano Regular,7.0,70.93
211,2026-07-20,2026-07-26,11:00:00 AM,Cubierto,2.0,0.0
212,2026-07-20,2026-07-26,11:00:00 AM,Deditos .Pescado,4.0,56.56
213,2026-07-20,2026-07-26,11:00:00 AM,Deditos De Pescado,2.0,32.38
214,2026-07-20,2026-07-26,11:00:00 AM,Deditos De Pollo,1.0,13.19
215,2026-07-20,2026-07-26,11:00:00 AM,Desallunos,30.0,378.95
216,2026-07-20,2026-07-26,11:00:00 AM,Desayuno Baby,1.0,8.99
217,2026-07-20,2026-07-26,11:00:00 AM,Diet Coke,3.0,6.75
218,2026-07-20,2026-07-26,11:00:00 AM,Dulce De Leche,1.0,5.49
219,2026-07-20,2026-07-26,11:00:00 AM,Empanada Carne,8.0,23.92
220,2026-07-20,2026-07-26,11:00:00 AM,Empanada Jamon/Queso,8.0,23.92
221,2026-07-20,2026-07-26,11:00:00 AM,Empanada Pollo,5.0,14.95
222,2026-07-20,2026-07-26,11:00:00 AM,Empnda Espinaca/Queso,2.0,5.98
223,2026-07-20,2026-07-26,11:00:00 AM,"Enpellas,Chicharones",4.0,24.0
224,2026-07-20,2026-07-26,11:00:00 AM,Ensala Aguacat Peque,9.0,40.5
225,2026-07-20,2026-07-26,11:00:00 AM,Ensala Pollo 2 Croquet,3.0,37.47
226,2026-07-20,2026-07-26,11:00:00 AM,Ensalada Aguacat Grand,1.0,5.5
227,2026-07-20,2026-07-26,11:00:00 AM,Fabada Mediana,1.0,7.19
228,2026-07-20,2026-07-26,11:00:00 AM,Filete Curvina Plancha,1.0,19.19
229,2026-07-20,2026-07-26,11:00:00 AM,Filete De Mahimahi,1.0,17.19
230,2026-07-20,2026-07-26,11:00:00 AM,Filete Pescado Planch,1.0,17.19
231,2026-07-20,2026-07-26,11:00:00 AM,Filete Salmon,1.0,18.0
232,2026-07-20,2026-07-26,11:00:00 AM,Filetill Pollo Salsa,1.0,15.19
233,2026-07-20,2026-07-26,11:00:00 AM,Filetillo Pollo Planch,1.0,14.99
234,2026-07-20,2026-07-26,11:00:00 AM,Filetillo Res Salsa,1.0,15.19
235,2026-07-20,2026-07-26,11:00:00 AM,Flan,2.0,9.98
236,2026-07-20,2026-07-26,11:00:00 AM,Flan Especial,2.0,11.98
237,2026-07-20,2026-07-26,11:00:00 AM,Fricase De Pollo,2.0,22.18
238,2026-07-20,2026-07-26,11:00:00 AM,Fricase Puerco,1.0,13.45
239,2026-07-20,2026-07-26,11:00:00 AM,Frijol Grande,1.0,7.99
240,2026-07-20,2026-07-26,11:00:00 AM,Frijol Pequeno,2.0,5.98
241,2026-07-20,2026-07-26,11:00:00 AM,Galleta Deliciosas,2.0,7.2
242,2026-07-20,2026-07-26,11:00:00 AM,Garbanzo.Frito,1.0,14.19
243,2026-07-20,2026-07-26,11:00:00 AM,Garbanzo.Mediano,2.0,13.98
244,2026-07-20,2026-07-26,11:00:00 AM,Gatorade Fruit Punch,1.0,3.99
245,2026-07-20,2026-07-26,11:00:00 AM,Guarapo,1.0,5.25
246,2026-07-20,2026-07-26,11:00:00 AM,Guiso Maiz Grande,1.0,10.49
247,2026-07-20,2026-07-26,11:00:00 AM,Harina Pequeña,1.0,3.99
248,2026-07-20,2026-07-26,11:00:00 AM,Higado Italiana,1.0,14.99
249,2026-07-20,2026-07-26,11:00:00 AM,Horden De Limon,1.0,1.25
250,2026-07-20,2026-07-26,11:00:00 AM,Huevo Frito,9.0,13.5
251,2026-07-20,2026-07-26,11:00:00 AM,Huevo Revuelto,2.0,3.0
252,2026-07-20,2026-07-26,11:00:00 AM,Imperial,1.0,12.19
253,2026-07-20,2026-07-26,11:00:00 AM,Jugo Maraculla,1.0,4.5
254,2026-07-20,2026-07-26,11:00:00 AM,Jugo.Naranja,7.0,36.75
255,2026-07-20,2026-07-26,11:00:00 AM,Juntas,1.0,0.0
256,2026-07-20,2026-07-26,11:00:00 AM,Jupiña,1.0,2.5
257,2026-07-20,2026-07-26,11:00:00 AM,Lentejas Grande,1.0,9.49
258,2026-07-20,2026-07-26,11:00:00 AM,Lentejas Mediana,3.0,20.97
259,2026-07-20,2026-07-26,11:00:00 AM,Limonada,2.0,9.0
260,2026-07-20,2026-07-26,11:00:00 AM,Madio.Pollo A La Brasa,1.0,15.19
261,2026-07-20,2026-07-26,11:00:00 AM,Maduros,5.0,22.45
262,2026-07-20,2026-07-26,11:00:00 AM,Mariquitas,2.0,11.98
263,2026-07-20,2026-07-26,11:00:00 AM,Mariquitas.Togo,1.0,4.5
264,2026-07-20,2026-07-26,11:00:00 AM,Marlboro Rojo,2.0,24.0
265,2026-07-20,2026-07-26,11:00:00 AM,Masas De Puerco,8.0,112.82
266,2026-07-20,2026-07-26,11:00:00 AM,Media Noche,6.0,60.74
267,2026-07-20,2026-07-26,11:00:00 AM,Medio Pollo A Brasa,1.0,13.19
268,2026-07-20,2026-07-26,11:00:00 AM,Medio Pollo.Asado,4.0,54.56
269,2026-07-20,2026-07-26,11:00:00 AM,Melon..Sandia,2.0,9.0
270,2026-07-20,2026-07-26,11:00:00 AM,Miami Sandwich,3.0,36.37
271,2026-07-20,2026-07-26,11:00:00 AM,Milanesa De Pollo,1.0,15.99
272,2026-07-20,2026-07-26,11:00:00 AM,Mini Sandwich,1.0,5.99
273,2026-07-20,2026-07-26,11:00:00 AM,Misc Cocina,1.0,0.5
274,2026-07-20,2026-07-26,11:00:00 AM,Mofongo Puerco,2.0,33.98
275,2026-07-20,2026-07-26,11:00:00 AM,Natilla,1.0,4.99
276,2026-07-20,2026-07-26,11:00:00 AM,Palomilla Baby,1.0,11.0
277,2026-07-20,2026-07-26,11:00:00 AM,Pan Con Bistec,13.0,146.77
278,2026-07-20,2026-07-26,11:00:00 AM,Pan Con Lechon,7.0,67.83
279,2026-07-20,2026-07-26,11:00:00 AM,Pan De Bono,1.0,1.99
280,2026-07-20,2026-07-26,11:00:00 AM,Pan Jamaica,1.0,1.6
281,2026-07-20,2026-07-26,11:00:00 AM,Papa Rellena,4.0,11.96
282,2026-07-20,2026-07-26,11:00:00 AM,Papas Fritas,2.0,8.98
283,2026-07-20,2026-07-26,11:00:00 AM,Pasteles Guayaba,4.0,6.0
284,2026-07-20,2026-07-26,11:00:00 AM,Pasteles Queso/Guayaba,5.0,7.5
285,2026-07-20,2026-07-26,11:00:00 AM,Perico Ripiado,2.0,23.98
286,2026-07-20,2026-07-26,11:00:00 AM,Picadillo,3.0,43.07
287,2026-07-20,2026-07-26,11:00:00 AM,Pina Colada,1.0,6.99
288,2026-07-20,2026-07-26,11:00:00 AM,Potaje Colorados Media,2.0,14.38
289,2026-07-20,2026-07-26,11:00:00 AM,Pudin De Pan,1.0,5.49
290,2026-07-20,2026-07-26,11:00:00 AM,Pudin Diplomatico,3.0,16.47
291,2026-07-20,2026-07-26,11:00:00 AM,Rabo Encendido,4.0,97.36
292,2026-07-20,2026-07-26,11:00:00 AM,Racion De Malanga,1.0,5.99
293,2026-07-20,2026-07-26,11:00:00 AM,Rinconcito Breakfast,4.0,56.56
294,2026-07-20,2026-07-26,11:00:00 AM,Ropa Vieja,1.0,15.19
295,2026-07-20,2026-07-26,11:00:00 AM,Rueda De Serrucho,5.0,79.75
296,2026-07-20,2026-07-26,11:00:00 AM,Sandweches Pollo,4.0,46.76
297,2026-07-20,2026-07-26,11:00:00 AM,Sandwich Ensal Pollo,1.0,10.19
298,2026-07-20,2026-07-26,11:00:00 AM,Solo.Tomate,1.0,2.5
299,2026-07-20,2026-07-26,11:00:00 AM,Sopa De Pollo Grande,5.0,42.45
300,2026-07-20,2026-07-26,11:00:00 AM,Sopa De Res Grande,5.0,60.75
301,2026-07-20,2026-07-26,11:00:00 AM,Sopa De Res Mediana,4.0,32.16
302,2026-07-20,2026-07-26,11:00:00 AM,Sopa Pescado Grande,5.0,54.95
303,2026-07-20,2026-07-26,11:00:00 AM,Sopa Platano Grande,2.0,20.98
304,2026-07-20,2026-07-26,11:00:00 AM,Sopa Pollo Media,6.0,32.94
305,2026-07-20,2026-07-26,11:00:00 AM,Sopa. Pollo Chiquita,1.0,3.5
306,2026-07-20,2026-07-26,11:00:00 AM,Sopon Marinero,2.0,51.98
307,2026-07-20,2026-07-26,11:00:00 AM,Spaghetti Alfred Jamon,1.0,13.19
309,2026-07-20,2026-07-26,11:00:00 AM,Tamal,1.0,2.99
310,2026-07-20,2026-07-26,11:00:00 AM,Tamal Cazuela.Mediano,3.0,21.57
311,2026-07-20,2026-07-26,11:00:00 AM,Te Frio,1.0,2.99
313,2026-07-20,2026-07-26,11:00:00 AM,Tortilla,4.0,43.96
314,2026-07-20,2026-07-26,11:00:00 AM,Tortilla Basca,1.0,12.49
315,2026-07-20,2026-07-26,11:00:00 AM,Tostada,14.0,27.86
316,2026-07-20,2026-07-26,11:00:00 AM,Tostada 2 Croquetas,1.0,4.99
317,2026-07-20,2026-07-26,11:00:00 AM,Tostones,3.0,14.97
318,2026-07-20,2026-07-26,11:00:00 AM,Tres Leches,2.0,11.98
319,2026-07-20,2026-07-26,11:00:00 AM,Vaca Frita,4.0,67.76
320,2026-07-20,2026-07-26,11:00:00 AM,Western Omlet Reg,2.0,21.98
321,2026-07-20,2026-07-26,11:00:00 AM,Western Omlet Reg - Late,1.0,12.19
322,2026-07-20,2026-07-26,12:00:00 PM,1 Bola Helado,2.0,5.98
323,2026-07-20,2026-07-26,12:00:00 PM,1 Pieza De Cordero,3.0,54.37
324,2026-07-20,2026-07-26,12:00:00 PM,"1,,Wafle",1.0,2.5
325,2026-07-20,2026-07-26,12:00:00 PM,2 Piezas De Cordero,3.0,74.97
328,2026-07-20,2026-07-26,12:00:00 PM,Agua Natural,1.0,1.99
329,2026-07-20,2026-07-26,12:00:00 PM,Agua Perrier,1.0,3.49
330,2026-07-20,2026-07-26,12:00:00 PM,Aguacate $5.00,2.0,10.0
331,2026-07-20,2026-07-26,12:00:00 PM,Aguacate De 3.00,1.0,3.0
332,2026-07-20,2026-07-26,12:00:00 PM,Aguacate$4.00,1.0,4.0
333,2026-07-20,2026-07-26,12:00:00 PM,Ajiaco Mediano,6.0,42.54
334,2026-07-20,2026-07-26,12:00:00 PM,Ajiaco..Grande,6.0,64.14
335,2026-07-20,2026-07-26,12:00:00 PM,Albondigas.Res,2.0,28.18
336,2026-07-20,2026-07-26,12:00:00 PM,Arroz Blanco,1.0,3.25
337,2026-07-20,2026-07-26,12:00:00 PM,Arroz Chiquito,2.0,5.5
338,2026-07-20,2026-07-26,12:00:00 PM,Arroz Con Leche,1.0,5.49
339,2026-07-20,2026-07-26,12:00:00 PM,Arroz Con Pollo,2.0,25.38
340,2026-07-20,2026-07-26,12:00:00 PM,Arroz Con Puerco,2.0,25.98
341,2026-07-20,2026-07-26,12:00:00 PM,Arroz Frito,7.0,102.83
342,2026-07-20,2026-07-26,12:00:00 PM,Baby Churrasco,11.0,203.09
343,2026-07-20,2026-07-26,12:00:00 PM,Bananas.3 $ 1.50,1.0,1.5
344,2026-07-20,2026-07-26,12:00:00 PM,Batido Chocolate,2.0,9.98
345,2026-07-20,2026-07-26,12:00:00 PM,Batido Mamey,9.0,49.41
346,2026-07-20,2026-07-26,12:00:00 PM,Batido Mango,2.0,9.98
347,2026-07-20,2026-07-26,12:00:00 PM,Batido Trigo,1.0,4.99
348,2026-07-20,2026-07-26,12:00:00 PM,Best Mango,1.0,2.99
349,2026-07-20,2026-07-26,12:00:00 PM,Bistec A Caballo,2.0,28.98
350,2026-07-20,2026-07-26,12:00:00 PM,Bistec De Higado,1.0,13.49
351,2026-07-20,2026-07-26,12:00:00 PM,Bistec De Pollo,45.0,618.65
352,2026-07-20,2026-07-26,12:00:00 PM,Bistec De Puerco,6.0,94.34
353,2026-07-20,2026-07-26,12:00:00 PM,Bistec En Cazuela,2.0,30.18
354,2026-07-20,2026-07-26,12:00:00 PM,Bistec Palomilla,7.0,127.13
355,2026-07-20,2026-07-26,12:00:00 PM,Bocadito Preparado,1.0,9.19
356,2026-07-20,2026-07-26,12:00:00 PM,Boliche,2.0,30.18
357,2026-07-20,2026-07-26,12:00:00 PM,Bolita De Tuna,2.0,6.5
358,2026-07-20,2026-07-26,12:00:00 PM,Boniato Frito,1.0,4.99
359,2026-07-20,2026-07-26,12:00:00 PM,Boñuelos,3.0,16.47
360,2026-07-20,2026-07-26,12:00:00 PM,Cafe Con Leche Grande,7.0,31.5
361,2026-07-20,2026-07-26,12:00:00 PM,Cafe Con Leche Pequeno,7.0,17.5
362,2026-07-20,2026-07-26,12:00:00 PM,Cafe Cubano,33.0,49.5
363,2026-07-20,2026-07-26,12:00:00 PM,Caldo Gallego.Chiquito,1.0,4.49
364,2026-07-20,2026-07-26,12:00:00 PM,Camarones Al Ajillo,1.0,20.19
367,2026-07-20,2026-07-26,12:00:00 PM,Carne Con Papas,5.0,70.15
368,2026-07-20,2026-07-26,12:00:00 PM,Chichar Pollo C Hueso,1.0,13.69
369,2026-07-20,2026-07-26,12:00:00 PM,Chicharo Grande,1.0,9.19
370,2026-07-20,2026-07-26,12:00:00 PM,Chicharo Mediano,1.0,6.99
371,2026-07-20,2026-07-26,12:00:00 PM,Chilindron D Chivo,1.0,22.99
372,2026-07-20,2026-07-26,12:00:00 PM,Chimichurri,7.0,8.75
373,2026-07-20,2026-07-26,12:00:00 PM,Chuletas De Puerco,6.0,83.53999999999999
374,2026-07-20,2026-07-26,12:00:00 PM,Churrasco,5.0,130.15
375,2026-07-20,2026-07-26,12:00:00 PM,Club Sandwich,3.0,36.57
376,2026-07-20,2026-07-26,12:00:00 PM,Coke,18.0,45.0
377,2026-07-20,2026-07-26,12:00:00 PM,Colada,10.0,27.5
378,2026-07-20,2026-07-26,12:00:00 PM,Colorados Grande,3.0,29.07
379,2026-07-20,2026-07-26,12:00:00 PM,Congri,2.0,7.98
380,2026-07-20,2026-07-26,12:00:00 PM,Corona,5.0,27.45
381,2026-07-20,2026-07-26,12:00:00 PM,Cortadito,6.0,12.98
382,2026-07-20,2026-07-26,12:00:00 PM,Cortadito Evaporada,5.0,12.5
383,2026-07-20,2026-07-26,12:00:00 PM,Crema Brocoly,2.0,18.5
384,2026-07-20,2026-07-26,12:00:00 PM,Crema Calabaza Grande,2.0,19.98
385,2026-07-20,2026-07-26,12:00:00 PM,Crema Calabaza Median,3.0,20.97
386,2026-07-20,2026-07-26,12:00:00 PM,Crema Malanga Mediana,11.0,76.89
387,2026-07-20,2026-07-26,12:00:00 PM,Crema Malanga.Grande,1.0,10.49
388,2026-07-20,2026-07-26,12:00:00 PM,Crema Vegetales Median,3.0,20.97
389,2026-07-20,2026-07-26,12:00:00 PM,Crema. Malanga Chiquit,1.0,4.5
390,2026-07-20,2026-07-26,12:00:00 PM,Croqueta Bacalao,1.0,1.99
391,2026-07-20,2026-07-26,12:00:00 PM,Croqueta Jamon,35.0,61.25
392,2026-07-20,2026-07-26,12:00:00 PM,Croqueta Pollo,2.0,3.5
393,2026-07-20,2026-07-26,12:00:00 PM,Cubano Especial,3.0,36.57
394,2026-07-20,2026-07-26,12:00:00 PM,Cubano Regular,6.0,60.94
395,2026-07-20,2026-07-26,12:00:00 PM,Cubierto,1.0,0.0
396,2026-07-20,2026-07-26,12:00:00 PM,Deditos .Pescado,2.0,28.38
397,2026-07-20,2026-07-26,12:00:00 PM,Deditos De Pescado,2.0,32.18
398,2026-07-20,2026-07-26,12:00:00 PM,Deditos De Pollo,2.0,26.38
399,2026-07-20,2026-07-26,12:00:00 PM,Desallunos,12.0,151.93
400,2026-07-20,2026-07-26,12:00:00 PM,Diet Coke,2.0,4.5
401,2026-07-20,2026-07-26,12:00:00 PM,Dos Huevo Aros Papitas,2.0,17.98
402,2026-07-20,2026-07-26,12:00:00 PM,Dos Huevo Aros. Madur,1.0,8.99
403,2026-07-20,2026-07-26,12:00:00 PM,Empanada Carne,8.0,23.92
404,2026-07-20,2026-07-26,12:00:00 PM,Empanada Jamon/Queso,5.0,14.95
405,2026-07-20,2026-07-26,12:00:00 PM,Empanada Pollo,1.0,2.99
406,2026-07-20,2026-07-26,12:00:00 PM,Empnda Espinaca/Queso,1.0,2.99
407,2026-07-20,2026-07-26,12:00:00 PM,Enpanisado. Res,6.0,96.34
408,2026-07-20,2026-07-26,12:00:00 PM,"Enpellas,Chicharones",8.0,48.0
409,2026-07-20,2026-07-26,12:00:00 PM,Ensala Aguacat Peque,15.0,67.5
410,2026-07-20,2026-07-26,12:00:00 PM,Ensala Pollo 2 Croquet,3.0,37.47
411,2026-07-20,2026-07-26,12:00:00 PM,Ensalada Small,3.0,8.25
412,2026-07-20,2026-07-26,12:00:00 PM,Espaguetti Jamon,1.0,13.19
413,2026-07-20,2026-07-26,12:00:00 PM,Extra Aguacate,2.0,3.5
414,2026-07-20,2026-07-26,12:00:00 PM,Extra.Coco,1.0,1.99
415,2026-07-20,2026-07-26,12:00:00 PM,Fabada Mediana,2.0,14.38
416,2026-07-20,2026-07-26,12:00:00 PM,Filete Pescado Empani,4.0,70.16
417,2026-07-20,2026-07-26,12:00:00 PM,Filete Pescado Planch,3.0,51.37
418,2026-07-20,2026-07-26,12:00:00 PM,Filetillo De Carne,2.0,29.38
419,2026-07-20,2026-07-26,12:00:00 PM,Filetillo Pollo Planch,5.0,77.05
420,2026-07-20,2026-07-26,12:00:00 PM,Filetillo Res Plancha,1.0,14.99
421,2026-07-20,2026-07-26,12:00:00 PM,Flan,6.0,29.94
422,2026-07-20,2026-07-26,12:00:00 PM,Flan Especial,2.0,11.98
423,2026-07-20,2026-07-26,12:00:00 PM,Fricase De Pollo,6.0,66.74
424,2026-07-20,2026-07-26,12:00:00 PM,Frijol Grande,1.0,7.99
425,2026-07-20,2026-07-26,12:00:00 PM,Frijol Mediano,3.0,14.97
426,2026-07-20,2026-07-26,12:00:00 PM,Frijol Pequeno,2.0,5.98
427,2026-07-20,2026-07-26,12:00:00 PM,Frijol.Colorado Chiqui,1.0,3.99
428,2026-07-20,2026-07-26,12:00:00 PM,Frita Cubana,2.0,20.18
429,2026-07-20,2026-07-26,12:00:00 PM,Frituras De Malanga,3.0,19.5
430,2026-07-20,2026-07-26,12:00:00 PM,Garbanzo Grande,3.0,31.47
431,2026-07-20,2026-07-26,12:00:00 PM,Garbanzo.Frito,2.0,29.18
432,2026-07-20,2026-07-26,12:00:00 PM,Garbanzo.Mediano,1.0,6.99
433,2026-07-20,2026-07-26,12:00:00 PM,Guarapo,2.0,10.5
434,2026-07-20,2026-07-26,12:00:00 PM,Guiso Maiz Chiquito,1.0,3.99
435,2026-07-20,2026-07-26,12:00:00 PM,Guiso Maiz Grande,1.0,10.49
436,2026-07-20,2026-07-26,12:00:00 PM,Guiso.Maiz Mediano,5.0,34.95
437,2026-07-20,2026-07-26,12:00:00 PM,Hamburquesa.Con Queso,1.0,10.99
438,2026-07-20,2026-07-26,12:00:00 PM,Harina Mediana,1.0,6.25
439,2026-07-20,2026-07-26,12:00:00 PM,Heineken,2.0,10.98
440,2026-07-20,2026-07-26,12:00:00 PM,Helado Cono,6.0,21.0
441,2026-07-20,2026-07-26,12:00:00 PM,Higado Italiana,1.0,14.99
442,2026-07-20,2026-07-26,12:00:00 PM,Horden De 3 Chicharone,1.0,3.25
443,2026-07-20,2026-07-26,12:00:00 PM,Huevo Frito,3.0,4.5
444,2026-07-20,2026-07-26,12:00:00 PM,Huevo Revuelto,1.0,1.25
445,2026-07-20,2026-07-26,12:00:00 PM,Iron Beer,1.0,2.5
446,2026-07-20,2026-07-26,12:00:00 PM,Jamo.Piern.Chor.Queso,1.0,12.19
447,2026-07-20,2026-07-26,12:00:00 PM,Jarrito Naranja,1.0,3.49
448,2026-07-20,2026-07-26,12:00:00 PM,Jugo Maraculla,2.0,9.0
449,2026-07-20,2026-07-26,12:00:00 PM,Jugo Pina,1.0,4.5
450,2026-07-20,2026-07-26,12:00:00 PM,Jugo.Naranja,5.0,26.25
451,2026-07-20,2026-07-26,12:00:00 PM,Juntas,1.0,0.0
452,2026-07-20,2026-07-26,12:00:00 PM,Jupiña,3.0,7.5
453,2026-07-20,2026-07-26,12:00:00 PM,Leche Malteada,3.0,14.97
454,2026-07-20,2026-07-26,12:00:00 PM,Lechon Asado,1.0,14.19
455,2026-07-20,2026-07-26,12:00:00 PM,Lentejas Grande,1.0,9.49
456,2026-07-20,2026-07-26,12:00:00 PM,Lentejas Mediana,1.0,6.99
457,2026-07-20,2026-07-26,12:00:00 PM,Limonada,12.0,54.0
458,2026-07-20,2026-07-26,12:00:00 PM,Limonada Fresa,3.0,17.97
459,2026-07-20,2026-07-26,12:00:00 PM,Madio.Pollo A La Brasa,2.0,28.18
460,2026-07-20,2026-07-26,12:00:00 PM,Maduros,5.0,22.45
461,2026-07-20,2026-07-26,12:00:00 PM,Malboro Reg,2.0,24.0
462,2026-07-20,2026-07-26,12:00:00 PM,Mariquitas,1.0,5.99
463,2026-07-20,2026-07-26,12:00:00 PM,Mariquitas De Malanga,1.0,5.99
464,2026-07-20,2026-07-26,12:00:00 PM,Mariquitas..Mixta,1.0,5.49
465,2026-07-20,2026-07-26,12:00:00 PM,Masas De Puerco,8.0,114.41999999999999
466,2026-07-20,2026-07-26,12:00:00 PM,Materva,2.0,5.0
467,2026-07-20,2026-07-26,12:00:00 PM,Med Crema De Calabaza,1.0,7.19
468,2026-07-20,2026-07-26,12:00:00 PM,Media Noche,2.0,20.38
469,2026-07-20,2026-07-26,12:00:00 PM,Medio Pollo A Brasa,3.0,39.57
470,2026-07-20,2026-07-26,12:00:00 PM,Medio Pollo.Asado,2.0,27.18
471,2026-07-20,2026-07-26,12:00:00 PM,Melon..Sandia,1.0,4.5
472,2026-07-20,2026-07-26,12:00:00 PM,Miami Sandwich,1.0,12.19
473,2026-07-20,2026-07-26,12:00:00 PM,Milanesa De Pollo,3.0,48.37
474,2026-07-20,2026-07-26,12:00:00 PM,Milanesa Res,1.0,20.19
475,2026-07-20,2026-07-26,12:00:00 PM,Miller Light,1.0,4.99
476,2026-07-20,2026-07-26,12:00:00 PM,Mini Sandwich,1.0,5.99
477,2026-07-20,2026-07-26,12:00:00 PM,Misc Cocina,2.0,3.75
478,2026-07-20,2026-07-26,12:00:00 PM,Mofongo Puerco,3.0,50.97
479,2026-07-20,2026-07-26,12:00:00 PM,Natilla Catalana,1.0,6.25
480,2026-07-20,2026-07-26,12:00:00 PM,Pan Con Bistec,15.0,168.85
481,2026-07-20,2026-07-26,12:00:00 PM,Pan Con Lechon,3.0,29.07
482,2026-07-20,2026-07-26,12:00:00 PM,Pan Con Tortilla,1.0,10.99
483,2026-07-20,2026-07-26,12:00:00 PM,Pan De Bono,1.0,1.99
484,2026-07-20,2026-07-26,12:00:00 PM,Pan Jamaica,2.0,3.2
485,2026-07-20,2026-07-26,12:00:00 PM,Papa Rellena,2.0,5.98
486,2026-07-20,2026-07-26,12:00:00 PM,Papas Fritas,2.0,8.98
487,2026-07-20,2026-07-26,12:00:00 PM,Pargo Frito,2.0,49.18
488,2026-07-20,2026-07-26,12:00:00 PM,Pasteles Guayaba,5.0,7.5
489,2026-07-20,2026-07-26,12:00:00 PM,Pepsi,2.0,5.0
490,2026-07-20,2026-07-26,12:00:00 PM,Perico Ripiado,4.0,50.06
491,2026-07-20,2026-07-26,12:00:00 PM,Picadillo,2.0,28.38
492,2026-07-20,2026-07-26,12:00:00 PM,Pizza Personal,1.0,10.99
493,2026-07-20,2026-07-26,12:00:00 PM,Pollo Empanizado,3.0,44.07
494,2026-07-20,2026-07-26,12:00:00 PM,Potaje Colorados Media,1.0,7.19
495,2026-07-20,2026-07-26,12:00:00 PM,Pudin Diplomatico,5.0,27.45
496,2026-07-20,2026-07-26,12:00:00 PM,Pure Papas,1.0,4.49
497,2026-07-20,2026-07-26,12:00:00 PM,Rabo Encendido,3.0,72.37
498,2026-07-20,2026-07-26,12:00:00 PM,Rinconcito Breakfast,1.0,13.99
499,2026-07-20,2026-07-26,12:00:00 PM,Riñonada.Con.3. Camar,1.0,29.99
500,2026-07-20,2026-07-26,12:00:00 PM,Ropa Vieja,4.0,65.16
501,2026-07-20,2026-07-26,12:00:00 PM,Rueda De Serrucho,1.0,17.99
502,2026-07-20,2026-07-26,12:00:00 PM,Sachichas,1.0,2.99
503,2026-07-20,2026-07-26,12:00:00 PM,Sand Jamon Queso,1.0,9.19
504,2026-07-20,2026-07-26,12:00:00 PM,Sandweches Pollo,4.0,46.76
505,2026-07-20,2026-07-26,12:00:00 PM,Sdwc Tuna Regular,4.0,44.81
506,2026-07-20,2026-07-26,12:00:00 PM,Sm Sopa Pescado,1.0,4.25
507,2026-07-20,2026-07-26,12:00:00 PM,Sopa De Pollo Grande,3.0,25.47
508,2026-07-20,2026-07-26,12:00:00 PM,Sopa De Res Grande,6.0,72.94
509,2026-07-20,2026-07-26,12:00:00 PM,Sopa De Res Mediana,3.0,24.37
510,2026-07-20,2026-07-26,12:00:00 PM,Sopa Pescado Grande,4.0,43.96
511,2026-07-20,2026-07-26,12:00:00 PM,Sopa Pescado Mediana,1.0,6.99
512,2026-07-20,2026-07-26,12:00:00 PM,Sopa Platano Chiquita,1.0,3.99
513,2026-07-20,2026-07-26,12:00:00 PM,Sopa Platano Grande,1.0,10.49
514,2026-07-20,2026-07-26,12:00:00 PM,Sopa Platano Mediana,1.0,6.99
515,2026-07-20,2026-07-26,12:00:00 PM,Sopa Pollo Media,5.0,27.450000000000003
516,2026-07-20,2026-07-26,12:00:00 PM,Sopa. Pollo Chiquita,3.0,10.5
517,2026-07-20,2026-07-26,12:00:00 PM,Spaghetti Alfred Jamon,1.0,14.69
519,2026-07-20,2026-07-26,12:00:00 PM,Tamal,1.0,2.99
520,2026-07-20,2026-07-26,12:00:00 PM,Tamal Cazuela.Mediano,2.0,14.38
521,2026-07-20,2026-07-26,12:00:00 PM,Tamal.Cazuela Grande,7.0,78.13
522,2026-07-20,2026-07-26,12:00:00 PM,Tartara,1.0,1.0
523,2026-07-20,2026-07-26,12:00:00 PM,Te Frio,1.0,2.99
525,2026-07-20,2026-07-26,12:00:00 PM,Toreja Cubana,2.0,11.98
526,2026-07-20,2026-07-26,12:00:00 PM,Tortilla,3.0,32.97
527,2026-07-20,2026-07-26,12:00:00 PM,Tortilla Basca. - Late,1.0,13.69
528,2026-07-20,2026-07-26,12:00:00 PM,Tostada,8.0,15.92
529,2026-07-20,2026-07-26,12:00:00 PM,Tostones,2.0,9.98
530,2026-07-20,2026-07-26,12:00:00 PM,Tres Leches,4.0,23.96
531,2026-07-20,2026-07-26,12:00:00 PM,Vaca Frita,7.0,116.93
532,2026-07-20,2026-07-26,12:00:00 PM,Vegetal.Hervido,1.0,4.99
533,2026-07-20,2026-07-26,12:00:00 PM,Yuca Frita,2.0,10.98
535,2026-07-20,2026-07-26,1:00:00 PM,1 Bola Helado,3.0,8.97
536,2026-07-20,2026-07-26,1:00:00 PM,1 Pieza De Cordero,2.0,36.18
537,2026-07-20,2026-07-26,1:00:00 PM,2 Piezas De Cordero,1.0,25.19
540,2026-07-20,2026-07-26,1:00:00 PM,Aguacate$4.00,1.0,4.0
541,2026-07-20,2026-07-26,1:00:00 PM,Ajiaco Mediano,5.0,35.55
542,2026-07-20,2026-07-26,1:00:00 PM,Ajiaco..Grande,4.0,42.56
543,2026-07-20,2026-07-26,1:00:00 PM,Albondigas.Res,10.0,146.3
544,2026-07-20,2026-07-26,1:00:00 PM,Arroz Chiquito,2.0,5.5
545,2026-07-20,2026-07-26,1:00:00 PM,Arroz Con Pollo,8.0,105.22
546,2026-07-20,2026-07-26,1:00:00 PM,Arroz Con Puerco,1.0,12.99
547,2026-07-20,2026-07-26,1:00:00 PM,Arroz Frito,7.0,97.23
548,2026-07-20,2026-07-26,1:00:00 PM,Arroz Imperial,1.0,14.19
549,2026-07-20,2026-07-26,1:00:00 PM,Arroz Pollo.Desmenuza,1.0,12.49
550,2026-07-20,2026-07-26,1:00:00 PM,Baby Churrasco,7.0,136.13
551,2026-07-20,2026-07-26,1:00:00 PM,Bacalao Viscaina,3.0,60.37
552,2026-07-20,2026-07-26,1:00:00 PM,Batido Chocolate,4.0,19.96
553,2026-07-20,2026-07-26,1:00:00 PM,Batido Mamey,2.0,10.98
554,2026-07-20,2026-07-26,1:00:00 PM,Batido Mango,3.0,14.97
555,2026-07-20,2026-07-26,1:00:00 PM,Bistec A Caballo,1.0,14.69
556,2026-07-20,2026-07-26,1:00:00 PM,Bistec De Higado,1.0,13.69
557,2026-07-20,2026-07-26,1:00:00 PM,Bistec De Pollo,30.0,413.29999999999995
558,2026-07-20,2026-07-26,1:00:00 PM,Bistec De Puerco,2.0,32.98
559,2026-07-20,2026-07-26,1:00:00 PM,Bistec En Cazuela,4.0,60.16
560,2026-07-20,2026-07-26,1:00:00 PM,Bistec Palomilla,10.0,182.4
561,2026-07-20,2026-07-26,1:00:00 PM,Bola Ensalada Pollo,1.0,3.25
562,2026-07-20,2026-07-26,1:00:00 PM,Boliche,4.0,60.16
563,2026-07-20,2026-07-26,1:00:00 PM,Boliche Asado,1.0,16.49
564,2026-07-20,2026-07-26,1:00:00 PM,Boniato Frito,1.0,4.99
565,2026-07-20,2026-07-26,1:00:00 PM,Boñuelos,5.0,27.45
566,2026-07-20,2026-07-26,1:00:00 PM,Caesar /Pollo,1.0,12.99
567,2026-07-20,2026-07-26,1:00:00 PM,Caesar Chiquita Saldad,1.0,3.0
568,2026-07-20,2026-07-26,1:00:00 PM,Caf.Lec.Evap.Chico,1.0,3.0
569,2026-07-20,2026-07-26,1:00:00 PM,Cafe Con Leche Grande,3.0,13.5
570,2026-07-20,2026-07-26,1:00:00 PM,Cafe Con Leche Mediano,1.0,3.75
571,2026-07-20,2026-07-26,1:00:00 PM,Cafe Con Leche Pequeno,3.0,7.5
572,2026-07-20,2026-07-26,1:00:00 PM,Cafe Cubano,58.0,87.0
573,2026-07-20,2026-07-26,1:00:00 PM,Caldo Gallego.Mediano,1.0,7.99
574,2026-07-20,2026-07-26,1:00:00 PM,Caldo.Gallego Grande,2.0,23.38
575,2026-07-20,2026-07-26,1:00:00 PM,Camarones Al Ajillo,2.0,39.98
576,2026-07-20,2026-07-26,1:00:00 PM,Camarones Empanizad,1.0,20.19
577,2026-07-20,2026-07-26,1:00:00 PM,Camarones Enchilado,2.0,39.98
580,2026-07-20,2026-07-26,1:00:00 PM,Carne Con Papas,2.0,27.98
581,2026-07-20,2026-07-26,1:00:00 PM,Cascos Guava Queso,1.0,5.99
582,2026-07-20,2026-07-26,1:00:00 PM,Chichar Pollo Sin Hues,1.0,13.49
583,2026-07-20,2026-07-26,1:00:00 PM,Chicharo Mediano,3.0,20.97
584,2026-07-20,2026-07-26,1:00:00 PM,Chicharron De Pollo,1.0,11.99
585,2026-07-20,2026-07-26,1:00:00 PM,Chuletas De Puerco,6.0,86.94
586,2026-07-20,2026-07-26,1:00:00 PM,Churrasco,3.0,79.17
587,2026-07-20,2026-07-26,1:00:00 PM,Club Sandwich,1.0,11.99
588,2026-07-20,2026-07-26,1:00:00 PM,Coco,1.0,1.5
589,2026-07-20,2026-07-26,1:00:00 PM,Coke,14.0,35.0
590,2026-07-20,2026-07-26,1:00:00 PM,Colada,6.0,16.5
591,2026-07-20,2026-07-26,1:00:00 PM,Colorados Grande,1.0,9.69
592,2026-07-20,2026-07-26,1:00:00 PM,Copa Vino,3.0,26.97
593,2026-07-20,2026-07-26,1:00:00 PM,Corona,5.0,27.45
594,2026-07-20,2026-07-26,1:00:00 PM,Cortadito,6.0,12.98
595,2026-07-20,2026-07-26,1:00:00 PM,Cortadito Evaporada,7.0,17.5
596,2026-07-20,2026-07-26,1:00:00 PM,Crema Brocoly,8.0,74.0
597,2026-07-20,2026-07-26,1:00:00 PM,Crema Calabaza Grande,2.0,19.98
598,2026-07-20,2026-07-26,1:00:00 PM,Crema Calabaza Median,2.0,13.98
599,2026-07-20,2026-07-26,1:00:00 PM,Crema Calabazachiquit,1.0,4.5
600,2026-07-20,2026-07-26,1:00:00 PM,Crema Malanga Mediana,4.0,27.96
601,2026-07-20,2026-07-26,1:00:00 PM,Crema Malanga.Grande,4.0,41.96
602,2026-07-20,2026-07-26,1:00:00 PM,Crema Vegetal Grande,1.0,10.49
603,2026-07-20,2026-07-26,1:00:00 PM,Crema Vegetales Median,6.0,41.94
604,2026-07-20,2026-07-26,1:00:00 PM,Crema Vegetales.Chiqui,1.0,3.99
605,2026-07-20,2026-07-26,1:00:00 PM,Crema. Malanga Chiquit,4.0,18.0
606,2026-07-20,2026-07-26,1:00:00 PM,Crema. Vegetalchiquita,1.0,4.5
607,2026-07-20,2026-07-26,1:00:00 PM,Cremita,1.0,1.25
608,2026-07-20,2026-07-26,1:00:00 PM,Croqueta Bacalao,3.0,5.97
609,2026-07-20,2026-07-26,1:00:00 PM,Croqueta Jamon,31.0,54.25
610,2026-07-20,2026-07-26,1:00:00 PM,Croqueta Preparada,1.0,12.19
611,2026-07-20,2026-07-26,1:00:00 PM,Cubano Especial,2.0,24.38
612,2026-07-20,2026-07-26,1:00:00 PM,Cubano Regular,2.0,20.38
613,2026-07-20,2026-07-26,1:00:00 PM,Cubierto,1.0,0.0
614,2026-07-20,2026-07-26,1:00:00 PM,Deditos .Pescado,6.0,84.14
615,2026-07-20,2026-07-26,1:00:00 PM,Deditos De Pescado,2.0,32.38
616,2026-07-20,2026-07-26,1:00:00 PM,Deditos De Pollo Kids,1.0,7.99
617,2026-07-20,2026-07-26,1:00:00 PM,Deditos De Queso,2.0,3.98
618,2026-07-20,2026-07-26,1:00:00 PM,Desallunos,7.0,86.28
619,2026-07-20,2026-07-26,1:00:00 PM,Desayuno Baby,1.0,8.99
620,2026-07-20,2026-07-26,1:00:00 PM,Diet Coke,3.0,6.75
621,2026-07-20,2026-07-26,1:00:00 PM,Diet Materva,3.0,7.5
622,2026-07-20,2026-07-26,1:00:00 PM,Dos Huevo Aros. Madur,2.0,17.98
623,2026-07-20,2026-07-26,1:00:00 PM,Empanada Carne,5.0,14.95
624,2026-07-20,2026-07-26,1:00:00 PM,Empanada Jamon/Queso,2.0,5.98
625,2026-07-20,2026-07-26,1:00:00 PM,Empanada Pollo,3.0,8.97
626,2026-07-20,2026-07-26,1:00:00 PM,Enpanisado. Res,5.0,80.15
627,2026-07-20,2026-07-26,1:00:00 PM,"Enpellas,Chicharones",2.0,12.0
628,2026-07-20,2026-07-26,1:00:00 PM,Ensala Aguacat Peque,17.0,76.5
629,2026-07-20,2026-07-26,1:00:00 PM,Ensala Pollo 2 Croquet,2.0,24.98
630,2026-07-20,2026-07-26,1:00:00 PM,Ensalada Aguacat Grand,2.0,11.0
631,2026-07-20,2026-07-26,1:00:00 PM,Ensalada Mixta,2.0,13.0
632,2026-07-20,2026-07-26,1:00:00 PM,Ensalada Small,2.0,5.5
633,2026-07-20,2026-07-26,1:00:00 PM,Extra Aguacate,1.0,1.75
634,2026-07-20,2026-07-26,1:00:00 PM,Extra.Coco,1.0,1.99
635,2026-07-20,2026-07-26,1:00:00 PM,Filete Ala Francesa,1.0,20.19
636,2026-07-20,2026-07-26,1:00:00 PM,Filete Curvina Plancha,1.0,18.99
637,2026-07-20,2026-07-26,1:00:00 PM,Filete De Mahimahi,1.0,16.99
638,2026-07-20,2026-07-26,1:00:00 PM,Filete Pargo Plancha,1.0,20.99
639,2026-07-20,2026-07-26,1:00:00 PM,Filete Pescado Planch,3.0,52.17
640,2026-07-20,2026-07-26,1:00:00 PM,Filetillo De Carne,3.0,41.07
641,2026-07-20,2026-07-26,1:00:00 PM,Filetillo Pollo Planch,4.0,60.56
642,2026-07-20,2026-07-26,1:00:00 PM,Flan,7.0,34.93
643,2026-07-20,2026-07-26,1:00:00 PM,Flan Especial,7.0,41.93
644,2026-07-20,2026-07-26,1:00:00 PM,Fricase Puerco,2.0,26.9
645,2026-07-20,2026-07-26,1:00:00 PM,Frijol Grande,1.0,7.99
646,2026-07-20,2026-07-26,1:00:00 PM,Frijol Mediano,1.0,4.99
647,2026-07-20,2026-07-26,1:00:00 PM,Frijol Pequeno,4.0,11.96
648,2026-07-20,2026-07-26,1:00:00 PM,Frijol.Colorado Chiqui,1.0,3.99
649,2026-07-20,2026-07-26,1:00:00 PM,Frita Cubana,2.0,20.38
650,2026-07-20,2026-07-26,1:00:00 PM,Fritura Vacalao,1.0,6.5
651,2026-07-20,2026-07-26,1:00:00 PM,Frituras De Malanga,1.0,6.5
652,2026-07-20,2026-07-26,1:00:00 PM,Garbanzo Grande,2.0,20.98
653,2026-07-20,2026-07-26,1:00:00 PM,Garbanzo.Chiquito,1.0,3.99
654,2026-07-20,2026-07-26,1:00:00 PM,Garbanzo.Mediano,3.0,20.97
655,2026-07-20,2026-07-26,1:00:00 PM,Guarapo,3.0,15.75
656,2026-07-20,2026-07-26,1:00:00 PM,Guiso Maiz Chiquito,2.0,7.98
657,2026-07-20,2026-07-26,1:00:00 PM,Guiso.Maiz Mediano,4.0,27.96
658,2026-07-20,2026-07-26,1:00:00 PM,Harina Mediana,1.0,6.45
659,2026-07-20,2026-07-26,1:00:00 PM,Heineken,6.0,32.94
660,2026-07-20,2026-07-26,1:00:00 PM,Helado Cono,2.0,7.0
661,2026-07-20,2026-07-26,1:00:00 PM,Higado Italiana,1.0,14.99
662,2026-07-20,2026-07-26,1:00:00 PM,Horde Depan,2.0,3.0
663,2026-07-20,2026-07-26,1:00:00 PM,Horden De 3 Chicharone,1.0,3.25
664,2026-07-20,2026-07-26,1:00:00 PM,Huevo Frito,1.0,1.5
665,2026-07-20,2026-07-26,1:00:00 PM,Iron Beer,1.0,2.5
666,2026-07-20,2026-07-26,1:00:00 PM,Jarrito Naranja,1.0,3.49
667,2026-07-20,2026-07-26,1:00:00 PM,Jugo Maraculla,4.0,18.0
668,2026-07-20,2026-07-26,1:00:00 PM,Jugo Pina,4.0,18.0
669,2026-07-20,2026-07-26,1:00:00 PM,Jugo Zanahoria Naraja,1.0,4.99
670,2026-07-20,2026-07-26,1:00:00 PM,Jugo.Naranja,12.0,63.0
671,2026-07-20,2026-07-26,1:00:00 PM,Jupina Dieta,1.0,2.5
672,2026-07-20,2026-07-26,1:00:00 PM,Jupiña,2.0,5.0
673,2026-07-20,2026-07-26,1:00:00 PM,Kerns Mango,1.0,2.5
674,2026-07-20,2026-07-26,1:00:00 PM,Lechon Asado,1.0,13.99
675,2026-07-20,2026-07-26,1:00:00 PM,Lentejas Grande,1.0,9.49
676,2026-07-20,2026-07-26,1:00:00 PM,Lentejas Mediana,1.0,6.99
677,2026-07-20,2026-07-26,1:00:00 PM,Limanada Coco,2.0,11.98
678,2026-07-20,2026-07-26,1:00:00 PM,Limonada,17.0,76.5
679,2026-07-20,2026-07-26,1:00:00 PM,Madio.Pollo A La Brasa,1.0,14.19
680,2026-07-20,2026-07-26,1:00:00 PM,Maduros,6.0,26.94
681,2026-07-20,2026-07-26,1:00:00 PM,Malta,5.0,16.25
682,2026-07-20,2026-07-26,1:00:00 PM,Mariquitas,3.0,17.97
683,2026-07-20,2026-07-26,1:00:00 PM,Mariquitas De Malanga,2.0,11.98
684,2026-07-20,2026-07-26,1:00:00 PM,Mariquitas..Mixta,1.0,5.49
685,2026-07-20,2026-07-26,1:00:00 PM,Masas De Puerco,18.0,250.82
686,2026-07-20,2026-07-26,1:00:00 PM,Materva,2.0,5.0
687,2026-07-20,2026-07-26,1:00:00 PM,Med Crema De Calabaza,1.0,6.99
688,2026-07-20,2026-07-26,1:00:00 PM,Media Noche,5.0,50.55
689,2026-07-20,2026-07-26,1:00:00 PM,Medio Pollo A Brasa,5.0,67.55
690,2026-07-20,2026-07-26,1:00:00 PM,Medio Pollo Frito,2.0,29.18
691,2026-07-20,2026-07-26,1:00:00 PM,Medio Pollo.Asado,2.0,28.18
692,2026-07-20,2026-07-26,1:00:00 PM,Melon..Sandia,4.0,18.0
693,2026-07-20,2026-07-26,1:00:00 PM,Miami Sandwich,2.0,24.18
694,2026-07-20,2026-07-26,1:00:00 PM,Milanesa De Pollo,3.0,48.37
695,2026-07-20,2026-07-26,1:00:00 PM,Mini Sandwich,1.0,5.99
696,2026-07-20,2026-07-26,1:00:00 PM,Modelo,1.0,5.49
697,2026-07-20,2026-07-26,1:00:00 PM,Mofongo Puerco,1.0,16.99
698,2026-07-20,2026-07-26,1:00:00 PM,Mofongo Solo,2.0,15.98
699,2026-07-20,2026-07-26,1:00:00 PM,Moros,1.0,3.99
700,2026-07-20,2026-07-26,1:00:00 PM,Pan Con Bistec,12.0,134.08
701,2026-07-20,2026-07-26,1:00:00 PM,Pan Con Lechon,1.0,9.49
702,2026-07-20,2026-07-26,1:00:00 PM,Papa Rellena,1.0,2.99
703,2026-07-20,2026-07-26,1:00:00 PM,Pargo Frito,1.0,23.99
704,2026-07-20,2026-07-26,1:00:00 PM,Pasteles Queso,1.0,1.5
705,2026-07-20,2026-07-26,1:00:00 PM,Perico Ripiado,4.0,48.56
706,2026-07-20,2026-07-26,1:00:00 PM,Picadillo,4.0,56.36
707,2026-07-20,2026-07-26,1:00:00 PM,Pizza Peperoni,1.0,12.99
708,2026-07-20,2026-07-26,1:00:00 PM,Pizza Personal,1.0,10.99
709,2026-07-20,2026-07-26,1:00:00 PM,Platano Hervido,1.0,4.99
710,2026-07-20,2026-07-26,1:00:00 PM,Potaje Colorados Media,2.0,14.38
711,2026-07-20,2026-07-26,1:00:00 PM,Pudin De Pan,5.0,27.45
712,2026-07-20,2026-07-26,1:00:00 PM,Pudin Diplomatico,4.0,21.96
713,2026-07-20,2026-07-26,1:00:00 PM,Rabo Encendido,19.0,457.61
714,2026-07-20,2026-07-26,1:00:00 PM,Racion De Malanga,2.0,11.98
715,2026-07-20,2026-07-26,1:00:00 PM,Riñonada,2.0,43.18
716,2026-07-20,2026-07-26,1:00:00 PM,Ropa Vieja,5.0,77.25
717,2026-07-20,2026-07-26,1:00:00 PM,Rueda De Serrucho,5.0,78.14999999999999
718,2026-07-20,2026-07-26,1:00:00 PM,Sand Jamon Queso,2.0,18.38
719,2026-07-20,2026-07-26,1:00:00 PM,Sandwiche Queso Regula,1.0,11.44
720,2026-07-20,2026-07-26,1:00:00 PM,Sandwiches..Pollo.Empa,1.0,14.19
721,2026-07-20,2026-07-26,1:00:00 PM,Sm Sopa Pescado,3.0,12.75
722,2026-07-20,2026-07-26,1:00:00 PM,Solo.Tomate,2.0,5.0
723,2026-07-20,2026-07-26,1:00:00 PM,Sopa De Pollo Grande,5.0,42.45
724,2026-07-20,2026-07-26,1:00:00 PM,Sopa De Res Grande,9.0,108.51
725,2026-07-20,2026-07-26,1:00:00 PM,Sopa De Res Mediana,7.0,57.33
726,2026-07-20,2026-07-26,1:00:00 PM,Sopa Pescado Grande,1.0,10.99
727,2026-07-20,2026-07-26,1:00:00 PM,Sopa Pescado Mediana,4.0,27.96
728,2026-07-20,2026-07-26,1:00:00 PM,Sopa Platano Chiquita,3.0,11.97
729,2026-07-20,2026-07-26,1:00:00 PM,Sopa Platano Grande,4.0,41.96
730,2026-07-20,2026-07-26,1:00:00 PM,Sopa Platano Mediana,2.0,13.98
731,2026-07-20,2026-07-26,1:00:00 PM,Sopa Pollo Media,9.0,49.41
732,2026-07-20,2026-07-26,1:00:00 PM,Sopa. Pollo Chiquita,2.0,7.0
733,2026-07-20,2026-07-26,1:00:00 PM,Spaghetti Pollo Alfred,2.0,30.38
734,2026-07-20,2026-07-26,1:00:00 PM,Spriet,2.0,5.0
735,2026-07-20,2026-07-26,1:00:00 PM,Stella Artois,1.0,5.49
737,2026-07-20,2026-07-26,1:00:00 PM,Tamal,5.0,14.95
738,2026-07-20,2026-07-26,1:00:00 PM,Tamal Cazuela.Mediano,1.0,7.19
739,2026-07-20,2026-07-26,1:00:00 PM,Te Caliente,1.0,2.25
741,2026-07-20,2026-07-26,1:00:00 PM,Torre.1/2,1.0,16.0
742,2026-07-20,2026-07-26,1:00:00 PM,Tortilla,1.0,12.19
743,2026-07-20,2026-07-26,1:00:00 PM,Tostada,2.0,3.98
744,2026-07-20,2026-07-26,1:00:00 PM,Tostada 2 Croquetas,4.0,22.16
745,2026-07-20,2026-07-26,1:00:00 PM,Tostones,2.0,9.98
746,2026-07-20,2026-07-26,1:00:00 PM,Tres Leches,3.0,17.97
747,2026-07-20,2026-07-26,1:00:00 PM,Vaca Frita,11.0,186.29
748,2026-07-20,2026-07-26,1:00:00 PM,Vegetal.Salteado,1.0,5.49
749,2026-07-20,2026-07-26,1:00:00 PM,Western Omlet Reg - Late,1.0,13.49
751,2026-07-20,2026-07-26,2:00:00 PM,1.Libra Ensala Pollo,1.0,8.99
754,2026-07-20,2026-07-26,2:00:00 PM,Agua Natural,1.0,1.99
755,2026-07-20,2026-07-26,2:00:00 PM,Agua Perrier,1.0,3.49
756,2026-07-20,2026-07-26,2:00:00 PM,Ajiaco Mediano,2.0,14.18
757,2026-07-20,2026-07-26,2:00:00 PM,Ajiaco..Grande,7.0,74.83
758,2026-07-20,2026-07-26,2:00:00 PM,Albondigas.Res,1.0,13.99
759,2026-07-20,2026-07-26,2:00:00 PM,Arros Con Mariscos,1.0,40.19
760,2026-07-20,2026-07-26,2:00:00 PM,Arroz Blanco,8.0,26.0
761,2026-07-20,2026-07-26,2:00:00 PM,Arroz Chiquito,3.0,9.75
762,2026-07-20,2026-07-26,2:00:00 PM,Arroz Con Leche,2.0,10.98
763,2026-07-20,2026-07-26,2:00:00 PM,Arroz Con Pollo,7.0,92.83
764,2026-07-20,2026-07-26,2:00:00 PM,Arroz Con Puerco,1.0,13.19
765,2026-07-20,2026-07-26,2:00:00 PM,Arroz Frito,4.0,54.559999999999995
766,2026-07-20,2026-07-26,2:00:00 PM,Arroz Pollo.Desmenuza,3.0,37.87
767,2026-07-20,2026-07-26,2:00:00 PM,Baby Churrasco,8.0,159.12
768,2026-07-20,2026-07-26,2:00:00 PM,Banana,1.0,0.5
769,2026-07-20,2026-07-26,2:00:00 PM,Batido Fruta Bonba,8.0,39.92
770,2026-07-20,2026-07-26,2:00:00 PM,Batido Mamey,10.0,54.9
771,2026-07-20,2026-07-26,2:00:00 PM,Best Mango,1.0,2.99
772,2026-07-20,2026-07-26,2:00:00 PM,Bistec A Caballo,3.0,44.07
773,2026-07-20,2026-07-26,2:00:00 PM,Bistec De Pollo,37.0,504.13
774,2026-07-20,2026-07-26,2:00:00 PM,Bistec De Puerco,6.0,93.94
775,2026-07-20,2026-07-26,2:00:00 PM,Bistec En Cazuela,2.0,29.18
776,2026-07-20,2026-07-26,2:00:00 PM,Bistec Palomilla,13.0,242.77
777,2026-07-20,2026-07-26,2:00:00 PM,Bola Ensalada Pollo,4.0,13.0
778,2026-07-20,2026-07-26,2:00:00 PM,Boliche,2.0,30.38
779,2026-07-20,2026-07-26,2:00:00 PM,Boliche Asado,3.0,50.07
780,2026-07-20,2026-07-26,2:00:00 PM,Boñuelos,4.0,21.96
781,2026-07-20,2026-07-26,2:00:00 PM,Caesar /Pollo,1.0,12.99
782,2026-07-20,2026-07-26,2:00:00 PM,Caf.Lec.Evap.Chico,4.0,12.0
783,2026-07-20,2026-07-26,2:00:00 PM,Cafe American Mediano,1.0,3.0
784,2026-07-20,2026-07-26,2:00:00 PM,Cafe Con Leche Mediano,1.0,3.75
785,2026-07-20,2026-07-26,2:00:00 PM,Cafe Con Leche Pequeno,9.0,22.5
786,2026-07-20,2026-07-26,2:00:00 PM,Cafe Cubano,29.0,43.5
787,2026-07-20,2026-07-26,2:00:00 PM,Caldo Gallego.Chiquito,1.0,4.49
788,2026-07-20,2026-07-26,2:00:00 PM,Caldo Gallego.Mediano,5.0,40.55
789,2026-07-20,2026-07-26,2:00:00 PM,Caldo.Gallego Grande,1.0,11.69
790,2026-07-20,2026-07-26,2:00:00 PM,Camarones Enchilado,6.0,120.94
791,2026-07-20,2026-07-26,2:00:00 PM,Carne Con Papas,3.0,42.37
792,2026-07-20,2026-07-26,2:00:00 PM,Chichar Pollo Sin Hues,7.0,99.63
793,2026-07-20,2026-07-26,2:00:00 PM,Chicharo Mediano,1.0,6.99
794,2026-07-20,2026-07-26,2:00:00 PM,Chilindron D Chivo,1.0,21.99
795,2026-07-20,2026-07-26,2:00:00 PM,Chuletas De Puerco,7.0,100.63
796,2026-07-20,2026-07-26,2:00:00 PM,Churrasco,2.0,52.18
797,2026-07-20,2026-07-26,2:00:00 PM,Club Sandwich,2.0,23.98
798,2026-07-20,2026-07-26,2:00:00 PM,Coke,19.0,47.5
799,2026-07-20,2026-07-26,2:00:00 PM,Coke Cero,2.0,5.0
800,2026-07-20,2026-07-26,2:00:00 PM,Colada,6.0,16.5
801,2026-07-20,2026-07-26,2:00:00 PM,Colorados Grande,1.0,9.69
802,2026-07-20,2026-07-26,2:00:00 PM,Copa Vino,4.0,35.96
803,2026-07-20,2026-07-26,2:00:00 PM,Corona,2.0,10.98
804,2026-07-20,2026-07-26,2:00:00 PM,Cortadito,11.0,24.23
805,2026-07-20,2026-07-26,2:00:00 PM,Cortadito Evaporada,10.0,25.0
806,2026-07-20,2026-07-26,2:00:00 PM,Crema Brocoly,1.0,9.25
807,2026-07-20,2026-07-26,2:00:00 PM,Crema Calabaza Grande,6.0,59.940000000000005
808,2026-07-20,2026-07-26,2:00:00 PM,Crema Calabaza Median,2.0,13.98
809,2026-07-20,2026-07-26,2:00:00 PM,Crema Malanga Mediana,9.0,62.91
810,2026-07-20,2026-07-26,2:00:00 PM,Crema Malanga.Grande,4.0,41.96
811,2026-07-20,2026-07-26,2:00:00 PM,Crema Vegetales Median,3.0,20.97
812,2026-07-20,2026-07-26,2:00:00 PM,Crema Vegetales.Chiqui,2.0,7.98
813,2026-07-20,2026-07-26,2:00:00 PM,Crema. Vegetalchiquita,1.0,4.5
814,2026-07-20,2026-07-26,2:00:00 PM,Croqueta Bacalao,2.0,3.98
815,2026-07-20,2026-07-26,2:00:00 PM,Croqueta Jamon,19.0,33.25
816,2026-07-20,2026-07-26,2:00:00 PM,Croqueta Preparada,1.0,11.99
817,2026-07-20,2026-07-26,2:00:00 PM,Cubano Especial,1.0,12.19
818,2026-07-20,2026-07-26,2:00:00 PM,Cubano Regular,5.0,50.55
819,2026-07-20,2026-07-26,2:00:00 PM,Cubierto,1.0,0.0
820,2026-07-20,2026-07-26,2:00:00 PM,Cuchura,1.0,0.0
821,2026-07-20,2026-07-26,2:00:00 PM,Deditos .Pescado,1.0,14.19
822,2026-07-20,2026-07-26,2:00:00 PM,Deditos De Pescado,1.0,17.49
823,2026-07-20,2026-07-26,2:00:00 PM,Deditos De Pollo,1.0,13.19
824,2026-07-20,2026-07-26,2:00:00 PM,Deditos Queso/Guayaba,2.0,3.98
825,2026-07-20,2026-07-26,2:00:00 PM,Diet Coke,1.0,2.25
826,2026-07-20,2026-07-26,2:00:00 PM,Diet Materva,1.0,2.5
827,2026-07-20,2026-07-26,2:00:00 PM,Dtc,1.0,6.25
828,2026-07-20,2026-07-26,2:00:00 PM,Dulce De Leche,2.0,10.98
829,2026-07-20,2026-07-26,2:00:00 PM,Empanada Carne,4.0,11.96
830,2026-07-20,2026-07-26,2:00:00 PM,Empanada Pollo,3.0,8.97
831,2026-07-20,2026-07-26,2:00:00 PM,Enpanada Colonbiana,2.0,4.98
832,2026-07-20,2026-07-26,2:00:00 PM,Enpanisado. Res,2.0,32.18
833,2026-07-20,2026-07-26,2:00:00 PM,"Enpellas,Chicharones",1.0,6.0
834,2026-07-20,2026-07-26,2:00:00 PM,Ensala Aguacat Peque,8.0,36.0
835,2026-07-20,2026-07-26,2:00:00 PM,Ensala Pollo 2 Croquet,3.0,37.47
836,2026-07-20,2026-07-26,2:00:00 PM,Ensalada Aguacat Grand,1.0,5.5
837,2026-07-20,2026-07-26,2:00:00 PM,Ensalada Small,1.0,2.75
838,2026-07-20,2026-07-26,2:00:00 PM,Espaguetti Jamon,1.0,12.99
839,2026-07-20,2026-07-26,2:00:00 PM,Fabada Grande,4.0,42.76
840,2026-07-20,2026-07-26,2:00:00 PM,Fabada Mediana,2.0,14.38
841,2026-07-20,2026-07-26,2:00:00 PM,Filete Pargo Plancha,2.0,41.98
842,2026-07-20,2026-07-26,2:00:00 PM,Filete Pescado Empani,4.0,69.96
843,2026-07-20,2026-07-26,2:00:00 PM,Filete Pescado Planch,2.0,34.38
844,2026-07-20,2026-07-26,2:00:00 PM,Filete Salmon,2.0,36.2
845,2026-07-20,2026-07-26,2:00:00 PM,Filetillo Pollo Planch,4.0,60.36
846,2026-07-20,2026-07-26,2:00:00 PM,Filetillo Res Plancha,2.0,29.98
847,2026-07-20,2026-07-26,2:00:00 PM,Flan,1.0,4.99
848,2026-07-20,2026-07-26,2:00:00 PM,Flan Especial,8.0,47.92
849,2026-07-20,2026-07-26,2:00:00 PM,Fricase De Pollo,5.0,55.55
850,2026-07-20,2026-07-26,2:00:00 PM,Fricase Puerco,4.0,53.0
851,2026-07-20,2026-07-26,2:00:00 PM,Frijol Grande,2.0,15.98
852,2026-07-20,2026-07-26,2:00:00 PM,Frijol Mediano,1.0,4.99
853,2026-07-20,2026-07-26,2:00:00 PM,Frijol Pequeno,4.0,11.96
854,2026-07-20,2026-07-26,2:00:00 PM,Frijol.Colorado Chiqui,1.0,3.99
855,2026-07-20,2026-07-26,2:00:00 PM,Frita Cubana,2.0,20.38
856,2026-07-20,2026-07-26,2:00:00 PM,Garbanzo.Mediano,2.0,13.98
857,2026-07-20,2026-07-26,2:00:00 PM,Guarapo,2.0,10.5
858,2026-07-20,2026-07-26,2:00:00 PM,Guiso Maiz Grande,1.0,10.49
859,2026-07-20,2026-07-26,2:00:00 PM,Guiso.Maiz Mediano,2.0,13.98
860,2026-07-20,2026-07-26,2:00:00 PM,Hamburquesa.Con Queso,1.0,10.99
861,2026-07-20,2026-07-26,2:00:00 PM,Helado Cono,2.0,7.0
862,2026-07-20,2026-07-26,2:00:00 PM,Horde Depan,1.0,1.5
863,2026-07-20,2026-07-26,2:00:00 PM,Horden De 3 Chicharone,3.0,9.75
864,2026-07-20,2026-07-26,2:00:00 PM,Horden De Limon,1.0,1.25
865,2026-07-20,2026-07-26,2:00:00 PM,Huevo Frito,2.0,3.0
866,2026-07-20,2026-07-26,2:00:00 PM,Iron Beer,2.0,5.0
867,2026-07-20,2026-07-26,2:00:00 PM,Jugo Maraculla,4.0,18.0
868,2026-07-20,2026-07-26,2:00:00 PM,Jugo Pina,2.0,9.0
869,2026-07-20,2026-07-26,2:00:00 PM,Jugo Zanahoria Naraja,1.0,4.99
870,2026-07-20,2026-07-26,2:00:00 PM,Jugo.Naranja,9.0,47.25
871,2026-07-20,2026-07-26,2:00:00 PM,Jupiña,2.0,5.0
872,2026-07-20,2026-07-26,2:00:00 PM,Lechon Asado,2.0,27.98
873,2026-07-20,2026-07-26,2:00:00 PM,Lechuga Cebolla Pepino,1.0,4.99
874,2026-07-20,2026-07-26,2:00:00 PM,Lentejas Grande,1.0,9.49
875,2026-07-20,2026-07-26,2:00:00 PM,Lentejas Mediana,4.0,27.96
876,2026-07-20,2026-07-26,2:00:00 PM,Lentejas.Chiquita,3.0,11.97
877,2026-07-20,2026-07-26,2:00:00 PM,Limonada,4.0,18.0
878,2026-07-20,2026-07-26,2:00:00 PM,Limonada Fresa,2.0,11.98
879,2026-07-20,2026-07-26,2:00:00 PM,Madio.Pollo A La Brasa,2.0,27.98
880,2026-07-20,2026-07-26,2:00:00 PM,Maduros,3.0,13.47
881,2026-07-20,2026-07-26,2:00:00 PM,Mariquitas,7.0,41.93
882,2026-07-20,2026-07-26,2:00:00 PM,Mariquitas De Malanga,2.0,11.98
883,2026-07-20,2026-07-26,2:00:00 PM,Mariquitas.Togo,1.0,4.5
884,2026-07-20,2026-07-26,2:00:00 PM,Masas De Puerco,12.0,167.57999999999998
885,2026-07-20,2026-07-26,2:00:00 PM,Materva,2.0,5.0
886,2026-07-20,2026-07-26,2:00:00 PM,Media Noche,8.0,81.32
887,2026-07-20,2026-07-26,2:00:00 PM,Medio Pollo A Brasa,1.0,15.19
888,2026-07-20,2026-07-26,2:00:00 PM,Medio Pollo Frito,1.0,13.69
889,2026-07-20,2026-07-26,2:00:00 PM,Medio Pollo.Asado,1.0,13.19
890,2026-07-20,2026-07-26,2:00:00 PM,Melon..Sandia,2.0,9.0
891,2026-07-20,2026-07-26,2:00:00 PM,Miami Sandwich,1.0,11.99
892,2026-07-20,2026-07-26,2:00:00 PM,Milanesa De Pollo,3.0,50.37
893,2026-07-20,2026-07-26,2:00:00 PM,Misc Cocina,2.0,7.0
894,2026-07-20,2026-07-26,2:00:00 PM,Modelo,4.0,21.96
895,2026-07-20,2026-07-26,2:00:00 PM,Mofongo Puerco,4.0,67.96
896,2026-07-20,2026-07-26,2:00:00 PM,Mofongo Solo,2.0,15.98
897,2026-07-20,2026-07-26,2:00:00 PM,Moros,5.0,19.95
898,2026-07-20,2026-07-26,2:00:00 PM,Pan Con Bistec,15.0,167.85
899,2026-07-20,2026-07-26,2:00:00 PM,Pan Con Lechon,1.0,9.49
900,2026-07-20,2026-07-26,2:00:00 PM,Papa Rellena,1.0,2.99
901,2026-07-20,2026-07-26,2:00:00 PM,Papas Fritas,2.0,8.98
902,2026-07-20,2026-07-26,2:00:00 PM,Pargo Frito Entero,1.0,25.99
903,2026-07-20,2026-07-26,2:00:00 PM,Pasteles Guayaba,1.0,1.5
904,2026-07-20,2026-07-26,2:00:00 PM,Pepsi,1.0,2.5
905,2026-07-20,2026-07-26,2:00:00 PM,Picadillo,8.0,113.32
906,2026-07-20,2026-07-26,2:00:00 PM,Pina Colada,2.0,13.98
907,2026-07-20,2026-07-26,2:00:00 PM,Pita Fuma Gigante,4.0,8.0
908,2026-07-20,2026-07-26,2:00:00 PM,Pizza Personal,1.0,10.99
909,2026-07-20,2026-07-26,2:00:00 PM,Potaje Colorados Media,4.0,28.56
910,2026-07-20,2026-07-26,2:00:00 PM,Pudin De Pan,2.0,10.98
911,2026-07-20,2026-07-26,2:00:00 PM,Pudin Diplomatico,2.0,10.98
912,2026-07-20,2026-07-26,2:00:00 PM,Pure Papas,2.0,8.98
913,2026-07-20,2026-07-26,2:00:00 PM,Rabo Encendido,9.0,218.91
914,2026-07-20,2026-07-26,2:00:00 PM,Racion De Malanga,2.0,11.98
915,2026-07-20,2026-07-26,2:00:00 PM,Rinconcito Breakfast,1.0,13.99
916,2026-07-20,2026-07-26,2:00:00 PM,Riñonada,1.0,22.49
917,2026-07-20,2026-07-26,2:00:00 PM,Riñonada.Con.3. Camar,1.0,29.99
918,2026-07-20,2026-07-26,2:00:00 PM,Ropa Vieja,8.0,128.42
919,2026-07-20,2026-07-26,2:00:00 PM,Rueda De Serrucho,3.0,47.17
920,2026-07-20,2026-07-26,2:00:00 PM,Sandwich Bacon,1.0,9.99
921,2026-07-20,2026-07-26,2:00:00 PM,Sandwiches..Pollo.Empa,2.0,25.38
922,2026-07-20,2026-07-26,2:00:00 PM,Sdwc Tuna Regular,1.0,12.29
923,2026-07-20,2026-07-26,2:00:00 PM,Sm Ajiaco,1.0,3.99
924,2026-07-20,2026-07-26,2:00:00 PM,Soda Ginjer,1.0,2.5
925,2026-07-20,2026-07-26,2:00:00 PM,Sopa De Pollo Grande,10.0,84.9
926,2026-07-20,2026-07-26,2:00:00 PM,Sopa De Res Grande,7.0,85.13
927,2026-07-20,2026-07-26,2:00:00 PM,Sopa De Res Mediana,3.0,23.97
928,2026-07-20,2026-07-26,2:00:00 PM,Sopa Pescado Mediana,2.0,13.98
929,2026-07-20,2026-07-26,2:00:00 PM,Sopa Platano Chiquita,3.0,11.97
930,2026-07-20,2026-07-26,2:00:00 PM,Sopa Platano Grande,3.0,31.47
931,2026-07-20,2026-07-26,2:00:00 PM,Sopa Platano Mediana,2.0,13.98
932,2026-07-20,2026-07-26,2:00:00 PM,Sopa Pollo Media,7.0,38.629999999999995
933,2026-07-20,2026-07-26,2:00:00 PM,Sopa. Pollo Chiquita,5.0,17.5
934,2026-07-20,2026-07-26,2:00:00 PM,Spagheti Carne Salsa R,1.0,15.99
935,2026-07-20,2026-07-26,2:00:00 PM,Spaguetti/W Carne,1.0,15.99
936,2026-07-20,2026-07-26,2:00:00 PM,Spriet,3.0,7.5
938,2026-07-20,2026-07-26,2:00:00 PM,Tama. Cazuela Chiquito,1.0,4.5
939,2026-07-20,2026-07-26,2:00:00 PM,Tamal,2.0,5.98
940,2026-07-20,2026-07-26,2:00:00 PM,Tamal Cazuela.Mediano,3.0,21.17
941,2026-07-20,2026-07-26,2:00:00 PM,Tamal.Cazuela Grande,2.0,22.38
943,2026-07-20,2026-07-26,2:00:00 PM,Toreja Cubana,1.0,5.99
944,2026-07-20,2026-07-26,2:00:00 PM,Tortilla,1.0,12.49
945,2026-07-20,2026-07-26,2:00:00 PM,Tostada,5.0,9.95
946,2026-07-20,2026-07-26,2:00:00 PM,Tostones,4.0,19.96
947,2026-07-20,2026-07-26,2:00:00 PM,Tres Leches,3.0,17.97
948,2026-07-20,2026-07-26,2:00:00 PM,Vaca Frita,15.0,254.25
949,2026-07-20,2026-07-26,2:00:00 PM,Vegetal.Salteado,1.0,5.49
950,2026-07-20,2026-07-26,2:00:00 PM,Yuca,1.0,4.49
952,2026-07-20,2026-07-26,3:00:00 PM,1 Pieza De Cordero,1.0,18.19
953,2026-07-20,2026-07-26,3:00:00 PM,2 Piezas De Cordero,1.0,25.19
954,2026-07-20,2026-07-26,3:00:00 PM,305 Morados,2.0,12.5
957,2026-07-20,2026-07-26,3:00:00 PM,Agua Natural,3.0,5.97
958,2026-07-20,2026-07-26,3:00:00 PM,Agua Perrier,1.0,3.49
959,2026-07-20,2026-07-26,3:00:00 PM,Aguacate $5.00,2.0,10.0
960,2026-07-20,2026-07-26,3:00:00 PM,Aguacate$4.00,1.0,4.0
961,2026-07-20,2026-07-26,3:00:00 PM,Ajiaco..Grande,4.0,42.76
962,2026-07-20,2026-07-26,3:00:00 PM,Albondigas.Res,1.0,14.19
963,2026-07-20,2026-07-26,3:00:00 PM,Arroz Blanco,1.0,3.25
964,2026-07-20,2026-07-26,3:00:00 PM,Arroz Chiquito,4.0,12.0
965,2026-07-20,2026-07-26,3:00:00 PM,Arroz Con Camarones,1.0,21.99
966,2026-07-20,2026-07-26,3:00:00 PM,Arroz Con Leche,4.0,21.96
967,2026-07-20,2026-07-26,3:00:00 PM,Arroz Con Pollo,3.0,38.67
968,2026-07-20,2026-07-26,3:00:00 PM,Arroz Con Puerco,2.0,26.18
969,2026-07-20,2026-07-26,3:00:00 PM,Arroz Frito,6.0,82.74
970,2026-07-20,2026-07-26,3:00:00 PM,Baby Churrasco,10.0,194.89999999999998
971,2026-07-20,2026-07-26,3:00:00 PM,Bacalao Viscaina,1.0,19.99
972,2026-07-20,2026-07-26,3:00:00 PM,Batido .Fresa,2.0,9.98
973,2026-07-20,2026-07-26,3:00:00 PM,Batido Chocolate,8.0,39.92
974,2026-07-20,2026-07-26,3:00:00 PM,Batido Fruta Bonba,2.0,9.98
975,2026-07-20,2026-07-26,3:00:00 PM,Batido Mamey,8.0,43.92
976,2026-07-20,2026-07-26,3:00:00 PM,Batido Trigo,1.0,4.99
977,2026-07-20,2026-07-26,3:00:00 PM,Bistec De Higado,1.0,13.49
978,2026-07-20,2026-07-26,3:00:00 PM,Bistec De Pollo,23.0,315.47
979,2026-07-20,2026-07-26,3:00:00 PM,Bistec De Puerco,1.0,15.69
980,2026-07-20,2026-07-26,3:00:00 PM,Bistec En Cazuela,2.0,31.18
981,2026-07-20,2026-07-26,3:00:00 PM,Bistec Palomilla,7.0,126.73
982,2026-07-20,2026-07-26,3:00:00 PM,Boliche,3.0,46.87
983,2026-07-20,2026-07-26,3:00:00 PM,Cafe American Grande,1.0,3.25
984,2026-07-20,2026-07-26,3:00:00 PM,Cafe Con Leche Grande,1.0,4.5
985,2026-07-20,2026-07-26,3:00:00 PM,Cafe Con Leche Pequeno,11.0,27.5
986,2026-07-20,2026-07-26,3:00:00 PM,Cafe Cubano,30.0,45.0
987,2026-07-20,2026-07-26,3:00:00 PM,Cafecito,1.0,0.99
988,2026-07-20,2026-07-26,3:00:00 PM,Caldo Gallego.Mediano,2.0,16.38
989,2026-07-20,2026-07-26,3:00:00 PM,Caldosos,1.0,0.0
990,2026-07-20,2026-07-26,3:00:00 PM,Camarone A La Plancha,1.0,22.19
991,2026-07-20,2026-07-26,3:00:00 PM,Camarones Empanizad,1.0,22.19
992,2026-07-20,2026-07-26,3:00:00 PM,Camarones Enchilado,1.0,20.99
997,2026-07-20,2026-07-26,3:00:00 PM,Carne Con Papas,5.0,70.55
998,2026-07-20,2026-07-26,3:00:00 PM,Chicharo Grande,4.0,36.56
999,2026-07-20,2026-07-26,3:00:00 PM,Chicharo Mediano,1.0,6.99
1000,2026-07-20,2026-07-26,3:00:00 PM,Chicharron De Pollo,1.0,11.99
1001,2026-07-20,2026-07-26,3:00:00 PM,Churrasco,9.0,236.51
1002,2026-07-20,2026-07-26,3:00:00 PM,Churros.Con Dulce,1.0,6.25
1003,2026-07-20,2026-07-26,3:00:00 PM,Churros.Solo.4,1.0,4.99
1004,2026-07-20,2026-07-26,3:00:00 PM,Coke,7.0,17.5
1005,2026-07-20,2026-07-26,3:00:00 PM,Coke Cero,3.0,7.5
1006,2026-07-20,2026-07-26,3:00:00 PM,Colada,7.0,19.25
1007,2026-07-20,2026-07-26,3:00:00 PM,Copa De Sangria,1.0,8.99
1008,2026-07-20,2026-07-26,3:00:00 PM,Copa Vino,1.0,8.99
1009,2026-07-20,2026-07-26,3:00:00 PM,Corona,5.0,27.45
1010,2026-07-20,2026-07-26,3:00:00 PM,Cortadito,7.0,14.97
1011,2026-07-20,2026-07-26,3:00:00 PM,Cortadito Evaporada,7.0,17.5
1012,2026-07-20,2026-07-26,3:00:00 PM,Crema Brocoly,1.0,9.25
1013,2026-07-20,2026-07-26,3:00:00 PM,Crema Calabaza Median,3.0,20.97
1014,2026-07-20,2026-07-26,3:00:00 PM,Crema Malanga Mediana,6.0,41.94
1015,2026-07-20,2026-07-26,3:00:00 PM,Crema Malanga.Grande,4.0,41.96
1016,2026-07-20,2026-07-26,3:00:00 PM,Crema Vegetal Mediana,1.0,6.99
1017,2026-07-20,2026-07-26,3:00:00 PM,Crema Vegetales Median,2.0,13.98
1018,2026-07-20,2026-07-26,3:00:00 PM,Croqueta Bacalao,2.0,3.98
1019,2026-07-20,2026-07-26,3:00:00 PM,Croqueta Jamon,9.0,15.75
1020,2026-07-20,2026-07-26,3:00:00 PM,Croqueta Preparada,3.0,36.57
1021,2026-07-20,2026-07-26,3:00:00 PM,Cubano Regular,2.0,20.18
1022,2026-07-20,2026-07-26,3:00:00 PM,Cubierto,1.0,0.0
1023,2026-07-20,2026-07-26,3:00:00 PM,Deditos .Pescado,1.0,13.99
1024,2026-07-20,2026-07-26,3:00:00 PM,Deditos De Pescado,3.0,48.17
1025,2026-07-20,2026-07-26,3:00:00 PM,Deditos De Queso,4.0,7.96
1026,2026-07-20,2026-07-26,3:00:00 PM,Deditos Queso/Guayaba,1.0,1.99
1027,2026-07-20,2026-07-26,3:00:00 PM,Diet Coke,4.0,9.0
1028,2026-07-20,2026-07-26,3:00:00 PM,Dulce De Leche,1.0,5.49
1029,2026-07-20,2026-07-26,3:00:00 PM,Empanada Jamon/Queso,3.0,8.97
1030,2026-07-20,2026-07-26,3:00:00 PM,Empanada Pollo,7.0,20.93
1031,2026-07-20,2026-07-26,3:00:00 PM,Enpanisado. Res,1.0,15.99
1032,2026-07-20,2026-07-26,3:00:00 PM,Ensala Aguacat Peque,8.0,36.0
1033,2026-07-20,2026-07-26,3:00:00 PM,Ensala Pollo 2 Croquet,1.0,12.49
1034,2026-07-20,2026-07-26,3:00:00 PM,Ensalada Aguacat Grand,5.0,27.5
1035,2026-07-20,2026-07-26,3:00:00 PM,Ensalada Mixta,1.0,6.5
1036,2026-07-20,2026-07-26,3:00:00 PM,Ensalada Small,1.0,2.75
1037,2026-07-20,2026-07-26,3:00:00 PM,Epaguetti Con Jamon.Ro,1.0,13.19
1038,2026-07-20,2026-07-26,3:00:00 PM,Extra Aguacate,1.0,1.75
1039,2026-07-20,2026-07-26,3:00:00 PM,Extra.Coco,1.0,1.99
1040,2026-07-20,2026-07-26,3:00:00 PM,Fabada Mediana,1.0,7.19
1041,2026-07-20,2026-07-26,3:00:00 PM,Filete Ala Francesa,2.0,40.38
1042,2026-07-20,2026-07-26,3:00:00 PM,Filete Pargo En Salsa,2.0,48.0
1043,2026-07-20,2026-07-26,3:00:00 PM,Filete Pargo Plancha,1.0,20.99
1044,2026-07-20,2026-07-26,3:00:00 PM,Filete Pescado Planch,2.0,35.18
1045,2026-07-20,2026-07-26,3:00:00 PM,Filete Salmon,1.0,19.2
1046,2026-07-20,2026-07-26,3:00:00 PM,Filetill Pollo Salsa,2.0,30.38
1047,2026-07-20,2026-07-26,3:00:00 PM,Filetillo Pollo Planch,7.0,105.13
1048,2026-07-20,2026-07-26,3:00:00 PM,Filetillo Res Plancha,2.0,30.18
1049,2026-07-20,2026-07-26,3:00:00 PM,Filetillo Res Salsa,2.0,30.38
1050,2026-07-20,2026-07-26,3:00:00 PM,Flan,2.0,9.98
1051,2026-07-20,2026-07-26,3:00:00 PM,Flan Especial,3.0,17.97
1052,2026-07-20,2026-07-26,3:00:00 PM,Fricase De Pollo,4.0,44.76
1053,2026-07-20,2026-07-26,3:00:00 PM,Frijol Grande,2.0,15.98
1054,2026-07-20,2026-07-26,3:00:00 PM,Frijol Mediano,1.0,4.99
1055,2026-07-20,2026-07-26,3:00:00 PM,Frijol Pequeno,3.0,8.97
1056,2026-07-20,2026-07-26,3:00:00 PM,Frita Cubana,1.0,9.99
1057,2026-07-20,2026-07-26,3:00:00 PM,Frituras De Malanga,1.0,6.5
1058,2026-07-20,2026-07-26,3:00:00 PM,Garbanzo Grande,2.0,20.98
1059,2026-07-20,2026-07-26,3:00:00 PM,Guarapo,4.0,21.0
1060,2026-07-20,2026-07-26,3:00:00 PM,Guiso.Maiz Mediano,2.0,13.98
1061,2026-07-20,2026-07-26,3:00:00 PM,Hamburquesa.Con Queso,1.0,10.99
1062,2026-07-20,2026-07-26,3:00:00 PM,Helado Cono,6.0,21.0
1063,2026-07-20,2026-07-26,3:00:00 PM,Higado Italiana,1.0,15.19
1064,2026-07-20,2026-07-26,3:00:00 PM,Horden De 3 Chicharone,4.0,13.0
1065,2026-07-20,2026-07-26,3:00:00 PM,Iron Beer,2.0,5.0
1066,2026-07-20,2026-07-26,3:00:00 PM,Jugo Maraculla,1.0,4.5
1067,2026-07-20,2026-07-26,3:00:00 PM,Jugo Zanahoria Naraja,5.0,24.95
1068,2026-07-20,2026-07-26,3:00:00 PM,Jugo.Naranja,3.0,15.75
1069,2026-07-20,2026-07-26,3:00:00 PM,Juntas,4.0,0.0
1070,2026-07-20,2026-07-26,3:00:00 PM,Jupina Dieta,1.0,2.5
1071,2026-07-20,2026-07-26,3:00:00 PM,Jupiña,4.0,10.0
1072,2026-07-20,2026-07-26,3:00:00 PM,Lechon Asado,4.0,58.06
1073,2026-07-20,2026-07-26,3:00:00 PM,Lechuga Cebolla Pepino,1.0,4.99
1074,2026-07-20,2026-07-26,3:00:00 PM,Lentejas Mediana,3.0,20.97
1075,2026-07-20,2026-07-26,3:00:00 PM,Limonada,9.0,40.5
1076,2026-07-20,2026-07-26,3:00:00 PM,Maduros,5.0,22.45
1077,2026-07-20,2026-07-26,3:00:00 PM,Mariquitas,6.0,35.94
1078,2026-07-20,2026-07-26,3:00:00 PM,Mariquitas..Mixta,1.0,5.49
1079,2026-07-20,2026-07-26,3:00:00 PM,Mariquitas.Togo,1.0,4.5
1080,2026-07-20,2026-07-26,3:00:00 PM,Marlboro Rojo,1.0,12.0
1081,2026-07-20,2026-07-26,3:00:00 PM,Masas De Puerco,10.0,139.2
1082,2026-07-20,2026-07-26,3:00:00 PM,Materva,5.0,12.5
1083,2026-07-20,2026-07-26,3:00:00 PM,Medio Pollo Frito,1.0,15.69
1084,2026-07-20,2026-07-26,3:00:00 PM,Medio Pollo.Asado,2.0,26.38
1085,2026-07-20,2026-07-26,3:00:00 PM,Melon..Sandia,10.0,45.0
1086,2026-07-20,2026-07-26,3:00:00 PM,Merenquito,1.0,1.5
1087,2026-07-20,2026-07-26,3:00:00 PM,Milanesa De Pollo,5.0,80.35
1088,2026-07-20,2026-07-26,3:00:00 PM,Milanesa Res,2.0,41.98
1089,2026-07-20,2026-07-26,3:00:00 PM,Misc Cocina,2.0,4.0
1090,2026-07-20,2026-07-26,3:00:00 PM,Natilla Catalana,5.0,31.25
1091,2026-07-20,2026-07-26,3:00:00 PM,Pan Con Bistec,5.0,57.15
1092,2026-07-20,2026-07-26,3:00:00 PM,Pan Con Tortilla,1.0,10.99
1093,2026-07-20,2026-07-26,3:00:00 PM,Papa Rellena,1.0,2.99
1094,2026-07-20,2026-07-26,3:00:00 PM,Papas Fritas,3.0,13.47
1095,2026-07-20,2026-07-26,3:00:00 PM,Pargo Frito Entero,1.0,25.99
1096,2026-07-20,2026-07-26,3:00:00 PM,Pasteles Queso,1.0,1.5
1097,2026-07-20,2026-07-26,3:00:00 PM,Pasteles Queso/Guayaba,4.0,6.0
1098,2026-07-20,2026-07-26,3:00:00 PM,Pepsi,3.0,7.5
1099,2026-07-20,2026-07-26,3:00:00 PM,Pescado Alo Macho,2.0,52.18
1100,2026-07-20,2026-07-26,3:00:00 PM,Picadillo,6.0,85.74
1101,2026-07-20,2026-07-26,3:00:00 PM,Pollo Empanizado,1.0,14.69
1102,2026-07-20,2026-07-26,3:00:00 PM,Pudin Diplomatico,1.0,5.49
1103,2026-07-20,2026-07-26,3:00:00 PM,Pure Papas,1.0,4.49
1104,2026-07-20,2026-07-26,3:00:00 PM,Rabo Encendido,11.0,270.69
1105,2026-07-20,2026-07-26,3:00:00 PM,Ropa Vieja,3.0,49.67
1106,2026-07-20,2026-07-26,3:00:00 PM,Rueda De Serrucho,1.0,16.19
1107,2026-07-20,2026-07-26,3:00:00 PM,Sandweches Pollo,1.0,13.09
1108,2026-07-20,2026-07-26,3:00:00 PM,Sandwiches..Pollo.Empa,1.0,15.79
1109,2026-07-20,2026-07-26,3:00:00 PM,Sm Ajiaco,1.0,3.99
1110,2026-07-20,2026-07-26,3:00:00 PM,Sm Crema Calabaza,1.0,3.99
1111,2026-07-20,2026-07-26,3:00:00 PM,Sm Crema Malanga,2.0,7.98
1112,2026-07-20,2026-07-26,3:00:00 PM,Solo.Tomate,2.0,5.0
1113,2026-07-20,2026-07-26,3:00:00 PM,Sopa De Pollo Grande,2.0,16.98
1114,2026-07-20,2026-07-26,3:00:00 PM,Sopa De Res Grande,5.0,60.75
1115,2026-07-20,2026-07-26,3:00:00 PM,Sopa De Res Mediana,1.0,7.99
1116,2026-07-20,2026-07-26,3:00:00 PM,Sopa De Res Pequena,1.0,4.99
1117,2026-07-20,2026-07-26,3:00:00 PM,Sopa Pescado Grande,7.0,76.93
1118,2026-07-20,2026-07-26,3:00:00 PM,Sopa Pescado Mediana,1.0,6.99
1119,2026-07-20,2026-07-26,3:00:00 PM,Sopa Platano Grande,1.0,10.49
1120,2026-07-20,2026-07-26,3:00:00 PM,Sopa Pollo Media,8.0,43.92
1121,2026-07-20,2026-07-26,3:00:00 PM,Sopa. Pollo Chiquita,3.0,10.5
1122,2026-07-20,2026-07-26,3:00:00 PM,Spaguetti/W Carne,1.0,16.19
1124,2026-07-20,2026-07-26,3:00:00 PM,Tama. Cazuela Chiquito,1.0,4.5
1125,2026-07-20,2026-07-26,3:00:00 PM,Tamal,2.0,5.98
1126,2026-07-20,2026-07-26,3:00:00 PM,Tamal.Cazuela Grande,1.0,11.19
1127,2026-07-20,2026-07-26,3:00:00 PM,Tamal.Jamon Piern.Ques,1.0,12.99
1128,2026-07-20,2026-07-26,3:00:00 PM,Te Frio,1.0,2.99
1130,2026-07-20,2026-07-26,3:00:00 PM,Tostones,1.0,4.99
1131,2026-07-20,2026-07-26,3:00:00 PM,Tres Leches,2.0,11.98
1132,2026-07-20,2026-07-26,3:00:00 PM,Vaca Frita,11.0,183.08999999999997
1133,2026-07-20,2026-07-26,3:00:00 PM,Yuca,1.0,4.49
1135,2026-07-20,2026-07-26,4:00:00 PM,1 Bola Helado,2.0,5.98
1136,2026-07-20,2026-07-26,4:00:00 PM,1 Pieza De Cordero,1.0,20.19
1137,2026-07-20,2026-07-26,4:00:00 PM,305 Morados,1.0,6.25
1140,2026-07-20,2026-07-26,4:00:00 PM,Ajiaco Mediano,1.0,6.99
1141,2026-07-20,2026-07-26,4:00:00 PM,Ajiaco..Grande,2.0,21.38
1142,2026-07-20,2026-07-26,4:00:00 PM,Albondigas.Res,1.0,14.19
1143,2026-07-20,2026-07-26,4:00:00 PM,Arroz Blanco,2.0,6.5
1144,2026-07-20,2026-07-26,4:00:00 PM,Arroz Chiquito,2.0,6.5
1145,2026-07-20,2026-07-26,4:00:00 PM,Arroz Con Leche,3.0,16.47
1146,2026-07-20,2026-07-26,4:00:00 PM,Arroz Con Pollo,4.0,53.559999999999995
1147,2026-07-20,2026-07-26,4:00:00 PM,Arroz Con Puerco,8.0,106.12
1148,2026-07-20,2026-07-26,4:00:00 PM,Arroz Frito,3.0,41.67
1149,2026-07-20,2026-07-26,4:00:00 PM,Arroz Pollo.Desmenuza,1.0,12.69
1150,2026-07-20,2026-07-26,4:00:00 PM,Baby Churrasco,3.0,59.97
1151,2026-07-20,2026-07-26,4:00:00 PM,Bacalao Viscaina,1.0,20.19
1152,2026-07-20,2026-07-26,4:00:00 PM,Batido Mamey,5.0,27.45
1153,2026-07-20,2026-07-26,4:00:00 PM,Batido Trigo,1.0,4.99
1154,2026-07-20,2026-07-26,4:00:00 PM,Bistec A Caballo,1.0,14.49
1155,2026-07-20,2026-07-26,4:00:00 PM,Bistec De Higado,1.0,13.49
1156,2026-07-20,2026-07-26,4:00:00 PM,Bistec De Pollo,28.0,382.91999999999996
1157,2026-07-20,2026-07-26,4:00:00 PM,Bistec De Puerco,1.0,15.49
1158,2026-07-20,2026-07-26,4:00:00 PM,Bistec En Cazuela,1.0,14.69
1159,2026-07-20,2026-07-26,4:00:00 PM,Bistec Palomilla,17.0,314.03
1160,2026-07-20,2026-07-26,4:00:00 PM,Boliche,2.0,30.38
1161,2026-07-20,2026-07-26,4:00:00 PM,Boliche Asado,2.0,32.98
1162,2026-07-20,2026-07-26,4:00:00 PM,Boniatillo,1.0,1.5
1163,2026-07-20,2026-07-26,4:00:00 PM,Boniato Hervido,1.0,4.99
1164,2026-07-20,2026-07-26,4:00:00 PM,Boñuelos,1.0,5.49
1165,2026-07-20,2026-07-26,4:00:00 PM,Cafe Con Leche Grande,1.0,4.5
1166,2026-07-20,2026-07-26,4:00:00 PM,Cafe Con Leche Mediano,1.0,3.75
1167,2026-07-20,2026-07-26,4:00:00 PM,Cafe Cubano,19.0,28.5
1168,2026-07-20,2026-07-26,4:00:00 PM,Calabaza Hervida,1.0,4.99
1169,2026-07-20,2026-07-26,4:00:00 PM,Caldo Gallego.Mediano,2.0,16.38
1170,2026-07-20,2026-07-26,4:00:00 PM,Caldo.Gallego Grande,1.0,11.49
1171,2026-07-20,2026-07-26,4:00:00 PM,Camarones Al Ajillo,1.0,19.99
1174,2026-07-20,2026-07-26,4:00:00 PM,Carne Con Papas,5.0,70.55
1175,2026-07-20,2026-07-26,4:00:00 PM,Chichar Pollo Sin Hues,1.0,13.69
1176,2026-07-20,2026-07-26,4:00:00 PM,Chicharo Mediano,2.0,13.98
1177,2026-07-20,2026-07-26,4:00:00 PM,Chicharron De Pollo,1.0,11.99
1178,2026-07-20,2026-07-26,4:00:00 PM,Chichek Wings,2.0,15.0
1179,2026-07-20,2026-07-26,4:00:00 PM,Chuletas De Puerco,2.0,28.18
1180,2026-07-20,2026-07-26,4:00:00 PM,Churrasco,4.0,108.76
1181,2026-07-20,2026-07-26,4:00:00 PM,Club Sandwich,1.0,11.99
1182,2026-07-20,2026-07-26,4:00:00 PM,Coke,4.0,10.0
1183,2026-07-20,2026-07-26,4:00:00 PM,Coke Cero,2.0,5.0
1184,2026-07-20,2026-07-26,4:00:00 PM,Colada,5.0,13.75
1185,2026-07-20,2026-07-26,4:00:00 PM,Colorados Grande,1.0,9.69
1186,2026-07-20,2026-07-26,4:00:00 PM,Copa Vino,4.0,35.96
1187,2026-07-20,2026-07-26,4:00:00 PM,Corona,3.0,16.47
1188,2026-07-20,2026-07-26,4:00:00 PM,Cortadito,2.0,4.24
1189,2026-07-20,2026-07-26,4:00:00 PM,Cortadito Evaporada,6.0,15.0
1190,2026-07-20,2026-07-26,4:00:00 PM,Crema Brocoly,2.0,18.5
1191,2026-07-20,2026-07-26,4:00:00 PM,Crema Calabaza Grande,1.0,9.99
1192,2026-07-20,2026-07-26,4:00:00 PM,Crema Calabaza Median,2.0,13.98
1193,2026-07-20,2026-07-26,4:00:00 PM,Crema Calabazachiquit,1.0,4.5
1194,2026-07-20,2026-07-26,4:00:00 PM,Crema Malanga Mediana,7.0,48.93
1195,2026-07-20,2026-07-26,4:00:00 PM,Crema Malanga.Grande,1.0,10.49
1196,2026-07-20,2026-07-26,4:00:00 PM,Crema Vegetal Grande,1.0,10.49
1197,2026-07-20,2026-07-26,4:00:00 PM,Crema Vegetal Mediana,1.0,6.99
1198,2026-07-20,2026-07-26,4:00:00 PM,Crema. Malanga Chiquit,2.0,9.0
1199,2026-07-20,2026-07-26,4:00:00 PM,Cremita,1.0,1.25
1200,2026-07-20,2026-07-26,4:00:00 PM,Croqueta Bacalao,2.0,3.98
1201,2026-07-20,2026-07-26,4:00:00 PM,Croqueta Jamon,26.0,45.5
1202,2026-07-20,2026-07-26,4:00:00 PM,Croqueta Pollo,4.0,7.0
1203,2026-07-20,2026-07-26,4:00:00 PM,Cubano Especial,2.0,24.18
1204,2026-07-20,2026-07-26,4:00:00 PM,Cune.1/2,2.0,33.98
1205,2026-07-20,2026-07-26,4:00:00 PM,Deditos De Pescado,2.0,32.38
1206,2026-07-20,2026-07-26,4:00:00 PM,Deditos De Pollo,1.0,13.19
1207,2026-07-20,2026-07-26,4:00:00 PM,Desallunos,1.0,11.99
1208,2026-07-20,2026-07-26,4:00:00 PM,Diet Coke,2.0,4.5
1209,2026-07-20,2026-07-26,4:00:00 PM,Diet Materva,2.0,5.0
1210,2026-07-20,2026-07-26,4:00:00 PM,Dulce De Leche,2.0,10.98
1211,2026-07-20,2026-07-26,4:00:00 PM,Elena Ruz,1.0,10.19
1212,2026-07-20,2026-07-26,4:00:00 PM,Empanada Carne,9.0,26.91
1213,2026-07-20,2026-07-26,4:00:00 PM,Empanada Jamon/Queso,4.0,11.96
1214,2026-07-20,2026-07-26,4:00:00 PM,Empanada Pollo,5.0,14.95
1215,2026-07-20,2026-07-26,4:00:00 PM,Enpanisado. Res,4.0,68.36
1216,2026-07-20,2026-07-26,4:00:00 PM,Ensala Aguacat Peque,6.0,27.0
1217,2026-07-20,2026-07-26,4:00:00 PM,Ensala Pollo 2 Croquet,2.0,24.98
1218,2026-07-20,2026-07-26,4:00:00 PM,Ensalada Mixta,1.0,6.5
1219,2026-07-20,2026-07-26,4:00:00 PM,Ensalada Small,4.0,11.0
1220,2026-07-20,2026-07-26,4:00:00 PM,Epaguetti Con Jamon.Ro,1.0,12.99
1221,2026-07-20,2026-07-26,4:00:00 PM,Extra Aguacate,3.0,5.25
1222,2026-07-20,2026-07-26,4:00:00 PM,Filete Curvina Plancha,1.0,19.19
1223,2026-07-20,2026-07-26,4:00:00 PM,Filete Pargo Plancha,2.0,42.18
1224,2026-07-20,2026-07-26,4:00:00 PM,Filete Pescado Planch,2.0,34.38
1225,2026-07-20,2026-07-26,4:00:00 PM,Filete Salmon,3.0,54.0
1226,2026-07-20,2026-07-26,4:00:00 PM,Filetillo De Carne,3.0,40.87
1227,2026-07-20,2026-07-26,4:00:00 PM,Filetillo Pollo Planch,1.0,15.19
1228,2026-07-20,2026-07-26,4:00:00 PM,Filetillo Res Plancha,1.0,14.99
1229,2026-07-20,2026-07-26,4:00:00 PM,Flan,6.0,29.94
1230,2026-07-20,2026-07-26,4:00:00 PM,Flan Especial,2.0,11.98
1231,2026-07-20,2026-07-26,4:00:00 PM,Fricase De Pollo,2.0,22.38
1232,2026-07-20,2026-07-26,4:00:00 PM,Fricase Puerco,2.0,26.7
1233,2026-07-20,2026-07-26,4:00:00 PM,Frijol Mediano,3.0,14.97
1234,2026-07-20,2026-07-26,4:00:00 PM,Garbanzo Grande,1.0,10.49
1235,2026-07-20,2026-07-26,4:00:00 PM,Garbanzo.Frito,1.0,14.19
1236,2026-07-20,2026-07-26,4:00:00 PM,Garbanzo.Mediano,4.0,27.96
1237,2026-07-20,2026-07-26,4:00:00 PM,Gatorade Limon,1.0,3.99
1238,2026-07-20,2026-07-26,4:00:00 PM,Guarapo,6.0,31.5
1239,2026-07-20,2026-07-26,4:00:00 PM,Guiso Maiz Grande,1.0,10.49
1240,2026-07-20,2026-07-26,4:00:00 PM,Guiso.Maiz Mediano,2.0,13.98
1241,2026-07-20,2026-07-26,4:00:00 PM,Heineken,1.0,5.49
1242,2026-07-20,2026-07-26,4:00:00 PM,Helado Cono,1.0,3.5
1243,2026-07-20,2026-07-26,4:00:00 PM,Higado Italiana,1.0,16.99
1244,2026-07-20,2026-07-26,4:00:00 PM,Horde Depan,1.0,1.5
1245,2026-07-20,2026-07-26,4:00:00 PM,Horden De 3 Chicharone,3.0,9.75
1246,2026-07-20,2026-07-26,4:00:00 PM,Huevo Frito,8.0,12.0
1247,2026-07-20,2026-07-26,4:00:00 PM,Iron Beer,1.0,2.5
1248,2026-07-20,2026-07-26,4:00:00 PM,Jugo Maraculla,1.0,4.5
1249,2026-07-20,2026-07-26,4:00:00 PM,Jugo Zanahoria Naraja,3.0,14.97
1250,2026-07-20,2026-07-26,4:00:00 PM,Jugo.Naranja,6.0,31.5
1251,2026-07-20,2026-07-26,4:00:00 PM,Juntas,2.0,0.0
1252,2026-07-20,2026-07-26,4:00:00 PM,Jupiña,1.0,2.5
1253,2026-07-20,2026-07-26,4:00:00 PM,Lechuga Cebolla Pepino,2.0,9.98
1254,2026-07-20,2026-07-26,4:00:00 PM,Lentejas Grande,4.0,37.96
1255,2026-07-20,2026-07-26,4:00:00 PM,Lentejas Mediana,3.0,20.97
1256,2026-07-20,2026-07-26,4:00:00 PM,Limanada Coco,1.0,5.99
1257,2026-07-20,2026-07-26,4:00:00 PM,Limonada,4.0,18.0
1258,2026-07-20,2026-07-26,4:00:00 PM,Madio.Pollo A La Brasa,2.0,28.38
1259,2026-07-20,2026-07-26,4:00:00 PM,Maduros,5.0,22.45
1260,2026-07-20,2026-07-26,4:00:00 PM,Malboro Reg,1.0,12.0
1261,2026-07-20,2026-07-26,4:00:00 PM,Mariquitas,4.0,23.96
1262,2026-07-20,2026-07-26,4:00:00 PM,Mariquitas..Mixta,1.0,5.49
1263,2026-07-20,2026-07-26,4:00:00 PM,Masas De Puerco,10.0,141.8
1264,2026-07-20,2026-07-26,4:00:00 PM,Materva,10.0,25.0
1265,2026-07-20,2026-07-26,4:00:00 PM,Media Noche,2.0,20.18
1266,2026-07-20,2026-07-26,4:00:00 PM,Medio Pollo A Brasa,1.0,13.19
1267,2026-07-20,2026-07-26,4:00:00 PM,Medio Pollo.Asado,6.0,81.14
1268,2026-07-20,2026-07-26,4:00:00 PM,Melon..Sandia,6.0,27.0
1269,2026-07-20,2026-07-26,4:00:00 PM,Miami Sandwich,1.0,12.19
1270,2026-07-20,2026-07-26,4:00:00 PM,Milanesa De Pollo,1.0,16.19
1271,2026-07-20,2026-07-26,4:00:00 PM,Milanesa Res,2.0,39.98
1272,2026-07-20,2026-07-26,4:00:00 PM,Misc Cocina,4.0,6.0
1273,2026-07-20,2026-07-26,4:00:00 PM,Moros,1.0,3.99
1274,2026-07-20,2026-07-26,4:00:00 PM,Natilla Catalana,1.0,6.25
1275,2026-07-20,2026-07-26,4:00:00 PM,Palomilla Baby,1.0,11.2
1276,2026-07-20,2026-07-26,4:00:00 PM,Pan Con Bistec,6.0,68.34
1277,2026-07-20,2026-07-26,4:00:00 PM,Pan Con Lechon,1.0,9.49
1278,2026-07-20,2026-07-26,4:00:00 PM,Pan Con Tortilla,1.0,11.19
1279,2026-07-20,2026-07-26,4:00:00 PM,Papa Rellena,2.0,5.98
1280,2026-07-20,2026-07-26,4:00:00 PM,Papas Fritas,3.0,13.47
1281,2026-07-20,2026-07-26,4:00:00 PM,Picadillo,1.0,13.69
1282,2026-07-20,2026-07-26,4:00:00 PM,Pierna Lasquiada,1.0,190.19
1283,2026-07-20,2026-07-26,4:00:00 PM,Platano Hervido,1.0,4.99
1284,2026-07-20,2026-07-26,4:00:00 PM,Pollo Empanizado,1.0,14.69
1285,2026-07-20,2026-07-26,4:00:00 PM,Potaje Colorados Media,3.0,21.37
1286,2026-07-20,2026-07-26,4:00:00 PM,Pudin De Pan,2.0,10.98
1287,2026-07-20,2026-07-26,4:00:00 PM,Pudin Diplomatico,3.0,16.47
1288,2026-07-20,2026-07-26,4:00:00 PM,Pure Papas,2.0,8.98
1289,2026-07-20,2026-07-26,4:00:00 PM,Queso Americano,1.0,1.75
1290,2026-07-20,2026-07-26,4:00:00 PM,Rabo Encendido,9.0,218.81
1291,2026-07-20,2026-07-26,4:00:00 PM,Racion De Malanga,1.0,5.99
1292,2026-07-20,2026-07-26,4:00:00 PM,Ribeye Steak,1.0,31.2
1293,2026-07-20,2026-07-26,4:00:00 PM,Riñonada,3.0,65.17
1294,2026-07-20,2026-07-26,4:00:00 PM,Ropa Vieja,3.0,48.57
1295,2026-07-20,2026-07-26,4:00:00 PM,Sand Jamon Queso,1.0,9.19
1296,2026-07-20,2026-07-26,4:00:00 PM,Sandweches Pollo,2.0,23.18
1297,2026-07-20,2026-07-26,4:00:00 PM,Sm Crema Calabaza,1.0,3.99
1298,2026-07-20,2026-07-26,4:00:00 PM,Sopa De Pollo Grande,9.0,76.41
1299,2026-07-20,2026-07-26,4:00:00 PM,Sopa De Res Mediana,2.0,16.18
1300,2026-07-20,2026-07-26,4:00:00 PM,Sopa Pescado Mediana,1.0,6.99
1301,2026-07-20,2026-07-26,4:00:00 PM,Sopa Platano Grande,2.0,20.98
1302,2026-07-20,2026-07-26,4:00:00 PM,Sopa Pollo Media,4.0,21.96
1303,2026-07-20,2026-07-26,4:00:00 PM,Sopa. Pollo Chiquita,3.0,10.5
1304,2026-07-20,2026-07-26,4:00:00 PM,Spagheti Carne Salsa R,1.0,17.19
1305,2026-07-20,2026-07-26,4:00:00 PM,Spaghetti Carne Alfred,1.0,16.19
1306,2026-07-20,2026-07-26,4:00:00 PM,Spaghetti Pollo Alfred,1.0,15.19
1307,2026-07-20,2026-07-26,4:00:00 PM,Spaghetti Pollo.Roja,1.0,15.19
1308,2026-07-20,2026-07-26,4:00:00 PM,Spriet,2.0,5.0
1310,2026-07-20,2026-07-26,4:00:00 PM,Tamal,6.0,17.94
1311,2026-07-20,2026-07-26,4:00:00 PM,Tamal.Cazuela Grande,2.0,22.38
1313,2026-07-20,2026-07-26,4:00:00 PM,Toreja Cubana,1.0,5.99
1314,2026-07-20,2026-07-26,4:00:00 PM,Tortilla,1.0,10.99
1315,2026-07-20,2026-07-26,4:00:00 PM,Tostada,4.0,7.96
1316,2026-07-20,2026-07-26,4:00:00 PM,Tostada 2 Croquetas,1.0,4.99
1317,2026-07-20,2026-07-26,4:00:00 PM,Tres Leches,6.0,35.94
1318,2026-07-20,2026-07-26,4:00:00 PM,Vaca Frita,12.0,203.68
1319,2026-07-20,2026-07-26,4:00:00 PM,Vegetal.Salteado,1.0,5.49
1321,2026-07-20,2026-07-26,5:00:00 PM,2 Piezas De Cordero,1.0,24.99
1322,2026-07-20,2026-07-26,5:00:00 PM,305 Morados,3.0,18.75
1325,2026-07-20,2026-07-26,5:00:00 PM,Agua Natural,1.0,1.99
1326,2026-07-20,2026-07-26,5:00:00 PM,Agua Perrier,1.0,3.49
1327,2026-07-20,2026-07-26,5:00:00 PM,Ajiaco Mediano,1.0,7.19
1328,2026-07-20,2026-07-26,5:00:00 PM,Ajiaco..Grande,2.0,21.18
1329,2026-07-20,2026-07-26,5:00:00 PM,Albondigas.Res,1.0,13.99
1330,2026-07-20,2026-07-26,5:00:00 PM,Arros Con Mariscos,3.0,120.37
1331,2026-07-20,2026-07-26,5:00:00 PM,Arroz Blanco,5.0,16.25
1332,2026-07-20,2026-07-26,5:00:00 PM,Arroz Chiquito,4.0,9.0
1333,2026-07-20,2026-07-26,5:00:00 PM,Arroz Con Leche,2.0,10.98
1334,2026-07-20,2026-07-26,5:00:00 PM,Arroz Con Pollo,2.0,25.18
1335,2026-07-20,2026-07-26,5:00:00 PM,Arroz Con Puerco,1.0,12.99
1336,2026-07-20,2026-07-26,5:00:00 PM,Arroz Frito,4.0,54.36
1337,2026-07-20,2026-07-26,5:00:00 PM,Arroz Imperial,2.0,28.38
1338,2026-07-20,2026-07-26,5:00:00 PM,Arroz Pollo.Desmenuza,1.0,13.69
1339,2026-07-20,2026-07-26,5:00:00 PM,Baby Churrasco,6.0,116.24000000000001
1340,2026-07-20,2026-07-26,5:00:00 PM,Bacalao Viscaina,1.0,19.99
1341,2026-07-20,2026-07-26,5:00:00 PM,Batido .Fresa,1.0,4.99
1342,2026-07-20,2026-07-26,5:00:00 PM,Batido Mamey,4.0,21.96
1343,2026-07-20,2026-07-26,5:00:00 PM,Batido Mango,3.0,14.97
1344,2026-07-20,2026-07-26,5:00:00 PM,Batido Trigo,1.0,4.99
1345,2026-07-20,2026-07-26,5:00:00 PM,Bistec A Caballo,2.0,30.48
1346,2026-07-20,2026-07-26,5:00:00 PM,Bistec De Higado,5.0,67.85
1347,2026-07-20,2026-07-26,5:00:00 PM,Bistec De Pollo,35.0,481.65
1348,2026-07-20,2026-07-26,5:00:00 PM,Bistec De Puerco,1.0,17.69
1349,2026-07-20,2026-07-26,5:00:00 PM,Bistec En Cazuela,3.0,45.87
1350,2026-07-20,2026-07-26,5:00:00 PM,Bistec Palomilla,7.0,128.93
1351,2026-07-20,2026-07-26,5:00:00 PM,Boliche,3.0,45.37
1352,2026-07-20,2026-07-26,5:00:00 PM,Boliche Asado,1.0,16.69
1353,2026-07-20,2026-07-26,5:00:00 PM,Boñuelos,4.0,21.96
1354,2026-07-20,2026-07-26,5:00:00 PM,Caf.Lec.Evap.Chico,1.0,3.0
1355,2026-07-20,2026-07-26,5:00:00 PM,Caf.Lec.Evap.Media,1.0,4.5
1356,2026-07-20,2026-07-26,5:00:00 PM,Cafe Con Leche Grande,2.0,9.0
1357,2026-07-20,2026-07-26,5:00:00 PM,Cafe Con Leche Pequeno,3.0,7.5
1358,2026-07-20,2026-07-26,5:00:00 PM,Cafe Cubano,18.0,27.0
1359,2026-07-20,2026-07-26,5:00:00 PM,Caldo Gallego.Mediano,3.0,24.17
1360,2026-07-20,2026-07-26,5:00:00 PM,Camarones Al Ajillo,1.0,19.99
1361,2026-07-20,2026-07-26,5:00:00 PM,Camarones Enchilado,1.0,19.99
1366,2026-07-20,2026-07-26,5:00:00 PM,Carne Con Papas,4.0,59.16
1367,2026-07-20,2026-07-26,5:00:00 PM,Cascos Guava Queso,2.0,11.98
1368,2026-07-20,2026-07-26,5:00:00 PM,Casuela Mariscos,1.0,38.2
1369,2026-07-20,2026-07-26,5:00:00 PM,Chichar Pollo Sin Hues,4.0,54.76
1370,2026-07-20,2026-07-26,5:00:00 PM,Chicharo Grande,5.0,45.95
1371,2026-07-20,2026-07-26,5:00:00 PM,Chicharo Mediano,2.0,13.98
1372,2026-07-20,2026-07-26,5:00:00 PM,Chichek Wings,1.0,7.5
1373,2026-07-20,2026-07-26,5:00:00 PM,Chilindron D Chivo,2.0,43.98
1374,2026-07-20,2026-07-26,5:00:00 PM,Chuletas De Puerco,7.0,99.63
1375,2026-07-20,2026-07-26,5:00:00 PM,Churrasco,6.0,158.54
1376,2026-07-20,2026-07-26,5:00:00 PM,Coke,8.0,20.0
1377,2026-07-20,2026-07-26,5:00:00 PM,Colada,6.0,16.5
1378,2026-07-20,2026-07-26,5:00:00 PM,Colorados Grande,2.0,19.38
1379,2026-07-20,2026-07-26,5:00:00 PM,Copa De Sangria,2.0,17.98
1380,2026-07-20,2026-07-26,5:00:00 PM,Copa Vino,3.0,26.97
1381,2026-07-20,2026-07-26,5:00:00 PM,Corona,4.0,21.96
1382,2026-07-20,2026-07-26,5:00:00 PM,Cortadito,3.0,6.49
1383,2026-07-20,2026-07-26,5:00:00 PM,Cortadito Evaporada,8.0,20.0
1384,2026-07-20,2026-07-26,5:00:00 PM,Crema Brocoly,1.0,9.25
1385,2026-07-20,2026-07-26,5:00:00 PM,Crema Calabaza Grande,2.0,19.98
1386,2026-07-20,2026-07-26,5:00:00 PM,Crema Calabaza Median,3.0,20.97
1387,2026-07-20,2026-07-26,5:00:00 PM,Crema Calabazachiquit,1.0,4.5
1388,2026-07-20,2026-07-26,5:00:00 PM,Crema Malanga Mediana,13.0,90.87
1389,2026-07-20,2026-07-26,5:00:00 PM,Crema Malanga.Grande,6.0,62.940000000000005
1390,2026-07-20,2026-07-26,5:00:00 PM,Crema Vegetal Grande,1.0,10.49
1391,2026-07-20,2026-07-26,5:00:00 PM,Croqueta Bacalao,2.0,3.98
1392,2026-07-20,2026-07-26,5:00:00 PM,Croqueta Jamon,22.0,38.5
1393,2026-07-20,2026-07-26,5:00:00 PM,Croqueta Preparada,1.0,12.19
1394,2026-07-20,2026-07-26,5:00:00 PM,Cubano Regular,3.0,30.37
1395,2026-07-20,2026-07-26,5:00:00 PM,Deditos .Pescado,2.0,29.88
1396,2026-07-20,2026-07-26,5:00:00 PM,Deditos De Pescado,2.0,34.38
1397,2026-07-20,2026-07-26,5:00:00 PM,Deditos De Pollo,2.0,26.38
1398,2026-07-20,2026-07-26,5:00:00 PM,Diet Coke,1.0,2.25
1399,2026-07-20,2026-07-26,5:00:00 PM,Empanada Carne,1.0,2.99
1400,2026-07-20,2026-07-26,5:00:00 PM,Empanada Jamon/Queso,7.0,20.93
1401,2026-07-20,2026-07-26,5:00:00 PM,Enpanisado. Res,7.0,112.93
1402,2026-07-20,2026-07-26,5:00:00 PM,"Enpellas,Chicharones",1.0,6.0
1403,2026-07-20,2026-07-26,5:00:00 PM,Ensala Aguacat Peque,9.0,40.5
1404,2026-07-20,2026-07-26,5:00:00 PM,Ensala Pollo 2 Croquet,1.0,12.49
1405,2026-07-20,2026-07-26,5:00:00 PM,Ensalada Aguacat Grand,2.0,11.0
1406,2026-07-20,2026-07-26,5:00:00 PM,Espaqueti .Solo Alfred,1.0,8.99
1407,2026-07-20,2026-07-26,5:00:00 PM,Extra Aguacate,1.0,1.75
1408,2026-07-20,2026-07-26,5:00:00 PM,Extra.Coco,2.0,3.98
1409,2026-07-20,2026-07-26,5:00:00 PM,Fabada Mediana,1.0,7.19
1410,2026-07-20,2026-07-26,5:00:00 PM,Felitos,4.0,5.96
1411,2026-07-20,2026-07-26,5:00:00 PM,Filete Ala Francesa,1.0,20.99
1412,2026-07-20,2026-07-26,5:00:00 PM,Filete Ala Vilvaina,1.0,19.99
1413,2026-07-20,2026-07-26,5:00:00 PM,Filete Pescado Planch,5.0,86.75
1414,2026-07-20,2026-07-26,5:00:00 PM,Filete Salmon,1.0,18.2
1415,2026-07-20,2026-07-26,5:00:00 PM,Filetill Pollo Salsa,2.0,30.18
1416,2026-07-20,2026-07-26,5:00:00 PM,Filetillo De Carne,2.0,27.18
1417,2026-07-20,2026-07-26,5:00:00 PM,Filetillo Pollo Planch,4.0,61.76
1418,2026-07-20,2026-07-26,5:00:00 PM,Filetillo Res Plancha,1.0,15.19
1419,2026-07-20,2026-07-26,5:00:00 PM,Flan,4.0,19.96
1420,2026-07-20,2026-07-26,5:00:00 PM,Flan Especial,4.0,23.96
1421,2026-07-20,2026-07-26,5:00:00 PM,Fricase De Pollo,9.0,101.91
1422,2026-07-20,2026-07-26,5:00:00 PM,Fricase Puerco,1.0,13.25
1423,2026-07-20,2026-07-26,5:00:00 PM,Frijol Grande,3.0,23.97
1424,2026-07-20,2026-07-26,5:00:00 PM,Frijol Mediano,3.0,14.97
1425,2026-07-20,2026-07-26,5:00:00 PM,Fritura Vacalao,2.0,13.0
1426,2026-07-20,2026-07-26,5:00:00 PM,Galleta Deliciosas,1.0,3.6
1427,2026-07-20,2026-07-26,5:00:00 PM,Garbanzo Grande,1.0,10.49
1428,2026-07-20,2026-07-26,5:00:00 PM,Guarapo,7.0,36.75
1429,2026-07-20,2026-07-26,5:00:00 PM,Guiso Maiz Grande,1.0,10.49
1430,2026-07-20,2026-07-26,5:00:00 PM,Guiso.Maiz Mediano,2.0,13.98
1431,2026-07-20,2026-07-26,5:00:00 PM,Heineken,1.0,5.49
1432,2026-07-20,2026-07-26,5:00:00 PM,Helado Cono,10.0,35.0
1433,2026-07-20,2026-07-26,5:00:00 PM,Higado Italiana,2.0,29.98
1434,2026-07-20,2026-07-26,5:00:00 PM,Horden De 3 Chicharone,4.0,13.0
1435,2026-07-20,2026-07-26,5:00:00 PM,Huevo Frito,2.0,3.0
1436,2026-07-20,2026-07-26,5:00:00 PM,Inca Kola,1.0,2.99
1437,2026-07-20,2026-07-26,5:00:00 PM,Iron Beer,2.0,5.0
1438,2026-07-20,2026-07-26,5:00:00 PM,Jugo De Manzana,1.0,3.25
1439,2026-07-20,2026-07-26,5:00:00 PM,Jugo Maraculla,3.0,13.5
1440,2026-07-20,2026-07-26,5:00:00 PM,Jugo Zanahoria Naraja,2.0,9.98
1441,2026-07-20,2026-07-26,5:00:00 PM,Jugo.Naranja,4.0,21.0
1442,2026-07-20,2026-07-26,5:00:00 PM,Lechuga Cebolla Pepino,1.0,4.99
1443,2026-07-20,2026-07-26,5:00:00 PM,Lentejas Grande,4.0,37.96
1444,2026-07-20,2026-07-26,5:00:00 PM,Lentejas Mediana,3.0,20.97
1445,2026-07-20,2026-07-26,5:00:00 PM,Limonada,3.0,13.5
1446,2026-07-20,2026-07-26,5:00:00 PM,Madio.Pollo A La Brasa,2.0,28.38
1447,2026-07-20,2026-07-26,5:00:00 PM,Maduros,6.0,26.94
1448,2026-07-20,2026-07-26,5:00:00 PM,Malta,3.0,9.75
1449,2026-07-20,2026-07-26,5:00:00 PM,Mariquitas,2.0,11.98
1450,2026-07-20,2026-07-26,5:00:00 PM,Mariquitas De Malanga,1.0,5.99
1451,2026-07-20,2026-07-26,5:00:00 PM,Marlboro Rojo,1.0,12.0
1452,2026-07-20,2026-07-26,5:00:00 PM,Masas De Puerco,7.0,100.13
1453,2026-07-20,2026-07-26,5:00:00 PM,Materva,7.0,17.5
1454,2026-07-20,2026-07-26,5:00:00 PM,Media Noche,7.0,70.93
1455,2026-07-20,2026-07-26,5:00:00 PM,Medio Pollo A Brasa,2.0,26.38
1456,2026-07-20,2026-07-26,5:00:00 PM,Medio Pollo Frito,1.0,13.49
1457,2026-07-20,2026-07-26,5:00:00 PM,Melon..Sandia,3.0,13.5
1458,2026-07-20,2026-07-26,5:00:00 PM,Miami Sandwich,2.0,24.18
1459,2026-07-20,2026-07-26,5:00:00 PM,Milanesa De Pollo,3.0,48.57
1460,2026-07-20,2026-07-26,5:00:00 PM,Milanesa Res,2.0,40.38
1461,2026-07-20,2026-07-26,5:00:00 PM,Misc Cocina,3.0,9.0
1462,2026-07-20,2026-07-26,5:00:00 PM,Modelo,2.0,10.98
1463,2026-07-20,2026-07-26,5:00:00 PM,Mofongo Puerco,3.0,50.97
1464,2026-07-20,2026-07-26,5:00:00 PM,Mofongo Solo,1.0,7.99
1465,2026-07-20,2026-07-26,5:00:00 PM,Moros,1.0,3.99
1466,2026-07-20,2026-07-26,5:00:00 PM,Natilla Catalana,1.0,6.25
1467,2026-07-20,2026-07-26,5:00:00 PM,Pan Con Bistec,8.0,88.72
1468,2026-07-20,2026-07-26,5:00:00 PM,Papa Rellena,1.0,2.99
1469,2026-07-20,2026-07-26,5:00:00 PM,Papas Fritas,3.0,13.47
1470,2026-07-20,2026-07-26,5:00:00 PM,Pasteles Guayaba,1.0,1.5
1471,2026-07-20,2026-07-26,5:00:00 PM,Perico Ripiado,1.0,11.99
1472,2026-07-20,2026-07-26,5:00:00 PM,Picadillo,4.0,56.36
1473,2026-07-20,2026-07-26,5:00:00 PM,Pizza De Queso,1.0,10.99
1474,2026-07-20,2026-07-26,5:00:00 PM,Pollo Empanizado,5.0,73.25
1475,2026-07-20,2026-07-26,5:00:00 PM,Potaje Colorados Media,4.0,28.36
1476,2026-07-20,2026-07-26,5:00:00 PM,Pudin De Pan,2.0,10.98
1477,2026-07-20,2026-07-26,5:00:00 PM,Queso Americano,1.0,1.75
1478,2026-07-20,2026-07-26,5:00:00 PM,Rabo Encendido,11.0,265.09
1479,2026-07-20,2026-07-26,5:00:00 PM,Racion De Malanga,2.0,11.98
1480,2026-07-20,2026-07-26,5:00:00 PM,Riñonada,2.0,42.18
1481,2026-07-20,2026-07-26,5:00:00 PM,Ropa Vieja,8.0,131.82
1482,2026-07-20,2026-07-26,5:00:00 PM,Rueda De Serrucho,1.0,16.19
1483,2026-07-20,2026-07-26,5:00:00 PM,Sandweches Pollo,1.0,11.69
1484,2026-07-20,2026-07-26,5:00:00 PM,Sandwich Ensal Pollo,1.0,10.19
1485,2026-07-20,2026-07-26,5:00:00 PM,Sm Crema Calabaza,1.0,3.99
1486,2026-07-20,2026-07-26,5:00:00 PM,Sm Sopa Pescado,2.0,8.5
1487,2026-07-20,2026-07-26,5:00:00 PM,Sopa De Pollo Grande,8.0,67.92
1488,2026-07-20,2026-07-26,5:00:00 PM,Sopa De Res Grande,4.0,48.76
1489,2026-07-20,2026-07-26,5:00:00 PM,Sopa De Res Mediana,3.0,24.37
1490,2026-07-20,2026-07-26,5:00:00 PM,Sopa Pescado Grande,1.0,10.99
1491,2026-07-20,2026-07-26,5:00:00 PM,Sopa Platano Grande,5.0,52.45
1492,2026-07-20,2026-07-26,5:00:00 PM,Sopa Platano Mediana,1.0,6.99
1493,2026-07-20,2026-07-26,5:00:00 PM,Sopa Pollo Media,10.0,54.9
1494,2026-07-20,2026-07-26,5:00:00 PM,Sopa. Pollo Chiquita,3.0,10.5
1495,2026-07-20,2026-07-26,5:00:00 PM,Sopon Marinero,1.0,25.99
1496,2026-07-20,2026-07-26,5:00:00 PM,Spriet,4.0,10.0
1497,2026-07-20,2026-07-26,5:00:00 PM,Stella Artois,2.0,10.98
1498,2026-07-20,2026-07-26,5:00:00 PM,Sunkist,1.0,2.5
1500,2026-07-20,2026-07-26,5:00:00 PM,Tamal,8.0,23.92
1501,2026-07-20,2026-07-26,5:00:00 PM,Tamal Cazuela.Mediano,2.0,14.38
1502,2026-07-20,2026-07-26,5:00:00 PM,Tamal.Cazuela Grande,3.0,33.57
1504,2026-07-20,2026-07-26,5:00:00 PM,Tortilla,1.0,10.99
1505,2026-07-20,2026-07-26,5:00:00 PM,Tostada,2.0,3.98
1506,2026-07-20,2026-07-26,5:00:00 PM,Tostones,4.0,19.96
1507,2026-07-20,2026-07-26,5:00:00 PM,Tres Leches,3.0,17.97
1508,2026-07-20,2026-07-26,5:00:00 PM,Vaca Frita,9.0,153.51000000000002
1509,2026-07-20,2026-07-26,5:00:00 PM,Vegetal.Hervido,8.0,39.92
1511,2026-07-20,2026-07-26,6:00:00 AM,1.Solo.Panquey,3.0,6.75
1512,2026-07-20,2026-07-26,6:00:00 AM,Aguacate $5.00,2.0,10.0
1513,2026-07-20,2026-07-26,6:00:00 AM,Bacon,1.0,4.99
1514,2026-07-20,2026-07-26,6:00:00 AM,Batido Banana,1.0,4.99
1515,2026-07-20,2026-07-26,6:00:00 AM,Bistec A Caballo,2.0,29.38
1516,2026-07-20,2026-07-26,6:00:00 AM,Caf.Lec.Evap.Chico,3.0,9.0
1517,2026-07-20,2026-07-26,6:00:00 AM,Cafe Con Leche Pequeno,3.0,7.5
1518,2026-07-20,2026-07-26,6:00:00 AM,Cafe Cubano,9.0,13.5
1519,2026-07-20,2026-07-26,6:00:00 AM,Chocolate Med,1.0,2.99
1520,2026-07-20,2026-07-26,6:00:00 AM,Coke,1.0,2.5
1521,2026-07-20,2026-07-26,6:00:00 AM,Colada,1.0,2.75
1522,2026-07-20,2026-07-26,6:00:00 AM,Cortadito,1.0,2.25
1523,2026-07-20,2026-07-26,6:00:00 AM,Cortadito Evaporada,1.0,2.5
1524,2026-07-20,2026-07-26,6:00:00 AM,Croqueta Jamon,30.0,52.5
1525,2026-07-20,2026-07-26,6:00:00 AM,Desallunos,11.0,135.99
1526,2026-07-20,2026-07-26,6:00:00 AM,Galleta Deliciosas,1.0,3.6
1527,2026-07-20,2026-07-26,6:00:00 AM,Harina Pequeña,2.0,8.18
1528,2026-07-20,2026-07-26,6:00:00 AM,Huevo Frito,4.0,5.75
1529,2026-07-20,2026-07-26,6:00:00 AM,Huevos Al Porch,2.0,23.98
1530,2026-07-20,2026-07-26,6:00:00 AM,Jugo Pina,1.0,4.5
1531,2026-07-20,2026-07-26,6:00:00 AM,Jugo.Naranja,4.0,21.0
1532,2026-07-20,2026-07-26,6:00:00 AM,Mixto Pavo Espinaca,1.0,12.49
1533,2026-07-20,2026-07-26,6:00:00 AM,Newport,1.0,12.75
1534,2026-07-20,2026-07-26,6:00:00 AM,Pan Con Tortilla,2.0,22.18
1535,2026-07-20,2026-07-26,6:00:00 AM,Pan De Bono,2.0,3.98
1536,2026-07-20,2026-07-26,6:00:00 AM,Pan Jamaica,2.0,3.2
1537,2026-07-20,2026-07-26,6:00:00 AM,Pepsi,1.0,2.5
1540,2026-07-20,2026-07-26,6:00:00 AM,Tortilla,4.0,48.06
1541,2026-07-20,2026-07-26,6:00:00 AM,Tostada,10.0,19.9
1542,2026-07-20,2026-07-26,6:00:00 AM,Western Omlet Reg,1.0,11.99
1543,2026-07-20,2026-07-26,6:00:00 PM,305 Morados,1.0,6.25
1546,2026-07-20,2026-07-26,6:00:00 PM,Agua Perrier,2.0,6.98
1547,2026-07-20,2026-07-26,6:00:00 PM,Ajiaco Mediano,3.0,21.17
1548,2026-07-20,2026-07-26,6:00:00 PM,Ajiaco..Grande,4.0,42.76
1549,2026-07-20,2026-07-26,6:00:00 PM,Albondigas.Res,2.0,28.38
1550,2026-07-20,2026-07-26,6:00:00 PM,Arros Con Mariscos,2.0,80.18
1551,2026-07-20,2026-07-26,6:00:00 PM,Arroz Blanco,1.0,3.25
1552,2026-07-20,2026-07-26,6:00:00 PM,Arroz Chiquito,2.0,4.5
1553,2026-07-20,2026-07-26,6:00:00 PM,Arroz Con Puerco,3.0,39.37
1554,2026-07-20,2026-07-26,6:00:00 PM,Arroz Frito,1.0,14.69
1555,2026-07-20,2026-07-26,6:00:00 PM,Arroz Imperial,1.0,15.99
1556,2026-07-20,2026-07-26,6:00:00 PM,Baby Churrasco,8.0,156.72
1557,2026-07-20,2026-07-26,6:00:00 PM,Bandeja Rinconcito 87,1.0,32.99
1558,2026-07-20,2026-07-26,6:00:00 PM,Batido Fruta Bonba,1.0,4.99
1559,2026-07-20,2026-07-26,6:00:00 PM,Batido Mamey,5.0,27.45
1560,2026-07-20,2026-07-26,6:00:00 PM,Batido Trigo,3.0,14.97
1561,2026-07-20,2026-07-26,6:00:00 PM,Bistec De Higado,2.0,26.98
1562,2026-07-20,2026-07-26,6:00:00 PM,Bistec De Pollo,41.0,559.29
1563,2026-07-20,2026-07-26,6:00:00 PM,Bistec De Puerco,1.0,15.69
1564,2026-07-20,2026-07-26,6:00:00 PM,Bistec En Cazuela,2.0,29.38
1565,2026-07-20,2026-07-26,6:00:00 PM,Bistec Palomilla,8.0,146.52
1566,2026-07-20,2026-07-26,6:00:00 PM,Bocadito De Tuna,1.0,8.99
1567,2026-07-20,2026-07-26,6:00:00 PM,Boliche,3.0,45.17
1568,2026-07-20,2026-07-26,6:00:00 PM,Bolita De Tuna,3.0,9.75
1569,2026-07-20,2026-07-26,6:00:00 PM,Boniato Frito,1.0,4.99
1570,2026-07-20,2026-07-26,6:00:00 PM,Boñuelos,1.0,5.49
1571,2026-07-20,2026-07-26,6:00:00 PM,Bud Light,1.0,4.99
1572,2026-07-20,2026-07-26,6:00:00 PM,Caesar /Pollo,1.0,12.99
1573,2026-07-20,2026-07-26,6:00:00 PM,Caf.Lec.Evap.Chico,1.0,3.0
1574,2026-07-20,2026-07-26,6:00:00 PM,Cafe American Mediano,1.0,3.0
1575,2026-07-20,2026-07-26,6:00:00 PM,Cafe Con Leche Mediano,1.0,3.75
1576,2026-07-20,2026-07-26,6:00:00 PM,Cafe Con Leche Pequeno,2.0,5.0
1577,2026-07-20,2026-07-26,6:00:00 PM,Cafe Cubano,25.0,37.5
1578,2026-07-20,2026-07-26,6:00:00 PM,Camarones Enchilado,3.0,60.37
1581,2026-07-20,2026-07-26,6:00:00 PM,Carne Con Papas,4.0,56.56
1582,2026-07-20,2026-07-26,6:00:00 PM,Cascos Guava Queso,2.0,11.98
1583,2026-07-20,2026-07-26,6:00:00 PM,Casuela Mariscos,1.0,38.2
1584,2026-07-20,2026-07-26,6:00:00 PM,Ceviche Mixto,1.0,22.99
1585,2026-07-20,2026-07-26,6:00:00 PM,Chichar Pollo Sin Hues,1.0,13.69
1586,2026-07-20,2026-07-26,6:00:00 PM,Chicharo Grande,2.0,18.18
1587,2026-07-20,2026-07-26,6:00:00 PM,Chicharo Mediano,1.0,6.99
1588,2026-07-20,2026-07-26,6:00:00 PM,Chicharron De Pollo,1.0,11.99
1589,2026-07-20,2026-07-26,6:00:00 PM,Choripan,1.0,9.99
1590,2026-07-20,2026-07-26,6:00:00 PM,Chuletas De Puerco,1.0,13.69
1591,2026-07-20,2026-07-26,6:00:00 PM,Churrasco,6.0,157.74
1592,2026-07-20,2026-07-26,6:00:00 PM,Club Sandwich,3.0,35.97
1593,2026-07-20,2026-07-26,6:00:00 PM,Cocacola.Botella,2.0,6.98
1594,2026-07-20,2026-07-26,6:00:00 PM,Coke,7.0,17.5
1595,2026-07-20,2026-07-26,6:00:00 PM,Coke Cero,2.0,5.0
1596,2026-07-20,2026-07-26,6:00:00 PM,Colada,4.0,11.0
1597,2026-07-20,2026-07-26,6:00:00 PM,Colorados Grande,3.0,29.07
1598,2026-07-20,2026-07-26,6:00:00 PM,Copa Vino,2.0,17.98
1599,2026-07-20,2026-07-26,6:00:00 PM,Corona,5.0,27.45
1600,2026-07-20,2026-07-26,6:00:00 PM,Cortadito,5.0,10.99
1601,2026-07-20,2026-07-26,6:00:00 PM,Cortadito Evaporada,6.0,15.0
1602,2026-07-20,2026-07-26,6:00:00 PM,Crema Calabaza Grande,4.0,39.96
1603,2026-07-20,2026-07-26,6:00:00 PM,Crema Calabazachiquit,1.0,4.5
1604,2026-07-20,2026-07-26,6:00:00 PM,Crema Malanga Mediana,6.0,41.94
1605,2026-07-20,2026-07-26,6:00:00 PM,Crema Malanga.Grande,4.0,42.16
1606,2026-07-20,2026-07-26,6:00:00 PM,Crema Vegetal Grande,1.0,10.49
1607,2026-07-20,2026-07-26,6:00:00 PM,Crema Vegetal Mediana,1.0,6.99
1608,2026-07-20,2026-07-26,6:00:00 PM,Crema. Malanga Chiquit,3.0,13.5
1609,2026-07-20,2026-07-26,6:00:00 PM,Croqueta Jamon,21.0,36.75
1610,2026-07-20,2026-07-26,6:00:00 PM,Croqueta Pollo,6.0,10.5
1611,2026-07-20,2026-07-26,6:00:00 PM,Croqueta Preparada,2.0,24.38
1612,2026-07-20,2026-07-26,6:00:00 PM,Cubano Especial,1.0,12.19
1613,2026-07-20,2026-07-26,6:00:00 PM,Cubierto,1.0,0.0
1614,2026-07-20,2026-07-26,6:00:00 PM,Deditos .Pescado,2.0,29.88
1615,2026-07-20,2026-07-26,6:00:00 PM,Deditos De Pescado,2.0,32.38
1616,2026-07-20,2026-07-26,6:00:00 PM,Deditos De Pollo,1.0,13.19
1617,2026-07-20,2026-07-26,6:00:00 PM,Deditos De Pollo Kids,1.0,8.19
1618,2026-07-20,2026-07-26,6:00:00 PM,Deditos Queso/Guayaba,2.0,3.98
1619,2026-07-20,2026-07-26,6:00:00 PM,Diet Coke,1.0,2.25
1620,2026-07-20,2026-07-26,6:00:00 PM,Dos Huevo Aros. Madur,1.0,8.99
1621,2026-07-20,2026-07-26,6:00:00 PM,Dtc,1.0,6.25
1622,2026-07-20,2026-07-26,6:00:00 PM,Dulce De Leche,1.0,5.49
1623,2026-07-20,2026-07-26,6:00:00 PM,Elena Ruz,1.0,10.19
1624,2026-07-20,2026-07-26,6:00:00 PM,Empanada Carne,2.0,5.98
1625,2026-07-20,2026-07-26,6:00:00 PM,Empanada Jamon/Queso,3.0,8.97
1626,2026-07-20,2026-07-26,6:00:00 PM,Empnda Espinaca/Queso,2.0,5.98
1627,2026-07-20,2026-07-26,6:00:00 PM,Enpanisado. Res,2.0,33.38
1628,2026-07-20,2026-07-26,6:00:00 PM,Ensala Aguacat Peque,8.0,36.0
1629,2026-07-20,2026-07-26,6:00:00 PM,Ensala Pollo 2 Croquet,1.0,12.49
1630,2026-07-20,2026-07-26,6:00:00 PM,Ensalada Aguacat Grand,1.0,5.5
1631,2026-07-20,2026-07-26,6:00:00 PM,Ensalada Small,2.0,5.5
1632,2026-07-20,2026-07-26,6:00:00 PM,Fabada Grande,1.0,10.69
1633,2026-07-20,2026-07-26,6:00:00 PM,Filete De Mahimahi,1.0,16.99
1634,2026-07-20,2026-07-26,6:00:00 PM,Filete Pargo Plancha,1.0,20.99
1635,2026-07-20,2026-07-26,6:00:00 PM,Filete Pescado Planch,5.0,85.75
1636,2026-07-20,2026-07-26,6:00:00 PM,Filetill Pollo Salsa,1.0,14.99
1637,2026-07-20,2026-07-26,6:00:00 PM,Filetillo De Carne,3.0,40.67
1638,2026-07-20,2026-07-26,6:00:00 PM,Filetillo Pollo Planch,4.0,62.36
1639,2026-07-20,2026-07-26,6:00:00 PM,Filetillo Res Salsa,1.0,16.69
1640,2026-07-20,2026-07-26,6:00:00 PM,Flan,5.0,24.95
1641,2026-07-20,2026-07-26,6:00:00 PM,Flan Especial,8.0,47.92
1642,2026-07-20,2026-07-26,6:00:00 PM,Fricase Puerco,2.0,28.7
1643,2026-07-20,2026-07-26,6:00:00 PM,Frijol Grande,1.0,7.99
1644,2026-07-20,2026-07-26,6:00:00 PM,Frijol Mediano,2.0,9.98
1645,2026-07-20,2026-07-26,6:00:00 PM,Frijol Pequeno,3.0,8.97
1646,2026-07-20,2026-07-26,6:00:00 PM,Frijol.Colorado Chiqui,1.0,3.99
1647,2026-07-20,2026-07-26,6:00:00 PM,Frituras De Malanga,2.0,13.0
1648,2026-07-20,2026-07-26,6:00:00 PM,Galleta Deliciosas,6.0,21.6
1649,2026-07-20,2026-07-26,6:00:00 PM,Garbanzo Grande,1.0,10.49
1650,2026-07-20,2026-07-26,6:00:00 PM,Garbanzo.Frito,1.0,16.19
1651,2026-07-20,2026-07-26,6:00:00 PM,Garbanzo.Mediano,3.0,20.97
1652,2026-07-20,2026-07-26,6:00:00 PM,Gatorade Limon,1.0,3.99
1653,2026-07-20,2026-07-26,6:00:00 PM,Guarapo,7.0,36.75
1654,2026-07-20,2026-07-26,6:00:00 PM,Heineken,1.0,5.49
1655,2026-07-20,2026-07-26,6:00:00 PM,Helado Cono,5.0,17.5
1656,2026-07-20,2026-07-26,6:00:00 PM,Higado Italiana,1.0,15.19
1657,2026-07-20,2026-07-26,6:00:00 PM,Horden De 3 Chicharone,2.0,6.5
1658,2026-07-20,2026-07-26,6:00:00 PM,Imperial,2.0,24.18
1659,2026-07-20,2026-07-26,6:00:00 PM,Imperial Grande.30.Per,1.0,160.0
1660,2026-07-20,2026-07-26,6:00:00 PM,Iron Beer,1.0,2.5
1661,2026-07-20,2026-07-26,6:00:00 PM,Jugo Pina,1.0,4.5
1662,2026-07-20,2026-07-26,6:00:00 PM,Jugo.Naranja,10.0,52.5
1663,2026-07-20,2026-07-26,6:00:00 PM,Langosta Enchilada,1.0,40.0
1664,2026-07-20,2026-07-26,6:00:00 PM,Lentejas Mediana,4.0,27.96
1665,2026-07-20,2026-07-26,6:00:00 PM,Limanada Coco,1.0,5.99
1666,2026-07-20,2026-07-26,6:00:00 PM,Limonada,4.0,18.0
1667,2026-07-20,2026-07-26,6:00:00 PM,Madio.Pollo A La Brasa,2.0,28.38
1668,2026-07-20,2026-07-26,6:00:00 PM,Maduros,5.0,22.45
1669,2026-07-20,2026-07-26,6:00:00 PM,Malboro Light,2.0,24.0
1670,2026-07-20,2026-07-26,6:00:00 PM,Malta,2.0,6.5
1671,2026-07-20,2026-07-26,6:00:00 PM,Mariquitas,5.0,29.95
1672,2026-07-20,2026-07-26,6:00:00 PM,Mariquitas De Malanga,1.0,5.99
1673,2026-07-20,2026-07-26,6:00:00 PM,Mariquitas..Mixta,1.0,5.49
1674,2026-07-20,2026-07-26,6:00:00 PM,Masas De Puerco,14.0,199.56
1675,2026-07-20,2026-07-26,6:00:00 PM,Materva,2.0,5.0
1676,2026-07-20,2026-07-26,6:00:00 PM,Med Crema De Calabaza,1.0,7.19
1677,2026-07-20,2026-07-26,6:00:00 PM,Media Noche,4.0,40.56
1678,2026-07-20,2026-07-26,6:00:00 PM,Medio Pollo A Brasa,1.0,12.99
1679,2026-07-20,2026-07-26,6:00:00 PM,Medio Pollo.Asado,1.0,12.99
1680,2026-07-20,2026-07-26,6:00:00 PM,Melon..Sandia,4.0,18.0
1681,2026-07-20,2026-07-26,6:00:00 PM,Milanesa De Pollo,1.0,16.19
1682,2026-07-20,2026-07-26,6:00:00 PM,Milanesa Res,1.0,19.99
1683,2026-07-20,2026-07-26,6:00:00 PM,Misc Cocina,4.0,4.0
1684,2026-07-20,2026-07-26,6:00:00 PM,Modelo,1.0,5.49
1685,2026-07-20,2026-07-26,6:00:00 PM,Moros,1.0,3.99
1686,2026-07-20,2026-07-26,6:00:00 PM,Natilla,1.0,4.99
1687,2026-07-20,2026-07-26,6:00:00 PM,Pan Con Bistec,7.0,79.53
1688,2026-07-20,2026-07-26,6:00:00 PM,Pan Con Lechon,1.0,9.69
1689,2026-07-20,2026-07-26,6:00:00 PM,Pan De Bono,2.0,3.98
1690,2026-07-20,2026-07-26,6:00:00 PM,Papas Fritas,1.0,4.49
1691,2026-07-20,2026-07-26,6:00:00 PM,Pargo Frito,1.0,24.19
1692,2026-07-20,2026-07-26,6:00:00 PM,Pargo Frito Entero,1.0,25.99
1693,2026-07-20,2026-07-26,6:00:00 PM,Pasteles Guayaba,4.0,6.0
1694,2026-07-20,2026-07-26,6:00:00 PM,Pasteles Queso/Guayaba,1.0,1.5
1695,2026-07-20,2026-07-26,6:00:00 PM,Pescado Alo Macho,1.0,25.99
1696,2026-07-20,2026-07-26,6:00:00 PM,Picadillo,8.0,111.32
1697,2026-07-20,2026-07-26,6:00:00 PM,Platano Hervido,1.0,4.99
1698,2026-07-20,2026-07-26,6:00:00 PM,Potaje Colorados Media,3.0,21.57
1699,2026-07-20,2026-07-26,6:00:00 PM,Presidente,1.0,5.49
1700,2026-07-20,2026-07-26,6:00:00 PM,Pudin De Pan,1.0,5.49
1701,2026-07-20,2026-07-26,6:00:00 PM,Pudin Diplomatico,4.0,21.96
1702,2026-07-20,2026-07-26,6:00:00 PM,Pure Papas,1.0,4.49
1703,2026-07-20,2026-07-26,6:00:00 PM,Rabo Encendido,3.0,72.37
1704,2026-07-20,2026-07-26,6:00:00 PM,Riñonada,3.0,63.17
1705,2026-07-20,2026-07-26,6:00:00 PM,Ropa Vieja,8.0,129.52
1706,2026-07-20,2026-07-26,6:00:00 PM,Rueda De Serrucho,3.0,45.97
1707,2026-07-20,2026-07-26,6:00:00 PM,Sand Jamon Queso,3.0,27.57
1708,2026-07-20,2026-07-26,6:00:00 PM,Sandweches Pollo,1.0,11.49
1709,2026-07-20,2026-07-26,6:00:00 PM,Solo.Tomate,1.0,2.5
1710,2026-07-20,2026-07-26,6:00:00 PM,Sopa De Pollo Grande,7.0,59.43
1711,2026-07-20,2026-07-26,6:00:00 PM,Sopa De Res Grande,6.0,72.74
1712,2026-07-20,2026-07-26,6:00:00 PM,Sopa De Res Mediana,2.0,16.38
1713,2026-07-20,2026-07-26,6:00:00 PM,Sopa De Res Pequena,1.0,4.99
1714,2026-07-20,2026-07-26,6:00:00 PM,Sopa Pescado Grande,1.0,10.99
1715,2026-07-20,2026-07-26,6:00:00 PM,Sopa Pescado Mediana,2.0,13.98
1716,2026-07-20,2026-07-26,6:00:00 PM,Sopa Platano Grande,1.0,10.49
1717,2026-07-20,2026-07-26,6:00:00 PM,Sopa Platano Mediana,2.0,13.98
1718,2026-07-20,2026-07-26,6:00:00 PM,Sopa Pollo Media,9.0,49.410000000000004
1719,2026-07-20,2026-07-26,6:00:00 PM,Spaghetti Pollo Alfred,1.0,15.19
1720,2026-07-20,2026-07-26,6:00:00 PM,Spaguetti /Wpollo,1.0,15.19
1721,2026-07-20,2026-07-26,6:00:00 PM,Spriet,4.0,10.0
1722,2026-07-20,2026-07-26,6:00:00 PM,Stella Artois,1.0,5.49
1724,2026-07-20,2026-07-26,6:00:00 PM,Tamal,3.0,8.97
1725,2026-07-20,2026-07-26,6:00:00 PM,Tamal Cazuela.Mediano,5.0,35.75
1726,2026-07-20,2026-07-26,6:00:00 PM,Tamal.Cazuela Grande,1.0,11.19
1727,2026-07-20,2026-07-26,6:00:00 PM,Te Frio,1.0,2.99
1729,2026-07-20,2026-07-26,6:00:00 PM,Toreja Cubana,1.0,5.99
1730,2026-07-20,2026-07-26,6:00:00 PM,Tostones,3.0,14.97
1731,2026-07-20,2026-07-26,6:00:00 PM,Tres Leches,3.0,17.97
1732,2026-07-20,2026-07-26,6:00:00 PM,Vaca Frita,14.0,235.86
1734,2026-07-20,2026-07-26,7:00:00 AM,"3,,Panqueques",1.0,5.99
1735,2026-07-20,2026-07-26,7:00:00 AM,305 Morados,1.0,6.25
1736,2026-07-20,2026-07-26,7:00:00 AM,Agua Natural,1.0,1.99
1737,2026-07-20,2026-07-26,7:00:00 AM,Best Mango,1.0,2.99
1738,2026-07-20,2026-07-26,7:00:00 AM,Bistec A Caballo,2.0,30.73
1739,2026-07-20,2026-07-26,7:00:00 AM,Cafe Americano Chiquit,2.0,5.98
1740,2026-07-20,2026-07-26,7:00:00 AM,Cafe Con Leche Grande,3.0,13.5
1741,2026-07-20,2026-07-26,7:00:00 AM,Cafe Con Leche Mediano,1.0,3.75
1742,2026-07-20,2026-07-26,7:00:00 AM,Cafe Con Leche Pequeno,10.0,25.0
1743,2026-07-20,2026-07-26,7:00:00 AM,Cafe Cubano,18.0,27.0
1744,2026-07-20,2026-07-26,7:00:00 AM,Cafecito,2.0,1.98
1745,2026-07-20,2026-07-26,7:00:00 AM,Choriso Regular,1.0,3.99
1746,2026-07-20,2026-07-26,7:00:00 AM,Coke,2.0,5.0
1747,2026-07-20,2026-07-26,7:00:00 AM,Colada,7.0,19.25
1748,2026-07-20,2026-07-26,7:00:00 AM,Cortadito,5.0,9.95
1749,2026-07-20,2026-07-26,7:00:00 AM,Cortadito Evaporada,1.0,2.5
1750,2026-07-20,2026-07-26,7:00:00 AM,Croqueta Bacalao,8.0,15.92
1751,2026-07-20,2026-07-26,7:00:00 AM,Croqueta Jamon,8.0,14.0
1752,2026-07-20,2026-07-26,7:00:00 AM,Croqueta Pollo,7.0,12.25
1753,2026-07-20,2026-07-26,7:00:00 AM,Desallunos,23.0,277.57
1754,2026-07-20,2026-07-26,7:00:00 AM,Diet Materva,1.0,2.5
1755,2026-07-20,2026-07-26,7:00:00 AM,Empanada Carne,5.0,14.95
1756,2026-07-20,2026-07-26,7:00:00 AM,Empanada Pollo,2.0,5.98
1757,2026-07-20,2026-07-26,7:00:00 AM,Empnda Espinaca/Queso,1.0,2.99
1758,2026-07-20,2026-07-26,7:00:00 AM,Enpanada Colonbiana,2.0,4.98
1759,2026-07-20,2026-07-26,7:00:00 AM,Ensalada Small,1.0,2.75
1760,2026-07-20,2026-07-26,7:00:00 AM,Guarapo,1.0,5.25
1761,2026-07-20,2026-07-26,7:00:00 AM,Huevo Frito,2.0,3.0
1762,2026-07-20,2026-07-26,7:00:00 AM,Huevos Al Porch,1.0,11.99
1763,2026-07-20,2026-07-26,7:00:00 AM,Jamon,1.0,3.99
1764,2026-07-20,2026-07-26,7:00:00 AM,Jugo Pina,1.0,4.5
1765,2026-07-20,2026-07-26,7:00:00 AM,Jugo.Naranja,3.0,15.75
1766,2026-07-20,2026-07-26,7:00:00 AM,Leche Malteada,1.0,4.99
1767,2026-07-20,2026-07-26,7:00:00 AM,Newport,2.0,25.5
1768,2026-07-20,2026-07-26,7:00:00 AM,Pan Con Bistec,1.0,11.19
1769,2026-07-20,2026-07-26,7:00:00 AM,Pan Con Tortilla,4.0,44.16
1770,2026-07-20,2026-07-26,7:00:00 AM,Pan De Bono,2.0,3.98
1771,2026-07-20,2026-07-26,7:00:00 AM,Pan Jamaica,3.0,4.8
1772,2026-07-20,2026-07-26,7:00:00 AM,Papa Rellena,1.0,2.99
1773,2026-07-20,2026-07-26,7:00:00 AM,Pasteles Guayaba,2.0,3.0
1774,2026-07-20,2026-07-26,7:00:00 AM,Pasteles Queso,3.0,4.5
1775,2026-07-20,2026-07-26,7:00:00 AM,Pasteles Queso/Guayaba,1.0,1.5
1776,2026-07-20,2026-07-26,7:00:00 AM,Pepsi,3.0,7.5
1777,2026-07-20,2026-07-26,7:00:00 AM,Perico De Claras,1.0,12.99
1778,2026-07-20,2026-07-26,7:00:00 AM,Perico Ripiado,1.0,11.99
1779,2026-07-20,2026-07-26,7:00:00 AM,Queso Suizo,1.0,1.99
1781,2026-07-20,2026-07-26,7:00:00 AM,Rinconcito Breakfast,1.0,13.99
1782,2026-07-20,2026-07-26,7:00:00 AM,Tamal.Cazuela Grande,1.0,11.19
1784,2026-07-20,2026-07-26,7:00:00 AM,Tortilla,2.0,21.98
1785,2026-07-20,2026-07-26,7:00:00 AM,Tostada,22.0,43.78
1786,2026-07-20,2026-07-26,7:00:00 AM,Western Omlet Reg,1.0,12.49
1787,2026-07-20,2026-07-26,7:00:00 PM,1 Bola Helado,1.0,2.99
1790,2026-07-20,2026-07-26,7:00:00 PM,Agua Perrier,4.0,13.96
1791,2026-07-20,2026-07-26,7:00:00 PM,Ajiaco Mediano,2.0,14.38
1792,2026-07-20,2026-07-26,7:00:00 PM,Ajiaco..Grande,2.0,20.98
1793,2026-07-20,2026-07-26,7:00:00 PM,Albondigas.Res,2.0,28.38
1794,2026-07-20,2026-07-26,7:00:00 PM,Arroz Blanco,6.0,19.5
1795,2026-07-20,2026-07-26,7:00:00 PM,Arroz Chiquito,3.0,7.75
1796,2026-07-20,2026-07-26,7:00:00 PM,Arroz Con Leche,2.0,10.98
1797,2026-07-20,2026-07-26,7:00:00 PM,Arroz Con Pollo,1.0,13.49
1798,2026-07-20,2026-07-26,7:00:00 PM,Arroz Con Puerco,3.0,39.37
1799,2026-07-20,2026-07-26,7:00:00 PM,Arroz Frito,3.0,41.87
1800,2026-07-20,2026-07-26,7:00:00 PM,Arroz Pollo.Desmenuza,1.0,12.69
1801,2026-07-20,2026-07-26,7:00:00 PM,Baby Churrasco,11.0,219.89000000000001
1802,2026-07-20,2026-07-26,7:00:00 PM,Bacalao Viscaina,2.0,40.18
1803,2026-07-20,2026-07-26,7:00:00 PM,Batido .Fresa,1.0,4.99
1804,2026-07-20,2026-07-26,7:00:00 PM,Batido Mamey,1.0,5.49
1805,2026-07-20,2026-07-26,7:00:00 PM,Batido Mango,2.0,9.98
1806,2026-07-20,2026-07-26,7:00:00 PM,Bistec A Caballo,1.0,14.49
1807,2026-07-20,2026-07-26,7:00:00 PM,Bistec De Pollo,42.0,576.6800000000001
1808,2026-07-20,2026-07-26,7:00:00 PM,Bistec De Puerco,2.0,32.88
1809,2026-07-20,2026-07-26,7:00:00 PM,Bistec En Cazuela,2.0,29.38
1810,2026-07-20,2026-07-26,7:00:00 PM,Bistec Palomilla,10.0,183.1
1811,2026-07-20,2026-07-26,7:00:00 PM,Boliche,1.0,15.19
1812,2026-07-20,2026-07-26,7:00:00 PM,Bolita De Tuna,1.0,3.25
1813,2026-07-20,2026-07-26,7:00:00 PM,Boñuelos,2.0,10.98
1814,2026-07-20,2026-07-26,7:00:00 PM,Caesar /Pollo,2.0,25.98
1815,2026-07-20,2026-07-26,7:00:00 PM,Cafe American Grande,1.0,3.25
1816,2026-07-20,2026-07-26,7:00:00 PM,Cafe Con Leche Grande,1.0,4.5
1817,2026-07-20,2026-07-26,7:00:00 PM,Cafe Con Leche Pequeno,1.0,2.5
1818,2026-07-20,2026-07-26,7:00:00 PM,Cafe Cubano,18.0,27.0
1819,2026-07-20,2026-07-26,7:00:00 PM,Caldo Gallego.Mediano,2.0,16.38
1820,2026-07-20,2026-07-26,7:00:00 PM,Caldo.Gallego Grande,2.0,23.38
1821,2026-07-20,2026-07-26,7:00:00 PM,Camarones Al Ajillo,1.0,19.99
1822,2026-07-20,2026-07-26,7:00:00 PM,Camarones Enchilado,1.0,19.99
1823,2026-07-20,2026-07-26,7:00:00 PM,Camoron Salsa Alfredo,1.0,19.99
1826,2026-07-20,2026-07-26,7:00:00 PM,Carne Con Papas,1.0,13.99
1827,2026-07-20,2026-07-26,7:00:00 PM,Chichar Pollo Sin Hues,2.0,27.38
1828,2026-07-20,2026-07-26,7:00:00 PM,Chicharo Grande,3.0,27.57
1829,2026-07-20,2026-07-26,7:00:00 PM,Chicharo Mediano,4.0,27.96
1830,2026-07-20,2026-07-26,7:00:00 PM,Chicharron De Pollo,1.0,11.99
1831,2026-07-20,2026-07-26,7:00:00 PM,Chichek Wings,1.0,7.5
1832,2026-07-20,2026-07-26,7:00:00 PM,Chilindron D Chivo,2.0,45.98
1833,2026-07-20,2026-07-26,7:00:00 PM,Chocolate Med,2.0,5.98
1834,2026-07-20,2026-07-26,7:00:00 PM,Chuletas De Puerco,4.0,56.56
1835,2026-07-20,2026-07-26,7:00:00 PM,Churrasco,14.0,366.66
1836,2026-07-20,2026-07-26,7:00:00 PM,Clamato Juice,1.0,2.99
1837,2026-07-20,2026-07-26,7:00:00 PM,Club Sandwich,3.0,36.17
1838,2026-07-20,2026-07-26,7:00:00 PM,Coke,11.0,27.5
1839,2026-07-20,2026-07-26,7:00:00 PM,Coke Cero,5.0,12.5
1840,2026-07-20,2026-07-26,7:00:00 PM,Colada,5.0,13.75
1841,2026-07-20,2026-07-26,7:00:00 PM,Copa Vino,5.0,44.95
1842,2026-07-20,2026-07-26,7:00:00 PM,Corona,2.0,10.98
1843,2026-07-20,2026-07-26,7:00:00 PM,Cortadito,5.0,10.99
1844,2026-07-20,2026-07-26,7:00:00 PM,Cortadito Evaporada,8.0,20.0
1845,2026-07-20,2026-07-26,7:00:00 PM,Crema Calabaza Grande,3.0,29.97
1846,2026-07-20,2026-07-26,7:00:00 PM,Crema Calabaza Median,3.0,20.97
1847,2026-07-20,2026-07-26,7:00:00 PM,Crema Calabazachiquit,1.0,4.5
1848,2026-07-20,2026-07-26,7:00:00 PM,Crema Grande Calabaza,1.0,10.19
1849,2026-07-20,2026-07-26,7:00:00 PM,Crema Malanga Mediana,6.0,41.94
1850,2026-07-20,2026-07-26,7:00:00 PM,Crema Malanga.Grande,6.0,62.94
1851,2026-07-20,2026-07-26,7:00:00 PM,Crema Vegetal Grande,1.0,10.49
1852,2026-07-20,2026-07-26,7:00:00 PM,Crema Vegetales Median,3.0,20.97
1853,2026-07-20,2026-07-26,7:00:00 PM,Croqueta Bacalao,4.0,7.96
1854,2026-07-20,2026-07-26,7:00:00 PM,Croqueta Jamon,34.0,59.5
1855,2026-07-20,2026-07-26,7:00:00 PM,Croqueta Pollo,1.0,1.75
1856,2026-07-20,2026-07-26,7:00:00 PM,Croqueta.Jam.Pier.Ques,1.0,12.19
1857,2026-07-20,2026-07-26,7:00:00 PM,Cubano Especial,8.0,97.52
1858,2026-07-20,2026-07-26,7:00:00 PM,Cubano Regular,2.0,20.18
1859,2026-07-20,2026-07-26,7:00:00 PM,Deditos .Pescado,2.0,30.18
1860,2026-07-20,2026-07-26,7:00:00 PM,Deditos De Pescado,3.0,49.57
1861,2026-07-20,2026-07-26,7:00:00 PM,Deditos De Pollo Kids,2.0,15.98
1862,2026-07-20,2026-07-26,7:00:00 PM,Deditos Queso/Guayaba,3.0,5.97
1863,2026-07-20,2026-07-26,7:00:00 PM,Diet Materva,1.0,2.5
1864,2026-07-20,2026-07-26,7:00:00 PM,E Pagueti Solo Roja,1.0,8.99
1865,2026-07-20,2026-07-26,7:00:00 PM,Empanada Carne,3.0,8.97
1866,2026-07-20,2026-07-26,7:00:00 PM,Empanada Jamon/Queso,1.0,2.99
1867,2026-07-20,2026-07-26,7:00:00 PM,Empanada Pollo,4.0,11.96
1868,2026-07-20,2026-07-26,7:00:00 PM,Enpanisado. Res,9.0,153.11
1869,2026-07-20,2026-07-26,7:00:00 PM,"Enpellas,Chicharones",4.0,24.0
1870,2026-07-20,2026-07-26,7:00:00 PM,Ensala Aguacat Peque,4.0,18.0
1871,2026-07-20,2026-07-26,7:00:00 PM,Ensala Pollo 2 Croquet,1.0,12.49
1872,2026-07-20,2026-07-26,7:00:00 PM,Ensalada Aguacat Grand,2.0,11.0
1873,2026-07-20,2026-07-26,7:00:00 PM,Ensalda De Tuna,1.0,11.99
1874,2026-07-20,2026-07-26,7:00:00 PM,Fabada Grande,1.0,10.69
1875,2026-07-20,2026-07-26,7:00:00 PM,Filete Ala Francesa,1.0,19.99
1876,2026-07-20,2026-07-26,7:00:00 PM,Filete Curvina Plancha,1.0,19.19
1877,2026-07-20,2026-07-26,7:00:00 PM,Filete Pargo Plancha,1.0,20.99
1878,2026-07-20,2026-07-26,7:00:00 PM,Filete Pescado Empani,1.0,17.69
1879,2026-07-20,2026-07-26,7:00:00 PM,Filete Pescado Planch,1.0,16.99
1880,2026-07-20,2026-07-26,7:00:00 PM,Filetill Pollo Salsa,1.0,14.99
1881,2026-07-20,2026-07-26,7:00:00 PM,Filetillo De Carne,1.0,13.69
1882,2026-07-20,2026-07-26,7:00:00 PM,Filetillo Pollo Planch,5.0,76.55
1883,2026-07-20,2026-07-26,7:00:00 PM,Filetillo Res Plancha,1.0,15.19
1884,2026-07-20,2026-07-26,7:00:00 PM,Filetillo Res Salsa,1.0,14.99
1885,2026-07-20,2026-07-26,7:00:00 PM,Flan,5.0,24.95
1886,2026-07-20,2026-07-26,7:00:00 PM,Flan Especial,3.0,17.97
1887,2026-07-20,2026-07-26,7:00:00 PM,Fricase Puerco,3.0,41.95
1888,2026-07-20,2026-07-26,7:00:00 PM,Frijol Grande,3.0,23.97
1889,2026-07-20,2026-07-26,7:00:00 PM,Frijol Mediano,4.0,19.96
1890,2026-07-20,2026-07-26,7:00:00 PM,Frijol Pequeno,5.0,14.95
1891,2026-07-20,2026-07-26,7:00:00 PM,Frijol.Colorado Chiqui,2.0,7.98
1892,2026-07-20,2026-07-26,7:00:00 PM,Galleta Deliciosas,1.0,3.6
1893,2026-07-20,2026-07-26,7:00:00 PM,Garbanzo Grande,2.0,20.98
1894,2026-07-20,2026-07-26,7:00:00 PM,Garbanzo.Mediano,2.0,13.98
1895,2026-07-20,2026-07-26,7:00:00 PM,Guarapo,3.0,15.75
1896,2026-07-20,2026-07-26,7:00:00 PM,Guiso Maiz Grande,1.0,10.49
1897,2026-07-20,2026-07-26,7:00:00 PM,Guiso.Maiz Mediano,3.0,20.97
1898,2026-07-20,2026-07-26,7:00:00 PM,Heineken,1.0,5.49
1899,2026-07-20,2026-07-26,7:00:00 PM,Helado Cono,4.0,14.0
1900,2026-07-20,2026-07-26,7:00:00 PM,Higado Italiana,1.0,15.19
1901,2026-07-20,2026-07-26,7:00:00 PM,Horde Depan,1.0,1.5
1902,2026-07-20,2026-07-26,7:00:00 PM,Huevo Frito,5.0,7.25
1903,2026-07-20,2026-07-26,7:00:00 PM,Imperial,1.0,12.19
1904,2026-07-20,2026-07-26,7:00:00 PM,Inca Kola,1.0,2.99
1905,2026-07-20,2026-07-26,7:00:00 PM,Iron Beer,2.0,5.0
1906,2026-07-20,2026-07-26,7:00:00 PM,Jarrito Naranja,1.0,3.49
1907,2026-07-20,2026-07-26,7:00:00 PM,Jugo Pina,1.0,4.5
1908,2026-07-20,2026-07-26,7:00:00 PM,Jugo Zanahoria Naraja,1.0,4.99
1909,2026-07-20,2026-07-26,7:00:00 PM,Jugo.Naranja,6.0,31.5
1910,2026-07-20,2026-07-26,7:00:00 PM,Juntas,3.0,0.0
1911,2026-07-20,2026-07-26,7:00:00 PM,Jupiña,3.0,7.5
1912,2026-07-20,2026-07-26,7:00:00 PM,Las Perdis.1/2.Malbet,1.0,16.5
1913,2026-07-20,2026-07-26,7:00:00 PM,Leche Malteada,1.0,4.99
1914,2026-07-20,2026-07-26,7:00:00 PM,Lechon Asado,3.0,42.17
1915,2026-07-20,2026-07-26,7:00:00 PM,Lentejas Grande,3.0,28.47
1916,2026-07-20,2026-07-26,7:00:00 PM,Lentejas Mediana,3.0,20.97
1917,2026-07-20,2026-07-26,7:00:00 PM,Lentejas.Chiquita,1.0,3.99
1918,2026-07-20,2026-07-26,7:00:00 PM,Limonada,7.0,31.5
1919,2026-07-20,2026-07-26,7:00:00 PM,Madio.Pollo A La Brasa,3.0,43.37
1920,2026-07-20,2026-07-26,7:00:00 PM,Maduros,4.0,17.96
1921,2026-07-20,2026-07-26,7:00:00 PM,Malta,1.0,3.25
1922,2026-07-20,2026-07-26,7:00:00 PM,Mariquitas,6.0,35.94
1923,2026-07-20,2026-07-26,7:00:00 PM,Mariquitas..Mixta,2.0,10.98
1924,2026-07-20,2026-07-26,7:00:00 PM,Mariquitas.Togo,1.0,4.5
1925,2026-07-20,2026-07-26,7:00:00 PM,Masas De Puerco,13.0,181.67
1926,2026-07-20,2026-07-26,7:00:00 PM,Materva,8.0,20.0
1927,2026-07-20,2026-07-26,7:00:00 PM,Media Noche,4.0,40.56
1928,2026-07-20,2026-07-26,7:00:00 PM,Medio Pollo A Brasa,3.0,39.57
1929,2026-07-20,2026-07-26,7:00:00 PM,Merenquito,1.0,1.5
1930,2026-07-20,2026-07-26,7:00:00 PM,Milanesa De Pollo,4.0,64.16
1931,2026-07-20,2026-07-26,7:00:00 PM,Milanesa Res,1.0,20.19
1932,2026-07-20,2026-07-26,7:00:00 PM,Misc Cocina,1.0,8.0
1933,2026-07-20,2026-07-26,7:00:00 PM,Mofongo Puerco,1.0,16.99
1934,2026-07-20,2026-07-26,7:00:00 PM,Mofongo Solo,2.0,15.98
1935,2026-07-20,2026-07-26,7:00:00 PM,Moros,1.0,3.99
1936,2026-07-20,2026-07-26,7:00:00 PM,Natilla,1.0,4.99
1937,2026-07-20,2026-07-26,7:00:00 PM,Natilla Catalana,1.0,6.25
1938,2026-07-20,2026-07-26,7:00:00 PM,Pan Con Bistec,9.0,103.31
1939,2026-07-20,2026-07-26,7:00:00 PM,Papa Rellena,7.0,20.93
1940,2026-07-20,2026-07-26,7:00:00 PM,Papas Fritas,1.0,4.49
1941,2026-07-20,2026-07-26,7:00:00 PM,Pargo Frito,1.0,24.19
1942,2026-07-20,2026-07-26,7:00:00 PM,Pargo Frito Entero,2.0,51.98
1943,2026-07-20,2026-07-26,7:00:00 PM,Pescado Alo Macho,1.0,25.99
1944,2026-07-20,2026-07-26,7:00:00 PM,Picadillo,6.0,86.94
1945,2026-07-20,2026-07-26,7:00:00 PM,Pina Colada,2.0,13.98
1946,2026-07-20,2026-07-26,7:00:00 PM,Pollo Empanizado,2.0,29.18
1947,2026-07-20,2026-07-26,7:00:00 PM,Potaje Colorados Media,1.0,6.99
1948,2026-07-20,2026-07-26,7:00:00 PM,Presidente,2.0,10.98
1949,2026-07-20,2026-07-26,7:00:00 PM,Pudin De Pan,3.0,16.47
1950,2026-07-20,2026-07-26,7:00:00 PM,Pudin Diplomatico,4.0,21.96
1951,2026-07-20,2026-07-26,7:00:00 PM,Pure Papas,1.0,4.49
1952,2026-07-20,2026-07-26,7:00:00 PM,Rabo Encendido,3.0,72.17
1953,2026-07-20,2026-07-26,7:00:00 PM,Riñonada,1.0,21.99
1954,2026-07-20,2026-07-26,7:00:00 PM,Ropa Vieja,2.0,33.38
1955,2026-07-20,2026-07-26,7:00:00 PM,Rueda De Serrucho,1.0,15.99
1956,2026-07-20,2026-07-26,7:00:00 PM,Sandweches Pollo,1.0,11.69
1957,2026-07-20,2026-07-26,7:00:00 PM,Sandwiches..Pollo.Empa,1.0,12.49
1958,2026-07-20,2026-07-26,7:00:00 PM,Sdwch De Pavo Regl,1.0,10.19
1959,2026-07-20,2026-07-26,7:00:00 PM,Sm Sopa Pescado,2.0,8.5
1960,2026-07-20,2026-07-26,7:00:00 PM,Solo.Tomate,1.0,2.5
1961,2026-07-20,2026-07-26,7:00:00 PM,Sopa De Pollo Grande,9.0,76.41
1962,2026-07-20,2026-07-26,7:00:00 PM,Sopa De Res Grande,3.0,36.57
1963,2026-07-20,2026-07-26,7:00:00 PM,Sopa Pescado Mediana,1.0,6.99
1964,2026-07-20,2026-07-26,7:00:00 PM,Sopa Platano Mediana,2.0,13.98
1965,2026-07-20,2026-07-26,7:00:00 PM,Sopa Pollo Media,12.0,65.88
1966,2026-07-20,2026-07-26,7:00:00 PM,Sopa. Pollo Chiquita,1.0,3.5
1967,2026-07-20,2026-07-26,7:00:00 PM,Spageti Carne,1.0,16.19
1968,2026-07-20,2026-07-26,7:00:00 PM,Spaghetti Alfred Jamon,1.0,13.19
1969,2026-07-20,2026-07-26,7:00:00 PM,Spaghetti Pollo Alfred,2.0,30.38
1970,2026-07-20,2026-07-26,7:00:00 PM,Spriet,1.0,2.5
1972,2026-07-20,2026-07-26,7:00:00 PM,Tamal,1.0,2.99
1973,2026-07-20,2026-07-26,7:00:00 PM,Tamal Cazuela.Mediano,1.0,7.19
1974,2026-07-20,2026-07-26,7:00:00 PM,Tamal.Cazuela Grande,1.0,11.19
1975,2026-07-20,2026-07-26,7:00:00 PM,Tamal.Jamon Piern.Ques,2.0,25.98
1977,2026-07-20,2026-07-26,7:00:00 PM,Tostada,5.0,9.95
1978,2026-07-20,2026-07-26,7:00:00 PM,Tostones,1.0,4.99
1979,2026-07-20,2026-07-26,7:00:00 PM,Tres Leches,4.0,23.96
1980,2026-07-20,2026-07-26,7:00:00 PM,Vaca Frita,20.0,336.6
1981,2026-07-20,2026-07-26,7:00:00 PM,Yuca Frita,1.0,5.49
1983,2026-07-20,2026-07-26,8:00:00 AM,"2,,Wafle",1.0,4.99
1984,2026-07-20,2026-07-26,8:00:00 AM,"3,,Panqueques",1.0,5.99
1987,2026-07-20,2026-07-26,8:00:00 AM,Agua Natural,2.0,3.98
1988,2026-07-20,2026-07-26,8:00:00 AM,Arroz Chiquito,1.0,2.25
1989,2026-07-20,2026-07-26,8:00:00 AM,Bacon,2.0,9.98
1990,2026-07-20,2026-07-26,8:00:00 AM,Batido Chocolate,1.0,4.99
1991,2026-07-20,2026-07-26,8:00:00 AM,Batido Fruta Bonba,1.0,4.99
1992,2026-07-20,2026-07-26,8:00:00 AM,Batido Mamey,3.0,16.47
1993,2026-07-20,2026-07-26,8:00:00 AM,Batido Mango,4.0,19.96
1994,2026-07-20,2026-07-26,8:00:00 AM,Bistec A Caballo,4.0,60.96
1995,2026-07-20,2026-07-26,8:00:00 AM,Bistec De Pollo,1.0,13.69
1996,2026-07-20,2026-07-26,8:00:00 AM,Bola Ensalada Pollo,1.0,3.25
1997,2026-07-20,2026-07-26,8:00:00 AM,Caf.Lec.Evap.Chico,2.0,6.0
1998,2026-07-20,2026-07-26,8:00:00 AM,Cafe Con Leche Grande,6.0,27.0
1999,2026-07-20,2026-07-26,8:00:00 AM,Cafe Con Leche Mediano,2.0,7.5
2000,2026-07-20,2026-07-26,8:00:00 AM,Cafe Con Leche Pequeno,20.0,50.0
2001,2026-07-20,2026-07-26,8:00:00 AM,Cafe Cubano,27.0,40.5
2005,2026-07-20,2026-07-26,8:00:00 AM,Cholcolate Chico,1.0,2.89
2006,2026-07-20,2026-07-26,8:00:00 AM,Club Sandwich,1.0,12.19
2007,2026-07-20,2026-07-26,8:00:00 AM,Colada,10.0,27.5
2008,2026-07-20,2026-07-26,8:00:00 AM,Con Evaporada,1.0,1.5
2009,2026-07-20,2026-07-26,8:00:00 AM,Cortadito,5.0,9.95
2010,2026-07-20,2026-07-26,8:00:00 AM,Cortadito Evaporada,1.0,2.5
2011,2026-07-20,2026-07-26,8:00:00 AM,Crema Malanga.Grande,1.0,10.49
2012,2026-07-20,2026-07-26,8:00:00 AM,Croqueta Bacalao,2.0,3.98
2013,2026-07-20,2026-07-26,8:00:00 AM,Croqueta Jamon,31.0,54.25
2014,2026-07-20,2026-07-26,8:00:00 AM,Croqueta Pollo,7.0,12.25
2015,2026-07-20,2026-07-26,8:00:00 AM,Croqueta Preparada,1.0,12.19
2016,2026-07-20,2026-07-26,8:00:00 AM,Cubano Especial,1.0,12.19
2017,2026-07-20,2026-07-26,8:00:00 AM,Cubano Regular,1.0,10.19
2018,2026-07-20,2026-07-26,8:00:00 AM,Deditos De Queso,3.0,5.97
2019,2026-07-20,2026-07-26,8:00:00 AM,Desallunos,29.0,360.21
2020,2026-07-20,2026-07-26,8:00:00 AM,Empanada Carne,4.0,11.96
2021,2026-07-20,2026-07-26,8:00:00 AM,Empanada Jamon/Queso,6.0,17.94
2022,2026-07-20,2026-07-26,8:00:00 AM,Empanada Pollo,3.0,8.97
2023,2026-07-20,2026-07-26,8:00:00 AM,Empnda Espinaca/Queso,2.0,5.98
2024,2026-07-20,2026-07-26,8:00:00 AM,Ensala Pollo 2 Croquet,1.0,12.49
2025,2026-07-20,2026-07-26,8:00:00 AM,Extra Queso Crema,1.0,1.75
2026,2026-07-20,2026-07-26,8:00:00 AM,Felitos,10.0,14.9
2027,2026-07-20,2026-07-26,8:00:00 AM,Frita Cubana,1.0,9.99
2028,2026-07-20,2026-07-26,8:00:00 AM,Fuma-Pita,1.0,1.89
2029,2026-07-20,2026-07-26,8:00:00 AM,Galleta Deliciosas,3.0,10.8
2030,2026-07-20,2026-07-26,8:00:00 AM,Harina Mediana,1.0,6.45
2031,2026-07-20,2026-07-26,8:00:00 AM,Harina Pequeña,1.0,3.99
2032,2026-07-20,2026-07-26,8:00:00 AM,Huevo Frito,3.0,4.5
2033,2026-07-20,2026-07-26,8:00:00 AM,Huevos Al Porch,6.0,77.94
2034,2026-07-20,2026-07-26,8:00:00 AM,Jugo De Manzana,1.0,3.25
2035,2026-07-20,2026-07-26,8:00:00 AM,Jugo Zanahoria Naraja,2.0,9.98
2036,2026-07-20,2026-07-26,8:00:00 AM,Jugo.Naranja,6.0,31.5
2037,2026-07-20,2026-07-26,8:00:00 AM,Lentejas Grande,1.0,9.49
2038,2026-07-20,2026-07-26,8:00:00 AM,Limonada,1.0,4.5
2039,2026-07-20,2026-07-26,8:00:00 AM,Malboro Light,1.0,12.0
2040,2026-07-20,2026-07-26,8:00:00 AM,Masas De Puerco,1.0,14.19
2041,2026-07-20,2026-07-26,8:00:00 AM,Materva,1.0,2.5
2042,2026-07-20,2026-07-26,8:00:00 AM,Misc Cocina,3.0,8.97
2043,2026-07-20,2026-07-26,8:00:00 AM,Pan Con Tortilla,5.0,55.55
2044,2026-07-20,2026-07-26,8:00:00 AM,Pan De Bono,4.0,7.96
2045,2026-07-20,2026-07-26,8:00:00 AM,Papa Hash.Brown,1.0,3.99
2046,2026-07-20,2026-07-26,8:00:00 AM,Papa Rellena,5.0,14.95
2047,2026-07-20,2026-07-26,8:00:00 AM,Pasteles Guayaba,4.0,6.0
2048,2026-07-20,2026-07-26,8:00:00 AM,Pasteles Queso/Guayaba,1.0,1.5
2049,2026-07-20,2026-07-26,8:00:00 AM,Pepsi,1.0,2.5
2050,2026-07-20,2026-07-26,8:00:00 AM,Perico Ripiado,21.0,256.69
2051,2026-07-20,2026-07-26,8:00:00 AM,Rinconcito Breakfast,2.0,27.98
2052,2026-07-20,2026-07-26,8:00:00 AM,Sdwch De Pavo Regl,1.0,10.19
2053,2026-07-20,2026-07-26,8:00:00 AM,Sopa De Pollo Grande,1.0,8.49
2054,2026-07-20,2026-07-26,8:00:00 AM,Sopa De Res Grande,1.0,12.19
2055,2026-07-20,2026-07-26,8:00:00 AM,Sopa Pollo Media,1.0,5.49
2056,2026-07-20,2026-07-26,8:00:00 AM,Spagheti Carne Salsa R,1.0,16.19
2058,2026-07-20,2026-07-26,8:00:00 AM,Tamal,2.0,5.98
2060,2026-07-20,2026-07-26,8:00:00 AM,Tortilla,3.0,33.17
2061,2026-07-20,2026-07-26,8:00:00 AM,Tostada,24.0,47.76
2062,2026-07-20,2026-07-26,8:00:00 AM,Tostada 2 Croquetas,2.0,10.18
2063,2026-07-20,2026-07-26,8:00:00 AM,Western Omlet Reg,3.0,34.17
2064,2026-07-20,2026-07-26,8:00:00 AM,Westren Omlet Clara,1.0,11.99
2065,2026-07-20,2026-07-26,8:00:00 PM,1.Libra Ensala Pollo,1.0,8.99
2066,2026-07-20,2026-07-26,8:00:00 PM,2 Piezas De Cordero,1.0,24.99
2067,2026-07-20,2026-07-26,8:00:00 PM,305 Morados,1.0,6.25
2068,2026-07-20,2026-07-26,8:00:00 PM,305 Verdes,1.0,6.25
2071,2026-07-20,2026-07-26,8:00:00 PM,Agua Perrier,2.0,6.98
2072,2026-07-20,2026-07-26,8:00:00 PM,Aguacate De 3.00,1.0,3.0
2073,2026-07-20,2026-07-26,8:00:00 PM,Ajiaco Mediano,3.0,21.17
2074,2026-07-20,2026-07-26,8:00:00 PM,Ajiaco..Grande,1.0,10.49
2075,2026-07-20,2026-07-26,8:00:00 PM,Arroz Blanco,1.0,3.25
2076,2026-07-20,2026-07-26,8:00:00 PM,Arroz Chiquito,3.0,7.75
2077,2026-07-20,2026-07-26,8:00:00 PM,Arroz Con Leche,1.0,5.49
2078,2026-07-20,2026-07-26,8:00:00 PM,Arroz Con Pollo,2.0,25.18
2079,2026-07-20,2026-07-26,8:00:00 PM,Arroz Frito,2.0,27.38
2080,2026-07-20,2026-07-26,8:00:00 PM,Arroz Imperial,2.0,28.38
2081,2026-07-20,2026-07-26,8:00:00 PM,Baby Churrasco,5.0,94.55
2082,2026-07-20,2026-07-26,8:00:00 PM,Bacalao Viscaina,1.0,20.19
2083,2026-07-20,2026-07-26,8:00:00 PM,Batido Chocolate,1.0,4.99
2084,2026-07-20,2026-07-26,8:00:00 PM,Batido Fruta Bonba,2.0,9.98
2085,2026-07-20,2026-07-26,8:00:00 PM,Batido Mamey,6.0,32.94
2086,2026-07-20,2026-07-26,8:00:00 PM,Bistec De Pollo,20.0,274.6
2087,2026-07-20,2026-07-26,8:00:00 PM,Bistec De Puerco,1.0,16.69
2088,2026-07-20,2026-07-26,8:00:00 PM,Bistec En Cazuela,1.0,14.69
2089,2026-07-20,2026-07-26,8:00:00 PM,Bistec Palomilla,7.0,126.73
2090,2026-07-20,2026-07-26,8:00:00 PM,Bocadito De Tuna,1.0,9.19
2091,2026-07-20,2026-07-26,8:00:00 PM,Bola Ensalada Pollo,1.0,3.25
2092,2026-07-20,2026-07-26,8:00:00 PM,Boliche,1.0,14.99
2093,2026-07-20,2026-07-26,8:00:00 PM,Bolita De Tuna,4.0,13.0
2094,2026-07-20,2026-07-26,8:00:00 PM,Boñuelos,1.0,5.49
2095,2026-07-20,2026-07-26,8:00:00 PM,Cafe Con Leche Mediano,2.0,7.5
2096,2026-07-20,2026-07-26,8:00:00 PM,Cafe Cubano,12.0,18.0
2097,2026-07-20,2026-07-26,8:00:00 PM,Caldo Gallego.Mediano,3.0,24.57
2098,2026-07-20,2026-07-26,8:00:00 PM,Camarones Al Ajillo,3.0,61.67
2099,2026-07-20,2026-07-26,8:00:00 PM,Carne Con Papas,3.0,42.57
2100,2026-07-20,2026-07-26,8:00:00 PM,Casa Mateo,1.0,28.0
2101,2026-07-20,2026-07-26,8:00:00 PM,Ceviche Mixto,1.0,23.19
2102,2026-07-20,2026-07-26,8:00:00 PM,Chichar Pollo C Hueso,1.0,13.49
2103,2026-07-20,2026-07-26,8:00:00 PM,Chichar Pollo Sin Hues,1.0,15.69
2104,2026-07-20,2026-07-26,8:00:00 PM,Chicharo Grande,1.0,8.99
2105,2026-07-20,2026-07-26,8:00:00 PM,Chicharo Mediano,2.0,13.98
2106,2026-07-20,2026-07-26,8:00:00 PM,Chicharron De Pollo,1.0,11.99
2107,2026-07-20,2026-07-26,8:00:00 PM,Chuletas De Puerco,3.0,42.87
2108,2026-07-20,2026-07-26,8:00:00 PM,Churrasco,5.0,134.75
2109,2026-07-20,2026-07-26,8:00:00 PM,Churros.Con Dulce,1.0,6.25
2110,2026-07-20,2026-07-26,8:00:00 PM,Club Sandwich,4.0,48.76
2111,2026-07-20,2026-07-26,8:00:00 PM,Coke,3.0,7.5
2112,2026-07-20,2026-07-26,8:00:00 PM,Colada,3.0,8.25
2113,2026-07-20,2026-07-26,8:00:00 PM,Cortadito,2.0,4.24
2114,2026-07-20,2026-07-26,8:00:00 PM,Cortadito Evaporada,3.0,7.5
2115,2026-07-20,2026-07-26,8:00:00 PM,Crema Calabaza Grande,2.0,19.98
2116,2026-07-20,2026-07-26,8:00:00 PM,Crema Calabaza Median,1.0,6.99
2117,2026-07-20,2026-07-26,8:00:00 PM,Crema Malanga Mediana,2.0,13.98
2118,2026-07-20,2026-07-26,8:00:00 PM,Crema Malanga.Grande,8.0,84.12
2119,2026-07-20,2026-07-26,8:00:00 PM,Crema Vegetales Median,3.0,20.97
2120,2026-07-20,2026-07-26,8:00:00 PM,Croqueta Jamon,11.0,19.25
2121,2026-07-20,2026-07-26,8:00:00 PM,Croqueta Pollo,5.0,8.75
2122,2026-07-20,2026-07-26,8:00:00 PM,Croqueta Preparada,1.0,12.19
2123,2026-07-20,2026-07-26,8:00:00 PM,Cubano Especial,1.0,11.99
2124,2026-07-20,2026-07-26,8:00:00 PM,Cune.1/2,1.0,16.99
2125,2026-07-20,2026-07-26,8:00:00 PM,Deditos De Pescado,1.0,15.99
2126,2026-07-20,2026-07-26,8:00:00 PM,Deditos De Pollo,3.0,39.37
2127,2026-07-20,2026-07-26,8:00:00 PM,Diet Coke,1.0,2.25
2128,2026-07-20,2026-07-26,8:00:00 PM,Diet Materva,3.0,7.5
2129,2026-07-20,2026-07-26,8:00:00 PM,Dulce De Leche,1.0,5.49
2130,2026-07-20,2026-07-26,8:00:00 PM,Empanada Carne,1.0,2.99
2131,2026-07-20,2026-07-26,8:00:00 PM,Empanada Jamon/Queso,3.0,8.97
2132,2026-07-20,2026-07-26,8:00:00 PM,Empanada Pollo,1.0,2.99
2133,2026-07-20,2026-07-26,8:00:00 PM,Enpanada Colonbiana,2.0,4.98
2134,2026-07-20,2026-07-26,8:00:00 PM,Enpanisado. Res,2.0,32.18
2135,2026-07-20,2026-07-26,8:00:00 PM,"Enpellas,Chicharones",1.0,6.0
2136,2026-07-20,2026-07-26,8:00:00 PM,Ensala Aguacat Peque,6.0,27.0
2137,2026-07-20,2026-07-26,8:00:00 PM,Ensalada Aguacat Grand,2.0,11.0
2138,2026-07-20,2026-07-26,8:00:00 PM,Extra Aguacate,1.0,1.75
2139,2026-07-20,2026-07-26,8:00:00 PM,Fabada Mediana,2.0,14.18
2140,2026-07-20,2026-07-26,8:00:00 PM,Filete Ala Francesa,1.0,22.49
2141,2026-07-20,2026-07-26,8:00:00 PM,Filete Pescado Planch,1.0,17.19
2142,2026-07-20,2026-07-26,8:00:00 PM,Filete Salmon,1.0,18.2
2143,2026-07-20,2026-07-26,8:00:00 PM,Filetill Pollo Salsa,1.0,14.99
2144,2026-07-20,2026-07-26,8:00:00 PM,Filetillo Pollo Planch,1.0,15.19
2145,2026-07-20,2026-07-26,8:00:00 PM,Filetillo Res Plancha,1.0,14.99
2146,2026-07-20,2026-07-26,8:00:00 PM,Flan,3.0,14.97
2147,2026-07-20,2026-07-26,8:00:00 PM,Flan Especial,1.0,5.99
2148,2026-07-20,2026-07-26,8:00:00 PM,Fricase Puerco,1.0,13.45
2149,2026-07-20,2026-07-26,8:00:00 PM,Frijol Mediano,3.0,14.97
2150,2026-07-20,2026-07-26,8:00:00 PM,Frijol Pequeno,1.0,2.99
2151,2026-07-20,2026-07-26,8:00:00 PM,Frita Cubana,1.0,10.19
2152,2026-07-20,2026-07-26,8:00:00 PM,Frituras De Malanga,1.0,6.5
2153,2026-07-20,2026-07-26,8:00:00 PM,Garbanzo Grande,1.0,10.49
2154,2026-07-20,2026-07-26,8:00:00 PM,Garbanzo.Chiquito,1.0,3.99
2155,2026-07-20,2026-07-26,8:00:00 PM,Garbanzo.Frito,1.0,16.19
2156,2026-07-20,2026-07-26,8:00:00 PM,Garbanzo.Mediano,1.0,6.99
2157,2026-07-20,2026-07-26,8:00:00 PM,Guiso Maiz Grande,2.0,20.98
2158,2026-07-20,2026-07-26,8:00:00 PM,Helado Cono,1.0,3.5
2159,2026-07-20,2026-07-26,8:00:00 PM,Jalea Mixta,1.0,25.99
2160,2026-07-20,2026-07-26,8:00:00 PM,Jarrito Naranja,1.0,3.49
2161,2026-07-20,2026-07-26,8:00:00 PM,Jugo Maraculla,2.0,9.0
2162,2026-07-20,2026-07-26,8:00:00 PM,Jugo Pina,3.0,13.5
2163,2026-07-20,2026-07-26,8:00:00 PM,Jugo Zanahoria Naraja,2.0,9.98
2164,2026-07-20,2026-07-26,8:00:00 PM,Jugo.Naranja,4.0,21.0
2165,2026-07-20,2026-07-26,8:00:00 PM,Juntas,1.0,0.0
2166,2026-07-20,2026-07-26,8:00:00 PM,Jupina Dieta,4.0,10.0
2167,2026-07-20,2026-07-26,8:00:00 PM,Leche Grande,1.0,3.25
2168,2026-07-20,2026-07-26,8:00:00 PM,Lechon Asado,5.0,70.15
2169,2026-07-20,2026-07-26,8:00:00 PM,Limonada,6.0,27.0
2170,2026-07-20,2026-07-26,8:00:00 PM,Limonada Fresa,1.0,5.99
2171,2026-07-20,2026-07-26,8:00:00 PM,Macarron Con Queso,1.0,7.99
2172,2026-07-20,2026-07-26,8:00:00 PM,Madio.Pollo A La Brasa,2.0,28.38
2173,2026-07-20,2026-07-26,8:00:00 PM,Maduros,7.0,31.43
2174,2026-07-20,2026-07-26,8:00:00 PM,Malboro Light,2.0,24.0
2175,2026-07-20,2026-07-26,8:00:00 PM,Mariquitas,1.0,5.99
2176,2026-07-20,2026-07-26,8:00:00 PM,Mariquitas De Malanga,3.0,17.97
2177,2026-07-20,2026-07-26,8:00:00 PM,Masas De Puerco,8.0,114.72
2178,2026-07-20,2026-07-26,8:00:00 PM,Materva,4.0,10.0
2179,2026-07-20,2026-07-26,8:00:00 PM,Med Crema -Malanga,3.0,21.57
2180,2026-07-20,2026-07-26,8:00:00 PM,Med Crema De Calabaza,1.0,6.99
2181,2026-07-20,2026-07-26,8:00:00 PM,Media Noche,3.0,30.57
2182,2026-07-20,2026-07-26,8:00:00 PM,Melon..Sandia,2.0,9.0
2183,2026-07-20,2026-07-26,8:00:00 PM,Milanesa De Pollo,4.0,64.36
2184,2026-07-20,2026-07-26,8:00:00 PM,Miller Light,1.0,4.99
2185,2026-07-20,2026-07-26,8:00:00 PM,Misc Cocina,1.0,1.0
2186,2026-07-20,2026-07-26,8:00:00 PM,Modelo,1.0,5.49
2187,2026-07-20,2026-07-26,8:00:00 PM,Mofongo Puerco,1.0,16.99
2188,2026-07-20,2026-07-26,8:00:00 PM,Moros,3.0,11.97
2189,2026-07-20,2026-07-26,8:00:00 PM,Pan Con Bistec,6.0,66.94
2190,2026-07-20,2026-07-26,8:00:00 PM,Papa Rellena,1.0,2.99
2191,2026-07-20,2026-07-26,8:00:00 PM,Papas Fritas,1.0,4.49
2192,2026-07-20,2026-07-26,8:00:00 PM,Pescado Alo Macho,1.0,25.99
2193,2026-07-20,2026-07-26,8:00:00 PM,Picadillo,1.0,14.69
2194,2026-07-20,2026-07-26,8:00:00 PM,Pollo Empanizado,1.0,14.69
2195,2026-07-20,2026-07-26,8:00:00 PM,Potaje Colorados Media,1.0,7.19
2196,2026-07-20,2026-07-26,8:00:00 PM,Pudin De Pan,2.0,10.98
2197,2026-07-20,2026-07-26,8:00:00 PM,Pudin Diplomatico,2.0,10.98
2198,2026-07-20,2026-07-26,8:00:00 PM,Ropa Vieja,2.0,31.68
2199,2026-07-20,2026-07-26,8:00:00 PM,Sandwich Bacon,1.0,9.99
2200,2026-07-20,2026-07-26,8:00:00 PM,Sopa De Pollo Grande,6.0,50.94
2201,2026-07-20,2026-07-26,8:00:00 PM,Sopa De Res Grande,2.0,23.98
2202,2026-07-20,2026-07-26,8:00:00 PM,Sopa Pescado Grande,1.0,10.99
2203,2026-07-20,2026-07-26,8:00:00 PM,Sopa Pescado Mediana,1.0,6.99
2204,2026-07-20,2026-07-26,8:00:00 PM,Sopa Platano Mediana,1.0,6.99
2205,2026-07-20,2026-07-26,8:00:00 PM,Sopa Pollo Media,8.0,43.92
2207,2026-07-20,2026-07-26,8:00:00 PM,Tamal,2.0,5.98
2208,2026-07-20,2026-07-26,8:00:00 PM,Tamal Cazuela.Mediano,2.0,14.18
2209,2026-07-20,2026-07-26,8:00:00 PM,Tamal.Cazuela Grande,1.0,11.19
2211,2026-07-20,2026-07-26,8:00:00 PM,Toreja Cubana,2.0,11.98
2212,2026-07-20,2026-07-26,8:00:00 PM,Tostada,3.0,5.97
2213,2026-07-20,2026-07-26,8:00:00 PM,Tostones,1.0,4.99
2214,2026-07-20,2026-07-26,8:00:00 PM,Tres Leches,2.0,11.98
2215,2026-07-20,2026-07-26,8:00:00 PM,Vaca Frita,12.0,204.28
2217,2026-07-20,2026-07-26,9:00:00 AM,1 Bola Helado,1.0,2.99
2218,2026-07-20,2026-07-26,9:00:00 AM,"3,,Panqueques",2.0,11.98
2219,2026-07-20,2026-07-26,9:00:00 AM,305 Morados,1.0,6.25
2222,2026-07-20,2026-07-26,9:00:00 AM,Agua Natural,3.0,5.97
2223,2026-07-20,2026-07-26,9:00:00 AM,Arroz Frito,1.0,13.69
2224,2026-07-20,2026-07-26,9:00:00 AM,Baby Churrasco,1.0,20.19
2225,2026-07-20,2026-07-26,9:00:00 AM,Bacon,2.0,9.98
2226,2026-07-20,2026-07-26,9:00:00 AM,Batido Mamey,3.0,16.47
2227,2026-07-20,2026-07-26,9:00:00 AM,Bistec A Caballo,6.0,89.44
2228,2026-07-20,2026-07-26,9:00:00 AM,Caf.Lec.Evap.Chico,3.0,9.0
2229,2026-07-20,2026-07-26,9:00:00 AM,Cafe American Grande,1.0,3.25
2230,2026-07-20,2026-07-26,9:00:00 AM,Cafe Americano Chiquit,1.0,2.99
2231,2026-07-20,2026-07-26,9:00:00 AM,Cafe Con Leche Grande,2.0,9.0
2232,2026-07-20,2026-07-26,9:00:00 AM,Cafe Con Leche Mediano,3.0,11.25
2233,2026-07-20,2026-07-26,9:00:00 AM,Cafe Con Leche Pequeno,10.0,25.0
2234,2026-07-20,2026-07-26,9:00:00 AM,Cafe Cubano,18.0,27.0
2236,2026-07-20,2026-07-26,9:00:00 AM,Colada,9.0,24.75
2237,2026-07-20,2026-07-26,9:00:00 AM,Con Evaporada,2.0,3.0
2238,2026-07-20,2026-07-26,9:00:00 AM,Cortadito,11.0,23.71
2239,2026-07-20,2026-07-26,9:00:00 AM,Cortadito Evaporada,2.0,5.0
2240,2026-07-20,2026-07-26,9:00:00 AM,Crema Brocoly,1.0,9.25
2241,2026-07-20,2026-07-26,9:00:00 AM,Crema Malanga Mediana,3.0,20.97
2242,2026-07-20,2026-07-26,9:00:00 AM,Crema Malanga.Grande,3.0,31.47
2243,2026-07-20,2026-07-26,9:00:00 AM,Crema Vegetales Median,2.0,13.98
2244,2026-07-20,2026-07-26,9:00:00 AM,Croqueta Bacalao,6.0,11.94
2245,2026-07-20,2026-07-26,9:00:00 AM,Croqueta Jamon,24.0,42.0
2246,2026-07-20,2026-07-26,9:00:00 AM,Cubano Regular,1.0,10.19
2247,2026-07-20,2026-07-26,9:00:00 AM,Deditos De Pescado,1.0,16.19
2248,2026-07-20,2026-07-26,9:00:00 AM,Deditos De Queso,2.0,3.98
2249,2026-07-20,2026-07-26,9:00:00 AM,Desallunos,54.0,659.91
2250,2026-07-20,2026-07-26,9:00:00 AM,Empanada Carne,11.0,32.89
2251,2026-07-20,2026-07-26,9:00:00 AM,Empanada Jamon/Queso,2.0,5.98
2252,2026-07-20,2026-07-26,9:00:00 AM,Empanada Pollo,1.0,2.99
2253,2026-07-20,2026-07-26,9:00:00 AM,Empnda Espinaca/Queso,3.0,8.97
2254,2026-07-20,2026-07-26,9:00:00 AM,Enpanada Colonbiana,2.0,4.98
2255,2026-07-20,2026-07-26,9:00:00 AM,Ensala Aguacat Peque,4.0,18.0
2256,2026-07-20,2026-07-26,9:00:00 AM,Extra Queso Crema,2.0,3.5
2257,2026-07-20,2026-07-26,9:00:00 AM,Frijol Grande,1.0,7.99
2258,2026-07-20,2026-07-26,9:00:00 AM,Guiso.Maiz Mediano,1.0,6.99
2259,2026-07-20,2026-07-26,9:00:00 AM,Hamburquesa.Con Queso,1.0,11.19
2260,2026-07-20,2026-07-26,9:00:00 AM,Harina Pequeña,1.0,4.19
2261,2026-07-20,2026-07-26,9:00:00 AM,Huevo Con Butifara,3.0,36.37
2262,2026-07-20,2026-07-26,9:00:00 AM,Huevo Revuelto,1.0,1.25
2263,2026-07-20,2026-07-26,9:00:00 AM,Huevos Al Porch,1.0,13.49
2264,2026-07-20,2026-07-26,9:00:00 AM,Jugo Maraculla,1.0,4.5
2265,2026-07-20,2026-07-26,9:00:00 AM,Jugo Pina,1.0,4.5
2266,2026-07-20,2026-07-26,9:00:00 AM,Jugo.Naranja,15.0,78.75
2267,2026-07-20,2026-07-26,9:00:00 AM,Leche Pequena,1.0,1.5
2268,2026-07-20,2026-07-26,9:00:00 AM,Lentejas Mediana,1.0,6.99
2269,2026-07-20,2026-07-26,9:00:00 AM,Maduros,1.0,4.49
2270,2026-07-20,2026-07-26,9:00:00 AM,Malboro Light,1.0,12.0
2271,2026-07-20,2026-07-26,9:00:00 AM,Media Noche,3.0,30.57
2272,2026-07-20,2026-07-26,9:00:00 AM,Misc Cocina,2.0,3.99
2273,2026-07-20,2026-07-26,9:00:00 AM,Newport,1.0,12.75
2274,2026-07-20,2026-07-26,9:00:00 AM,Pan Con Tortilla,3.0,33.57
2275,2026-07-20,2026-07-26,9:00:00 AM,Pan Jamaica,1.0,1.6
2276,2026-07-20,2026-07-26,9:00:00 AM,Papa Casa,1.0,3.99
2277,2026-07-20,2026-07-26,9:00:00 AM,Papa Hash.Brown,2.0,7.98
2278,2026-07-20,2026-07-26,9:00:00 AM,Pasteles Carne,1.0,1.5
2279,2026-07-20,2026-07-26,9:00:00 AM,Pasteles Guayaba,3.0,4.5
2280,2026-07-20,2026-07-26,9:00:00 AM,Pasteles Queso,1.0,1.5
2281,2026-07-20,2026-07-26,9:00:00 AM,Perico De Claras,2.0,25.98
2282,2026-07-20,2026-07-26,9:00:00 AM,Perico Ripiado,9.0,113.06
2283,2026-07-20,2026-07-26,9:00:00 AM,Picadillo,1.0,13.69
2284,2026-07-20,2026-07-26,9:00:00 AM,Pollo Ala Francesa,1.0,16.19
2285,2026-07-20,2026-07-26,9:00:00 AM,Pudin De Pan,2.0,10.98
2286,2026-07-20,2026-07-26,9:00:00 AM,Queso Crema,1.0,1.75
2287,2026-07-20,2026-07-26,9:00:00 AM,Queso Suizo,2.0,3.98
2288,2026-07-20,2026-07-26,9:00:00 AM,Rinconcito Breakfast,12.0,171.68
2289,2026-07-20,2026-07-26,9:00:00 AM,Sand Jamon Queso,1.0,10.49
2290,2026-07-20,2026-07-26,9:00:00 AM,Sopa De Res Grande,1.0,12.19
2291,2026-07-20,2026-07-26,9:00:00 AM,Sopa De Res Mediana,1.0,7.99
2292,2026-07-20,2026-07-26,9:00:00 AM,Spriet,1.0,2.5
2294,2026-07-20,2026-07-26,9:00:00 AM,Tamal,1.0,2.99
2296,2026-07-20,2026-07-26,9:00:00 AM,Tortilla,3.0,34.17
2297,2026-07-20,2026-07-26,9:00:00 AM,Tostada,16.0,31.84
2298,2026-07-20,2026-07-26,9:00:00 AM,Western Omlet Reg,2.0,21.98
2299,2026-07-20,2026-07-26,9:00:00 AM,Westren Omlet Clara,1.0,11.99
2300,2026-07-20,2026-07-26,9:00:00 PM,1.Libra Ensala Pollo,1.0,8.99
2303,2026-07-20,2026-07-26,9:00:00 PM,Agua Perrier,1.0,3.49
2304,2026-07-20,2026-07-26,9:00:00 PM,Aguacate $5.00,1.0,5.0
2305,2026-07-20,2026-07-26,9:00:00 PM,Ajiaco Mediano,1.0,6.99
2306,2026-07-20,2026-07-26,9:00:00 PM,Arroz Blanco,3.0,9.75
2307,2026-07-20,2026-07-26,9:00:00 PM,Arroz Con Pollo,1.0,13.49
2308,2026-07-20,2026-07-26,9:00:00 PM,Arroz Frito,2.0,28.18
2309,2026-07-20,2026-07-26,9:00:00 PM,Baby Churrasco,5.0,96.35
2310,2026-07-20,2026-07-26,9:00:00 PM,Bananas.3 $ 1.50,1.0,1.5
2311,2026-07-20,2026-07-26,9:00:00 PM,Batido Chocolate,1.0,4.99
2312,2026-07-20,2026-07-26,9:00:00 PM,Batido Fruta Bonba,2.0,9.98
2313,2026-07-20,2026-07-26,9:00:00 PM,Batido Mamey,3.0,16.47
2314,2026-07-20,2026-07-26,9:00:00 PM,Batido Vainilla,1.0,4.99
2315,2026-07-20,2026-07-26,9:00:00 PM,Best Mango,1.0,2.99
2316,2026-07-20,2026-07-26,9:00:00 PM,Bistec De Pollo,14.0,192.26000000000002
2317,2026-07-20,2026-07-26,9:00:00 PM,Bistec De Puerco,4.0,64.56
2318,2026-07-20,2026-07-26,9:00:00 PM,Bistec Palomilla,6.0,108.94
2319,2026-07-20,2026-07-26,9:00:00 PM,Bocadito De Tuna,1.0,9.19
2320,2026-07-20,2026-07-26,9:00:00 PM,Cafe Cubano,10.0,15.0
2321,2026-07-20,2026-07-26,9:00:00 PM,Camarones Enchilado,1.0,19.99
2323,2026-07-20,2026-07-26,9:00:00 PM,Carne Con Papas,1.0,13.99
2324,2026-07-20,2026-07-26,9:00:00 PM,Chichar Pollo Sin Hues,1.0,13.69
2325,2026-07-20,2026-07-26,9:00:00 PM,Chicharo Chiquito,1.0,3.99
2326,2026-07-20,2026-07-26,9:00:00 PM,Chuletas De Puerco,1.0,15.69
2327,2026-07-20,2026-07-26,9:00:00 PM,Churrasco,11.0,289.69
2328,2026-07-20,2026-07-26,9:00:00 PM,Coke,3.0,7.5
2329,2026-07-20,2026-07-26,9:00:00 PM,Coke Cero,1.0,2.5
2330,2026-07-20,2026-07-26,9:00:00 PM,Colada,4.0,11.0
2331,2026-07-20,2026-07-26,9:00:00 PM,Corona,2.0,10.98
2332,2026-07-20,2026-07-26,9:00:00 PM,Cortadito,2.0,3.98
2333,2026-07-20,2026-07-26,9:00:00 PM,Crema Calabazachiquit,1.0,4.5
2334,2026-07-20,2026-07-26,9:00:00 PM,Crema Malanga Mediana,5.0,34.95
2335,2026-07-20,2026-07-26,9:00:00 PM,Crema Malanga.Grande,2.0,20.98
2336,2026-07-20,2026-07-26,9:00:00 PM,Croqueta Jamon,4.0,7.0
2337,2026-07-20,2026-07-26,9:00:00 PM,Deditos De Pollo,2.0,26.18
2338,2026-07-20,2026-07-26,9:00:00 PM,Diet Materva,2.0,5.0
2339,2026-07-20,2026-07-26,9:00:00 PM,Dos Huevo Aros Papitas,1.0,8.99
2340,2026-07-20,2026-07-26,9:00:00 PM,Enpanisado. Res,2.0,32.18
2341,2026-07-20,2026-07-26,9:00:00 PM,Ensala Aguacat Peque,2.0,9.0
2342,2026-07-20,2026-07-26,9:00:00 PM,Ensala Pollo 2 Croquet,1.0,12.49
2343,2026-07-20,2026-07-26,9:00:00 PM,Ensalada Small,2.0,5.5
2344,2026-07-20,2026-07-26,9:00:00 PM,Fabada Grande,2.0,20.98
2345,2026-07-20,2026-07-26,9:00:00 PM,Felitos,2.0,2.98
2346,2026-07-20,2026-07-26,9:00:00 PM,Filetillo Pollo Planch,1.0,16.19
2347,2026-07-20,2026-07-26,9:00:00 PM,Flan,1.0,4.99
2348,2026-07-20,2026-07-26,9:00:00 PM,Fricase Puerco,2.0,26.9
2349,2026-07-20,2026-07-26,9:00:00 PM,Frijol Grande,1.0,7.99
2350,2026-07-20,2026-07-26,9:00:00 PM,Frijol Mediano,1.0,4.99
2351,2026-07-20,2026-07-26,9:00:00 PM,Frijol Pequeno,1.0,2.99
2352,2026-07-20,2026-07-26,9:00:00 PM,Fritura Vacalao,3.0,19.5
2353,2026-07-20,2026-07-26,9:00:00 PM,Guarapo,5.0,26.25
2354,2026-07-20,2026-07-26,9:00:00 PM,Helado Cono,1.0,3.5
2355,2026-07-20,2026-07-26,9:00:00 PM,Horden De 3 Chicharone,6.0,19.5
2356,2026-07-20,2026-07-26,9:00:00 PM,Jarrito Naranja,1.0,3.49
2357,2026-07-20,2026-07-26,9:00:00 PM,Jugo De Manzana,2.0,6.5
2358,2026-07-20,2026-07-26,9:00:00 PM,Jugo Maraculla,1.0,4.5
2359,2026-07-20,2026-07-26,9:00:00 PM,Jugo Pina,2.0,9.0
2360,2026-07-20,2026-07-26,9:00:00 PM,Jugo Zanahoria Naraja,1.0,4.99
2361,2026-07-20,2026-07-26,9:00:00 PM,Leche Malteada,1.0,4.99
2362,2026-07-20,2026-07-26,9:00:00 PM,Lechon Asado,2.0,28.18
2363,2026-07-20,2026-07-26,9:00:00 PM,Madio.Pollo A La Brasa,1.0,13.99
2364,2026-07-20,2026-07-26,9:00:00 PM,Maduros,2.0,8.98
2365,2026-07-20,2026-07-26,9:00:00 PM,Marlboro Rojo,1.0,12.0
2366,2026-07-20,2026-07-26,9:00:00 PM,Masas De Puerco,1.0,13.99
2367,2026-07-20,2026-07-26,9:00:00 PM,Melon..Sandia,4.0,18.0
2368,2026-07-20,2026-07-26,9:00:00 PM,Merenquito,1.0,1.5
2369,2026-07-20,2026-07-26,9:00:00 PM,Modelo,2.0,10.98
2370,2026-07-20,2026-07-26,9:00:00 PM,Moros,1.0,3.99
2371,2026-07-20,2026-07-26,9:00:00 PM,Natilla Catalana,1.0,6.25
2372,2026-07-20,2026-07-26,9:00:00 PM,Pan Con Lechon,1.0,9.69
2373,2026-07-20,2026-07-26,9:00:00 PM,Pan Con Tortilla,2.0,22.18
2374,2026-07-20,2026-07-26,9:00:00 PM,Papas Fritas,2.0,8.98
2375,2026-07-20,2026-07-26,9:00:00 PM,Picadillo,5.0,70.65
2376,2026-07-20,2026-07-26,9:00:00 PM,Pizza Y Alitas,1.0,16.99
2377,2026-07-20,2026-07-26,9:00:00 PM,Presidente,1.0,5.49
2378,2026-07-20,2026-07-26,9:00:00 PM,Pudin De Pan,2.0,10.98
2379,2026-07-20,2026-07-26,9:00:00 PM,Racion De Malanga,1.0,5.99
2380,2026-07-20,2026-07-26,9:00:00 PM,Ropa Vieja,1.0,15.19
2381,2026-07-20,2026-07-26,9:00:00 PM,Rueda De Serrucho,2.0,30.98
2382,2026-07-20,2026-07-26,9:00:00 PM,Salsa Cilandro,2.0,2.5
2383,2026-07-20,2026-07-26,9:00:00 PM,Sdwc Tuna Regular,1.0,10.69
2384,2026-07-20,2026-07-26,9:00:00 PM,Sm Sopa De Pollo,1.0,2.99
2385,2026-07-20,2026-07-26,9:00:00 PM,Solo.Tomate,1.0,2.5
2386,2026-07-20,2026-07-26,9:00:00 PM,Sopa De Pollo Grande,7.0,59.43
2387,2026-07-20,2026-07-26,9:00:00 PM,Sopa De Res Grande,2.0,23.98
2388,2026-07-20,2026-07-26,9:00:00 PM,Sopa Pescado Mediana,2.0,13.98
2389,2026-07-20,2026-07-26,9:00:00 PM,Sopa Platano Mediana,2.0,13.98
2390,2026-07-20,2026-07-26,9:00:00 PM,Sopa Pollo Media,4.0,21.96
2391,2026-07-20,2026-07-26,9:00:00 PM,Spaghetti Alfred Jamon,1.0,13.19
2392,2026-07-20,2026-07-26,9:00:00 PM,Spaguetti/W Carne,1.0,16.19
2393,2026-07-20,2026-07-26,9:00:00 PM,Stella Artois,3.0,16.47
2394,2026-07-20,2026-07-26,9:00:00 PM,Sunkist,1.0,2.5
2396,2026-07-20,2026-07-26,9:00:00 PM,Tamal,1.0,2.99
2397,2026-07-20,2026-07-26,9:00:00 PM,Tamal.Jamon Piern.Ques,1.0,12.99
2399,2026-07-20,2026-07-26,9:00:00 PM,Tostones,1.0,4.99
2400,2026-07-20,2026-07-26,9:00:00 PM,Tres Leches,2.0,11.98
2401,2026-07-20,2026-07-26,9:00:00 PM,Vaca Frita,4.0,68.56
2402,2026-07-20,2026-07-26,9:00:00 PM,Yuca,1.0,4.49
2404,2026-07-27,2026-08-02,10:00:00 AM,1 Pieza De Cordero,1.0,17.99
2405,2026-07-27,2026-08-02,10:00:00 AM,"1,,Wafle",1.0,2.5
2406,2026-07-27,2026-08-02,10:00:00 AM,305 Morados,1.0,6.25
2409,2026-07-27,2026-08-02,10:00:00 AM,Agua Perrier,2.0,6.98
2410,2026-07-27,2026-08-02,10:00:00 AM,Arroz Chiquito,2.0,4.5
2411,2026-07-27,2026-08-02,10:00:00 AM,Arroz Frito,1.0,13.69
2412,2026-07-27,2026-08-02,10:00:00 AM,Arroz Imperial,1.0,14.19
2413,2026-07-27,2026-08-02,10:00:00 AM,Baby Churrasco,2.0,40.18
2414,2026-07-27,2026-08-02,10:00:00 AM,Bacon,1.0,4.99
2415,2026-07-27,2026-08-02,10:00:00 AM,Batido Banana,1.0,4.99
2416,2026-07-27,2026-08-02,10:00:00 AM,Batido Chocolate,2.0,9.98
2417,2026-07-27,2026-08-02,10:00:00 AM,Batido Fruta Bonba,3.0,14.97
2418,2026-07-27,2026-08-02,10:00:00 AM,Batido Mamey,5.0,27.45
2419,2026-07-27,2026-08-02,10:00:00 AM,Batido Mango,1.0,4.99
2420,2026-07-27,2026-08-02,10:00:00 AM,Bistec A Caballo,7.0,109.18
2421,2026-07-27,2026-08-02,10:00:00 AM,Bistec De Pollo,4.0,56.56
2422,2026-07-27,2026-08-02,10:00:00 AM,Bistec En Cazuela,1.0,14.69
2423,2026-07-27,2026-08-02,10:00:00 AM,Bistec Palomilla,1.0,17.99
2424,2026-07-27,2026-08-02,10:00:00 AM,Boliche Asado,1.0,16.69
2425,2026-07-27,2026-08-02,10:00:00 AM,Boniato Frito,1.0,4.99
2426,2026-07-27,2026-08-02,10:00:00 AM,Caf.Lec.Evap.Chico,1.0,3.0
2427,2026-07-27,2026-08-02,10:00:00 AM,Cafe American Grande,3.0,9.75
2428,2026-07-27,2026-08-02,10:00:00 AM,Cafe Con Leche Grande,7.0,31.5
2429,2026-07-27,2026-08-02,10:00:00 AM,Cafe Con Leche Mediano,2.0,7.5
2430,2026-07-27,2026-08-02,10:00:00 AM,Cafe Con Leche Pequeno,16.0,40.0
2431,2026-07-27,2026-08-02,10:00:00 AM,Cafe Cubano,16.0,24.0
2434,2026-07-27,2026-08-02,10:00:00 AM,Carne Con Papas,1.0,14.19
2435,2026-07-27,2026-08-02,10:00:00 AM,Chicharo Grande,1.0,9.19
2436,2026-07-27,2026-08-02,10:00:00 AM,Chicharo Mediano,1.0,6.99
2437,2026-07-27,2026-08-02,10:00:00 AM,Chilindron D Chivo,1.0,21.99
2438,2026-07-27,2026-08-02,10:00:00 AM,Choripan,1.0,10.19
2439,2026-07-27,2026-08-02,10:00:00 AM,Churrasco,2.0,52.38
2440,2026-07-27,2026-08-02,10:00:00 AM,Clamato,1.0,2.99
2441,2026-07-27,2026-08-02,10:00:00 AM,Cocacola.Botella,1.0,3.49
2442,2026-07-27,2026-08-02,10:00:00 AM,Colada,7.0,19.25
2443,2026-07-27,2026-08-02,10:00:00 AM,Congri,1.0,3.99
2444,2026-07-27,2026-08-02,10:00:00 AM,Cortadito,7.0,14.97
2445,2026-07-27,2026-08-02,10:00:00 AM,Cortadito Evaporada,3.0,7.5
2446,2026-07-27,2026-08-02,10:00:00 AM,Crema Calabaza Grande,3.0,29.97
2447,2026-07-27,2026-08-02,10:00:00 AM,Crema Calabaza Median,2.0,13.98
2448,2026-07-27,2026-08-02,10:00:00 AM,Crema Malanga Mediana,3.0,20.97
2449,2026-07-27,2026-08-02,10:00:00 AM,Crema Malanga.Grande,1.0,10.49
2450,2026-07-27,2026-08-02,10:00:00 AM,Croqueta Bacalao,6.0,11.94
2451,2026-07-27,2026-08-02,10:00:00 AM,Croqueta Jamon,41.0,71.75
2452,2026-07-27,2026-08-02,10:00:00 AM,Croqueta Pollo,4.0,7.0
2453,2026-07-27,2026-08-02,10:00:00 AM,Croqueta Preparada,1.0,11.99
2454,2026-07-27,2026-08-02,10:00:00 AM,Deditos De Pescado,1.0,16.19
2455,2026-07-27,2026-08-02,10:00:00 AM,Deditos De Pollo,1.0,13.19
2456,2026-07-27,2026-08-02,10:00:00 AM,Deditos De Queso,4.0,7.96
2457,2026-07-27,2026-08-02,10:00:00 AM,Deditos Queso/Guayaba,3.0,5.97
2458,2026-07-27,2026-08-02,10:00:00 AM,Desallunos,52.0,635.13
2459,2026-07-27,2026-08-02,10:00:00 AM,Desayuno Baby,1.0,8.99
2460,2026-07-27,2026-08-02,10:00:00 AM,Dulce De Leche,2.0,10.98
2461,2026-07-27,2026-08-02,10:00:00 AM,Empanada Carne,5.0,14.95
2462,2026-07-27,2026-08-02,10:00:00 AM,Empanada Jamon/Queso,7.0,20.93
2463,2026-07-27,2026-08-02,10:00:00 AM,Empanada Pollo,1.0,2.99
2464,2026-07-27,2026-08-02,10:00:00 AM,Empnda Espinaca/Queso,1.0,2.99
2465,2026-07-27,2026-08-02,10:00:00 AM,Ensala Aguacat Peque,12.0,54.0
2466,2026-07-27,2026-08-02,10:00:00 AM,Extra Aguacate,2.0,3.5
2467,2026-07-27,2026-08-02,10:00:00 AM,Fabada Mediana,1.0,6.99
2468,2026-07-27,2026-08-02,10:00:00 AM,Felitos,7.0,10.43
2469,2026-07-27,2026-08-02,10:00:00 AM,Filetillo De Carne,1.0,13.49
2470,2026-07-27,2026-08-02,10:00:00 AM,Flan,1.0,4.99
2471,2026-07-27,2026-08-02,10:00:00 AM,Frita Cubana,1.0,9.99
2472,2026-07-27,2026-08-02,10:00:00 AM,Frituras De Malanga,1.0,6.5
2473,2026-07-27,2026-08-02,10:00:00 AM,Garbanzo.Mediano,2.0,13.98
2474,2026-07-27,2026-08-02,10:00:00 AM,Guarapo,3.0,15.75
2475,2026-07-27,2026-08-02,10:00:00 AM,Harina Mediana,1.0,6.25
2476,2026-07-27,2026-08-02,10:00:00 AM,Harina Pequeña,5.0,20.15
2477,2026-07-27,2026-08-02,10:00:00 AM,Horden De 3 Chicharone,1.0,3.25
2478,2026-07-27,2026-08-02,10:00:00 AM,Huevo Con Butifara,6.0,72.14
2479,2026-07-27,2026-08-02,10:00:00 AM,Huevo Frito,5.0,7.5
2480,2026-07-27,2026-08-02,10:00:00 AM,Huevo Hervido,6.0,10.5
2481,2026-07-27,2026-08-02,10:00:00 AM,Jugo Zanahoria Naraja,2.0,9.98
2482,2026-07-27,2026-08-02,10:00:00 AM,Jugo.Naranja,24.0,126.0
2483,2026-07-27,2026-08-02,10:00:00 AM,Jupiña,1.0,2.5
2484,2026-07-27,2026-08-02,10:00:00 AM,Lentejas Grande,2.0,18.98
2485,2026-07-27,2026-08-02,10:00:00 AM,Lentejas Mediana,2.0,13.98
2486,2026-07-27,2026-08-02,10:00:00 AM,Limonada,1.0,4.5
2487,2026-07-27,2026-08-02,10:00:00 AM,Maduros,1.0,4.49
2488,2026-07-27,2026-08-02,10:00:00 AM,Malboro Light,1.0,12.0
2489,2026-07-27,2026-08-02,10:00:00 AM,Mariquita.Chiquita.Alt,1.0,25.0
2490,2026-07-27,2026-08-02,10:00:00 AM,Mariquitas,2.0,11.98
2491,2026-07-27,2026-08-02,10:00:00 AM,Mariquitas De Malanga,1.0,5.99
2492,2026-07-27,2026-08-02,10:00:00 AM,Masas De Puerco,2.0,27.38
2493,2026-07-27,2026-08-02,10:00:00 AM,Materva,1.0,2.5
2494,2026-07-27,2026-08-02,10:00:00 AM,Media Noche,4.0,40.56
2495,2026-07-27,2026-08-02,10:00:00 AM,Medio Pollo Frito,1.0,13.69
2496,2026-07-27,2026-08-02,10:00:00 AM,Melon..Sandia,7.0,31.5
2497,2026-07-27,2026-08-02,10:00:00 AM,Mini Sandwich,1.0,5.99
2498,2026-07-27,2026-08-02,10:00:00 AM,Moros,2.0,7.98
2499,2026-07-27,2026-08-02,10:00:00 AM,Palomilla Baby,2.0,22.0
2500,2026-07-27,2026-08-02,10:00:00 AM,Pan Con Bistec,8.0,88.92
2501,2026-07-27,2026-08-02,10:00:00 AM,Pan Con Tortilla,5.0,57.35
2502,2026-07-27,2026-08-02,10:00:00 AM,Pan De Bono,1.0,1.99
2503,2026-07-27,2026-08-02,10:00:00 AM,Pan Jamaica,1.0,1.6
2504,2026-07-27,2026-08-02,10:00:00 AM,Papa Rellena,3.0,8.97
2505,2026-07-27,2026-08-02,10:00:00 AM,Papas Fritas,1.0,4.49
2506,2026-07-27,2026-08-02,10:00:00 AM,Pasteles Queso/Guayaba,2.0,3.0
2507,2026-07-27,2026-08-02,10:00:00 AM,Perico Ripiado,6.0,72.34
2508,2026-07-27,2026-08-02,10:00:00 AM,Queso Crema,1.0,1.75
2509,2026-07-27,2026-08-02,10:00:00 AM,Rabo Encendido,3.0,71.97
2510,2026-07-27,2026-08-02,10:00:00 AM,Rinconcito Breakfast,7.0,98.53
2511,2026-07-27,2026-08-02,10:00:00 AM,Ropa Vieja,1.0,16.69
2512,2026-07-27,2026-08-02,10:00:00 AM,Rueda De Serrucho,1.0,15.19
2513,2026-07-27,2026-08-02,10:00:00 AM,Sand Jamon Queso,1.0,8.99
2514,2026-07-27,2026-08-02,10:00:00 AM,Sopa De Pollo Grande,4.0,33.96
2515,2026-07-27,2026-08-02,10:00:00 AM,Sopa De Res Grande,1.0,12.19
2516,2026-07-27,2026-08-02,10:00:00 AM,Sopa Pescado Grande,1.0,10.99
2517,2026-07-27,2026-08-02,10:00:00 AM,Sopa Pollo Media,1.0,5.49
2519,2026-07-27,2026-08-02,10:00:00 AM,Tamal Cazuela.Mediano,1.0,6.99
2520,2026-07-27,2026-08-02,10:00:00 AM,Tamal.Cazuela Grande,3.0,33.57
2522,2026-07-27,2026-08-02,10:00:00 AM,Toreja Cubana,2.0,11.98
2523,2026-07-27,2026-08-02,10:00:00 AM,Tortilla,6.0,67.89
2524,2026-07-27,2026-08-02,10:00:00 AM,Tostada,22.0,43.78
2525,2026-07-27,2026-08-02,10:00:00 AM,Tostada 2 Croquetas,1.0,4.99
2526,2026-07-27,2026-08-02,10:00:00 AM,Tostones,2.0,9.98
2527,2026-07-27,2026-08-02,10:00:00 AM,Tres Leches,2.0,11.98
2528,2026-07-27,2026-08-02,10:00:00 AM,Vaca Frita,3.0,50.370000000000005
2529,2026-07-27,2026-08-02,10:00:00 PM,Bananas.3 $ 1.50,1.0,1.5
2531,2026-07-27,2026-08-02,11:00:00 AM,1 Pieza De Cordero,2.0,36.38
2532,2026-07-27,2026-08-02,11:00:00 AM,"1,,Wafle",1.0,2.5
2533,2026-07-27,2026-08-02,11:00:00 AM,"3,,Panqueques",1.0,5.99
2534,2026-07-27,2026-08-02,11:00:00 AM,305 Morados,1.0,6.25
2537,2026-07-27,2026-08-02,11:00:00 AM,Agua Perrier,2.0,6.98
2538,2026-07-27,2026-08-02,11:00:00 AM,Ajiaco..Grande,5.0,53.05
2539,2026-07-27,2026-08-02,11:00:00 AM,Albondigas.Res,1.0,14.19
2540,2026-07-27,2026-08-02,11:00:00 AM,Arroz Blanco,4.0,13.0
2541,2026-07-27,2026-08-02,11:00:00 AM,Arroz Chiquito,1.0,2.25
2542,2026-07-27,2026-08-02,11:00:00 AM,Arroz Con Leche,1.0,5.49
2543,2026-07-27,2026-08-02,11:00:00 AM,Arroz Con Pollo,1.0,13.49
2544,2026-07-27,2026-08-02,11:00:00 AM,Arroz Frito,9.0,122.80999999999999
2545,2026-07-27,2026-08-02,11:00:00 AM,Arroz Imperial,2.0,28.38
2546,2026-07-27,2026-08-02,11:00:00 AM,Baby Churrasco,4.0,76.56
2547,2026-07-27,2026-08-02,11:00:00 AM,Bacon,2.0,9.98
2548,2026-07-27,2026-08-02,11:00:00 AM,Bananas.3 $ 1.50,2.0,3.0
2549,2026-07-27,2026-08-02,11:00:00 AM,Bandeja Rinconcito 87,1.0,32.99
2550,2026-07-27,2026-08-02,11:00:00 AM,Batido Banana,1.0,4.99
2551,2026-07-27,2026-08-02,11:00:00 AM,Batido Mamey,3.0,16.47
2552,2026-07-27,2026-08-02,11:00:00 AM,Batido Trigo,1.0,4.99
2553,2026-07-27,2026-08-02,11:00:00 AM,Bistec A Caballo,4.0,58.16
2554,2026-07-27,2026-08-02,11:00:00 AM,Bistec De Higado,1.0,13.69
2555,2026-07-27,2026-08-02,11:00:00 AM,Bistec De Pollo,22.0,307.78
2556,2026-07-27,2026-08-02,11:00:00 AM,Bistec En Cazuela,1.0,14.49
2557,2026-07-27,2026-08-02,11:00:00 AM,Bistec Palomilla,4.0,76.56
2558,2026-07-27,2026-08-02,11:00:00 AM,Bola Ensalada Pollo,2.0,6.5
2559,2026-07-27,2026-08-02,11:00:00 AM,Boliche,1.0,15.19
2560,2026-07-27,2026-08-02,11:00:00 AM,Boñuelos,5.0,27.45
2561,2026-07-27,2026-08-02,11:00:00 AM,Budweiser,1.0,4.99
2562,2026-07-27,2026-08-02,11:00:00 AM,Caesar /Pollo,1.0,12.99
2563,2026-07-27,2026-08-02,11:00:00 AM,Caf.Lec.Evap.Chico,1.0,3.0
2564,2026-07-27,2026-08-02,11:00:00 AM,Cafe American Grande,1.0,3.25
2565,2026-07-27,2026-08-02,11:00:00 AM,Cafe Con Leche Grande,1.0,4.5
2566,2026-07-27,2026-08-02,11:00:00 AM,Cafe Con Leche Mediano,1.0,3.75
2567,2026-07-27,2026-08-02,11:00:00 AM,Cafe Con Leche Pequeno,11.0,27.5
2568,2026-07-27,2026-08-02,11:00:00 AM,Cafe Cubano,37.0,55.5
2569,2026-07-27,2026-08-02,11:00:00 AM,Caldo Gallego.Mediano,1.0,7.99
2574,2026-07-27,2026-08-02,11:00:00 AM,Carne Con Papas,3.0,42.57
2575,2026-07-27,2026-08-02,11:00:00 AM,Cascos Guava Queso,1.0,5.99
2576,2026-07-27,2026-08-02,11:00:00 AM,Chichar Pollo C Hueso,1.0,13.49
2577,2026-07-27,2026-08-02,11:00:00 AM,Chicharo Grande,2.0,18.38
2578,2026-07-27,2026-08-02,11:00:00 AM,Chicharo Mediano,1.0,6.99
2579,2026-07-27,2026-08-02,11:00:00 AM,Chilindron D Chivo,2.0,43.98
2580,2026-07-27,2026-08-02,11:00:00 AM,Chuletas De Puerco,5.0,68.45
2581,2026-07-27,2026-08-02,11:00:00 AM,Churrasco,3.0,78.57
2582,2026-07-27,2026-08-02,11:00:00 AM,Club Sandwich,2.0,24.18
2583,2026-07-27,2026-08-02,11:00:00 AM,Coke,6.0,15.0
2584,2026-07-27,2026-08-02,11:00:00 AM,Colada,5.0,13.75
2585,2026-07-27,2026-08-02,11:00:00 AM,Corona,3.0,16.47
2586,2026-07-27,2026-08-02,11:00:00 AM,Cortadito,5.0,10.73
2587,2026-07-27,2026-08-02,11:00:00 AM,Cortadito Evaporada,4.0,10.0
2588,2026-07-27,2026-08-02,11:00:00 AM,Crema Calabaza Median,2.0,13.98
2589,2026-07-27,2026-08-02,11:00:00 AM,Crema Calabazachiquit,1.0,4.5
2590,2026-07-27,2026-08-02,11:00:00 AM,Crema Malanga Mediana,3.0,20.97
2591,2026-07-27,2026-08-02,11:00:00 AM,Crema Malanga.Grande,6.0,62.94
2592,2026-07-27,2026-08-02,11:00:00 AM,Crema Vegetal Mediana,1.0,6.99
2593,2026-07-27,2026-08-02,11:00:00 AM,Crema Vegetales Median,2.0,13.98
2594,2026-07-27,2026-08-02,11:00:00 AM,Crema. Malanga Chiquit,1.0,4.5
2595,2026-07-27,2026-08-02,11:00:00 AM,Crema. Vegetalchiquita,1.0,4.5
2596,2026-07-27,2026-08-02,11:00:00 AM,Croqueta Bacalao,7.0,13.93
2597,2026-07-27,2026-08-02,11:00:00 AM,Croqueta Jamon,29.0,50.75
2598,2026-07-27,2026-08-02,11:00:00 AM,Croqueta Pollo,1.0,1.75
2599,2026-07-27,2026-08-02,11:00:00 AM,Croqueta Preparada,2.0,23.98
2600,2026-07-27,2026-08-02,11:00:00 AM,Cubano Especial,1.0,11.99
2601,2026-07-27,2026-08-02,11:00:00 AM,Cubano Regular,3.0,30.37
2602,2026-07-27,2026-08-02,11:00:00 AM,Cubierto,5.0,0.0
2603,2026-07-27,2026-08-02,11:00:00 AM,Deditos .Pescado,1.0,14.19
2604,2026-07-27,2026-08-02,11:00:00 AM,Deditos De Pescado,2.0,32.38
2605,2026-07-27,2026-08-02,11:00:00 AM,Desallunos,28.0,341.47
2606,2026-07-27,2026-08-02,11:00:00 AM,Desayuno Baby,1.0,8.99
2607,2026-07-27,2026-08-02,11:00:00 AM,Diet Coke,2.0,4.5
2608,2026-07-27,2026-08-02,11:00:00 AM,Empanada Carne,13.0,38.87
2609,2026-07-27,2026-08-02,11:00:00 AM,Empanada Jamon/Queso,6.0,17.94
2610,2026-07-27,2026-08-02,11:00:00 AM,Empanada Pollo,2.0,5.98
2611,2026-07-27,2026-08-02,11:00:00 AM,Empnda Espinaca/Queso,3.0,8.97
2612,2026-07-27,2026-08-02,11:00:00 AM,Enpanada Colonbiana,2.0,4.98
2613,2026-07-27,2026-08-02,11:00:00 AM,Ensala Aguacat Peque,7.0,31.5
2614,2026-07-27,2026-08-02,11:00:00 AM,Ensala Pollo 2 Croquet,3.0,37.47
2615,2026-07-27,2026-08-02,11:00:00 AM,Ensalada Aguacat Grand,2.0,11.0
2616,2026-07-27,2026-08-02,11:00:00 AM,Ensalada Mixta,1.0,6.5
2617,2026-07-27,2026-08-02,11:00:00 AM,Ensalda De Tuna,1.0,11.99
2618,2026-07-27,2026-08-02,11:00:00 AM,Epaguetti Con Jamon.Ro,1.0,13.19
2619,2026-07-27,2026-08-02,11:00:00 AM,Extra Aguacate,2.0,3.5
2620,2026-07-27,2026-08-02,11:00:00 AM,Fabada Grande,4.0,42.76
2621,2026-07-27,2026-08-02,11:00:00 AM,Fabada Mediana,1.0,7.19
2622,2026-07-27,2026-08-02,11:00:00 AM,Filete Pescado Planch,1.0,17.19
2623,2026-07-27,2026-08-02,11:00:00 AM,Filete Salmon,1.0,18.2
2624,2026-07-27,2026-08-02,11:00:00 AM,Filetillo Res Plancha,2.0,30.38
2625,2026-07-27,2026-08-02,11:00:00 AM,Flan,1.0,4.99
2626,2026-07-27,2026-08-02,11:00:00 AM,Flan Especial,2.0,11.98
2627,2026-07-27,2026-08-02,11:00:00 AM,Fricase De Pollo,3.0,33.57
2628,2026-07-27,2026-08-02,11:00:00 AM,Fricase Puerco,2.0,26.5
2629,2026-07-27,2026-08-02,11:00:00 AM,Frijol Grande,1.0,7.99
2630,2026-07-27,2026-08-02,11:00:00 AM,Frijol Pequeno,1.0,2.99
2631,2026-07-27,2026-08-02,11:00:00 AM,Guarapo,1.0,5.25
2632,2026-07-27,2026-08-02,11:00:00 AM,Guiso Maiz Grande,1.0,10.49
2633,2026-07-27,2026-08-02,11:00:00 AM,Guiso.Maiz Mediano,2.0,13.98
2634,2026-07-27,2026-08-02,11:00:00 AM,Heineken,2.0,10.98
2635,2026-07-27,2026-08-02,11:00:00 AM,Horde Depan,1.0,1.5
2636,2026-07-27,2026-08-02,11:00:00 AM,Horden De 3 Chicharone,1.0,3.25
2637,2026-07-27,2026-08-02,11:00:00 AM,Huevo Frito,1.0,1.5
2638,2026-07-27,2026-08-02,11:00:00 AM,Huevos Al Porch,1.0,11.99
2639,2026-07-27,2026-08-02,11:00:00 AM,Imperial,1.0,11.99
2640,2026-07-27,2026-08-02,11:00:00 AM,Jugo Maraculla,3.0,13.5
2641,2026-07-27,2026-08-02,11:00:00 AM,Jugo Pina,1.0,4.5
2642,2026-07-27,2026-08-02,11:00:00 AM,Jugo.Naranja,15.0,78.75
2643,2026-07-27,2026-08-02,11:00:00 AM,Lentejas Mediana,1.0,6.99
2644,2026-07-27,2026-08-02,11:00:00 AM,Lentejas.Chiquita,1.0,3.99
2645,2026-07-27,2026-08-02,11:00:00 AM,Limonada,3.0,13.5
2646,2026-07-27,2026-08-02,11:00:00 AM,Maduros,5.0,22.45
2647,2026-07-27,2026-08-02,11:00:00 AM,Malboro Reg,1.0,12.0
2648,2026-07-27,2026-08-02,11:00:00 AM,Mariquitas,1.0,5.99
2649,2026-07-27,2026-08-02,11:00:00 AM,Mariquitas..Mixta,3.0,16.47
2650,2026-07-27,2026-08-02,11:00:00 AM,Masas De Puerco,9.0,128.91
2651,2026-07-27,2026-08-02,11:00:00 AM,Materva,3.0,7.5
2652,2026-07-27,2026-08-02,11:00:00 AM,Media Noche,8.0,80.72
2653,2026-07-27,2026-08-02,11:00:00 AM,Melon..Sandia,2.0,9.0
2654,2026-07-27,2026-08-02,11:00:00 AM,Miami Sandwich,1.0,11.99
2655,2026-07-27,2026-08-02,11:00:00 AM,Milanesa De Pollo,1.0,16.19
2656,2026-07-27,2026-08-02,11:00:00 AM,Misc Cocina,1.0,1.99
2657,2026-07-27,2026-08-02,11:00:00 AM,Mixto Pavo Espinaca,1.0,12.49
2658,2026-07-27,2026-08-02,11:00:00 AM,Moros,1.0,3.99
2659,2026-07-27,2026-08-02,11:00:00 AM,Natilla,1.0,4.99
2660,2026-07-27,2026-08-02,11:00:00 AM,Pan Con Bistec,14.0,155.86
2661,2026-07-27,2026-08-02,11:00:00 AM,Pan Con Lechon,1.0,9.49
2662,2026-07-27,2026-08-02,11:00:00 AM,Pan Con Tortilla,2.0,22.98
2663,2026-07-27,2026-08-02,11:00:00 AM,Papa Casa,1.0,3.99
2664,2026-07-27,2026-08-02,11:00:00 AM,Papa Rellena,2.0,5.98
2665,2026-07-27,2026-08-02,11:00:00 AM,Papas Fritas,2.0,8.98
2666,2026-07-27,2026-08-02,11:00:00 AM,Pargo Frito Entero,1.0,26.19
2667,2026-07-27,2026-08-02,11:00:00 AM,Pepsi,1.0,2.5
2668,2026-07-27,2026-08-02,11:00:00 AM,Perico Ripiado,10.0,121.6
2669,2026-07-27,2026-08-02,11:00:00 AM,Picadillo,5.0,72.25
2670,2026-07-27,2026-08-02,11:00:00 AM,Potaje Colorados Media,2.0,13.98
2671,2026-07-27,2026-08-02,11:00:00 AM,Presidente Felo,1.0,2.5
2672,2026-07-27,2026-08-02,11:00:00 AM,Pudin Diplomatico,3.0,16.47
2673,2026-07-27,2026-08-02,11:00:00 AM,Pure Papas,1.0,4.49
2674,2026-07-27,2026-08-02,11:00:00 AM,Queso Americano,1.0,1.75
2675,2026-07-27,2026-08-02,11:00:00 AM,Queso Crema,1.0,1.75
2676,2026-07-27,2026-08-02,11:00:00 AM,Rabo Encendido,6.0,144.94
2677,2026-07-27,2026-08-02,11:00:00 AM,Racion De Malanga,2.0,11.98
2678,2026-07-27,2026-08-02,11:00:00 AM,Rinconcito Breakfast,2.0,27.98
2679,2026-07-27,2026-08-02,11:00:00 AM,Riñonada,2.0,42.38
2680,2026-07-27,2026-08-02,11:00:00 AM,Ropa Vieja,2.0,30.38
2681,2026-07-27,2026-08-02,11:00:00 AM,Sandweches Pollo,1.0,11.69
2682,2026-07-27,2026-08-02,11:00:00 AM,Sandwich Boliche,1.0,13.19
2683,2026-07-27,2026-08-02,11:00:00 AM,Sopa De Pollo Grande,11.0,93.39
2684,2026-07-27,2026-08-02,11:00:00 AM,Sopa De Res Grande,8.0,97.12
2685,2026-07-27,2026-08-02,11:00:00 AM,Sopa De Res Mediana,2.0,16.18
2686,2026-07-27,2026-08-02,11:00:00 AM,Sopa Pescado Grande,2.0,21.98
2687,2026-07-27,2026-08-02,11:00:00 AM,Sopa Pescado Mediana,3.0,20.97
2688,2026-07-27,2026-08-02,11:00:00 AM,Sopa Platano Mediana,1.0,6.99
2689,2026-07-27,2026-08-02,11:00:00 AM,Sopa Pollo Media,9.0,49.41
2690,2026-07-27,2026-08-02,11:00:00 AM,Sopa. Pollo Chiquita,1.0,3.5
2691,2026-07-27,2026-08-02,11:00:00 AM,Spageti Carne,1.0,16.19
2692,2026-07-27,2026-08-02,11:00:00 AM,Spagheti Carne Salsa R,1.0,16.19
2693,2026-07-27,2026-08-02,11:00:00 AM,Spaghetti Pollo.Roja,1.0,15.19
2694,2026-07-27,2026-08-02,11:00:00 AM,Spriet,2.0,5.0
2695,2026-07-27,2026-08-02,11:00:00 AM,Stella Artois,1.0,5.49
2697,2026-07-27,2026-08-02,11:00:00 AM,Tamal,5.0,14.95
2698,2026-07-27,2026-08-02,11:00:00 AM,Tamal.Cazuela Grande,2.0,22.38
2700,2026-07-27,2026-08-02,11:00:00 AM,Tortilla,4.0,47.21
2701,2026-07-27,2026-08-02,11:00:00 AM,Tostada,10.0,19.9
2702,2026-07-27,2026-08-02,11:00:00 AM,Tostones,2.0,9.98
2703,2026-07-27,2026-08-02,11:00:00 AM,Tres Leches,7.0,41.93
2704,2026-07-27,2026-08-02,11:00:00 AM,Vaca Frita,23.0,373.97
2705,2026-07-27,2026-08-02,11:00:00 AM,Western Omlet Reg - Late,2.0,26.38
2706,2026-07-27,2026-08-02,11:00:00 AM,Yuca,1.0,4.49
2708,2026-07-27,2026-08-02,12:00:00 PM,1 Bola Helado,2.0,5.98
2709,2026-07-27,2026-08-02,12:00:00 PM,1 Pieza De Cordero,2.0,36.38
2710,2026-07-27,2026-08-02,12:00:00 PM,2 Piezas De Cordero,1.0,25.19
2713,2026-07-27,2026-08-02,12:00:00 PM,Agua Natural,2.0,3.98
2714,2026-07-27,2026-08-02,12:00:00 PM,Agua Perrier,1.0,3.49
2715,2026-07-27,2026-08-02,12:00:00 PM,Ajiaco Mediano,3.0,21.37
2716,2026-07-27,2026-08-02,12:00:00 PM,Ajiaco..Grande,8.0,85.52
2717,2026-07-27,2026-08-02,12:00:00 PM,Albondigas.Res,1.0,13.99
2718,2026-07-27,2026-08-02,12:00:00 PM,Arroz Blanco,6.0,19.5
2719,2026-07-27,2026-08-02,12:00:00 PM,Arroz Chiquito,2.0,5.5
2720,2026-07-27,2026-08-02,12:00:00 PM,Arroz Con Leche,1.0,5.49
2721,2026-07-27,2026-08-02,12:00:00 PM,Arroz Con Pollo,5.0,65.05
2722,2026-07-27,2026-08-02,12:00:00 PM,Arroz Frito,1.0,13.69
2723,2026-07-27,2026-08-02,12:00:00 PM,Arroz Imperial,1.0,14.19
2724,2026-07-27,2026-08-02,12:00:00 PM,Arroz Pollo.Desmenuza,2.0,25.18
2725,2026-07-27,2026-08-02,12:00:00 PM,Baby Churrasco,9.0,168.31
2726,2026-07-27,2026-08-02,12:00:00 PM,Bacalao Viscaina,2.0,40.38
2727,2026-07-27,2026-08-02,12:00:00 PM,Batido Fruta Bonba,1.0,4.99
2728,2026-07-27,2026-08-02,12:00:00 PM,Batido Mamey,4.0,21.96
2729,2026-07-27,2026-08-02,12:00:00 PM,Batido Mango,1.0,4.99
2730,2026-07-27,2026-08-02,12:00:00 PM,Best Mango,1.0,2.99
2731,2026-07-27,2026-08-02,12:00:00 PM,Bistec A Caballo,6.0,87.34
2732,2026-07-27,2026-08-02,12:00:00 PM,Bistec De Pollo,39.0,543.21
2733,2026-07-27,2026-08-02,12:00:00 PM,Bistec De Puerco,4.0,64.36
2734,2026-07-27,2026-08-02,12:00:00 PM,Bistec En Cazuela,1.0,14.69
2735,2026-07-27,2026-08-02,12:00:00 PM,Bistec Palomilla,11.0,200.49
2736,2026-07-27,2026-08-02,12:00:00 PM,Bola Ensalada Pollo,1.0,3.25
2737,2026-07-27,2026-08-02,12:00:00 PM,Boliche,2.0,30.38
2738,2026-07-27,2026-08-02,12:00:00 PM,Boliche Asado,3.0,49.87
2739,2026-07-27,2026-08-02,12:00:00 PM,Boniato Hervido,2.0,9.98
2740,2026-07-27,2026-08-02,12:00:00 PM,Boñuelos,3.0,16.47
2741,2026-07-27,2026-08-02,12:00:00 PM,Bud Light,1.0,4.99
2742,2026-07-27,2026-08-02,12:00:00 PM,Caesar /Pollo,4.0,51.96
2743,2026-07-27,2026-08-02,12:00:00 PM,Cafe Con Leche Mediano,2.0,7.5
2744,2026-07-27,2026-08-02,12:00:00 PM,Cafe Con Leche Pequeno,6.0,15.0
2745,2026-07-27,2026-08-02,12:00:00 PM,Cafe Cubano,37.0,55.5
2746,2026-07-27,2026-08-02,12:00:00 PM,Caldo Gallego.Mediano,2.0,16.38
2747,2026-07-27,2026-08-02,12:00:00 PM,Camarones Al Ajillo,1.0,20.19
2748,2026-07-27,2026-08-02,12:00:00 PM,Camarones Enchilado,2.0,40.18
2753,2026-07-27,2026-08-02,12:00:00 PM,Carne Con Papas,7.0,100.13
2754,2026-07-27,2026-08-02,12:00:00 PM,Cascos Guava Queso,4.0,23.96
2755,2026-07-27,2026-08-02,12:00:00 PM,Casuela Mariscos,1.0,38.0
2756,2026-07-27,2026-08-02,12:00:00 PM,Ceviche Mixto,1.0,22.99
2757,2026-07-27,2026-08-02,12:00:00 PM,Chicharo Grande,1.0,9.19
2758,2026-07-27,2026-08-02,12:00:00 PM,Chicharo Mediano,3.0,20.97
2759,2026-07-27,2026-08-02,12:00:00 PM,Chuletas De Puerco,2.0,27.18
2760,2026-07-27,2026-08-02,12:00:00 PM,Churrasco,6.0,163.54
2761,2026-07-27,2026-08-02,12:00:00 PM,Club Sandwich,2.0,24.18
2762,2026-07-27,2026-08-02,12:00:00 PM,Coctel De Camarones,2.0,34.0
2763,2026-07-27,2026-08-02,12:00:00 PM,Coke,17.0,42.5
2764,2026-07-27,2026-08-02,12:00:00 PM,Coke Cero,3.0,7.5
2765,2026-07-27,2026-08-02,12:00:00 PM,Colada,20.0,55.0
2766,2026-07-27,2026-08-02,12:00:00 PM,Congri,1.0,3.99
2767,2026-07-27,2026-08-02,12:00:00 PM,Copa Vino,1.0,8.99
2768,2026-07-27,2026-08-02,12:00:00 PM,Corona,4.0,21.96
2769,2026-07-27,2026-08-02,12:00:00 PM,Cortadito,9.0,19.73
2770,2026-07-27,2026-08-02,12:00:00 PM,Cortadito Evaporada,3.0,7.5
2771,2026-07-27,2026-08-02,12:00:00 PM,Crema Brocoly,1.0,9.25
2772,2026-07-27,2026-08-02,12:00:00 PM,Crema Calabaza Grande,2.0,19.98
2773,2026-07-27,2026-08-02,12:00:00 PM,Crema Calabaza Median,2.0,13.98
2774,2026-07-27,2026-08-02,12:00:00 PM,Crema Calabazachiquit,2.0,9.0
2775,2026-07-27,2026-08-02,12:00:00 PM,Crema Grande Calabaza,1.0,10.19
2776,2026-07-27,2026-08-02,12:00:00 PM,Crema Malanga Mediana,7.0,48.93
2777,2026-07-27,2026-08-02,12:00:00 PM,Crema Malanga.Grande,4.0,41.96
2778,2026-07-27,2026-08-02,12:00:00 PM,Crema Vegetal Grande,2.0,20.98
2779,2026-07-27,2026-08-02,12:00:00 PM,Crema Vegetales Median,1.0,6.99
2780,2026-07-27,2026-08-02,12:00:00 PM,Croqueta Bacalao,1.0,1.99
2781,2026-07-27,2026-08-02,12:00:00 PM,Croqueta Jamon,21.0,36.75
2782,2026-07-27,2026-08-02,12:00:00 PM,Croqueta Pollo,2.0,3.5
2783,2026-07-27,2026-08-02,12:00:00 PM,Croqueta Preparada,2.0,23.98
2784,2026-07-27,2026-08-02,12:00:00 PM,Cubano Regular,1.0,9.99
2785,2026-07-27,2026-08-02,12:00:00 PM,Deditos .Pescado,3.0,42.57
2786,2026-07-27,2026-08-02,12:00:00 PM,Deditos De Pescado,5.0,82.55
2787,2026-07-27,2026-08-02,12:00:00 PM,Deditos De Pollo,4.0,52.76
2788,2026-07-27,2026-08-02,12:00:00 PM,Deditos Queso/Guayaba,1.0,1.99
2789,2026-07-27,2026-08-02,12:00:00 PM,Desallunos,15.0,182.55
2790,2026-07-27,2026-08-02,12:00:00 PM,Diet Coke,3.0,6.75
2791,2026-07-27,2026-08-02,12:00:00 PM,Diet Materva,3.0,7.5
2792,2026-07-27,2026-08-02,12:00:00 PM,Dos Huevo Aros. Madur,1.0,8.99
2793,2026-07-27,2026-08-02,12:00:00 PM,Empanada Carne,6.0,17.94
2794,2026-07-27,2026-08-02,12:00:00 PM,Empanada Jamon/Queso,7.0,20.93
2795,2026-07-27,2026-08-02,12:00:00 PM,Empanada Pollo,8.0,23.92
2796,2026-07-27,2026-08-02,12:00:00 PM,Empnda Espinaca/Queso,1.0,2.99
2797,2026-07-27,2026-08-02,12:00:00 PM,Enpanada Colonbiana,1.0,2.49
2798,2026-07-27,2026-08-02,12:00:00 PM,Enpanisado. Res,3.0,48.37
2799,2026-07-27,2026-08-02,12:00:00 PM,"Enpellas,Chicharones",2.0,12.0
2800,2026-07-27,2026-08-02,12:00:00 PM,Ensala Aguacat Peque,14.0,63.0
2801,2026-07-27,2026-08-02,12:00:00 PM,Ensalada Aguacat Grand,2.0,11.0
2802,2026-07-27,2026-08-02,12:00:00 PM,Espaguetti Jamon,2.0,25.98
2803,2026-07-27,2026-08-02,12:00:00 PM,Fabada Grande,1.0,10.49
2804,2026-07-27,2026-08-02,12:00:00 PM,Fabada Mediana,1.0,6.99
2805,2026-07-27,2026-08-02,12:00:00 PM,Felitos,1.0,1.49
2806,2026-07-27,2026-08-02,12:00:00 PM,Filete Ala Francesa,1.0,20.99
2807,2026-07-27,2026-08-02,12:00:00 PM,Filete De Mahimahi,1.0,16.99
2808,2026-07-27,2026-08-02,12:00:00 PM,Filete Pargo Plancha,1.0,20.99
2809,2026-07-27,2026-08-02,12:00:00 PM,Filete Pescado Empani,2.0,34.98
2810,2026-07-27,2026-08-02,12:00:00 PM,Filete Pescado Planch,1.0,17.99
2811,2026-07-27,2026-08-02,12:00:00 PM,Filete Salmon,1.0,18.2
2812,2026-07-27,2026-08-02,12:00:00 PM,Filetillo De Carne,1.0,13.69
2813,2026-07-27,2026-08-02,12:00:00 PM,Filetillo Pollo Planch,4.0,61.36
2814,2026-07-27,2026-08-02,12:00:00 PM,Flan,5.0,24.95
2815,2026-07-27,2026-08-02,12:00:00 PM,Flan Especial,7.0,41.93
2816,2026-07-27,2026-08-02,12:00:00 PM,Fricase De Pollo,2.0,22.18
2817,2026-07-27,2026-08-02,12:00:00 PM,Frijol Grande,1.0,7.99
2818,2026-07-27,2026-08-02,12:00:00 PM,Frijol Mediano,1.0,4.99
2819,2026-07-27,2026-08-02,12:00:00 PM,Frijol Pequeno,1.0,2.99
2820,2026-07-27,2026-08-02,12:00:00 PM,Frita Cubana,1.0,11.49
2821,2026-07-27,2026-08-02,12:00:00 PM,Frituras De Malanga,1.0,6.5
2822,2026-07-27,2026-08-02,12:00:00 PM,Galleta Deliciosas,1.0,3.6
2823,2026-07-27,2026-08-02,12:00:00 PM,Garbanzo Grande,3.0,31.47
2824,2026-07-27,2026-08-02,12:00:00 PM,Garbanzo.Frito,4.0,56.56
2825,2026-07-27,2026-08-02,12:00:00 PM,Garbanzo.Mediano,1.0,6.99
2826,2026-07-27,2026-08-02,12:00:00 PM,Guarapo,7.0,36.75
2827,2026-07-27,2026-08-02,12:00:00 PM,Guiso Maiz Grande,1.0,10.49
2828,2026-07-27,2026-08-02,12:00:00 PM,Guiso.Maiz Mediano,1.0,6.99
2829,2026-07-27,2026-08-02,12:00:00 PM,Hamburquesa.Con Queso,1.0,11.19
2830,2026-07-27,2026-08-02,12:00:00 PM,Harina Mediana,1.0,6.45
2831,2026-07-27,2026-08-02,12:00:00 PM,Harina Pequeña,1.0,3.99
2832,2026-07-27,2026-08-02,12:00:00 PM,Heineken,1.0,5.49
2833,2026-07-27,2026-08-02,12:00:00 PM,Higado Italiana,2.0,30.18
2834,2026-07-27,2026-08-02,12:00:00 PM,Horden De 3 Chicharone,1.0,3.25
2835,2026-07-27,2026-08-02,12:00:00 PM,Horden De Limon,1.0,1.25
2836,2026-07-27,2026-08-02,12:00:00 PM,Imperial,2.0,24.38
2837,2026-07-27,2026-08-02,12:00:00 PM,Jugo Maraculla,1.0,4.5
2838,2026-07-27,2026-08-02,12:00:00 PM,Jugo.Naranja,16.0,84.0
2839,2026-07-27,2026-08-02,12:00:00 PM,Jupina Dieta,1.0,2.5
2840,2026-07-27,2026-08-02,12:00:00 PM,Jupiña,2.0,5.0
2841,2026-07-27,2026-08-02,12:00:00 PM,Leche Malteada,2.0,9.98
2842,2026-07-27,2026-08-02,12:00:00 PM,Leche Pequena,1.0,1.5
2843,2026-07-27,2026-08-02,12:00:00 PM,Lechon Asado,1.0,14.19
2844,2026-07-27,2026-08-02,12:00:00 PM,Lentejas Grande,1.0,9.49
2845,2026-07-27,2026-08-02,12:00:00 PM,Lentejas Mediana,4.0,27.96
2846,2026-07-27,2026-08-02,12:00:00 PM,Lentejas.Chiquita,1.0,3.99
2847,2026-07-27,2026-08-02,12:00:00 PM,Limanada Coco,2.0,11.98
2848,2026-07-27,2026-08-02,12:00:00 PM,Limonada,17.0,76.5
2849,2026-07-27,2026-08-02,12:00:00 PM,Madio.Pollo A La Brasa,4.0,59.36
2850,2026-07-27,2026-08-02,12:00:00 PM,Maduros,4.0,17.96
2851,2026-07-27,2026-08-02,12:00:00 PM,Malboro Light,1.0,12.0
2852,2026-07-27,2026-08-02,12:00:00 PM,Mariquitas,1.0,5.99
2853,2026-07-27,2026-08-02,12:00:00 PM,Masas De Puerco,8.0,113.62
2854,2026-07-27,2026-08-02,12:00:00 PM,Materva,5.0,12.5
2855,2026-07-27,2026-08-02,12:00:00 PM,Media Noche,4.0,40.36
2856,2026-07-27,2026-08-02,12:00:00 PM,Medio Pollo A Brasa,1.0,13.19
2857,2026-07-27,2026-08-02,12:00:00 PM,Medio Pollo Frito,1.0,13.69
2858,2026-07-27,2026-08-02,12:00:00 PM,Melon..Sandia,2.0,9.0
2859,2026-07-27,2026-08-02,12:00:00 PM,Miami Sandwich,2.0,23.98
2860,2026-07-27,2026-08-02,12:00:00 PM,Milanesa De Pollo,2.0,31.98
2861,2026-07-27,2026-08-02,12:00:00 PM,Milanesa Res,2.0,39.98
2862,2026-07-27,2026-08-02,12:00:00 PM,Misc Cocina,1.0,4.5
2863,2026-07-27,2026-08-02,12:00:00 PM,Mofongo Puerco,2.0,33.98
2864,2026-07-27,2026-08-02,12:00:00 PM,Mofongo Solo,1.0,7.99
2865,2026-07-27,2026-08-02,12:00:00 PM,Mofongo.Bistec Poll,1.0,18.5
2866,2026-07-27,2026-08-02,12:00:00 PM,Moros,1.0,3.99
2867,2026-07-27,2026-08-02,12:00:00 PM,Natilla Catalana,2.0,12.5
2868,2026-07-27,2026-08-02,12:00:00 PM,Palomilla Baby,2.0,22.0
2869,2026-07-27,2026-08-02,12:00:00 PM,Pan Con Bistec,15.0,166.45
2870,2026-07-27,2026-08-02,12:00:00 PM,Pan Con Lechon,2.0,19.38
2871,2026-07-27,2026-08-02,12:00:00 PM,Pan Con Tortilla,5.0,56.75
2872,2026-07-27,2026-08-02,12:00:00 PM,Pan De Bono,1.0,1.99
2873,2026-07-27,2026-08-02,12:00:00 PM,Papa Hash.Brown,1.0,3.99
2874,2026-07-27,2026-08-02,12:00:00 PM,Papa Rellena,3.0,8.97
2875,2026-07-27,2026-08-02,12:00:00 PM,Papas Fritas,5.0,22.45
2876,2026-07-27,2026-08-02,12:00:00 PM,Pasteles Guayaba,3.0,4.5
2877,2026-07-27,2026-08-02,12:00:00 PM,Pasteles Queso,1.0,1.5
2878,2026-07-27,2026-08-02,12:00:00 PM,Pasteles Queso/Guayaba,1.0,1.5
2879,2026-07-27,2026-08-02,12:00:00 PM,Pepsi,2.0,5.0
2880,2026-07-27,2026-08-02,12:00:00 PM,Perico Ripiado,6.0,76.54
2881,2026-07-27,2026-08-02,12:00:00 PM,Picadillo,7.0,102.22999999999999
2882,2026-07-27,2026-08-02,12:00:00 PM,Potaje Colorados Media,4.0,28.56
2883,2026-07-27,2026-08-02,12:00:00 PM,Presidente,1.0,5.49
2884,2026-07-27,2026-08-02,12:00:00 PM,Pudin De Pan,4.0,21.96
2885,2026-07-27,2026-08-02,12:00:00 PM,Pudin Diplomatico,2.0,10.98
2886,2026-07-27,2026-08-02,12:00:00 PM,Pure Papas,2.0,8.98
2887,2026-07-27,2026-08-02,12:00:00 PM,Queso Crema,2.0,3.5
2888,2026-07-27,2026-08-02,12:00:00 PM,Rabo Encendido,7.0,169.93
2889,2026-07-27,2026-08-02,12:00:00 PM,Racion De Malanga,2.0,11.98
2890,2026-07-27,2026-08-02,12:00:00 PM,Rinconcito Breakfast,1.0,13.99
2891,2026-07-27,2026-08-02,12:00:00 PM,Riñonada,2.0,41.98
2892,2026-07-27,2026-08-02,12:00:00 PM,Ropa Vieja,4.0,62.260000000000005
2893,2026-07-27,2026-08-02,12:00:00 PM,Rueda De Serrucho,8.0,125.62
2894,2026-07-27,2026-08-02,12:00:00 PM,Sachichas,1.0,2.99
2895,2026-07-27,2026-08-02,12:00:00 PM,Sandweches Pollo,6.0,69.74
2896,2026-07-27,2026-08-02,12:00:00 PM,Sdwc Tuna Regular,3.0,32.07
2897,2026-07-27,2026-08-02,12:00:00 PM,Sm Sopa Pescado,1.0,4.25
2898,2026-07-27,2026-08-02,12:00:00 PM,Sopa De Pollo Grande,11.0,93.39
2899,2026-07-27,2026-08-02,12:00:00 PM,Sopa De Res Grande,18.0,217.42
2900,2026-07-27,2026-08-02,12:00:00 PM,Sopa De Res Mediana,1.0,7.99
2901,2026-07-27,2026-08-02,12:00:00 PM,Sopa Pescado Grande,1.0,10.99
2902,2026-07-27,2026-08-02,12:00:00 PM,Sopa Pescado Mediana,1.0,6.99
2903,2026-07-27,2026-08-02,12:00:00 PM,Sopa Platano Grande,2.0,20.98
2904,2026-07-27,2026-08-02,12:00:00 PM,Sopa Pollo Media,6.0,32.94
2905,2026-07-27,2026-08-02,12:00:00 PM,Sopa. Pollo Chiquita,1.0,3.5
2906,2026-07-27,2026-08-02,12:00:00 PM,Spriet,2.0,5.0
2908,2026-07-27,2026-08-02,12:00:00 PM,Tamal,3.0,8.97
2909,2026-07-27,2026-08-02,12:00:00 PM,Tamal Cazuela.Mediano,4.0,28.76
2910,2026-07-27,2026-08-02,12:00:00 PM,Tamal.Cazuela Grande,1.0,11.19
2911,2026-07-27,2026-08-02,12:00:00 PM,Te Frio,2.0,5.98
2913,2026-07-27,2026-08-02,12:00:00 PM,Toreja Cubana,1.0,5.99
2914,2026-07-27,2026-08-02,12:00:00 PM,Tortilla,4.0,45.66
2915,2026-07-27,2026-08-02,12:00:00 PM,Tostada,4.0,7.96
2916,2026-07-27,2026-08-02,12:00:00 PM,Tostones,2.0,9.98
2917,2026-07-27,2026-08-02,12:00:00 PM,Tres Leches,1.0,5.99
2918,2026-07-27,2026-08-02,12:00:00 PM,Vaca Frita,8.0,137.42000000000002
2919,2026-07-27,2026-08-02,12:00:00 PM,Vaso.Hielo,3.0,0.75
2920,2026-07-27,2026-08-02,1:00:00 PM,1.Libra Ensala Pollo,2.0,17.98
2921,2026-07-27,2026-08-02,1:00:00 PM,305 Morados,1.0,6.25
2924,2026-07-27,2026-08-02,1:00:00 PM,Agua Natural,1.0,1.99
2925,2026-07-27,2026-08-02,1:00:00 PM,Agua Perrier,2.0,6.98
2926,2026-07-27,2026-08-02,1:00:00 PM,Aguacate $5.00,4.0,20.0
2927,2026-07-27,2026-08-02,1:00:00 PM,Ajiaco Mediano,3.0,20.97
2928,2026-07-27,2026-08-02,1:00:00 PM,Ajiaco..Grande,7.0,74.43
2929,2026-07-27,2026-08-02,1:00:00 PM,Albondigas.Res,3.0,42.57
2930,2026-07-27,2026-08-02,1:00:00 PM,Arros Con Mariscos,2.0,79.98
2931,2026-07-27,2026-08-02,1:00:00 PM,Arroz Blanco,7.0,22.75
2932,2026-07-27,2026-08-02,1:00:00 PM,Arroz Chiquito,1.0,2.25
2933,2026-07-27,2026-08-02,1:00:00 PM,Arroz Con Leche,3.0,16.47
2934,2026-07-27,2026-08-02,1:00:00 PM,Arroz Con Pollo,4.0,53.559999999999995
2935,2026-07-27,2026-08-02,1:00:00 PM,Arroz Con Puerco,3.0,39.57
2936,2026-07-27,2026-08-02,1:00:00 PM,Arroz Frito,10.0,137.29999999999998
2937,2026-07-27,2026-08-02,1:00:00 PM,Arroz Imperial,1.0,14.19
2938,2026-07-27,2026-08-02,1:00:00 PM,Arroz Pollo.Desmenuza,1.0,12.69
2939,2026-07-27,2026-08-02,1:00:00 PM,Baby Churrasco,8.0,152.32
2940,2026-07-27,2026-08-02,1:00:00 PM,Bacon,1.0,4.99
2941,2026-07-27,2026-08-02,1:00:00 PM,Bananas.3 $ 1.50,2.0,3.0
2942,2026-07-27,2026-08-02,1:00:00 PM,Batido .Fresa,2.0,9.98
2943,2026-07-27,2026-08-02,1:00:00 PM,Batido Chocolate,1.0,4.99
2944,2026-07-27,2026-08-02,1:00:00 PM,Batido Fruta Bonba,1.0,4.99
2945,2026-07-27,2026-08-02,1:00:00 PM,Batido Mamey,6.0,32.94
2946,2026-07-27,2026-08-02,1:00:00 PM,Batido Mango,1.0,4.99
2947,2026-07-27,2026-08-02,1:00:00 PM,Batido Vainilla,1.0,4.99
2948,2026-07-27,2026-08-02,1:00:00 PM,Bistec A Caballo,2.0,29.18
2949,2026-07-27,2026-08-02,1:00:00 PM,Bistec De Higado,1.0,13.49
2950,2026-07-27,2026-08-02,1:00:00 PM,Bistec De Pollo,40.0,552.4
2951,2026-07-27,2026-08-02,1:00:00 PM,Bistec De Puerco,2.0,31.18
2952,2026-07-27,2026-08-02,1:00:00 PM,Bistec En Cazuela,2.0,29.38
2953,2026-07-27,2026-08-02,1:00:00 PM,Bistec Palomilla,7.0,128.23
2954,2026-07-27,2026-08-02,1:00:00 PM,Boliche,3.0,44.97
2955,2026-07-27,2026-08-02,1:00:00 PM,Bolita De Tuna,2.0,6.5
2956,2026-07-27,2026-08-02,1:00:00 PM,Boniatillo,1.0,1.5
2957,2026-07-27,2026-08-02,1:00:00 PM,Boñuelos,5.0,27.45
2958,2026-07-27,2026-08-02,1:00:00 PM,Caesar /Pollo,2.0,25.98
2959,2026-07-27,2026-08-02,1:00:00 PM,Cafe Con Leche Grande,3.0,13.5
2960,2026-07-27,2026-08-02,1:00:00 PM,Cafe Con Leche Mediano,1.0,3.75
2961,2026-07-27,2026-08-02,1:00:00 PM,Cafe Con Leche Pequeno,4.0,10.0
2962,2026-07-27,2026-08-02,1:00:00 PM,Cafe Cubano,43.0,64.5
2963,2026-07-27,2026-08-02,1:00:00 PM,Caldo Gallego.Mediano,2.0,16.38
2964,2026-07-27,2026-08-02,1:00:00 PM,Camarone A La Plancha,1.0,21.99
2965,2026-07-27,2026-08-02,1:00:00 PM,Camarones Enchilado,1.0,21.19
2969,2026-07-27,2026-08-02,1:00:00 PM,Carne Con Papas,7.0,99.73
2970,2026-07-27,2026-08-02,1:00:00 PM,Chichar Pollo Sin Hues,2.0,27.38
2971,2026-07-27,2026-08-02,1:00:00 PM,Chicharo Grande,3.0,27.17
2972,2026-07-27,2026-08-02,1:00:00 PM,Chicharo Mediano,7.0,48.93
2973,2026-07-27,2026-08-02,1:00:00 PM,Chuletas De Puerco,9.0,130.21
2974,2026-07-27,2026-08-02,1:00:00 PM,Churrasco,9.0,235.11
2975,2026-07-27,2026-08-02,1:00:00 PM,Club Sandwich,5.0,60.55
2976,2026-07-27,2026-08-02,1:00:00 PM,Cocacola.Botella,1.0,3.49
2977,2026-07-27,2026-08-02,1:00:00 PM,Coke,8.0,20.0
2978,2026-07-27,2026-08-02,1:00:00 PM,Colada,6.0,16.5
2979,2026-07-27,2026-08-02,1:00:00 PM,Colorados Grande,5.0,48.45
2980,2026-07-27,2026-08-02,1:00:00 PM,Congri,1.0,3.99
2981,2026-07-27,2026-08-02,1:00:00 PM,Corona,2.0,10.98
2982,2026-07-27,2026-08-02,1:00:00 PM,Cortadito,6.0,12.98
2983,2026-07-27,2026-08-02,1:00:00 PM,Cortadito Evaporada,13.0,32.5
2984,2026-07-27,2026-08-02,1:00:00 PM,Crema Brocoly,3.0,27.75
2985,2026-07-27,2026-08-02,1:00:00 PM,Crema Calabaza Grande,2.0,19.98
2986,2026-07-27,2026-08-02,1:00:00 PM,Crema Calabaza Median,2.0,13.98
2987,2026-07-27,2026-08-02,1:00:00 PM,Crema Calabazachiquit,1.0,4.5
2988,2026-07-27,2026-08-02,1:00:00 PM,Crema Malanga Mediana,7.0,48.93
2989,2026-07-27,2026-08-02,1:00:00 PM,Crema Malanga.Grande,4.0,41.96
2990,2026-07-27,2026-08-02,1:00:00 PM,Crema Vegetal Grande,2.0,20.98
2991,2026-07-27,2026-08-02,1:00:00 PM,Crema Vegetales Median,4.0,27.96
2992,2026-07-27,2026-08-02,1:00:00 PM,Crema. Malanga Chiquit,2.0,9.0
2993,2026-07-27,2026-08-02,1:00:00 PM,Crema. Vegetalchiquita,1.0,4.5
2994,2026-07-27,2026-08-02,1:00:00 PM,Croqueta Bacalao,3.0,5.97
2995,2026-07-27,2026-08-02,1:00:00 PM,Croqueta Jamon,27.0,47.25
2996,2026-07-27,2026-08-02,1:00:00 PM,Croqueta Pollo,1.0,1.75
2997,2026-07-27,2026-08-02,1:00:00 PM,Cubano Especial,1.0,12.19
2998,2026-07-27,2026-08-02,1:00:00 PM,Cubano Regular,3.0,30.17
2999,2026-07-27,2026-08-02,1:00:00 PM,Deditos .Pescado,3.0,45.17
3000,2026-07-27,2026-08-02,1:00:00 PM,Deditos De Pescado,4.0,64.36
3001,2026-07-27,2026-08-02,1:00:00 PM,Deditos De Pollo,1.0,13.19
3002,2026-07-27,2026-08-02,1:00:00 PM,Deditos De Queso,6.0,11.94
3003,2026-07-27,2026-08-02,1:00:00 PM,Desallunos,8.0,98.02
3004,2026-07-27,2026-08-02,1:00:00 PM,Diet Coke,2.0,4.5
3005,2026-07-27,2026-08-02,1:00:00 PM,Dos Huevo Aros. Madur,1.0,8.99
3006,2026-07-27,2026-08-02,1:00:00 PM,Empanada Carne,14.0,41.86
3007,2026-07-27,2026-08-02,1:00:00 PM,Empanada Jamon/Queso,3.0,8.97
3008,2026-07-27,2026-08-02,1:00:00 PM,Empanada Pollo,4.0,11.96
3009,2026-07-27,2026-08-02,1:00:00 PM,Enpanisado. Res,1.0,15.99
3010,2026-07-27,2026-08-02,1:00:00 PM,Ensala Aguacat Peque,12.0,54.0
3011,2026-07-27,2026-08-02,1:00:00 PM,Ensala Pollo 2 Croquet,1.0,12.49
3012,2026-07-27,2026-08-02,1:00:00 PM,Ensalada Aguacat Grand,2.0,11.0
3013,2026-07-27,2026-08-02,1:00:00 PM,Ensalada Small,1.0,2.75
3014,2026-07-27,2026-08-02,1:00:00 PM,Ensalda De Tuna,1.0,11.99
3015,2026-07-27,2026-08-02,1:00:00 PM,Extra Aguacate,2.0,3.5
3016,2026-07-27,2026-08-02,1:00:00 PM,Extra.Coco,1.0,1.99
3017,2026-07-27,2026-08-02,1:00:00 PM,Fabada Chiquita,1.0,3.99
3018,2026-07-27,2026-08-02,1:00:00 PM,Fabada Mediana,1.0,7.19
3019,2026-07-27,2026-08-02,1:00:00 PM,Filete Pargo Plancha,5.0,107.55
3020,2026-07-27,2026-08-02,1:00:00 PM,Filete Pescado Empani,1.0,17.49
3021,2026-07-27,2026-08-02,1:00:00 PM,Filete Pescado Planch,4.0,68.36
3022,2026-07-27,2026-08-02,1:00:00 PM,Filetill Pollo Salsa,2.0,30.38
3023,2026-07-27,2026-08-02,1:00:00 PM,Filetillo De Carne,1.0,13.49
3024,2026-07-27,2026-08-02,1:00:00 PM,Filetillo Pollo Planch,5.0,75.15
3025,2026-07-27,2026-08-02,1:00:00 PM,Filetillo Res Salsa,1.0,14.99
3026,2026-07-27,2026-08-02,1:00:00 PM,Flan,5.0,24.95
3027,2026-07-27,2026-08-02,1:00:00 PM,Flan Especial,6.0,35.94
3028,2026-07-27,2026-08-02,1:00:00 PM,Fricase De Pollo,2.0,24.18
3029,2026-07-27,2026-08-02,1:00:00 PM,Fricase Puerco,3.0,43.95
3030,2026-07-27,2026-08-02,1:00:00 PM,Frijol Grande,2.0,15.98
3031,2026-07-27,2026-08-02,1:00:00 PM,Frijol Mediano,5.0,24.95
3032,2026-07-27,2026-08-02,1:00:00 PM,Frijol Pequeno,7.0,20.93
3033,2026-07-27,2026-08-02,1:00:00 PM,Frijol.Colorado Chiqui,1.0,3.99
3034,2026-07-27,2026-08-02,1:00:00 PM,Fritura Vacalao,1.0,6.5
3035,2026-07-27,2026-08-02,1:00:00 PM,Frituras De Malanga,1.0,6.5
3036,2026-07-27,2026-08-02,1:00:00 PM,Galleta Deliciosas,6.0,21.6
3037,2026-07-27,2026-08-02,1:00:00 PM,Garbanzo Grande,3.0,31.47
3038,2026-07-27,2026-08-02,1:00:00 PM,Garbanzo.Chiquito,1.0,3.99
3039,2026-07-27,2026-08-02,1:00:00 PM,Garbanzo.Mediano,3.0,20.97
3040,2026-07-27,2026-08-02,1:00:00 PM,Gatorade Fruit Punch,1.0,3.99
3041,2026-07-27,2026-08-02,1:00:00 PM,Guarapo,3.0,15.75
3042,2026-07-27,2026-08-02,1:00:00 PM,Guiso Maiz Chiquito,3.0,11.97
3043,2026-07-27,2026-08-02,1:00:00 PM,Guiso Maiz Grande,1.0,10.49
3044,2026-07-27,2026-08-02,1:00:00 PM,Guiso.Maiz Mediano,4.0,27.96
3045,2026-07-27,2026-08-02,1:00:00 PM,Hamburguesa Baby,1.0,10.99
3046,2026-07-27,2026-08-02,1:00:00 PM,Helado Cono,2.0,7.0
3047,2026-07-27,2026-08-02,1:00:00 PM,Higado Italiana,2.0,29.98
3048,2026-07-27,2026-08-02,1:00:00 PM,Huevo Frito,4.0,5.5
3049,2026-07-27,2026-08-02,1:00:00 PM,Inca Kola,1.0,2.99
3050,2026-07-27,2026-08-02,1:00:00 PM,Jugo Maraculla,1.0,4.5
3051,2026-07-27,2026-08-02,1:00:00 PM,Jugo Pina,4.0,18.0
3052,2026-07-27,2026-08-02,1:00:00 PM,Jugo Zanahoria Naraja,2.0,9.98
3053,2026-07-27,2026-08-02,1:00:00 PM,Jugo.Naranja,13.0,68.25
3054,2026-07-27,2026-08-02,1:00:00 PM,Jupiña,1.0,2.5
3055,2026-07-27,2026-08-02,1:00:00 PM,Leche Malteada,1.0,4.99
3056,2026-07-27,2026-08-02,1:00:00 PM,Lechuga Cebolla Pepino,1.0,4.99
3057,2026-07-27,2026-08-02,1:00:00 PM,Lentejas Grande,2.0,18.98
3058,2026-07-27,2026-08-02,1:00:00 PM,Lentejas Mediana,2.0,13.98
3059,2026-07-27,2026-08-02,1:00:00 PM,Limonada,13.0,58.5
3060,2026-07-27,2026-08-02,1:00:00 PM,Madio.Pollo A La Brasa,4.0,56.16
3061,2026-07-27,2026-08-02,1:00:00 PM,Maduros,2.0,8.98
3062,2026-07-27,2026-08-02,1:00:00 PM,Mariquitas,3.0,17.97
3063,2026-07-27,2026-08-02,1:00:00 PM,Mariquitas..Mixta,1.0,5.49
3064,2026-07-27,2026-08-02,1:00:00 PM,Masas De Puerco,20.0,280.3
3065,2026-07-27,2026-08-02,1:00:00 PM,Materva,3.0,7.5
3066,2026-07-27,2026-08-02,1:00:00 PM,Med Crema -Malanga,1.0,7.19
3067,2026-07-27,2026-08-02,1:00:00 PM,Media Noche,4.0,40.36
3068,2026-07-27,2026-08-02,1:00:00 PM,Medio Pollo A Brasa,4.0,54.36
3069,2026-07-27,2026-08-02,1:00:00 PM,Medio Pollo.Asado,4.0,54.36
3070,2026-07-27,2026-08-02,1:00:00 PM,Melon..Sandia,2.0,9.0
3071,2026-07-27,2026-08-02,1:00:00 PM,Miami Sandwich,2.0,24.38
3072,2026-07-27,2026-08-02,1:00:00 PM,Milanesa De Pollo,1.0,15.99
3073,2026-07-27,2026-08-02,1:00:00 PM,Milanesa Res,2.0,40.18
3074,2026-07-27,2026-08-02,1:00:00 PM,Misc Cocina,3.0,11.5
3075,2026-07-27,2026-08-02,1:00:00 PM,Modelo,1.0,5.49
3076,2026-07-27,2026-08-02,1:00:00 PM,Mofongo Puerco,2.0,33.98
3077,2026-07-27,2026-08-02,1:00:00 PM,Mofongo Solo,1.0,7.99
3078,2026-07-27,2026-08-02,1:00:00 PM,Mofongo.Bistec Poll,2.0,37.4
3079,2026-07-27,2026-08-02,1:00:00 PM,Moros,2.0,7.98
3080,2026-07-27,2026-08-02,1:00:00 PM,Natilla Catalana,1.0,6.25
3081,2026-07-27,2026-08-02,1:00:00 PM,Paella Valenciana,1.0,42.19
3082,2026-07-27,2026-08-02,1:00:00 PM,Pan Con Bistec,9.0,100.11
3083,2026-07-27,2026-08-02,1:00:00 PM,Pan Con Lechon,4.0,40.36
3084,2026-07-27,2026-08-02,1:00:00 PM,Pan De Bono,1.0,1.99
3085,2026-07-27,2026-08-02,1:00:00 PM,Papa Rellena,2.0,5.98
3086,2026-07-27,2026-08-02,1:00:00 PM,Pasteles Guayaba,1.0,1.5
3087,2026-07-27,2026-08-02,1:00:00 PM,Pasteles Queso/Guayaba,1.0,1.5
3088,2026-07-27,2026-08-02,1:00:00 PM,Perico Ripiado,2.0,26.38
3089,2026-07-27,2026-08-02,1:00:00 PM,Picadillo,4.0,55.76
3090,2026-07-27,2026-08-02,1:00:00 PM,Pina Colada,3.0,20.97
3091,2026-07-27,2026-08-02,1:00:00 PM,Platano Hervido,1.0,4.99
3092,2026-07-27,2026-08-02,1:00:00 PM,Pollo Empanizado,1.0,14.49
3093,2026-07-27,2026-08-02,1:00:00 PM,Potaje Colorados Media,1.0,7.19
3094,2026-07-27,2026-08-02,1:00:00 PM,Presidente,1.0,5.49
3095,2026-07-27,2026-08-02,1:00:00 PM,Pudin De Pan,1.0,5.49
3096,2026-07-27,2026-08-02,1:00:00 PM,Pudin Diplomatico,3.0,16.47
3097,2026-07-27,2026-08-02,1:00:00 PM,Pure Papas,1.0,4.49
3098,2026-07-27,2026-08-02,1:00:00 PM,Rabo Encendido,10.0,242.8
3099,2026-07-27,2026-08-02,1:00:00 PM,Racion De Malanga,3.0,17.97
3100,2026-07-27,2026-08-02,1:00:00 PM,Riñonada,2.0,42.18
3101,2026-07-27,2026-08-02,1:00:00 PM,Ropa Vieja,2.0,33.38
3102,2026-07-27,2026-08-02,1:00:00 PM,Rueda De Serrucho,1.0,17.19
3103,2026-07-27,2026-08-02,1:00:00 PM,Sandweches Pollo,2.0,23.38
3104,2026-07-27,2026-08-02,1:00:00 PM,Sandwiches..Pollo.Empa,1.0,15.79
3105,2026-07-27,2026-08-02,1:00:00 PM,Sdwc Tuna Regular,1.0,12.29
3106,2026-07-27,2026-08-02,1:00:00 PM,Sopa De Pollo Grande,6.0,50.94
3107,2026-07-27,2026-08-02,1:00:00 PM,Sopa De Res Grande,13.0,157.87
3108,2026-07-27,2026-08-02,1:00:00 PM,Sopa De Res Mediana,3.0,24.57
3109,2026-07-27,2026-08-02,1:00:00 PM,Sopa Pescado Grande,9.0,98.91
3110,2026-07-27,2026-08-02,1:00:00 PM,Sopa Pescado Mediana,2.0,13.98
3111,2026-07-27,2026-08-02,1:00:00 PM,Sopa Platano Chiquita,2.0,7.98
3112,2026-07-27,2026-08-02,1:00:00 PM,Sopa Platano Mediana,1.0,6.99
3113,2026-07-27,2026-08-02,1:00:00 PM,Sopa Pollo Media,10.0,54.9
3114,2026-07-27,2026-08-02,1:00:00 PM,Sopa. Pollo Chiquita,2.0,7.0
3115,2026-07-27,2026-08-02,1:00:00 PM,Spageti Carne,1.0,16.19
3116,2026-07-27,2026-08-02,1:00:00 PM,Spageti Pollo,1.0,15.19
3117,2026-07-27,2026-08-02,1:00:00 PM,Spriet,2.0,5.0
3118,2026-07-27,2026-08-02,1:00:00 PM,Sunkist,4.0,10.0
3120,2026-07-27,2026-08-02,1:00:00 PM,Tamal,3.0,8.97
3121,2026-07-27,2026-08-02,1:00:00 PM,Te Frio,2.0,5.98
3123,2026-07-27,2026-08-02,1:00:00 PM,Toreja Cubana,2.0,11.98
3124,2026-07-27,2026-08-02,1:00:00 PM,Torre.1/2,1.0,16.0
3125,2026-07-27,2026-08-02,1:00:00 PM,Tortilla,2.0,23.18
3126,2026-07-27,2026-08-02,1:00:00 PM,Tostada,8.0,15.92
3127,2026-07-27,2026-08-02,1:00:00 PM,Tostones,1.0,4.99
3128,2026-07-27,2026-08-02,1:00:00 PM,Tres Leches,3.0,17.97
3129,2026-07-27,2026-08-02,1:00:00 PM,Vaca Frita,17.0,283.63
3130,2026-07-27,2026-08-02,1:00:00 PM,Vegetal.Hervido,2.0,9.98
3131,2026-07-27,2026-08-02,1:00:00 PM,Yuca,1.0,4.49
3132,2026-07-27,2026-08-02,1:00:00 PM,Yuca Frita,2.0,10.98
3133,2026-07-27,2026-08-02,2:00:00 PM,1 Bola Helado,1.0,2.99
3134,2026-07-27,2026-08-02,2:00:00 PM,1.Libra Ensala Pollo,1.0,8.99
3135,2026-07-27,2026-08-02,2:00:00 PM,2 Piezas De Cordero,3.0,75.57
3138,2026-07-27,2026-08-02,2:00:00 PM,Agua Natural,2.0,3.98
3139,2026-07-27,2026-08-02,2:00:00 PM,Agua Perrier,1.0,3.49
3140,2026-07-27,2026-08-02,2:00:00 PM,Aguacate $5.00,1.0,5.0
3141,2026-07-27,2026-08-02,2:00:00 PM,Ajiaco Mediano,3.0,21.17
3142,2026-07-27,2026-08-02,2:00:00 PM,Ajiaco..Grande,3.0,32.07
3143,2026-07-27,2026-08-02,2:00:00 PM,Albondigas.Res,1.0,14.19
3144,2026-07-27,2026-08-02,2:00:00 PM,Arros Con Mariscos,2.0,79.98
3145,2026-07-27,2026-08-02,2:00:00 PM,Arroz Blanco,5.0,16.25
3146,2026-07-27,2026-08-02,2:00:00 PM,Arroz Chiquito,4.0,10.0
3147,2026-07-27,2026-08-02,2:00:00 PM,Arroz Con Leche,2.0,10.98
3148,2026-07-27,2026-08-02,2:00:00 PM,Arroz Con Pollo,7.0,90.43
3149,2026-07-27,2026-08-02,2:00:00 PM,Arroz Con Puerco,2.0,26.38
3150,2026-07-27,2026-08-02,2:00:00 PM,Arroz Frito,8.0,112.52
3151,2026-07-27,2026-08-02,2:00:00 PM,Arroz Imperial,1.0,13.99
3152,2026-07-27,2026-08-02,2:00:00 PM,Arroz Pollo.Desmenuza,1.0,12.49
3153,2026-07-27,2026-08-02,2:00:00 PM,Baby Churrasco,11.0,215.69
3154,2026-07-27,2026-08-02,2:00:00 PM,Bacon,1.0,4.99
3155,2026-07-27,2026-08-02,2:00:00 PM,Bananas.3 $ 1.50,2.0,3.0
3156,2026-07-27,2026-08-02,2:00:00 PM,Batido .Fresa,1.0,4.99
3157,2026-07-27,2026-08-02,2:00:00 PM,Batido Chocolate,2.0,9.98
3158,2026-07-27,2026-08-02,2:00:00 PM,Batido Fruta Bonba,1.0,4.99
3159,2026-07-27,2026-08-02,2:00:00 PM,Batido Mamey,4.0,21.96
3160,2026-07-27,2026-08-02,2:00:00 PM,Batido Mango,2.0,9.98
3161,2026-07-27,2026-08-02,2:00:00 PM,Batido Trigo,1.0,4.99
3162,2026-07-27,2026-08-02,2:00:00 PM,Batido Vainilla,2.0,9.98
3163,2026-07-27,2026-08-02,2:00:00 PM,Bistec A Caballo,1.0,15.99
3164,2026-07-27,2026-08-02,2:00:00 PM,Bistec De Higado,3.0,40.47
3165,2026-07-27,2026-08-02,2:00:00 PM,Bistec De Pollo,32.0,441.38
3166,2026-07-27,2026-08-02,2:00:00 PM,Bistec De Puerco,1.0,15.69
3167,2026-07-27,2026-08-02,2:00:00 PM,Bistec En Cazuela,1.0,14.49
3168,2026-07-27,2026-08-02,2:00:00 PM,Bistec Palomilla,2.0,38.18
3169,2026-07-27,2026-08-02,2:00:00 PM,Boliche,2.0,31.18
3170,2026-07-27,2026-08-02,2:00:00 PM,Boliche Asado,2.0,33.38
3171,2026-07-27,2026-08-02,2:00:00 PM,Boniato Frito,1.0,4.99
3172,2026-07-27,2026-08-02,2:00:00 PM,Boñuelos,4.0,21.96
3173,2026-07-27,2026-08-02,2:00:00 PM,Budweiser,1.0,4.99
3174,2026-07-27,2026-08-02,2:00:00 PM,Cafe Con Leche Grande,4.0,18.0
3175,2026-07-27,2026-08-02,2:00:00 PM,Cafe Con Leche Mediano,2.0,7.5
3176,2026-07-27,2026-08-02,2:00:00 PM,Cafe Con Leche Pequeno,12.0,30.0
3177,2026-07-27,2026-08-02,2:00:00 PM,Cafe Cubano,31.0,46.5
3178,2026-07-27,2026-08-02,2:00:00 PM,Caldo Gallego.Chiquito,1.0,4.49
3179,2026-07-27,2026-08-02,2:00:00 PM,Caldo Gallego.Mediano,5.0,40.55
3180,2026-07-27,2026-08-02,2:00:00 PM,Caldo.Gallego Grande,1.0,11.69
3181,2026-07-27,2026-08-02,2:00:00 PM,Camarone A La Plancha,1.0,20.19
3182,2026-07-27,2026-08-02,2:00:00 PM,Camarones Al Ajillo,1.0,19.99
3183,2026-07-27,2026-08-02,2:00:00 PM,Camarones Empanizad,1.0,20.19
3186,2026-07-27,2026-08-02,2:00:00 PM,Chichar Pollo Sin Hues,2.0,27.18
3187,2026-07-27,2026-08-02,2:00:00 PM,Chicharo Grande,2.0,18.38
3188,2026-07-27,2026-08-02,2:00:00 PM,Chicharo Mediano,1.0,6.99
3189,2026-07-27,2026-08-02,2:00:00 PM,Chuletas De Puerco,3.0,43.07
3190,2026-07-27,2026-08-02,2:00:00 PM,Churrasco,3.0,78.37
3191,2026-07-27,2026-08-02,2:00:00 PM,Club Sandwich,2.0,23.98
3192,2026-07-27,2026-08-02,2:00:00 PM,Coke,9.0,22.5
3193,2026-07-27,2026-08-02,2:00:00 PM,Coke Cero,2.0,5.0
3194,2026-07-27,2026-08-02,2:00:00 PM,Colada,14.0,38.5
3195,2026-07-27,2026-08-02,2:00:00 PM,Colorados Grande,2.0,19.38
3196,2026-07-27,2026-08-02,2:00:00 PM,Copa ..Helado,1.0,4.99
3197,2026-07-27,2026-08-02,2:00:00 PM,Copa De Sangria,2.0,17.98
3198,2026-07-27,2026-08-02,2:00:00 PM,Copa Vino,4.0,35.96
3199,2026-07-27,2026-08-02,2:00:00 PM,Cortadito,6.0,13.5
3200,2026-07-27,2026-08-02,2:00:00 PM,Cortadito Evaporada,2.0,5.0
3201,2026-07-27,2026-08-02,2:00:00 PM,Crema Brocoly,1.0,9.25
3202,2026-07-27,2026-08-02,2:00:00 PM,Crema Calabaza Grande,3.0,29.97
3203,2026-07-27,2026-08-02,2:00:00 PM,Crema Calabaza Median,1.0,6.99
3204,2026-07-27,2026-08-02,2:00:00 PM,Crema Malanga Mediana,11.0,76.89
3205,2026-07-27,2026-08-02,2:00:00 PM,Crema Malanga.Grande,2.0,20.98
3206,2026-07-27,2026-08-02,2:00:00 PM,Crema Vegetales Median,2.0,13.98
3207,2026-07-27,2026-08-02,2:00:00 PM,Crema. Malanga Chiquit,2.0,9.0
3208,2026-07-27,2026-08-02,2:00:00 PM,Croqueta Bacalao,8.0,15.92
3209,2026-07-27,2026-08-02,2:00:00 PM,Croqueta Jamon,25.0,43.75
3210,2026-07-27,2026-08-02,2:00:00 PM,Croqueta Pollo,2.0,3.5
3211,2026-07-27,2026-08-02,2:00:00 PM,Croqueta Preparada,1.0,11.99
3212,2026-07-27,2026-08-02,2:00:00 PM,Cubano Regular,2.0,20.38
3213,2026-07-27,2026-08-02,2:00:00 PM,Cuchura,2.0,0.0
3214,2026-07-27,2026-08-02,2:00:00 PM,Deditos .Pescado,2.0,28.38
3215,2026-07-27,2026-08-02,2:00:00 PM,Deditos De Pescado,4.0,64.76
3216,2026-07-27,2026-08-02,2:00:00 PM,Deditos De Pollo,7.0,92.33
3217,2026-07-27,2026-08-02,2:00:00 PM,Deditos De Queso,1.0,1.99
3218,2026-07-27,2026-08-02,2:00:00 PM,Desallunos,1.0,13.19
3219,2026-07-27,2026-08-02,2:00:00 PM,Diet Coke,5.0,11.25
3220,2026-07-27,2026-08-02,2:00:00 PM,Diet Materva,1.0,2.5
3221,2026-07-27,2026-08-02,2:00:00 PM,Dulce De Leche,2.0,10.98
3222,2026-07-27,2026-08-02,2:00:00 PM,Empanada Carne,3.0,8.97
3223,2026-07-27,2026-08-02,2:00:00 PM,Empanada Jamon/Queso,2.0,5.98
3224,2026-07-27,2026-08-02,2:00:00 PM,Empanada Pollo,1.0,2.99
3225,2026-07-27,2026-08-02,2:00:00 PM,Enpanisado. Res,1.0,15.99
3226,2026-07-27,2026-08-02,2:00:00 PM,"Enpellas,Chicharones",2.0,12.0
3227,2026-07-27,2026-08-02,2:00:00 PM,Ensala Aguacat Peque,20.0,90.0
3228,2026-07-27,2026-08-02,2:00:00 PM,Ensala Pollo 2 Croquet,1.0,12.49
3229,2026-07-27,2026-08-02,2:00:00 PM,Ensalada Aguacat Grand,3.0,16.5
3230,2026-07-27,2026-08-02,2:00:00 PM,Ensalada Small,1.0,2.75
3231,2026-07-27,2026-08-02,2:00:00 PM,Ensalda De Tuna,1.0,11.99
3232,2026-07-27,2026-08-02,2:00:00 PM,Fabada Grande,1.0,10.69
3233,2026-07-27,2026-08-02,2:00:00 PM,Fabada Mediana,1.0,6.99
3234,2026-07-27,2026-08-02,2:00:00 PM,Felitos,4.0,5.96
3235,2026-07-27,2026-08-02,2:00:00 PM,Filete Pargo Plancha,6.0,126.34
3236,2026-07-27,2026-08-02,2:00:00 PM,Filete Pescado Empani,2.0,34.98
3237,2026-07-27,2026-08-02,2:00:00 PM,Filete Pescado Planch,5.0,86.35
3238,2026-07-27,2026-08-02,2:00:00 PM,Filete Salmon,1.0,18.0
3239,2026-07-27,2026-08-02,2:00:00 PM,Filetillo De Carne,1.0,13.69
3240,2026-07-27,2026-08-02,2:00:00 PM,Filetillo Pollo Planch,7.0,106.53
3241,2026-07-27,2026-08-02,2:00:00 PM,Filetillo Res Plancha,3.0,45.97
3242,2026-07-27,2026-08-02,2:00:00 PM,Flan,5.0,24.95
3243,2026-07-27,2026-08-02,2:00:00 PM,Flan Especial,9.0,53.91
3244,2026-07-27,2026-08-02,2:00:00 PM,Fricase De Pollo,3.0,33.57
3245,2026-07-27,2026-08-02,2:00:00 PM,Fricase Puerco,1.0,15.25
3246,2026-07-27,2026-08-02,2:00:00 PM,Frijol Grande,2.0,15.98
3247,2026-07-27,2026-08-02,2:00:00 PM,Frijol Mediano,1.0,4.99
3248,2026-07-27,2026-08-02,2:00:00 PM,Frijol Pequeno,2.0,5.98
3249,2026-07-27,2026-08-02,2:00:00 PM,Frituras De Malanga,3.0,19.5
3250,2026-07-27,2026-08-02,2:00:00 PM,Galleta Deliciosas,2.0,7.2
3251,2026-07-27,2026-08-02,2:00:00 PM,Garbanzo Grande,2.0,20.98
3252,2026-07-27,2026-08-02,2:00:00 PM,Garbanzo.Mediano,2.0,13.98
3253,2026-07-27,2026-08-02,2:00:00 PM,Guarapo,3.0,15.75
3254,2026-07-27,2026-08-02,2:00:00 PM,Guiso Maiz Chiquito,1.0,3.99
3255,2026-07-27,2026-08-02,2:00:00 PM,Guiso Maiz Grande,1.0,10.49
3256,2026-07-27,2026-08-02,2:00:00 PM,Guiso.Maiz Mediano,2.0,13.98
3257,2026-07-27,2026-08-02,2:00:00 PM,Hamburquesa.Con Queso,2.0,22.38
3258,2026-07-27,2026-08-02,2:00:00 PM,Heineken,1.0,5.49
3259,2026-07-27,2026-08-02,2:00:00 PM,Helado Cono,2.0,7.0
3260,2026-07-27,2026-08-02,2:00:00 PM,Higado Italiana,4.0,60.36
3261,2026-07-27,2026-08-02,2:00:00 PM,Horde Depan,1.0,1.5
3262,2026-07-27,2026-08-02,2:00:00 PM,Horden De 3 Chicharone,2.0,6.5
3263,2026-07-27,2026-08-02,2:00:00 PM,Huevo Hervido,12.0,21.0
3264,2026-07-27,2026-08-02,2:00:00 PM,Imperial,3.0,36.37
3265,2026-07-27,2026-08-02,2:00:00 PM,Iron Beer,2.0,5.0
3266,2026-07-27,2026-08-02,2:00:00 PM,Jugo Maraculla,2.0,9.0
3267,2026-07-27,2026-08-02,2:00:00 PM,Jugo Pina,5.0,22.5
3268,2026-07-27,2026-08-02,2:00:00 PM,Jugo.Naranja,5.0,26.25
3269,2026-07-27,2026-08-02,2:00:00 PM,Jupina Dieta,1.0,2.5
3270,2026-07-27,2026-08-02,2:00:00 PM,Jupiña,1.0,2.5
3271,2026-07-27,2026-08-02,2:00:00 PM,Leche Malteada,3.0,14.97
3272,2026-07-27,2026-08-02,2:00:00 PM,Lechon Asado,2.0,28.38
3273,2026-07-27,2026-08-02,2:00:00 PM,Lentejas Grande,6.0,56.94
3274,2026-07-27,2026-08-02,2:00:00 PM,Lentejas Mediana,5.0,34.95
3275,2026-07-27,2026-08-02,2:00:00 PM,Limanada Coco,2.0,11.98
3276,2026-07-27,2026-08-02,2:00:00 PM,Limonada,13.0,58.5
3277,2026-07-27,2026-08-02,2:00:00 PM,Madio.Pollo A La Brasa,3.0,41.97
3278,2026-07-27,2026-08-02,2:00:00 PM,Maduros,3.0,13.47
3279,2026-07-27,2026-08-02,2:00:00 PM,Malta,1.0,3.25
3280,2026-07-27,2026-08-02,2:00:00 PM,Mariquitas,5.0,29.95
3281,2026-07-27,2026-08-02,2:00:00 PM,Mariquitas De Malanga,2.0,11.98
3282,2026-07-27,2026-08-02,2:00:00 PM,Mariquitas..Mixta,2.0,10.98
3283,2026-07-27,2026-08-02,2:00:00 PM,Masas De Puerco,16.0,223.44
3284,2026-07-27,2026-08-02,2:00:00 PM,Materva,6.0,15.0
3285,2026-07-27,2026-08-02,2:00:00 PM,Media Jarra,1.0,16.0
3286,2026-07-27,2026-08-02,2:00:00 PM,Media Noche,1.0,9.99
3287,2026-07-27,2026-08-02,2:00:00 PM,Medio Pollo A Brasa,3.0,38.97
3288,2026-07-27,2026-08-02,2:00:00 PM,Medio Pollo Frito,1.0,13.49
3289,2026-07-27,2026-08-02,2:00:00 PM,Melon..Sandia,3.0,13.5
3290,2026-07-27,2026-08-02,2:00:00 PM,Milanesa De Pollo,2.0,32.38
3291,2026-07-27,2026-08-02,2:00:00 PM,Miller Light,2.0,9.98
3292,2026-07-27,2026-08-02,2:00:00 PM,Misc Cocina,2.0,7.0
3293,2026-07-27,2026-08-02,2:00:00 PM,Modelo,1.0,5.49
3294,2026-07-27,2026-08-02,2:00:00 PM,Mofong.Chicharon Pollo,1.0,15.99
3295,2026-07-27,2026-08-02,2:00:00 PM,Moros,10.0,39.9
3296,2026-07-27,2026-08-02,2:00:00 PM,Natilla Catalana,2.0,12.5
3297,2026-07-27,2026-08-02,2:00:00 PM,Paleta.Lasquiada,1.0,120.19
3298,2026-07-27,2026-08-02,2:00:00 PM,Pan Con Bistec,4.0,44.56
3299,2026-07-27,2026-08-02,2:00:00 PM,Pan Con Lechon,1.0,9.49
3300,2026-07-27,2026-08-02,2:00:00 PM,Papa Rellena,2.0,5.98
3301,2026-07-27,2026-08-02,2:00:00 PM,Papas Fritas,3.0,13.47
3302,2026-07-27,2026-08-02,2:00:00 PM,Pargo Frito,1.0,23.99
3303,2026-07-27,2026-08-02,2:00:00 PM,Pargo Frito Entero,1.0,25.99
3304,2026-07-27,2026-08-02,2:00:00 PM,Pasteles Guayaba,2.0,3.0
3305,2026-07-27,2026-08-02,2:00:00 PM,Pasteles Queso/Guayaba,4.0,6.0
3306,2026-07-27,2026-08-02,2:00:00 PM,Pepsi,1.0,2.5
3307,2026-07-27,2026-08-02,2:00:00 PM,Pescado Alo Macho,1.0,25.99
3308,2026-07-27,2026-08-02,2:00:00 PM,Picadillo,10.0,144.3
3309,2026-07-27,2026-08-02,2:00:00 PM,Pierna Lasquiada,1.0,190.19
3310,2026-07-27,2026-08-02,2:00:00 PM,Pollo Empanizado,2.0,29.18
3311,2026-07-27,2026-08-02,2:00:00 PM,Potaje Colorados Media,1.0,7.19
3312,2026-07-27,2026-08-02,2:00:00 PM,Pudin De Pan,1.0,5.49
3313,2026-07-27,2026-08-02,2:00:00 PM,Pudin Diplomatico,4.0,21.96
3314,2026-07-27,2026-08-02,2:00:00 PM,Rabo Encendido,10.0,243.3
3315,2026-07-27,2026-08-02,2:00:00 PM,Racion De Malanga,1.0,5.99
3316,2026-07-27,2026-08-02,2:00:00 PM,Rinconcito Breakfast,1.0,13.99
3317,2026-07-27,2026-08-02,2:00:00 PM,Riñonada,1.0,20.99
3318,2026-07-27,2026-08-02,2:00:00 PM,Ropa Vieja,3.0,48.67
3319,2026-07-27,2026-08-02,2:00:00 PM,Rueda De Serrucho,2.0,31.18
3320,2026-07-27,2026-08-02,2:00:00 PM,Sandweches Pollo,2.0,23.18
3321,2026-07-27,2026-08-02,2:00:00 PM,Sandwiches..Pollo.Empa,2.0,27.98
3322,2026-07-27,2026-08-02,2:00:00 PM,Sdwch De Pavo Spcl,1.0,11.99
3323,2026-07-27,2026-08-02,2:00:00 PM,Soda Colonbiana,1.0,2.99
3324,2026-07-27,2026-08-02,2:00:00 PM,Soda Ginjer,1.0,2.5
3325,2026-07-27,2026-08-02,2:00:00 PM,Sopa De Pollo Grande,11.0,93.39
3326,2026-07-27,2026-08-02,2:00:00 PM,Sopa De Res Grande,11.0,133.29
3327,2026-07-27,2026-08-02,2:00:00 PM,Sopa De Res Mediana,7.0,56.33
3328,2026-07-27,2026-08-02,2:00:00 PM,Sopa Pescado Grande,5.0,54.95
3329,2026-07-27,2026-08-02,2:00:00 PM,Sopa Pescado Mediana,1.0,6.99
3330,2026-07-27,2026-08-02,2:00:00 PM,Sopa Platano Chiquita,1.0,3.99
3331,2026-07-27,2026-08-02,2:00:00 PM,Sopa Platano Grande,1.0,10.49
3332,2026-07-27,2026-08-02,2:00:00 PM,Sopa Platano Mediana,4.0,27.96
3333,2026-07-27,2026-08-02,2:00:00 PM,Sopa Pollo Media,3.0,16.47
3334,2026-07-27,2026-08-02,2:00:00 PM,Sopon Marinero,1.0,25.99
3335,2026-07-27,2026-08-02,2:00:00 PM,Spageti Carne,1.0,16.19
3336,2026-07-27,2026-08-02,2:00:00 PM,Spaghetti Pollo Alfred,2.0,30.18
3337,2026-07-27,2026-08-02,2:00:00 PM,Stella Artois,3.0,16.47
3339,2026-07-27,2026-08-02,2:00:00 PM,Tama. Cazuela Chiquito,1.0,4.5
3340,2026-07-27,2026-08-02,2:00:00 PM,Tamal,7.0,20.93
3341,2026-07-27,2026-08-02,2:00:00 PM,Tamal Cazuela.Mediano,2.0,14.38
3342,2026-07-27,2026-08-02,2:00:00 PM,Tamal.Cazuela Grande,4.0,44.76
3343,2026-07-27,2026-08-02,2:00:00 PM,Te Frio,1.0,2.99
3345,2026-07-27,2026-08-02,2:00:00 PM,Tortilla,1.0,10.99
3346,2026-07-27,2026-08-02,2:00:00 PM,Tostada,2.0,3.98
3347,2026-07-27,2026-08-02,2:00:00 PM,Tostones,3.0,14.97
3348,2026-07-27,2026-08-02,2:00:00 PM,Tres Leches,2.0,11.98
3349,2026-07-27,2026-08-02,2:00:00 PM,Vaca Frita,13.0,217.26999999999998
3350,2026-07-27,2026-08-02,2:00:00 PM,Yuca Frita,2.0,10.98
3352,2026-07-27,2026-08-02,3:00:00 PM,1 Pieza De Cordero,2.0,38.18
3353,2026-07-27,2026-08-02,3:00:00 PM,2 Piezas De Cordero,1.0,25.19
3354,2026-07-27,2026-08-02,3:00:00 PM,305 Morados,1.0,6.25
3357,2026-07-27,2026-08-02,3:00:00 PM,Agua Natural,5.0,9.95
3358,2026-07-27,2026-08-02,3:00:00 PM,Agua Perrier,1.0,3.49
3359,2026-07-27,2026-08-02,3:00:00 PM,Aguacate $5.00,1.0,5.0
3360,2026-07-27,2026-08-02,3:00:00 PM,Ajiaco Mediano,1.0,6.99
3361,2026-07-27,2026-08-02,3:00:00 PM,Ajiaco..Grande,1.0,10.49
3362,2026-07-27,2026-08-02,3:00:00 PM,Albondigas.Res,3.0,43.57
3363,2026-07-27,2026-08-02,3:00:00 PM,Arroz Blanco,3.0,9.75
3364,2026-07-27,2026-08-02,3:00:00 PM,Arroz Chiquito,4.0,11.0
3365,2026-07-27,2026-08-02,3:00:00 PM,Arroz Con Leche,2.0,10.98
3366,2026-07-27,2026-08-02,3:00:00 PM,Arroz Con Pollo,2.0,27.88
3367,2026-07-27,2026-08-02,3:00:00 PM,Arroz Con Puerco,1.0,13.19
3368,2026-07-27,2026-08-02,3:00:00 PM,Arroz Frito,6.0,84.53999999999999
3369,2026-07-27,2026-08-02,3:00:00 PM,Baby Churrasco,8.0,161.52
3370,2026-07-27,2026-08-02,3:00:00 PM,Bacalao Viscaina,2.0,40.18
3371,2026-07-27,2026-08-02,3:00:00 PM,Batido Chocolate,4.0,19.96
3372,2026-07-27,2026-08-02,3:00:00 PM,Batido Fruta Bonba,2.0,9.98
3373,2026-07-27,2026-08-02,3:00:00 PM,Batido Mamey,8.0,43.92
3374,2026-07-27,2026-08-02,3:00:00 PM,Batido Mango,4.0,19.96
3375,2026-07-27,2026-08-02,3:00:00 PM,Batido Trigo,1.0,4.99
3376,2026-07-27,2026-08-02,3:00:00 PM,Bistec A Caballo,1.0,14.69
3377,2026-07-27,2026-08-02,3:00:00 PM,Bistec De Higado,2.0,27.38
3378,2026-07-27,2026-08-02,3:00:00 PM,Bistec De Pollo,24.0,327.15999999999997
3379,2026-07-27,2026-08-02,3:00:00 PM,Bistec En Cazuela,2.0,29.38
3380,2026-07-27,2026-08-02,3:00:00 PM,Bistec Palomilla,12.0,218.68
3381,2026-07-27,2026-08-02,3:00:00 PM,Boliche,1.0,15.19
3382,2026-07-27,2026-08-02,3:00:00 PM,Boliche Asado,1.0,18.49
3383,2026-07-27,2026-08-02,3:00:00 PM,Boniato Frito,1.0,4.99
3384,2026-07-27,2026-08-02,3:00:00 PM,Boñuelos,3.0,16.47
3385,2026-07-27,2026-08-02,3:00:00 PM,Caesar /Pollo,1.0,12.99
3386,2026-07-27,2026-08-02,3:00:00 PM,Cafe American Grande,2.0,6.5
3387,2026-07-27,2026-08-02,3:00:00 PM,Cafe Con Leche Pequeno,3.0,7.5
3388,2026-07-27,2026-08-02,3:00:00 PM,Cafe Cubano,22.0,33.0
3389,2026-07-27,2026-08-02,3:00:00 PM,Caldo Gallego.Mediano,1.0,8.19
3390,2026-07-27,2026-08-02,3:00:00 PM,Caldo.Gallego Grande,2.0,23.18
3392,2026-07-27,2026-08-02,3:00:00 PM,Carne Con Papas,5.0,70.75
3393,2026-07-27,2026-08-02,3:00:00 PM,Cascos Guava Queso,1.0,5.99
3394,2026-07-27,2026-08-02,3:00:00 PM,Chichar Pollo Sin Hues,2.0,26.98
3395,2026-07-27,2026-08-02,3:00:00 PM,Chicharo Grande,3.0,27.57
3396,2026-07-27,2026-08-02,3:00:00 PM,Chicharo Mediano,1.0,6.99
3397,2026-07-27,2026-08-02,3:00:00 PM,Chilindron D Chivo,1.0,22.19
3398,2026-07-27,2026-08-02,3:00:00 PM,Churrasco,5.0,134.15
3399,2026-07-27,2026-08-02,3:00:00 PM,Club Sandwich,3.0,36.57
3400,2026-07-27,2026-08-02,3:00:00 PM,Coke Cero,2.0,5.0
3401,2026-07-27,2026-08-02,3:00:00 PM,Colada,6.0,16.5
3402,2026-07-27,2026-08-02,3:00:00 PM,Corona,1.0,5.49
3403,2026-07-27,2026-08-02,3:00:00 PM,Cortadito,3.0,6.49
3404,2026-07-27,2026-08-02,3:00:00 PM,Cortadito Evaporada,9.0,22.5
3405,2026-07-27,2026-08-02,3:00:00 PM,Crema Brocoly,2.0,18.5
3406,2026-07-27,2026-08-02,3:00:00 PM,Crema Calabaza Grande,3.0,29.97
3407,2026-07-27,2026-08-02,3:00:00 PM,Crema Calabaza Median,5.0,34.95
3408,2026-07-27,2026-08-02,3:00:00 PM,Crema Calabazachiquit,2.0,9.0
3409,2026-07-27,2026-08-02,3:00:00 PM,Crema Malanga Mediana,7.0,48.93
3410,2026-07-27,2026-08-02,3:00:00 PM,Crema Malanga.Grande,3.0,31.47
3411,2026-07-27,2026-08-02,3:00:00 PM,Crema Vegetal Grande,1.0,10.49
3412,2026-07-27,2026-08-02,3:00:00 PM,Crema Vegetal Mediana,1.0,6.99
3413,2026-07-27,2026-08-02,3:00:00 PM,Crema Vegetales Median,2.0,13.98
3414,2026-07-27,2026-08-02,3:00:00 PM,Crema. Malanga Chiquit,1.0,4.5
3415,2026-07-27,2026-08-02,3:00:00 PM,Croqueta Bacalao,2.0,3.98
3416,2026-07-27,2026-08-02,3:00:00 PM,Croqueta Jamon,29.0,50.75
3417,2026-07-27,2026-08-02,3:00:00 PM,Cubano Regular,3.0,30.17
3418,2026-07-27,2026-08-02,3:00:00 PM,Deditos .Pescado,3.0,42.37
3419,2026-07-27,2026-08-02,3:00:00 PM,Deditos De Pescado,2.0,32.38
3420,2026-07-27,2026-08-02,3:00:00 PM,Deditos De Queso,2.0,3.98
3421,2026-07-27,2026-08-02,3:00:00 PM,Deditos Queso/Guayaba,2.0,3.98
3422,2026-07-27,2026-08-02,3:00:00 PM,Desallunos,1.0,12.19
3423,2026-07-27,2026-08-02,3:00:00 PM,Diet Coke,1.0,2.25
3424,2026-07-27,2026-08-02,3:00:00 PM,Diet Materva,1.0,2.5
3425,2026-07-27,2026-08-02,3:00:00 PM,Empanada Carne,3.0,8.97
3426,2026-07-27,2026-08-02,3:00:00 PM,Empanada Jamon/Queso,2.0,5.98
3427,2026-07-27,2026-08-02,3:00:00 PM,Empanada Pollo,1.0,2.99
3428,2026-07-27,2026-08-02,3:00:00 PM,Enpanisado. Res,2.0,32.38
3429,2026-07-27,2026-08-02,3:00:00 PM,Ensala Aguacat Peque,7.0,31.5
3430,2026-07-27,2026-08-02,3:00:00 PM,Ensala Pollo 2 Croquet,1.0,12.49
3431,2026-07-27,2026-08-02,3:00:00 PM,Ensalada Aguacat Grand,1.0,5.5
3432,2026-07-27,2026-08-02,3:00:00 PM,Ensalada Small,2.0,5.5
3433,2026-07-27,2026-08-02,3:00:00 PM,Extra Aguacate,2.0,3.5
3434,2026-07-27,2026-08-02,3:00:00 PM,Fabada Chiquita,1.0,3.99
3435,2026-07-27,2026-08-02,3:00:00 PM,Fabada Grande,1.0,10.69
3436,2026-07-27,2026-08-02,3:00:00 PM,Fabada Mediana,1.0,6.99
3437,2026-07-27,2026-08-02,3:00:00 PM,Filete De Mahimahi,1.0,16.99
3438,2026-07-27,2026-08-02,3:00:00 PM,Filete Pargo En Salsa,1.0,24.0
3439,2026-07-27,2026-08-02,3:00:00 PM,Filete Pargo Plancha,1.0,23.19
3440,2026-07-27,2026-08-02,3:00:00 PM,Filete Pescado Empani,1.0,17.69
3441,2026-07-27,2026-08-02,3:00:00 PM,Filete Pescado Planch,1.0,17.99
3442,2026-07-27,2026-08-02,3:00:00 PM,Filetillo Pollo Planch,3.0,45.57
3443,2026-07-27,2026-08-02,3:00:00 PM,Flan Especial,2.0,11.98
3444,2026-07-27,2026-08-02,3:00:00 PM,Fricase De Pollo,5.0,55.35
3445,2026-07-27,2026-08-02,3:00:00 PM,Frijol Grande,1.0,7.99
3446,2026-07-27,2026-08-02,3:00:00 PM,Frijol Mediano,4.0,19.96
3447,2026-07-27,2026-08-02,3:00:00 PM,Frijol Pequeno,2.0,5.98
3448,2026-07-27,2026-08-02,3:00:00 PM,Frita Cubana,1.0,10.19
3449,2026-07-27,2026-08-02,3:00:00 PM,Fritura Vacalao,1.0,6.5
3450,2026-07-27,2026-08-02,3:00:00 PM,Frituras De Malanga,3.0,19.5
3451,2026-07-27,2026-08-02,3:00:00 PM,Galleta Deliciosas,1.0,3.6
3452,2026-07-27,2026-08-02,3:00:00 PM,Garbanzo Grande,1.0,10.49
3453,2026-07-27,2026-08-02,3:00:00 PM,Garbanzo.Chiquito,2.0,7.98
3454,2026-07-27,2026-08-02,3:00:00 PM,Garbanzo.Frito,2.0,30.88
3455,2026-07-27,2026-08-02,3:00:00 PM,Guarapo,9.0,47.25
3456,2026-07-27,2026-08-02,3:00:00 PM,Guiso Maiz Grande,1.0,10.49
3457,2026-07-27,2026-08-02,3:00:00 PM,Guiso.Maiz Mediano,1.0,6.99
3458,2026-07-27,2026-08-02,3:00:00 PM,Higado Italiana,1.0,15.19
3459,2026-07-27,2026-08-02,3:00:00 PM,Horden De 3 Chicharone,3.0,9.75
3460,2026-07-27,2026-08-02,3:00:00 PM,Imperial,2.0,24.18
3461,2026-07-27,2026-08-02,3:00:00 PM,Jugo Pina,1.0,4.5
3462,2026-07-27,2026-08-02,3:00:00 PM,Jugo Zanahoria Naraja,1.0,4.99
3463,2026-07-27,2026-08-02,3:00:00 PM,Jugo.Naranja,5.0,26.25
3464,2026-07-27,2026-08-02,3:00:00 PM,Juntas,2.0,0.0
3465,2026-07-27,2026-08-02,3:00:00 PM,Leche Malteada,1.0,4.99
3466,2026-07-27,2026-08-02,3:00:00 PM,Lechon Asado,3.0,42.37
3467,2026-07-27,2026-08-02,3:00:00 PM,Lechuga Cebolla Pepino,1.0,4.99
3468,2026-07-27,2026-08-02,3:00:00 PM,Lentejas Grande,5.0,47.45
3469,2026-07-27,2026-08-02,3:00:00 PM,Lentejas Mediana,2.0,13.98
3470,2026-07-27,2026-08-02,3:00:00 PM,Limanada Coco,1.0,5.99
3471,2026-07-27,2026-08-02,3:00:00 PM,Limonada,9.0,40.5
3472,2026-07-27,2026-08-02,3:00:00 PM,Maduros,10.0,44.9
3473,2026-07-27,2026-08-02,3:00:00 PM,Malta,1.0,3.25
3474,2026-07-27,2026-08-02,3:00:00 PM,Mariquitas,1.0,5.99
3475,2026-07-27,2026-08-02,3:00:00 PM,Mariquitas De Malanga,1.0,5.99
3476,2026-07-27,2026-08-02,3:00:00 PM,Masas De Puerco,7.0,99.83
3477,2026-07-27,2026-08-02,3:00:00 PM,Materva,5.0,12.5
3478,2026-07-27,2026-08-02,3:00:00 PM,Med Crema De Calabaza,1.0,7.19
3479,2026-07-27,2026-08-02,3:00:00 PM,Media Noche,4.0,40.36
3480,2026-07-27,2026-08-02,3:00:00 PM,Medio Pollo A Brasa,1.0,14.99
3481,2026-07-27,2026-08-02,3:00:00 PM,Medio Pollo.Asado,2.0,26.38
3482,2026-07-27,2026-08-02,3:00:00 PM,Miami Sandwich,1.0,11.99
3483,2026-07-27,2026-08-02,3:00:00 PM,Milanesa De Pollo,4.0,64.36
3484,2026-07-27,2026-08-02,3:00:00 PM,Mini Sandwich,1.0,6.19
3485,2026-07-27,2026-08-02,3:00:00 PM,Misc Cocina,1.0,6.99
3486,2026-07-27,2026-08-02,3:00:00 PM,Mofongo Puerco,1.0,16.99
3487,2026-07-27,2026-08-02,3:00:00 PM,Moros,1.0,3.99
3488,2026-07-27,2026-08-02,3:00:00 PM,Palomilla Baby,1.0,11.0
3489,2026-07-27,2026-08-02,3:00:00 PM,Pan Con Bistec,7.0,77.73
3490,2026-07-27,2026-08-02,3:00:00 PM,Pan Con Lechon,1.0,9.69
3491,2026-07-27,2026-08-02,3:00:00 PM,Pan Jamaica,1.0,1.6
3492,2026-07-27,2026-08-02,3:00:00 PM,Papa Hash.Brown,1.0,3.99
3493,2026-07-27,2026-08-02,3:00:00 PM,Papa Rellena,6.0,17.94
3494,2026-07-27,2026-08-02,3:00:00 PM,Pargo Frito,1.0,24.19
3495,2026-07-27,2026-08-02,3:00:00 PM,Pasteles Queso/Guayaba,2.0,3.0
3496,2026-07-27,2026-08-02,3:00:00 PM,Picadillo,5.0,73.25
3497,2026-07-27,2026-08-02,3:00:00 PM,Platano Hervido,1.0,4.99
3498,2026-07-27,2026-08-02,3:00:00 PM,Potaje Colorados Media,1.0,7.19
3499,2026-07-27,2026-08-02,3:00:00 PM,Rabo Encendido,7.0,168.93
3500,2026-07-27,2026-08-02,3:00:00 PM,Riñonada,3.0,63.17
3501,2026-07-27,2026-08-02,3:00:00 PM,Ropa Vieja,5.0,78.75
3502,2026-07-27,2026-08-02,3:00:00 PM,Rueda De Serrucho,2.0,31.98
3503,2026-07-27,2026-08-02,3:00:00 PM,Sandwiches..Pollo.Empa,1.0,12.49
3504,2026-07-27,2026-08-02,3:00:00 PM,Sm Crema Calabaza,1.0,3.99
3505,2026-07-27,2026-08-02,3:00:00 PM,Sm Crema Malanga,1.0,3.99
3506,2026-07-27,2026-08-02,3:00:00 PM,Solo.Tomate,1.0,2.5
3507,2026-07-27,2026-08-02,3:00:00 PM,Sopa De Pollo Grande,11.0,93.39
3508,2026-07-27,2026-08-02,3:00:00 PM,Sopa De Res Grande,10.0,121.9
3509,2026-07-27,2026-08-02,3:00:00 PM,Sopa De Res Mediana,4.0,32.76
3510,2026-07-27,2026-08-02,3:00:00 PM,Sopa Pescado Grande,3.0,32.97
3511,2026-07-27,2026-08-02,3:00:00 PM,Sopa Pescado Mediana,1.0,6.99
3512,2026-07-27,2026-08-02,3:00:00 PM,Sopa Platano Chiquita,1.0,4.19
3513,2026-07-27,2026-08-02,3:00:00 PM,Sopa Platano Mediana,1.0,6.99
3514,2026-07-27,2026-08-02,3:00:00 PM,Sopa Pollo Media,13.0,71.37
3515,2026-07-27,2026-08-02,3:00:00 PM,Sopa. Pollo Chiquita,1.0,3.5
3516,2026-07-27,2026-08-02,3:00:00 PM,Spaghetti Pollo Alfred,1.0,15.19
3517,2026-07-27,2026-08-02,3:00:00 PM,Spaghetti Pollo.Roja,1.0,15.19
3518,2026-07-27,2026-08-02,3:00:00 PM,Spriet,1.0,2.5
3520,2026-07-27,2026-08-02,3:00:00 PM,Tamal.Cazuela Grande,2.0,22.38
3521,2026-07-27,2026-08-02,3:00:00 PM,Te Frio,1.0,2.99
3523,2026-07-27,2026-08-02,3:00:00 PM,Tostones,2.0,9.98
3524,2026-07-27,2026-08-02,3:00:00 PM,Tres Leches,4.0,23.96
3525,2026-07-27,2026-08-02,3:00:00 PM,Vaca Frita,10.0,169.4
3526,2026-07-27,2026-08-02,3:00:00 PM,Yuca Frita,3.0,16.47
3528,2026-07-27,2026-08-02,4:00:00 PM,1 Bola Helado,3.0,8.97
3529,2026-07-27,2026-08-02,4:00:00 PM,1.Libra Ensala Pollo,4.0,35.96
3530,2026-07-27,2026-08-02,4:00:00 PM,2 Piezas De Cordero,3.0,75.37
3531,2026-07-27,2026-08-02,4:00:00 PM,3 Tostones Con Camaron,1.0,15.99
3534,2026-07-27,2026-08-02,4:00:00 PM,Agua Natural,3.0,5.97
3535,2026-07-27,2026-08-02,4:00:00 PM,Aguacate $5.00,1.0,5.0
3536,2026-07-27,2026-08-02,4:00:00 PM,Aguacate De $4.50,1.0,4.5
3537,2026-07-27,2026-08-02,4:00:00 PM,Aguacate De 3.00,1.0,3.0
3538,2026-07-27,2026-08-02,4:00:00 PM,Ajiaco Mediano,2.0,14.18
3539,2026-07-27,2026-08-02,4:00:00 PM,Ajiaco..Grande,1.0,10.69
3540,2026-07-27,2026-08-02,4:00:00 PM,Albondigas.Res,1.0,13.99
3541,2026-07-27,2026-08-02,4:00:00 PM,Arros Con Mariscos,2.0,82.18
3542,2026-07-27,2026-08-02,4:00:00 PM,Arroz Blanco,8.0,26.0
3543,2026-07-27,2026-08-02,4:00:00 PM,Arroz Chiquito,2.0,5.5
3544,2026-07-27,2026-08-02,4:00:00 PM,Arroz Con Leche,4.0,21.96
3545,2026-07-27,2026-08-02,4:00:00 PM,Arroz Con Pollo,5.0,66.25
3546,2026-07-27,2026-08-02,4:00:00 PM,Arroz Frito,5.0,68.25
3547,2026-07-27,2026-08-02,4:00:00 PM,Arroz Imperial,1.0,14.19
3548,2026-07-27,2026-08-02,4:00:00 PM,Baby Churrasco,10.0,192.39999999999998
3549,2026-07-27,2026-08-02,4:00:00 PM,Batido Fruta Bonba,4.0,19.96
3550,2026-07-27,2026-08-02,4:00:00 PM,Batido Mamey,4.0,21.96
3551,2026-07-27,2026-08-02,4:00:00 PM,Batido Mango,2.0,9.98
3552,2026-07-27,2026-08-02,4:00:00 PM,Batido Trigo,2.0,9.98
3553,2026-07-27,2026-08-02,4:00:00 PM,Bistec A Caballo,1.0,14.49
3554,2026-07-27,2026-08-02,4:00:00 PM,Bistec De Higado,1.0,15.69
3555,2026-07-27,2026-08-02,4:00:00 PM,Bistec De Pollo,34.0,472.15999999999997
3556,2026-07-27,2026-08-02,4:00:00 PM,Bistec De Puerco,7.0,111.43
3557,2026-07-27,2026-08-02,4:00:00 PM,Bistec En Cazuela,2.0,29.38
3558,2026-07-27,2026-08-02,4:00:00 PM,Bistec Jamon,1.0,13.49
3559,2026-07-27,2026-08-02,4:00:00 PM,Bistec Palomilla,12.0,220.28
3560,2026-07-27,2026-08-02,4:00:00 PM,Boliche,3.0,45.57
3561,2026-07-27,2026-08-02,4:00:00 PM,Boniato Frito,1.0,4.99
3562,2026-07-27,2026-08-02,4:00:00 PM,Boñuelos,3.0,16.47
3563,2026-07-27,2026-08-02,4:00:00 PM,Caesar /Pollo,1.0,12.99
3564,2026-07-27,2026-08-02,4:00:00 PM,Cafe Con Leche Grande,2.0,9.0
3565,2026-07-27,2026-08-02,4:00:00 PM,Cafe Con Leche Pequeno,4.0,10.0
3566,2026-07-27,2026-08-02,4:00:00 PM,Cafe Cubano,21.0,31.5
3567,2026-07-27,2026-08-02,4:00:00 PM,Caldo.Gallego Grande,1.0,11.69
3568,2026-07-27,2026-08-02,4:00:00 PM,Camarone A La Plancha,1.0,19.99
3569,2026-07-27,2026-08-02,4:00:00 PM,Camarones Al Ajillo,1.0,21.19
3571,2026-07-27,2026-08-02,4:00:00 PM,Carne Con Papas,1.0,14.19
3572,2026-07-27,2026-08-02,4:00:00 PM,Cascos Guava Queso,1.0,5.99
3573,2026-07-27,2026-08-02,4:00:00 PM,Chichar Pollo C Hueso,2.0,27.38
3574,2026-07-27,2026-08-02,4:00:00 PM,Chicharo Grande,3.0,27.17
3575,2026-07-27,2026-08-02,4:00:00 PM,Chicharo Mediano,2.0,13.98
3576,2026-07-27,2026-08-02,4:00:00 PM,Chicharron De Pollo,1.0,11.99
3577,2026-07-27,2026-08-02,4:00:00 PM,Chuletas De Puerco,4.0,57.56
3578,2026-07-27,2026-08-02,4:00:00 PM,Churrasco,4.0,104.56
3579,2026-07-27,2026-08-02,4:00:00 PM,Churros.Solo.4,1.0,4.99
3580,2026-07-27,2026-08-02,4:00:00 PM,Club Sandwich,2.0,24.18
3581,2026-07-27,2026-08-02,4:00:00 PM,Coke,8.0,20.0
3582,2026-07-27,2026-08-02,4:00:00 PM,Coke Cero,1.0,2.5
3583,2026-07-27,2026-08-02,4:00:00 PM,Colada,8.0,22.0
3584,2026-07-27,2026-08-02,4:00:00 PM,Colorados Grande,1.0,9.69
3585,2026-07-27,2026-08-02,4:00:00 PM,Congri,1.0,3.99
3586,2026-07-27,2026-08-02,4:00:00 PM,Copa Vino,1.0,8.99
3587,2026-07-27,2026-08-02,4:00:00 PM,Corona,2.0,10.98
3588,2026-07-27,2026-08-02,4:00:00 PM,Cortadito,4.0,8.48
3589,2026-07-27,2026-08-02,4:00:00 PM,Cortadito Evaporada,5.0,12.5
3590,2026-07-27,2026-08-02,4:00:00 PM,Crema Brocoly,2.0,18.5
3591,2026-07-27,2026-08-02,4:00:00 PM,Crema Calabaza Grande,2.0,19.98
3592,2026-07-27,2026-08-02,4:00:00 PM,Crema Calabaza Median,5.0,34.95
3593,2026-07-27,2026-08-02,4:00:00 PM,Crema Malanga Mediana,9.0,62.91
3594,2026-07-27,2026-08-02,4:00:00 PM,Crema Malanga.Grande,7.0,73.63
3595,2026-07-27,2026-08-02,4:00:00 PM,Crema Vegetal Grande,1.0,10.49
3596,2026-07-27,2026-08-02,4:00:00 PM,Croqueta Bacalao,4.0,7.96
3597,2026-07-27,2026-08-02,4:00:00 PM,Croqueta Jamon,20.0,35.0
3598,2026-07-27,2026-08-02,4:00:00 PM,Croqueta Pollo,1.0,1.75
3599,2026-07-27,2026-08-02,4:00:00 PM,Cubano Especial,1.0,12.19
3600,2026-07-27,2026-08-02,4:00:00 PM,Cubano Regular,1.0,10.19
3601,2026-07-27,2026-08-02,4:00:00 PM,Deditos De Pescado,2.0,32.38
3602,2026-07-27,2026-08-02,4:00:00 PM,Deditos De Pollo,3.0,39.57
3603,2026-07-27,2026-08-02,4:00:00 PM,Empanada Pollo,2.0,5.98
3604,2026-07-27,2026-08-02,4:00:00 PM,Enpanada Colonbiana,1.0,2.49
3605,2026-07-27,2026-08-02,4:00:00 PM,Enpanisado. Res,4.0,68.76
3606,2026-07-27,2026-08-02,4:00:00 PM,Ensala Aguacat Peque,7.0,31.5
3607,2026-07-27,2026-08-02,4:00:00 PM,Ensala Pollo 2 Croquet,1.0,12.49
3608,2026-07-27,2026-08-02,4:00:00 PM,Ensalada Aguacat Grand,4.0,22.0
3609,2026-07-27,2026-08-02,4:00:00 PM,Fabada Grande,2.0,21.18
3610,2026-07-27,2026-08-02,4:00:00 PM,Fabada Mediana,1.0,7.19
3611,2026-07-27,2026-08-02,4:00:00 PM,Filete Pargo Plancha,2.0,42.38
3612,2026-07-27,2026-08-02,4:00:00 PM,Filete Pescado Empani,2.0,35.38
3613,2026-07-27,2026-08-02,4:00:00 PM,Filete Pescado Planch,3.0,50.97
3614,2026-07-27,2026-08-02,4:00:00 PM,Filete Salmon,1.0,18.2
3615,2026-07-27,2026-08-02,4:00:00 PM,Filetillo De Carne,1.0,15.49
3616,2026-07-27,2026-08-02,4:00:00 PM,Filetillo Pollo Planch,2.0,31.68
3617,2026-07-27,2026-08-02,4:00:00 PM,Filetillo Res Plancha,1.0,15.99
3618,2026-07-27,2026-08-02,4:00:00 PM,Flan,5.0,24.95
3619,2026-07-27,2026-08-02,4:00:00 PM,Flan Especial,9.0,53.91
3620,2026-07-27,2026-08-02,4:00:00 PM,Fricase De Pollo,3.0,33.37
3621,2026-07-27,2026-08-02,4:00:00 PM,Fricase Puerco,2.0,28.9
3622,2026-07-27,2026-08-02,4:00:00 PM,Frijol Grande,1.0,7.99
3623,2026-07-27,2026-08-02,4:00:00 PM,Frijol Mediano,1.0,4.99
3624,2026-07-27,2026-08-02,4:00:00 PM,Frijol.Colorado Chiqui,1.0,3.99
3625,2026-07-27,2026-08-02,4:00:00 PM,Fritura Vacalao,2.0,13.0
3626,2026-07-27,2026-08-02,4:00:00 PM,Frituras De Malanga,3.0,19.5
3627,2026-07-27,2026-08-02,4:00:00 PM,Garbanzo.Mediano,2.0,13.98
3628,2026-07-27,2026-08-02,4:00:00 PM,Guarapo,4.0,21.0
3629,2026-07-27,2026-08-02,4:00:00 PM,Guiso Maiz Chiquito,1.0,3.99
3630,2026-07-27,2026-08-02,4:00:00 PM,Guiso.Maiz Mediano,2.0,13.98
3631,2026-07-27,2026-08-02,4:00:00 PM,Hamburquesa.Con Queso,1.0,10.99
3632,2026-07-27,2026-08-02,4:00:00 PM,Helado Cono,3.0,10.5
3633,2026-07-27,2026-08-02,4:00:00 PM,Horden De 3 Chicharone,1.0,3.25
3634,2026-07-27,2026-08-02,4:00:00 PM,Inca Kola,1.0,2.99
3635,2026-07-27,2026-08-02,4:00:00 PM,Jugo De Manzana,1.0,3.25
3636,2026-07-27,2026-08-02,4:00:00 PM,Jugo Maraculla,1.0,4.5
3637,2026-07-27,2026-08-02,4:00:00 PM,Jugo Pina,2.0,9.0
3638,2026-07-27,2026-08-02,4:00:00 PM,Jugo.Naranja,7.0,36.75
3639,2026-07-27,2026-08-02,4:00:00 PM,Juntas,3.0,0.0
3640,2026-07-27,2026-08-02,4:00:00 PM,Jupiña,1.0,2.5
3641,2026-07-27,2026-08-02,4:00:00 PM,Las Perdis.1/2.Malbet,1.0,16.5
3642,2026-07-27,2026-08-02,4:00:00 PM,Lentejas Mediana,3.0,20.97
3643,2026-07-27,2026-08-02,4:00:00 PM,Limonada,8.0,36.0
3644,2026-07-27,2026-08-02,4:00:00 PM,Limonada Fresa,1.0,5.99
3645,2026-07-27,2026-08-02,4:00:00 PM,Maduros,3.0,13.47
3646,2026-07-27,2026-08-02,4:00:00 PM,Malta,2.0,6.5
3647,2026-07-27,2026-08-02,4:00:00 PM,Mariquitas,1.0,5.99
3648,2026-07-27,2026-08-02,4:00:00 PM,Marlboro Rojo,1.0,12.0
3649,2026-07-27,2026-08-02,4:00:00 PM,Masas De Puerco,10.0,140.0
3650,2026-07-27,2026-08-02,4:00:00 PM,Materva,6.0,15.0
3651,2026-07-27,2026-08-02,4:00:00 PM,Med Crema De Calabaza,1.0,7.19
3652,2026-07-27,2026-08-02,4:00:00 PM,Media Noche,5.0,50.95
3653,2026-07-27,2026-08-02,4:00:00 PM,Medio Pollo A Brasa,1.0,13.19
3654,2026-07-27,2026-08-02,4:00:00 PM,Medio Pollo Frito,2.0,27.18
3655,2026-07-27,2026-08-02,4:00:00 PM,Medio Pollo.Asado,2.0,27.38
3656,2026-07-27,2026-08-02,4:00:00 PM,Melon..Sandia,4.0,18.0
3657,2026-07-27,2026-08-02,4:00:00 PM,Miami Sandwich,2.0,24.38
3658,2026-07-27,2026-08-02,4:00:00 PM,Milanesa Res,1.0,19.99
3659,2026-07-27,2026-08-02,4:00:00 PM,Misc Cocina,1.0,5.0
3660,2026-07-27,2026-08-02,4:00:00 PM,Modelo,2.0,10.98
3661,2026-07-27,2026-08-02,4:00:00 PM,Mofong.Chicharon Pollo,1.0,15.99
3662,2026-07-27,2026-08-02,4:00:00 PM,Mofongo Puerco,2.0,33.98
3663,2026-07-27,2026-08-02,4:00:00 PM,Moros,1.0,3.99
3664,2026-07-27,2026-08-02,4:00:00 PM,Palomilla Baby,1.0,11.0
3665,2026-07-27,2026-08-02,4:00:00 PM,Pan Con Bistec,4.0,44.76
3666,2026-07-27,2026-08-02,4:00:00 PM,Pan Con Lechon,1.0,9.69
3667,2026-07-27,2026-08-02,4:00:00 PM,Pan Jamaica,1.0,1.6
3668,2026-07-27,2026-08-02,4:00:00 PM,Papa Rellena,2.0,5.98
3669,2026-07-27,2026-08-02,4:00:00 PM,Pargo Frito,1.0,23.99
3670,2026-07-27,2026-08-02,4:00:00 PM,Pargo Frito Entero,1.0,25.99
3671,2026-07-27,2026-08-02,4:00:00 PM,Pasteles Queso/Guayaba,3.0,4.5
3672,2026-07-27,2026-08-02,4:00:00 PM,Pepsi,2.0,5.0
3673,2026-07-27,2026-08-02,4:00:00 PM,Picadillo,4.0,55.76
3674,2026-07-27,2026-08-02,4:00:00 PM,Pina Colada,1.0,6.99
3675,2026-07-27,2026-08-02,4:00:00 PM,Pollo Empanizado,1.0,14.69
3676,2026-07-27,2026-08-02,4:00:00 PM,Potaje Colorados Media,2.0,13.98
3677,2026-07-27,2026-08-02,4:00:00 PM,Pudin De Pan,1.0,5.49
3678,2026-07-27,2026-08-02,4:00:00 PM,Pudin Diplomatico,2.0,10.98
3679,2026-07-27,2026-08-02,4:00:00 PM,Pure Papas,2.0,8.98
3680,2026-07-27,2026-08-02,4:00:00 PM,Rabo Encendido,7.0,171.13
3681,2026-07-27,2026-08-02,4:00:00 PM,Racion De Malanga,2.0,11.98
3682,2026-07-27,2026-08-02,4:00:00 PM,Ribeye Steak,1.0,29.0
3683,2026-07-27,2026-08-02,4:00:00 PM,Riñonada,1.0,21.19
3684,2026-07-27,2026-08-02,4:00:00 PM,Ropa Vieja,5.0,78.95
3685,2026-07-27,2026-08-02,4:00:00 PM,Sandweches Pollo,2.0,22.98
3686,2026-07-27,2026-08-02,4:00:00 PM,Sopa De Pollo Grande,16.0,135.84
3687,2026-07-27,2026-08-02,4:00:00 PM,Sopa De Res Grande,3.0,36.57
3688,2026-07-27,2026-08-02,4:00:00 PM,Sopa De Res Mediana,5.0,40.35
3689,2026-07-27,2026-08-02,4:00:00 PM,Sopa Pescado Grande,1.0,10.99
3690,2026-07-27,2026-08-02,4:00:00 PM,Sopa Pescado Mediana,2.0,13.98
3691,2026-07-27,2026-08-02,4:00:00 PM,Sopa Platano Grande,1.0,10.49
3692,2026-07-27,2026-08-02,4:00:00 PM,Sopa Platano Mediana,2.0,13.98
3693,2026-07-27,2026-08-02,4:00:00 PM,Sopa Pollo Media,8.0,43.92
3694,2026-07-27,2026-08-02,4:00:00 PM,Spriet,2.0,5.0
3696,2026-07-27,2026-08-02,4:00:00 PM,Tamal,2.0,5.98
3697,2026-07-27,2026-08-02,4:00:00 PM,Tamal Cazuela.Mediano,1.0,6.99
3698,2026-07-27,2026-08-02,4:00:00 PM,Tamal.Cazuela Grande,2.0,22.38
3699,2026-07-27,2026-08-02,4:00:00 PM,Te Caliente,2.0,4.5
3700,2026-07-27,2026-08-02,4:00:00 PM,Te Frio,1.0,2.99
3702,2026-07-27,2026-08-02,4:00:00 PM,Tostada 2 Croquetas,1.0,4.99
3703,2026-07-27,2026-08-02,4:00:00 PM,Tostones,1.0,4.99
3704,2026-07-27,2026-08-02,4:00:00 PM,Tres Leches,5.0,29.95
3705,2026-07-27,2026-08-02,4:00:00 PM,Vaca Frita,17.0,285.63
3706,2026-07-27,2026-08-02,4:00:00 PM,Vegetal.Hervido,1.0,4.99
3708,2026-07-27,2026-08-02,5:00:00 PM,1 Bola Helado,1.0,2.99
3709,2026-07-27,2026-08-02,5:00:00 PM,1 Pieza De Cordero,3.0,54.37
3710,2026-07-27,2026-08-02,5:00:00 PM,1.Libra Ensala Pollo,1.0,8.99
3711,2026-07-27,2026-08-02,5:00:00 PM,2 Piezas De Cordero,1.0,24.99
3712,2026-07-27,2026-08-02,5:00:00 PM,305 Morados,2.0,12.5
3715,2026-07-27,2026-08-02,5:00:00 PM,Agua Natural,1.0,1.99
3716,2026-07-27,2026-08-02,5:00:00 PM,Agua Perrier,1.0,3.49
3717,2026-07-27,2026-08-02,5:00:00 PM,Ajiaco Mediano,1.0,7.19
3718,2026-07-27,2026-08-02,5:00:00 PM,Ajiaco..Grande,4.0,42.36
3719,2026-07-27,2026-08-02,5:00:00 PM,Arros Con Mariscos,2.0,83.18
3720,2026-07-27,2026-08-02,5:00:00 PM,Arroz Blanco,6.0,19.5
3721,2026-07-27,2026-08-02,5:00:00 PM,Arroz Chiquito,7.0,19.75
3722,2026-07-27,2026-08-02,5:00:00 PM,Arroz Con Leche,1.0,5.49
3723,2026-07-27,2026-08-02,5:00:00 PM,Arroz Con Pollo,5.0,64.05
3724,2026-07-27,2026-08-02,5:00:00 PM,Arroz Con Puerco,6.0,79.14
3725,2026-07-27,2026-08-02,5:00:00 PM,Arroz Frito,2.0,28.38
3726,2026-07-27,2026-08-02,5:00:00 PM,Baby Churrasco,8.0,157.72
3727,2026-07-27,2026-08-02,5:00:00 PM,Bandeja Rinconcito 87,1.0,32.99
3728,2026-07-27,2026-08-02,5:00:00 PM,Batido Mamey,3.0,16.47
3729,2026-07-27,2026-08-02,5:00:00 PM,Bistec A Caballo,1.0,14.49
3730,2026-07-27,2026-08-02,5:00:00 PM,Bistec De Pollo,17.0,231.93
3731,2026-07-27,2026-08-02,5:00:00 PM,Bistec En Cazuela,2.0,29.38
3732,2026-07-27,2026-08-02,5:00:00 PM,Bistec Palomilla,4.0,74.56
3733,2026-07-27,2026-08-02,5:00:00 PM,Boliche,4.0,62.76
3734,2026-07-27,2026-08-02,5:00:00 PM,Boliche Asado,2.0,34.88
3735,2026-07-27,2026-08-02,5:00:00 PM,Bolita De Tuna,1.0,3.25
3736,2026-07-27,2026-08-02,5:00:00 PM,Boniatillo,1.0,1.5
3737,2026-07-27,2026-08-02,5:00:00 PM,Boniato Frito,1.0,4.99
3738,2026-07-27,2026-08-02,5:00:00 PM,Boñuelos,2.0,10.98
3739,2026-07-27,2026-08-02,5:00:00 PM,Caesar /Pollo,2.0,25.98
3740,2026-07-27,2026-08-02,5:00:00 PM,Cafe Con Leche Grande,1.0,4.5
3741,2026-07-27,2026-08-02,5:00:00 PM,Cafe Con Leche Pequeno,1.0,2.5
3742,2026-07-27,2026-08-02,5:00:00 PM,Cafe Cubano,10.0,15.0
3743,2026-07-27,2026-08-02,5:00:00 PM,Caldo Gallego.Chiquito,2.0,8.98
3744,2026-07-27,2026-08-02,5:00:00 PM,Caldo Gallego.Mediano,2.0,15.98
3745,2026-07-27,2026-08-02,5:00:00 PM,Camarone A La Plancha,1.0,20.19
3746,2026-07-27,2026-08-02,5:00:00 PM,Camarones Enchilado,1.0,20.19
3747,2026-07-27,2026-08-02,5:00:00 PM,Cascos Guava Queso,2.0,11.98
3748,2026-07-27,2026-08-02,5:00:00 PM,Chichar Pollo Sin Hues,1.0,13.69
3749,2026-07-27,2026-08-02,5:00:00 PM,Chicharo Grande,1.0,9.19
3750,2026-07-27,2026-08-02,5:00:00 PM,Chuletas De Puerco,4.0,56.56
3751,2026-07-27,2026-08-02,5:00:00 PM,Churrasco,3.0,80.07
3752,2026-07-27,2026-08-02,5:00:00 PM,Churros.Solo.4,1.0,4.99
3753,2026-07-27,2026-08-02,5:00:00 PM,Club Sandwich,2.0,24.38
3754,2026-07-27,2026-08-02,5:00:00 PM,Cocacola.Botella,2.0,6.98
3755,2026-07-27,2026-08-02,5:00:00 PM,Coctel De Camarones,3.0,51.0
3756,2026-07-27,2026-08-02,5:00:00 PM,Coke,6.0,15.0
3757,2026-07-27,2026-08-02,5:00:00 PM,Coke Cero,2.0,5.0
3758,2026-07-27,2026-08-02,5:00:00 PM,Colada,6.0,16.5
3759,2026-07-27,2026-08-02,5:00:00 PM,Colorados Grande,1.0,9.69
3760,2026-07-27,2026-08-02,5:00:00 PM,Copa Vino,1.0,8.99
3761,2026-07-27,2026-08-02,5:00:00 PM,Corona,2.0,10.98
3762,2026-07-27,2026-08-02,5:00:00 PM,Cortadito,8.0,16.7
3763,2026-07-27,2026-08-02,5:00:00 PM,Cortadito Evaporada,6.0,15.0
3764,2026-07-27,2026-08-02,5:00:00 PM,Crema Brocoly,1.0,9.25
3765,2026-07-27,2026-08-02,5:00:00 PM,Crema Calabaza Grande,4.0,39.96
3766,2026-07-27,2026-08-02,5:00:00 PM,Crema Calabaza Median,7.0,48.93
3767,2026-07-27,2026-08-02,5:00:00 PM,Crema Grande Calabaza,1.0,10.19
3768,2026-07-27,2026-08-02,5:00:00 PM,Crema Malanga Mediana,8.0,55.92
3769,2026-07-27,2026-08-02,5:00:00 PM,Crema Malanga.Grande,8.0,83.92
3770,2026-07-27,2026-08-02,5:00:00 PM,Crema Vegetal Grande,1.0,10.49
3771,2026-07-27,2026-08-02,5:00:00 PM,Crema. Malanga Chiquit,2.0,9.0
3772,2026-07-27,2026-08-02,5:00:00 PM,Croqueta Jamon,22.0,38.5
3773,2026-07-27,2026-08-02,5:00:00 PM,Cubano Especial,1.0,12.19
3774,2026-07-27,2026-08-02,5:00:00 PM,Deditos De Pescado,1.0,15.99
3775,2026-07-27,2026-08-02,5:00:00 PM,Deditos De Pollo,1.0,13.19
3776,2026-07-27,2026-08-02,5:00:00 PM,Diet Materva,1.0,2.5
3777,2026-07-27,2026-08-02,5:00:00 PM,Dtc,1.0,6.25
3778,2026-07-27,2026-08-02,5:00:00 PM,Empanada Carne,4.0,11.96
3779,2026-07-27,2026-08-02,5:00:00 PM,Empanada Jamon/Queso,1.0,2.99
3780,2026-07-27,2026-08-02,5:00:00 PM,Empanada Pollo,2.0,5.98
3781,2026-07-27,2026-08-02,5:00:00 PM,Empnda Espinaca/Queso,2.0,5.98
3782,2026-07-27,2026-08-02,5:00:00 PM,Enpanada Colonbiana,3.0,7.47
3783,2026-07-27,2026-08-02,5:00:00 PM,Enpanisado. Res,1.0,16.19
3784,2026-07-27,2026-08-02,5:00:00 PM,Ensala Aguacat Peque,8.0,36.0
3785,2026-07-27,2026-08-02,5:00:00 PM,Ensala Pollo 2 Croquet,1.0,12.49
3786,2026-07-27,2026-08-02,5:00:00 PM,Ensalada Aguacat Grand,4.0,22.0
3787,2026-07-27,2026-08-02,5:00:00 PM,Ensalada Mixta,1.0,6.5
3788,2026-07-27,2026-08-02,5:00:00 PM,Espaguetti Jamon,1.0,13.19
3789,2026-07-27,2026-08-02,5:00:00 PM,Extra Aguacate,1.0,1.75
3790,2026-07-27,2026-08-02,5:00:00 PM,Fabada Grande,1.0,10.69
3791,2026-07-27,2026-08-02,5:00:00 PM,Fabada Mediana,1.0,7.19
3792,2026-07-27,2026-08-02,5:00:00 PM,Filete Ala Vilvaina,1.0,19.99
3793,2026-07-27,2026-08-02,5:00:00 PM,Filete Pargo Plancha,1.0,21.99
3794,2026-07-27,2026-08-02,5:00:00 PM,Filetill Pollo Salsa,2.0,30.18
3795,2026-07-27,2026-08-02,5:00:00 PM,Filetillo De Carne,1.0,13.69
3796,2026-07-27,2026-08-02,5:00:00 PM,Filetillo Pollo Planch,3.0,45.17
3797,2026-07-27,2026-08-02,5:00:00 PM,Filetillo Res Plancha,2.0,30.18
3798,2026-07-27,2026-08-02,5:00:00 PM,Filetillo Res Salsa,2.0,31.68
3799,2026-07-27,2026-08-02,5:00:00 PM,Flan,4.0,19.96
3800,2026-07-27,2026-08-02,5:00:00 PM,Flan Especial,8.0,47.92
3801,2026-07-27,2026-08-02,5:00:00 PM,Fricase De Pollo,6.0,68.44
3802,2026-07-27,2026-08-02,5:00:00 PM,Fricase Puerco,3.0,42.15
3803,2026-07-27,2026-08-02,5:00:00 PM,Frijol Grande,3.0,23.97
3804,2026-07-27,2026-08-02,5:00:00 PM,Frijol Mediano,2.0,9.98
3805,2026-07-27,2026-08-02,5:00:00 PM,Frita Cubana,3.0,29.97
3806,2026-07-27,2026-08-02,5:00:00 PM,Fritura Vacalao,1.0,6.5
3807,2026-07-27,2026-08-02,5:00:00 PM,Frituras De Malanga,4.0,26.0
3808,2026-07-27,2026-08-02,5:00:00 PM,Galleta Deliciosas,3.0,10.8
3809,2026-07-27,2026-08-02,5:00:00 PM,Garbanzo Grande,2.0,20.98
3810,2026-07-27,2026-08-02,5:00:00 PM,Garbanzo.Frito,1.0,14.19
3811,2026-07-27,2026-08-02,5:00:00 PM,Garbanzo.Mediano,2.0,13.98
3812,2026-07-27,2026-08-02,5:00:00 PM,Guarapo,8.0,42.0
3813,2026-07-27,2026-08-02,5:00:00 PM,Guiso Maiz Grande,1.0,10.49
3814,2026-07-27,2026-08-02,5:00:00 PM,Hamburquesa.Con Queso,2.0,22.18
3815,2026-07-27,2026-08-02,5:00:00 PM,Heineken,1.0,5.49
3816,2026-07-27,2026-08-02,5:00:00 PM,Horde Depan,1.0,1.5
3817,2026-07-27,2026-08-02,5:00:00 PM,Horden De 3 Chicharone,2.0,6.5
3818,2026-07-27,2026-08-02,5:00:00 PM,Huevo Frito,5.0,7.25
3819,2026-07-27,2026-08-02,5:00:00 PM,Jalea Mixta,1.0,25.99
3820,2026-07-27,2026-08-02,5:00:00 PM,Jarra De Sangria,1.0,24.0
3821,2026-07-27,2026-08-02,5:00:00 PM,Jugo Maraculla,2.0,9.0
3822,2026-07-27,2026-08-02,5:00:00 PM,Jugo Pina,1.0,4.5
3823,2026-07-27,2026-08-02,5:00:00 PM,Jugo Zanahoria Naraja,1.0,4.99
3824,2026-07-27,2026-08-02,5:00:00 PM,Jugo.Naranja,6.0,31.5
3825,2026-07-27,2026-08-02,5:00:00 PM,Juntas,1.0,0.0
3826,2026-07-27,2026-08-02,5:00:00 PM,Jupina Dieta,1.0,2.5
3827,2026-07-27,2026-08-02,5:00:00 PM,Jupiña,1.0,2.5
3828,2026-07-27,2026-08-02,5:00:00 PM,Kerns Pera,2.0,5.0
3829,2026-07-27,2026-08-02,5:00:00 PM,Las Perdis.1/2.Malbet,1.0,16.5
3830,2026-07-27,2026-08-02,5:00:00 PM,Leche Malteada,2.0,9.98
3831,2026-07-27,2026-08-02,5:00:00 PM,Lechon Asado,2.0,28.38
3832,2026-07-27,2026-08-02,5:00:00 PM,Lentejas Grande,2.0,18.98
3833,2026-07-27,2026-08-02,5:00:00 PM,Limonada,1.0,4.5
3834,2026-07-27,2026-08-02,5:00:00 PM,Madio.Pollo A La Brasa,2.0,29.88
3835,2026-07-27,2026-08-02,5:00:00 PM,Maduros,4.0,17.96
3836,2026-07-27,2026-08-02,5:00:00 PM,Malboro Reg,1.0,12.0
3837,2026-07-27,2026-08-02,5:00:00 PM,Mariquitas,8.0,47.92
3838,2026-07-27,2026-08-02,5:00:00 PM,Mariquitas De Malanga,1.0,5.99
3839,2026-07-27,2026-08-02,5:00:00 PM,Mariquitas..Mixta,1.0,5.49
3840,2026-07-27,2026-08-02,5:00:00 PM,Masas De Puerco,14.0,196.66
3841,2026-07-27,2026-08-02,5:00:00 PM,Materva,4.0,10.0
3842,2026-07-27,2026-08-02,5:00:00 PM,Media Noche,1.0,9.99
3843,2026-07-27,2026-08-02,5:00:00 PM,Medio Pollo A Brasa,1.0,13.19
3844,2026-07-27,2026-08-02,5:00:00 PM,Medio Pollo Frito,3.0,40.67
3845,2026-07-27,2026-08-02,5:00:00 PM,Medio Pollo.Asado,4.0,54.76
3846,2026-07-27,2026-08-02,5:00:00 PM,Milanesa De Pollo,3.0,48.57
3847,2026-07-27,2026-08-02,5:00:00 PM,Milanesa Res,1.0,19.99
3848,2026-07-27,2026-08-02,5:00:00 PM,Mini Sandwich,1.0,6.19
3849,2026-07-27,2026-08-02,5:00:00 PM,Misc Cocina,2.0,5.0
3850,2026-07-27,2026-08-02,5:00:00 PM,Mofongo Puerco,3.0,50.97
3851,2026-07-27,2026-08-02,5:00:00 PM,Moros,1.0,3.99
3852,2026-07-27,2026-08-02,5:00:00 PM,Natilla,1.0,4.99
3853,2026-07-27,2026-08-02,5:00:00 PM,Natilla Catalana,2.0,12.5
3854,2026-07-27,2026-08-02,5:00:00 PM,Pan Con Bistec,3.0,33.37
3855,2026-07-27,2026-08-02,5:00:00 PM,Pan Con Lechon,2.0,18.98
3856,2026-07-27,2026-08-02,5:00:00 PM,Papas Fritas,1.0,4.49
3857,2026-07-27,2026-08-02,5:00:00 PM,Pargo Frito,2.0,48.18
3858,2026-07-27,2026-08-02,5:00:00 PM,Pasteles Guayaba,1.0,1.5
3859,2026-07-27,2026-08-02,5:00:00 PM,Pasteles Queso,1.0,1.5
3860,2026-07-27,2026-08-02,5:00:00 PM,Picadillo,3.0,43.07
3861,2026-07-27,2026-08-02,5:00:00 PM,Pollo Empanizado,1.0,14.69
3862,2026-07-27,2026-08-02,5:00:00 PM,Potaje Colorados Media,1.0,7.19
3863,2026-07-27,2026-08-02,5:00:00 PM,Pudin De Pan,1.0,5.49
3864,2026-07-27,2026-08-02,5:00:00 PM,Pudin Diplomatico,3.0,16.47
3865,2026-07-27,2026-08-02,5:00:00 PM,Pure Papas,1.0,4.49
3866,2026-07-27,2026-08-02,5:00:00 PM,Queso Americano,1.0,1.75
3867,2026-07-27,2026-08-02,5:00:00 PM,Rabo Encendido,11.0,266.69
3868,2026-07-27,2026-08-02,5:00:00 PM,Ribeye Steak,1.0,29.2
3869,2026-07-27,2026-08-02,5:00:00 PM,Rinconcito Apei Masas,2.0,33.98
3870,2026-07-27,2026-08-02,5:00:00 PM,Riñonada,1.0,22.19
3871,2026-07-27,2026-08-02,5:00:00 PM,Ropa Vieja,2.0,33.38
3872,2026-07-27,2026-08-02,5:00:00 PM,S.Pellecrino,1.0,3.49
3873,2026-07-27,2026-08-02,5:00:00 PM,Salsa Cilandro,8.0,10.0
3874,2026-07-27,2026-08-02,5:00:00 PM,Sandweches Pollo,2.0,23.38
3875,2026-07-27,2026-08-02,5:00:00 PM,Sandwich Ensal Pollo,1.0,10.19
3876,2026-07-27,2026-08-02,5:00:00 PM,Sandwiches..Pollo.Empa,2.0,25.38
3877,2026-07-27,2026-08-02,5:00:00 PM,Sdwch De Pavo Regl,1.0,9.99
3878,2026-07-27,2026-08-02,5:00:00 PM,Sopa De Pollo Grande,16.0,135.84
3879,2026-07-27,2026-08-02,5:00:00 PM,Sopa De Res Grande,3.0,36.57
3880,2026-07-27,2026-08-02,5:00:00 PM,Sopa Pescado Mediana,1.0,6.99
3881,2026-07-27,2026-08-02,5:00:00 PM,Sopa Platano Grande,2.0,20.98
3882,2026-07-27,2026-08-02,5:00:00 PM,Sopa Pollo Media,7.0,38.43
3883,2026-07-27,2026-08-02,5:00:00 PM,Sopa. Pollo Chiquita,2.0,7.0
3884,2026-07-27,2026-08-02,5:00:00 PM,Spriet,2.0,5.0
3886,2026-07-27,2026-08-02,5:00:00 PM,Tamal,11.0,32.89
3887,2026-07-27,2026-08-02,5:00:00 PM,Tamal Cazuela.Mediano,4.0,28.76
3888,2026-07-27,2026-08-02,5:00:00 PM,Tamal.Cazuela Grande,1.0,11.19
3889,2026-07-27,2026-08-02,5:00:00 PM,Te Frio,1.0,2.99
3891,2026-07-27,2026-08-02,5:00:00 PM,Toreja Cubana,1.0,5.99
3892,2026-07-27,2026-08-02,5:00:00 PM,Tortilla,1.0,10.99
3893,2026-07-27,2026-08-02,5:00:00 PM,Tostones,2.0,9.98
3894,2026-07-27,2026-08-02,5:00:00 PM,Tres Leches,2.0,11.98
3895,2026-07-27,2026-08-02,5:00:00 PM,Vaca Frita,8.0,132.12
3896,2026-07-27,2026-08-02,5:00:00 PM,Vegetal.Hervido,8.0,39.92
3897,2026-07-27,2026-08-02,5:00:00 PM,Yuca,2.0,8.98
3899,2026-07-27,2026-08-02,6:00:00 AM,1.Solo.Panquey,3.0,6.75
3900,2026-07-27,2026-08-02,6:00:00 AM,Bacon,2.0,9.98
3901,2026-07-27,2026-08-02,6:00:00 AM,Bananas.3 $ 1.50,1.0,1.5
3902,2026-07-27,2026-08-02,6:00:00 AM,Batido Fruta Bonba,1.0,4.99
3903,2026-07-27,2026-08-02,6:00:00 AM,Cafe Con Leche Mediano,1.0,3.75
3904,2026-07-27,2026-08-02,6:00:00 AM,Cafe Con Leche Pequeno,9.0,22.5
3905,2026-07-27,2026-08-02,6:00:00 AM,Cafe Cubano,7.0,10.5
3906,2026-07-27,2026-08-02,6:00:00 AM,Coke,2.0,5.0
3907,2026-07-27,2026-08-02,6:00:00 AM,Colada,5.0,13.75
3908,2026-07-27,2026-08-02,6:00:00 AM,Cortadito,2.0,4.5
3909,2026-07-27,2026-08-02,6:00:00 AM,Cortadito Evaporada,2.0,5.0
3910,2026-07-27,2026-08-02,6:00:00 AM,Croqueta Bacalao,5.0,9.95
3911,2026-07-27,2026-08-02,6:00:00 AM,Croqueta Jamon,34.0,59.5
3912,2026-07-27,2026-08-02,6:00:00 AM,Deditos De Queso,4.0,7.96
3913,2026-07-27,2026-08-02,6:00:00 AM,Desallunos,16.0,201.04
3914,2026-07-27,2026-08-02,6:00:00 AM,Dtc,1.0,6.25
3915,2026-07-27,2026-08-02,6:00:00 AM,Empanada Carne,5.0,14.95
3916,2026-07-27,2026-08-02,6:00:00 AM,Ensala Aguacat Peque,1.0,4.5
3917,2026-07-27,2026-08-02,6:00:00 AM,Huevo Frito,5.0,7.0
3918,2026-07-27,2026-08-02,6:00:00 AM,Huevo Revuelto,2.0,2.5
3919,2026-07-27,2026-08-02,6:00:00 AM,Jugo Maraculla,2.0,9.0
3920,2026-07-27,2026-08-02,6:00:00 AM,Jugo.Naranja,3.0,15.75
3921,2026-07-27,2026-08-02,6:00:00 AM,Jupiña,1.0,2.5
3922,2026-07-27,2026-08-02,6:00:00 AM,Miami Sandwich,3.0,36.57
3923,2026-07-27,2026-08-02,6:00:00 AM,Newport,1.0,12.75
3924,2026-07-27,2026-08-02,6:00:00 AM,Pan Con Bistec,1.0,10.99
3925,2026-07-27,2026-08-02,6:00:00 AM,Pan Con Tortilla,1.0,10.99
3926,2026-07-27,2026-08-02,6:00:00 AM,Pan De Bono,3.0,5.97
3927,2026-07-27,2026-08-02,6:00:00 AM,Papa Rellena,1.0,2.99
3928,2026-07-27,2026-08-02,6:00:00 AM,Pepsi,1.0,2.5
3930,2026-07-27,2026-08-02,6:00:00 AM,Sand Jamon Queso,2.0,18.38
3932,2026-07-27,2026-08-02,6:00:00 AM,Tortilla,5.0,59.25
3933,2026-07-27,2026-08-02,6:00:00 AM,Tostada,6.0,11.94
3934,2026-07-27,2026-08-02,6:00:00 PM,1 Bola Helado,3.0,8.97
3935,2026-07-27,2026-08-02,6:00:00 PM,1 Pieza De Cordero,1.0,17.99
3936,2026-07-27,2026-08-02,6:00:00 PM,139A-Guiness,2.0,10.5
3939,2026-07-27,2026-08-02,6:00:00 PM,Ajiaco Mediano,1.0,6.99
3940,2026-07-27,2026-08-02,6:00:00 PM,Ajiaco..Grande,2.0,21.18
3941,2026-07-27,2026-08-02,6:00:00 PM,Albondigas.Res,1.0,14.19
3942,2026-07-27,2026-08-02,6:00:00 PM,Alitas De Pollo Papita,1.0,10.99
3943,2026-07-27,2026-08-02,6:00:00 PM,Arros Con Mariscos,1.0,40.19
3944,2026-07-27,2026-08-02,6:00:00 PM,Arroz Blanco,2.0,6.5
3945,2026-07-27,2026-08-02,6:00:00 PM,Arroz Chiquito,4.0,9.0
3946,2026-07-27,2026-08-02,6:00:00 PM,Arroz Con Calamares,1.0,16.19
3947,2026-07-27,2026-08-02,6:00:00 PM,Arroz Con Camarones,1.0,22.19
3948,2026-07-27,2026-08-02,6:00:00 PM,Arroz Con Leche,2.0,10.98
3949,2026-07-27,2026-08-02,6:00:00 PM,Arroz Con Pollo,3.0,39.87
3950,2026-07-27,2026-08-02,6:00:00 PM,Arroz Con Puerco,2.0,26.18
3951,2026-07-27,2026-08-02,6:00:00 PM,Arroz Frito,5.0,69.45
3952,2026-07-27,2026-08-02,6:00:00 PM,Arroz Imperial,1.0,14.19
3953,2026-07-27,2026-08-02,6:00:00 PM,Arroz Pollo.Desmenuza,1.0,12.49
3954,2026-07-27,2026-08-02,6:00:00 PM,Baby Churrasco,16.0,307.94
3955,2026-07-27,2026-08-02,6:00:00 PM,Bacalao Viscaina,3.0,60.17
3956,2026-07-27,2026-08-02,6:00:00 PM,Batido Mamey,4.0,21.96
3957,2026-07-27,2026-08-02,6:00:00 PM,Batido Mango,2.0,9.98
3958,2026-07-27,2026-08-02,6:00:00 PM,Batido Vainilla,1.0,4.99
3959,2026-07-27,2026-08-02,6:00:00 PM,Bistec A Caballo,1.0,14.49
3960,2026-07-27,2026-08-02,6:00:00 PM,Bistec De Higado,1.0,13.69
3961,2026-07-27,2026-08-02,6:00:00 PM,Bistec De Pollo,46.0,629.94
3962,2026-07-27,2026-08-02,6:00:00 PM,Bistec De Puerco,5.0,81.55
3963,2026-07-27,2026-08-02,6:00:00 PM,Bistec Jamon,1.0,13.49
3964,2026-07-27,2026-08-02,6:00:00 PM,Bistec Palomilla,11.0,201.09
3965,2026-07-27,2026-08-02,6:00:00 PM,Boliche,2.0,30.38
3966,2026-07-27,2026-08-02,6:00:00 PM,Boliche Asado,1.0,16.69
3967,2026-07-27,2026-08-02,6:00:00 PM,Boniatillo,1.0,1.5
3968,2026-07-27,2026-08-02,6:00:00 PM,Boniato Frito,4.0,19.96
3969,2026-07-27,2026-08-02,6:00:00 PM,Boniato Hervido,2.0,9.98
3970,2026-07-27,2026-08-02,6:00:00 PM,Boñuelos,1.0,5.49
3971,2026-07-27,2026-08-02,6:00:00 PM,Caesar /Pollo,1.0,12.99
3972,2026-07-27,2026-08-02,6:00:00 PM,Caesar Chiquita Saldad,1.0,3.0
3973,2026-07-27,2026-08-02,6:00:00 PM,Cafe Con Leche Pequeno,1.0,2.5
3974,2026-07-27,2026-08-02,6:00:00 PM,Cafe Cubano,23.0,34.5
3975,2026-07-27,2026-08-02,6:00:00 PM,Caldo Gallego.Mediano,1.0,8.19
3976,2026-07-27,2026-08-02,6:00:00 PM,Caldo.Gallego Grande,1.0,11.69
3977,2026-07-27,2026-08-02,6:00:00 PM,Caldosos,1.0,0.0
3978,2026-07-27,2026-08-02,6:00:00 PM,Camarones Enchilado,3.0,59.97
3983,2026-07-27,2026-08-02,6:00:00 PM,Carne Con Papas,7.0,101.33
3984,2026-07-27,2026-08-02,6:00:00 PM,Cascos Guava Queso,1.0,5.99
3985,2026-07-27,2026-08-02,6:00:00 PM,Chichar Pollo Sin Hues,2.0,27.18
3986,2026-07-27,2026-08-02,6:00:00 PM,Chicharo Mediano,1.0,6.99
3987,2026-07-27,2026-08-02,6:00:00 PM,Chicharron De Pollo,1.0,11.99
3988,2026-07-27,2026-08-02,6:00:00 PM,Chilindron D Chivo,2.0,44.38
3989,2026-07-27,2026-08-02,6:00:00 PM,Chuletas De Puerco,5.0,72.85
3990,2026-07-27,2026-08-02,6:00:00 PM,Churrasco,9.0,236.71
3991,2026-07-27,2026-08-02,6:00:00 PM,Clamato Juice,1.0,2.99
3992,2026-07-27,2026-08-02,6:00:00 PM,Club Sandwich,3.0,37.42
3993,2026-07-27,2026-08-02,6:00:00 PM,Cocacola.Botella,1.0,3.49
3994,2026-07-27,2026-08-02,6:00:00 PM,Coke,5.0,12.5
3995,2026-07-27,2026-08-02,6:00:00 PM,Coke Cero,2.0,5.0
3996,2026-07-27,2026-08-02,6:00:00 PM,Colada,8.0,22.0
3997,2026-07-27,2026-08-02,6:00:00 PM,Colorados Grande,2.0,19.38
3998,2026-07-27,2026-08-02,6:00:00 PM,Copa De Sangria,1.0,8.99
3999,2026-07-27,2026-08-02,6:00:00 PM,Copa Vino,6.0,53.94
4000,2026-07-27,2026-08-02,6:00:00 PM,Corona,5.0,27.45
4001,2026-07-27,2026-08-02,6:00:00 PM,Cortadito,5.0,10.73
4002,2026-07-27,2026-08-02,6:00:00 PM,Cortadito Evaporada,4.0,10.0
4003,2026-07-27,2026-08-02,6:00:00 PM,Crema Brocoly,1.0,9.25
4004,2026-07-27,2026-08-02,6:00:00 PM,Crema Calabaza Grande,4.0,39.96
4005,2026-07-27,2026-08-02,6:00:00 PM,Crema Calabaza Median,2.0,13.98
4006,2026-07-27,2026-08-02,6:00:00 PM,Crema Malanga Mediana,13.0,90.86999999999999
4007,2026-07-27,2026-08-02,6:00:00 PM,Crema Malanga.Grande,5.0,52.45
4008,2026-07-27,2026-08-02,6:00:00 PM,Crema Vegetal Grande,1.0,10.49
4009,2026-07-27,2026-08-02,6:00:00 PM,Crema Vegetal Mediana,1.0,6.99
4010,2026-07-27,2026-08-02,6:00:00 PM,Crema Vegetales Median,1.0,6.99
4011,2026-07-27,2026-08-02,6:00:00 PM,Crema. Malanga Chiquit,2.0,9.0
4012,2026-07-27,2026-08-02,6:00:00 PM,Croqueta Bacalao,5.0,9.95
4013,2026-07-27,2026-08-02,6:00:00 PM,Croqueta Jamon,24.0,42.0
4014,2026-07-27,2026-08-02,6:00:00 PM,Croqueta Pollo,24.0,42.0
4015,2026-07-27,2026-08-02,6:00:00 PM,Cubano Regular,1.0,10.19
4016,2026-07-27,2026-08-02,6:00:00 PM,Deditos .Pescado,2.0,30.18
4017,2026-07-27,2026-08-02,6:00:00 PM,Deditos De Pescado,3.0,48.37
4018,2026-07-27,2026-08-02,6:00:00 PM,Diet Coke,1.0,2.25
4019,2026-07-27,2026-08-02,6:00:00 PM,Dos Huevo Aros. Madur,1.0,8.99
4020,2026-07-27,2026-08-02,6:00:00 PM,Dulce De Leche,3.0,16.47
4021,2026-07-27,2026-08-02,6:00:00 PM,E Pagueti Solo Roja,1.0,8.99
4022,2026-07-27,2026-08-02,6:00:00 PM,Empanada Carne,6.0,17.94
4023,2026-07-27,2026-08-02,6:00:00 PM,Empanada Jamon/Queso,2.0,5.98
4024,2026-07-27,2026-08-02,6:00:00 PM,Empanada Pollo,2.0,5.98
4025,2026-07-27,2026-08-02,6:00:00 PM,Enpanisado. Res,6.0,96.74
4026,2026-07-27,2026-08-02,6:00:00 PM,"Enpellas,Chicharones",3.0,18.0
4027,2026-07-27,2026-08-02,6:00:00 PM,Ensala Aguacat Peque,8.0,36.0
4028,2026-07-27,2026-08-02,6:00:00 PM,Ensala Pollo 2 Croquet,2.0,24.98
4029,2026-07-27,2026-08-02,6:00:00 PM,Ensalada Aguacat Grand,5.0,27.5
4030,2026-07-27,2026-08-02,6:00:00 PM,Espaguetti Jamon,1.0,13.19
4031,2026-07-27,2026-08-02,6:00:00 PM,Extra.Coco,1.0,1.99
4032,2026-07-27,2026-08-02,6:00:00 PM,Filete Ala Vilvaina,3.0,63.97
4033,2026-07-27,2026-08-02,6:00:00 PM,Filete De Mahimahi,1.0,16.99
4034,2026-07-27,2026-08-02,6:00:00 PM,Filete Pargo Plancha,3.0,63.37
4035,2026-07-27,2026-08-02,6:00:00 PM,Filete Pescado Empani,1.0,17.49
4036,2026-07-27,2026-08-02,6:00:00 PM,Filete Pescado Planch,4.0,68.56
4037,2026-07-27,2026-08-02,6:00:00 PM,Filete Salmon,2.0,38.2
4038,2026-07-27,2026-08-02,6:00:00 PM,Filetillo De Carne,2.0,27.38
4039,2026-07-27,2026-08-02,6:00:00 PM,Filetillo Pollo Planch,6.0,90.54
4040,2026-07-27,2026-08-02,6:00:00 PM,Flan,8.0,39.92
4041,2026-07-27,2026-08-02,6:00:00 PM,Flan Especial,7.0,41.93
4042,2026-07-27,2026-08-02,6:00:00 PM,Fricase De Pollo,1.0,11.19
4043,2026-07-27,2026-08-02,6:00:00 PM,Frijol Grande,2.0,15.98
4044,2026-07-27,2026-08-02,6:00:00 PM,Frijol Mediano,3.0,14.97
4045,2026-07-27,2026-08-02,6:00:00 PM,Frijol Pequeno,5.0,14.95
4046,2026-07-27,2026-08-02,6:00:00 PM,Frijol.Colorado Chiqui,1.0,3.99
4047,2026-07-27,2026-08-02,6:00:00 PM,Frituras De Malanga,5.0,32.5
4048,2026-07-27,2026-08-02,6:00:00 PM,Galleta Deliciosas,3.0,10.8
4049,2026-07-27,2026-08-02,6:00:00 PM,Garbanzo Grande,2.0,20.98
4050,2026-07-27,2026-08-02,6:00:00 PM,Garbanzo.Frito,2.0,28.38
4051,2026-07-27,2026-08-02,6:00:00 PM,Garbanzo.Mediano,2.0,13.98
4052,2026-07-27,2026-08-02,6:00:00 PM,Gatorade Limon,1.0,3.99
4053,2026-07-27,2026-08-02,6:00:00 PM,Guarapo,6.0,31.5
4054,2026-07-27,2026-08-02,6:00:00 PM,Heineken,3.0,16.47
4055,2026-07-27,2026-08-02,6:00:00 PM,Horde Depan,1.0,1.5
4056,2026-07-27,2026-08-02,6:00:00 PM,Horden De 3 Chicharone,2.0,6.5
4057,2026-07-27,2026-08-02,6:00:00 PM,Horden De Limon,1.0,1.25
4058,2026-07-27,2026-08-02,6:00:00 PM,Huevo Frito,2.0,3.0
4059,2026-07-27,2026-08-02,6:00:00 PM,Imperial,1.0,12.19
4060,2026-07-27,2026-08-02,6:00:00 PM,Iron Beer,1.0,2.5
4061,2026-07-27,2026-08-02,6:00:00 PM,Jarra De Sangria,1.0,24.0
4062,2026-07-27,2026-08-02,6:00:00 PM,Jugo Maraculla,4.0,18.0
4063,2026-07-27,2026-08-02,6:00:00 PM,Jugo Pina,1.0,4.5
4064,2026-07-27,2026-08-02,6:00:00 PM,Jugo Zanahoria Naraja,5.0,24.95
4065,2026-07-27,2026-08-02,6:00:00 PM,Jugo.Naranja,3.0,15.75
4066,2026-07-27,2026-08-02,6:00:00 PM,Jupina Dieta,3.0,7.5
4067,2026-07-27,2026-08-02,6:00:00 PM,Jupiña,1.0,2.5
4068,2026-07-27,2026-08-02,6:00:00 PM,Leche Malteada,1.0,4.99
4069,2026-07-27,2026-08-02,6:00:00 PM,Lentejas Grande,2.0,18.98
4070,2026-07-27,2026-08-02,6:00:00 PM,Lentejas Mediana,5.0,34.95
4071,2026-07-27,2026-08-02,6:00:00 PM,Limanada Coco,2.0,11.98
4072,2026-07-27,2026-08-02,6:00:00 PM,Limonada,6.0,27.0
4073,2026-07-27,2026-08-02,6:00:00 PM,Madio.Pollo A La Brasa,2.0,28.38
4074,2026-07-27,2026-08-02,6:00:00 PM,Maduros,7.0,31.43
4075,2026-07-27,2026-08-02,6:00:00 PM,Mariquitas,1.0,5.99
4076,2026-07-27,2026-08-02,6:00:00 PM,Mariquitas De Malanga,3.0,17.97
4077,2026-07-27,2026-08-02,6:00:00 PM,Marlboro Rojo,1.0,12.0
4078,2026-07-27,2026-08-02,6:00:00 PM,Masas De Puerco,14.0,196.86
4079,2026-07-27,2026-08-02,6:00:00 PM,Media Jarra,1.0,16.0
4080,2026-07-27,2026-08-02,6:00:00 PM,Medio Pollo Frito,2.0,26.98
4081,2026-07-27,2026-08-02,6:00:00 PM,Medio Pollo.Asado,2.0,26.38
4082,2026-07-27,2026-08-02,6:00:00 PM,Melon..Sandia,2.0,9.0
4083,2026-07-27,2026-08-02,6:00:00 PM,Milanesa De Pollo,4.0,65.66
4084,2026-07-27,2026-08-02,6:00:00 PM,Milanesa Res,3.0,60.37
4085,2026-07-27,2026-08-02,6:00:00 PM,Misc Cocina,3.0,9.0
4086,2026-07-27,2026-08-02,6:00:00 PM,Modelo,3.0,16.47
4087,2026-07-27,2026-08-02,6:00:00 PM,Mofongo Puerco,2.0,33.98
4088,2026-07-27,2026-08-02,6:00:00 PM,Mofongo Solo,1.0,7.99
4089,2026-07-27,2026-08-02,6:00:00 PM,Moros,1.0,3.99
4090,2026-07-27,2026-08-02,6:00:00 PM,Natilla Catalana,4.0,25.0
4091,2026-07-27,2026-08-02,6:00:00 PM,Paella Valenciana,1.0,42.19
4092,2026-07-27,2026-08-02,6:00:00 PM,Palomilla Baby,2.0,22.2
4093,2026-07-27,2026-08-02,6:00:00 PM,Pan Con Bistec,5.0,55.75
4094,2026-07-27,2026-08-02,6:00:00 PM,Papa Rellena,1.0,2.99
4095,2026-07-27,2026-08-02,6:00:00 PM,Papas Fritas,3.0,13.47
4096,2026-07-27,2026-08-02,6:00:00 PM,Pargo Frito Entero,1.0,25.99
4097,2026-07-27,2026-08-02,6:00:00 PM,Pasteles Guayaba,1.0,1.5
4098,2026-07-27,2026-08-02,6:00:00 PM,Pasteles Queso/Guayaba,1.0,1.5
4099,2026-07-27,2026-08-02,6:00:00 PM,Pera,2.0,5.0
4100,2026-07-27,2026-08-02,6:00:00 PM,Picadillo,2.0,28.38
4101,2026-07-27,2026-08-02,6:00:00 PM,Pizza Personal,1.0,10.99
4102,2026-07-27,2026-08-02,6:00:00 PM,Pollo Empanizado,2.0,31.18
4103,2026-07-27,2026-08-02,6:00:00 PM,Potaje Colorados Media,1.0,7.19
4104,2026-07-27,2026-08-02,6:00:00 PM,Presidente,1.0,5.49
4105,2026-07-27,2026-08-02,6:00:00 PM,Pudin De Pan,3.0,16.47
4106,2026-07-27,2026-08-02,6:00:00 PM,Pudin Diplomatico,1.0,5.49
4107,2026-07-27,2026-08-02,6:00:00 PM,Rabo Encendido,3.0,72.57
4108,2026-07-27,2026-08-02,6:00:00 PM,Ribeye Steak,1.0,30.0
4109,2026-07-27,2026-08-02,6:00:00 PM,Riñonada,2.0,42.38
4110,2026-07-27,2026-08-02,6:00:00 PM,Ropa Vieja,7.0,114.33000000000001
4111,2026-07-27,2026-08-02,6:00:00 PM,Sand Jamon Queso,1.0,9.19
4112,2026-07-27,2026-08-02,6:00:00 PM,Sandwich Bacon,2.0,20.38
4113,2026-07-27,2026-08-02,6:00:00 PM,Sandwich Ensal Pollo,1.0,10.19
4114,2026-07-27,2026-08-02,6:00:00 PM,Sandwiches..Pollo.Empa,1.0,15.04
4115,2026-07-27,2026-08-02,6:00:00 PM,Sdwc Tuna Regular,1.0,10.49
4116,2026-07-27,2026-08-02,6:00:00 PM,Sdwch De Pavo Regl,1.0,9.99
4117,2026-07-27,2026-08-02,6:00:00 PM,Solo.Tomate,3.0,7.5
4118,2026-07-27,2026-08-02,6:00:00 PM,Sopa De Pollo Grande,17.0,144.33
4119,2026-07-27,2026-08-02,6:00:00 PM,Sopa De Res Grande,2.0,24.38
4120,2026-07-27,2026-08-02,6:00:00 PM,Sopa De Res Mediana,2.0,16.18
4121,2026-07-27,2026-08-02,6:00:00 PM,Sopa De Res Pequena,1.0,4.99
4122,2026-07-27,2026-08-02,6:00:00 PM,Sopa Pescado Mediana,1.0,6.99
4123,2026-07-27,2026-08-02,6:00:00 PM,Sopa Platano Grande,1.0,10.49
4124,2026-07-27,2026-08-02,6:00:00 PM,Sopa Platano Mediana,3.0,20.97
4125,2026-07-27,2026-08-02,6:00:00 PM,Sopa Pollo Media,15.0,82.35
4126,2026-07-27,2026-08-02,6:00:00 PM,Sopa. Pollo Chiquita,3.0,10.5
4127,2026-07-27,2026-08-02,6:00:00 PM,Spaghetti Alfred Jamon,1.0,13.19
4128,2026-07-27,2026-08-02,6:00:00 PM,Spaghetti Pollo Alfred,1.0,15.19
4129,2026-07-27,2026-08-02,6:00:00 PM,Spriet,1.0,2.5
4131,2026-07-27,2026-08-02,6:00:00 PM,Tamal,3.0,8.97
4132,2026-07-27,2026-08-02,6:00:00 PM,Tamal Cazuela.Mediano,1.0,6.99
4133,2026-07-27,2026-08-02,6:00:00 PM,Tamal.Cazuela Grande,2.0,22.38
4135,2026-07-27,2026-08-02,6:00:00 PM,Toreja Cubana,2.0,11.98
4136,2026-07-27,2026-08-02,6:00:00 PM,Tostones,3.0,14.97
4137,2026-07-27,2026-08-02,6:00:00 PM,Tres Leches,2.0,11.98
4138,2026-07-27,2026-08-02,6:00:00 PM,Vaca Frita,21.0,356.78999999999996
4139,2026-07-27,2026-08-02,6:00:00 PM,Vegetal.Hervido,1.0,4.99
4140,2026-07-27,2026-08-02,6:00:00 PM,Yuca Frita,1.0,5.49
4142,2026-07-27,2026-08-02,7:00:00 AM,Aguacate De 3.00,2.0,6.0
4143,2026-07-27,2026-08-02,7:00:00 AM,Aguacate$4.00,2.0,8.0
4144,2026-07-27,2026-08-02,7:00:00 AM,Batido Mango,1.0,4.99
4145,2026-07-27,2026-08-02,7:00:00 AM,Bistec A Caballo,2.0,28.98
4146,2026-07-27,2026-08-02,7:00:00 AM,Caf.Lec.Evap.Chico,1.0,3.0
4147,2026-07-27,2026-08-02,7:00:00 AM,Cafe Con Leche Grande,2.0,9.0
4148,2026-07-27,2026-08-02,7:00:00 AM,Cafe Con Leche Mediano,1.0,3.75
4149,2026-07-27,2026-08-02,7:00:00 AM,Cafe Con Leche Pequeno,3.0,7.5
4150,2026-07-27,2026-08-02,7:00:00 AM,Cafe Cubano,28.0,42.0
4151,2026-07-27,2026-08-02,7:00:00 AM,Chicharo Mediano,1.0,6.99
4152,2026-07-27,2026-08-02,7:00:00 AM,Cholcolate Chico,1.0,2.89
4153,2026-07-27,2026-08-02,7:00:00 AM,Choriso Regular,1.0,3.99
4154,2026-07-27,2026-08-02,7:00:00 AM,Coke,1.0,2.5
4155,2026-07-27,2026-08-02,7:00:00 AM,Colada,8.0,22.0
4156,2026-07-27,2026-08-02,7:00:00 AM,Cortadito,5.0,10.21
4157,2026-07-27,2026-08-02,7:00:00 AM,Cortadito Evaporada,1.0,2.5
4158,2026-07-27,2026-08-02,7:00:00 AM,Croqueta Bacalao,4.0,7.96
4159,2026-07-27,2026-08-02,7:00:00 AM,Croqueta Jamon,15.0,26.25
4160,2026-07-27,2026-08-02,7:00:00 AM,Croqueta Pollo,1.0,1.75
4161,2026-07-27,2026-08-02,7:00:00 AM,Cubano Regular,1.0,10.19
4162,2026-07-27,2026-08-02,7:00:00 AM,Desallunos,25.0,306.8
4163,2026-07-27,2026-08-02,7:00:00 AM,Empanada Jamon/Queso,1.0,2.99
4164,2026-07-27,2026-08-02,7:00:00 AM,Empnda Espinaca/Queso,1.0,2.99
4165,2026-07-27,2026-08-02,7:00:00 AM,Ensalada Small,1.0,2.75
4166,2026-07-27,2026-08-02,7:00:00 AM,Extra Queso Crema,1.0,1.75
4167,2026-07-27,2026-08-02,7:00:00 AM,Guarapo,1.0,5.25
4168,2026-07-27,2026-08-02,7:00:00 AM,Jamon,1.0,3.99
4169,2026-07-27,2026-08-02,7:00:00 AM,Jugo Pina,1.0,4.5
4170,2026-07-27,2026-08-02,7:00:00 AM,Jugo Zanahoria Naraja,1.0,4.99
4171,2026-07-27,2026-08-02,7:00:00 AM,Jugo.Naranja,5.0,26.25
4172,2026-07-27,2026-08-02,7:00:00 AM,Leche Pequena,1.0,1.5
4173,2026-07-27,2026-08-02,7:00:00 AM,Limonada,1.0,4.5
4174,2026-07-27,2026-08-02,7:00:00 AM,Misc Cocina,1.0,2.0
4175,2026-07-27,2026-08-02,7:00:00 AM,Newport,2.0,25.5
4176,2026-07-27,2026-08-02,7:00:00 AM,Pan Con Tortilla,1.0,13.24
4177,2026-07-27,2026-08-02,7:00:00 AM,Pan De Bono,1.0,1.99
4178,2026-07-27,2026-08-02,7:00:00 AM,Pan Jamaica,3.0,4.8
4179,2026-07-27,2026-08-02,7:00:00 AM,Papa Rellena,1.0,2.99
4180,2026-07-27,2026-08-02,7:00:00 AM,Pasteles Guayaba,4.0,6.0
4181,2026-07-27,2026-08-02,7:00:00 AM,Pepsi,5.0,12.5
4182,2026-07-27,2026-08-02,7:00:00 AM,Perico Ripiado,3.0,35.97
4184,2026-07-27,2026-08-02,7:00:00 AM,Rinconcito Breakfast,1.0,13.99
4185,2026-07-27,2026-08-02,7:00:00 AM,Tamal.Cazuela Grande,1.0,11.19
4187,2026-07-27,2026-08-02,7:00:00 AM,Tortilla,2.0,23.48
4188,2026-07-27,2026-08-02,7:00:00 AM,Tostada,21.0,43.29
4189,2026-07-27,2026-08-02,7:00:00 AM,Tostada Jamon Queso,2.0,11.98
4190,2026-07-27,2026-08-02,7:00:00 AM,Vaca Frita,1.0,19.19
4191,2026-07-27,2026-08-02,7:00:00 PM,1 Bola Helado,3.0,8.97
4192,2026-07-27,2026-08-02,7:00:00 PM,1 Pieza De Cordero,2.0,35.98
4193,2026-07-27,2026-08-02,7:00:00 PM,1.Libra Ensala Pollo,1.0,8.99
4194,2026-07-27,2026-08-02,7:00:00 PM,2 Piezas De Cordero,1.0,27.19
4197,2026-07-27,2026-08-02,7:00:00 PM,Ajiaco Mediano,5.0,35.55
4198,2026-07-27,2026-08-02,7:00:00 PM,Ajiaco..Grande,4.0,42.76
4199,2026-07-27,2026-08-02,7:00:00 PM,Albondigas.Res,2.0,28.38
4200,2026-07-27,2026-08-02,7:00:00 PM,Arros Con Mariscos,1.0,39.99
4201,2026-07-27,2026-08-02,7:00:00 PM,Arroz Blanco,3.0,9.75
4202,2026-07-27,2026-08-02,7:00:00 PM,Arroz Chiquito,4.0,11.0
4203,2026-07-27,2026-08-02,7:00:00 PM,Arroz Con Leche,1.0,5.49
4204,2026-07-27,2026-08-02,7:00:00 PM,Arroz Con Puerco,3.0,39.57
4205,2026-07-27,2026-08-02,7:00:00 PM,Arroz Frito,6.0,83.94
4206,2026-07-27,2026-08-02,7:00:00 PM,Arroz Imperial,2.0,28.18
4207,2026-07-27,2026-08-02,7:00:00 PM,Arroz Pollo.Desmenuza,2.0,25.18
4208,2026-07-27,2026-08-02,7:00:00 PM,Baby Churrasco,8.0,157.12
4209,2026-07-27,2026-08-02,7:00:00 PM,Bacalao Viscaina,2.0,40.38
4210,2026-07-27,2026-08-02,7:00:00 PM,Batido Chocolate,2.0,9.98
4211,2026-07-27,2026-08-02,7:00:00 PM,Batido Fruta Bonba,1.0,4.99
4212,2026-07-27,2026-08-02,7:00:00 PM,Batido Mamey,4.0,21.96
4213,2026-07-27,2026-08-02,7:00:00 PM,Batido Mango,1.0,4.99
4214,2026-07-27,2026-08-02,7:00:00 PM,Batido Trigo,1.0,4.99
4215,2026-07-27,2026-08-02,7:00:00 PM,Best Mango,1.0,2.99
4216,2026-07-27,2026-08-02,7:00:00 PM,Bistec De Higado,1.0,13.49
4217,2026-07-27,2026-08-02,7:00:00 PM,Bistec De Pollo,31.0,429.39
4218,2026-07-27,2026-08-02,7:00:00 PM,Bistec De Puerco,1.0,15.69
4219,2026-07-27,2026-08-02,7:00:00 PM,Bistec En Cazuela,3.0,43.87
4220,2026-07-27,2026-08-02,7:00:00 PM,Bistec Jamon,1.0,13.49
4221,2026-07-27,2026-08-02,7:00:00 PM,Bistec Palomilla,10.0,183.5
4222,2026-07-27,2026-08-02,7:00:00 PM,Bocadito Preparado,1.0,8.99
4223,2026-07-27,2026-08-02,7:00:00 PM,Bola Ensalada Pollo,2.0,6.5
4224,2026-07-27,2026-08-02,7:00:00 PM,Boliche,1.0,15.19
4225,2026-07-27,2026-08-02,7:00:00 PM,Boliche Asado,2.0,33.18
4226,2026-07-27,2026-08-02,7:00:00 PM,Boniato Frito,2.0,9.98
4227,2026-07-27,2026-08-02,7:00:00 PM,Boniato Hervido,1.0,4.99
4228,2026-07-27,2026-08-02,7:00:00 PM,Boñuelos,3.0,16.47
4229,2026-07-27,2026-08-02,7:00:00 PM,Bud Light,2.0,9.98
4230,2026-07-27,2026-08-02,7:00:00 PM,Cafe Con Leche Grande,3.0,13.5
4231,2026-07-27,2026-08-02,7:00:00 PM,Cafe Con Leche Pequeno,1.0,2.5
4232,2026-07-27,2026-08-02,7:00:00 PM,Cafe Cubano,25.0,37.5
4233,2026-07-27,2026-08-02,7:00:00 PM,Caldo Gallego.Chiquito,1.0,4.49
4234,2026-07-27,2026-08-02,7:00:00 PM,Caldo Gallego.Mediano,4.0,32.36
4235,2026-07-27,2026-08-02,7:00:00 PM,Caldo.Gallego Grande,2.0,23.18
4236,2026-07-27,2026-08-02,7:00:00 PM,Camarones Enchilado,2.0,40.38
4238,2026-07-27,2026-08-02,7:00:00 PM,Carne Con Papas,3.0,44.57
4239,2026-07-27,2026-08-02,7:00:00 PM,Chichar Pollo Sin Hues,2.0,29.18
4240,2026-07-27,2026-08-02,7:00:00 PM,Chicharo Grande,4.0,36.76
4241,2026-07-27,2026-08-02,7:00:00 PM,Chicharo Mediano,1.0,6.99
4242,2026-07-27,2026-08-02,7:00:00 PM,Chuletas De Puerco,7.0,102.63
4243,2026-07-27,2026-08-02,7:00:00 PM,Churrasco,4.0,104.36
4244,2026-07-27,2026-08-02,7:00:00 PM,Churros.Con Dulce,1.0,6.25
4245,2026-07-27,2026-08-02,7:00:00 PM,Churros.Solo.4,1.0,4.99
4246,2026-07-27,2026-08-02,7:00:00 PM,Coke,5.0,12.5
4247,2026-07-27,2026-08-02,7:00:00 PM,Coke Cero,1.0,2.5
4248,2026-07-27,2026-08-02,7:00:00 PM,Colada,7.0,19.25
4249,2026-07-27,2026-08-02,7:00:00 PM,Colorados Grande,1.0,9.49
4250,2026-07-27,2026-08-02,7:00:00 PM,Copa Vino,3.0,26.97
4251,2026-07-27,2026-08-02,7:00:00 PM,Corona,2.0,10.98
4252,2026-07-27,2026-08-02,7:00:00 PM,Cortadito,7.0,15.49
4253,2026-07-27,2026-08-02,7:00:00 PM,Cortadito Evaporada,5.0,12.5
4254,2026-07-27,2026-08-02,7:00:00 PM,Crema Brocoly,1.0,9.25
4255,2026-07-27,2026-08-02,7:00:00 PM,Crema Calabaza Grande,3.0,29.97
4256,2026-07-27,2026-08-02,7:00:00 PM,Crema Calabaza Median,3.0,20.97
4257,2026-07-27,2026-08-02,7:00:00 PM,Crema Malanga Mediana,8.0,55.92
4258,2026-07-27,2026-08-02,7:00:00 PM,Crema Malanga.Grande,5.0,52.45
4259,2026-07-27,2026-08-02,7:00:00 PM,Crema Vegetales.Chiqui,2.0,7.98
4260,2026-07-27,2026-08-02,7:00:00 PM,Crema. Malanga Chiquit,7.0,31.5
4261,2026-07-27,2026-08-02,7:00:00 PM,Crema. Vegetalchiquita,1.0,4.5
4262,2026-07-27,2026-08-02,7:00:00 PM,Croqueta Bacalao,1.0,1.99
4263,2026-07-27,2026-08-02,7:00:00 PM,Croqueta Jamon,22.0,38.5
4264,2026-07-27,2026-08-02,7:00:00 PM,Croqueta Pollo,4.0,7.0
4265,2026-07-27,2026-08-02,7:00:00 PM,Croqueta Preparada,4.0,48.36
4266,2026-07-27,2026-08-02,7:00:00 PM,Cubano Especial,1.0,12.19
4267,2026-07-27,2026-08-02,7:00:00 PM,Cubano Regular,1.0,9.99
4268,2026-07-27,2026-08-02,7:00:00 PM,Deditos .Pescado,2.0,30.18
4269,2026-07-27,2026-08-02,7:00:00 PM,Deditos De Pollo,1.0,12.99
4270,2026-07-27,2026-08-02,7:00:00 PM,Deditos De Pollo Kids,2.0,15.98
4271,2026-07-27,2026-08-02,7:00:00 PM,Desallunos,1.0,13.49
4272,2026-07-27,2026-08-02,7:00:00 PM,Diet Coke,1.0,2.25
4273,2026-07-27,2026-08-02,7:00:00 PM,Dulce De Leche,1.0,5.49
4274,2026-07-27,2026-08-02,7:00:00 PM,Elena Ruz,2.0,20.38
4275,2026-07-27,2026-08-02,7:00:00 PM,Empanada Carne,1.0,2.99
4276,2026-07-27,2026-08-02,7:00:00 PM,Empanada Jamon/Queso,5.0,14.95
4277,2026-07-27,2026-08-02,7:00:00 PM,Empnda Espinaca/Queso,1.0,2.99
4278,2026-07-27,2026-08-02,7:00:00 PM,Enpanisado. Res,1.0,15.99
4279,2026-07-27,2026-08-02,7:00:00 PM,"Enpellas,Chicharones",2.0,12.0
4280,2026-07-27,2026-08-02,7:00:00 PM,Ensala Aguacat Peque,8.0,36.0
4281,2026-07-27,2026-08-02,7:00:00 PM,Ensala Pollo 2 Croquet,3.0,37.47
4282,2026-07-27,2026-08-02,7:00:00 PM,Ensalada Aguacat Grand,4.0,22.0
4283,2026-07-27,2026-08-02,7:00:00 PM,Ensalada Small,1.0,2.75
4284,2026-07-27,2026-08-02,7:00:00 PM,Extra Aguacate,1.0,1.75
4285,2026-07-27,2026-08-02,7:00:00 PM,Extra.Coco,2.0,3.98
4286,2026-07-27,2026-08-02,7:00:00 PM,Filete Pargo Plancha,4.0,85.66
4287,2026-07-27,2026-08-02,7:00:00 PM,Filete Pescado Empani,4.0,70.36
4288,2026-07-27,2026-08-02,7:00:00 PM,Filete Pescado Planch,2.0,34.18
4289,2026-07-27,2026-08-02,7:00:00 PM,Filetill Pollo Salsa,1.0,14.99
4290,2026-07-27,2026-08-02,7:00:00 PM,Filetillo Pollo Planch,1.0,14.99
4291,2026-07-27,2026-08-02,7:00:00 PM,Filetillo Res Plancha,5.0,75.35
4292,2026-07-27,2026-08-02,7:00:00 PM,Flan,3.0,14.97
4293,2026-07-27,2026-08-02,7:00:00 PM,Flan Especial,4.0,23.96
4294,2026-07-27,2026-08-02,7:00:00 PM,Fricase Puerco,2.0,26.7
4295,2026-07-27,2026-08-02,7:00:00 PM,Frijol Mediano,3.0,14.97
4296,2026-07-27,2026-08-02,7:00:00 PM,Frijol Pequeno,3.0,8.97
4297,2026-07-27,2026-08-02,7:00:00 PM,Frita Cubana,2.0,21.68
4298,2026-07-27,2026-08-02,7:00:00 PM,Fritura Vacalao,1.0,6.5
4299,2026-07-27,2026-08-02,7:00:00 PM,Frituras De Malanga,1.0,6.5
4300,2026-07-27,2026-08-02,7:00:00 PM,Galleta Deliciosas,1.0,3.6
4301,2026-07-27,2026-08-02,7:00:00 PM,Garbanzo Grande,1.0,10.49
4302,2026-07-27,2026-08-02,7:00:00 PM,Garbanzo.Frito,3.0,42.57
4303,2026-07-27,2026-08-02,7:00:00 PM,Garbanzo.Mediano,5.0,34.95
4304,2026-07-27,2026-08-02,7:00:00 PM,Guarapo,4.0,21.0
4305,2026-07-27,2026-08-02,7:00:00 PM,Heineken,1.0,5.49
4306,2026-07-27,2026-08-02,7:00:00 PM,Helado Cono,3.0,10.5
4307,2026-07-27,2026-08-02,7:00:00 PM,Higado Italiana,2.0,29.98
4308,2026-07-27,2026-08-02,7:00:00 PM,Horden De 3 Chicharone,1.0,3.25
4309,2026-07-27,2026-08-02,7:00:00 PM,Huevo Frito,2.0,2.5
4310,2026-07-27,2026-08-02,7:00:00 PM,Jugo Pina,5.0,22.5
4311,2026-07-27,2026-08-02,7:00:00 PM,Jugo Zanahoria Naraja,2.0,9.98
4312,2026-07-27,2026-08-02,7:00:00 PM,Jugo.Naranja,3.0,15.75
4313,2026-07-27,2026-08-02,7:00:00 PM,Juntas,6.0,0.0
4314,2026-07-27,2026-08-02,7:00:00 PM,Jupiña,2.0,5.0
4315,2026-07-27,2026-08-02,7:00:00 PM,Lechon Asado,4.0,56.76
4316,2026-07-27,2026-08-02,7:00:00 PM,Lentejas Grande,1.0,9.49
4317,2026-07-27,2026-08-02,7:00:00 PM,Lentejas Mediana,4.0,27.96
4318,2026-07-27,2026-08-02,7:00:00 PM,Limonada,4.0,18.0
4319,2026-07-27,2026-08-02,7:00:00 PM,Madio.Pollo A La Brasa,2.0,28.18
4320,2026-07-27,2026-08-02,7:00:00 PM,Maduros,7.0,31.43
4321,2026-07-27,2026-08-02,7:00:00 PM,Malboro Light,1.0,12.0
4322,2026-07-27,2026-08-02,7:00:00 PM,Malta,1.0,3.25
4323,2026-07-27,2026-08-02,7:00:00 PM,Mariquitas,5.0,29.95
4324,2026-07-27,2026-08-02,7:00:00 PM,Mariquitas De Malanga,3.0,17.97
4325,2026-07-27,2026-08-02,7:00:00 PM,Mariquitas..Mixta,1.0,5.49
4326,2026-07-27,2026-08-02,7:00:00 PM,Mariquitas.Togo,1.0,4.5
4327,2026-07-27,2026-08-02,7:00:00 PM,Masas De Puerco,22.0,312.78
4328,2026-07-27,2026-08-02,7:00:00 PM,Materva,3.0,7.5
4329,2026-07-27,2026-08-02,7:00:00 PM,Media Jarra,1.0,16.0
4330,2026-07-27,2026-08-02,7:00:00 PM,Media Noche,9.0,91.51
4331,2026-07-27,2026-08-02,7:00:00 PM,Medio Pollo A Brasa,2.0,28.38
4332,2026-07-27,2026-08-02,7:00:00 PM,Medio Pollo Frito,1.0,13.49
4333,2026-07-27,2026-08-02,7:00:00 PM,Medio Pollo.Asado,2.0,28.38
4334,2026-07-27,2026-08-02,7:00:00 PM,Melon..Sandia,6.0,27.0
4335,2026-07-27,2026-08-02,7:00:00 PM,Miami Sandwich,1.0,12.19
4336,2026-07-27,2026-08-02,7:00:00 PM,Milanesa De Pollo,4.0,64.36
4337,2026-07-27,2026-08-02,7:00:00 PM,Milanesa Res,1.0,19.99
4338,2026-07-27,2026-08-02,7:00:00 PM,Misc Cocina,2.0,14.51
4339,2026-07-27,2026-08-02,7:00:00 PM,Mofongo Puerco,1.0,16.99
4340,2026-07-27,2026-08-02,7:00:00 PM,Mojito,1.0,1.25
4341,2026-07-27,2026-08-02,7:00:00 PM,Mojo Chiquito,2.0,7.7
4342,2026-07-27,2026-08-02,7:00:00 PM,Moros,1.0,3.99
4343,2026-07-27,2026-08-02,7:00:00 PM,Natilla Catalana,1.0,6.25
4344,2026-07-27,2026-08-02,7:00:00 PM,Paella Valenciana,2.0,84.18
4345,2026-07-27,2026-08-02,7:00:00 PM,Palomilla Baby,3.0,33.6
4346,2026-07-27,2026-08-02,7:00:00 PM,Pan Con Bistec,9.0,100.31
4347,2026-07-27,2026-08-02,7:00:00 PM,Pan Con Tortilla,1.0,11.19
4348,2026-07-27,2026-08-02,7:00:00 PM,Pan De Bono,1.0,1.99
4349,2026-07-27,2026-08-02,7:00:00 PM,Papa Rellena,1.0,2.99
4350,2026-07-27,2026-08-02,7:00:00 PM,Papas Fritas,5.0,22.45
4351,2026-07-27,2026-08-02,7:00:00 PM,Pargo Frito,2.0,47.98
4352,2026-07-27,2026-08-02,7:00:00 PM,Pargo Frito Entero,3.0,79.97
4353,2026-07-27,2026-08-02,7:00:00 PM,Pasteles Queso,2.0,3.0
4354,2026-07-27,2026-08-02,7:00:00 PM,Picadillo,3.0,41.07
4355,2026-07-27,2026-08-02,7:00:00 PM,Pizza Peperoni,1.0,12.99
4356,2026-07-27,2026-08-02,7:00:00 PM,Pollo Empanizado,2.0,29.38
4357,2026-07-27,2026-08-02,7:00:00 PM,Potaje Colorados Media,1.0,7.19
4358,2026-07-27,2026-08-02,7:00:00 PM,Presidente,1.0,5.49
4359,2026-07-27,2026-08-02,7:00:00 PM,Pudin De Pan,3.0,16.47
4360,2026-07-27,2026-08-02,7:00:00 PM,Queso Suizo,1.0,1.99
4361,2026-07-27,2026-08-02,7:00:00 PM,Racion De Malanga,1.0,5.99
4362,2026-07-27,2026-08-02,7:00:00 PM,Riñonada,1.0,20.99
4363,2026-07-27,2026-08-02,7:00:00 PM,Ropa Vieja,4.0,65.36
4364,2026-07-27,2026-08-02,7:00:00 PM,Rueda De Serrucho,6.0,96.84
4365,2026-07-27,2026-08-02,7:00:00 PM,Sand Jamon Queso,2.0,18.38
4366,2026-07-27,2026-08-02,7:00:00 PM,Sandwich Ensal Pollo,1.0,10.19
4367,2026-07-27,2026-08-02,7:00:00 PM,Sm Crema Malanga,1.0,3.99
4368,2026-07-27,2026-08-02,7:00:00 PM,Solo.Tomate,1.0,2.5
4369,2026-07-27,2026-08-02,7:00:00 PM,Sopa De Pollo Grande,8.0,67.92
4370,2026-07-27,2026-08-02,7:00:00 PM,Sopa Pescado Grande,2.0,21.98
4371,2026-07-27,2026-08-02,7:00:00 PM,Sopa Platano Chiquita,2.0,7.98
4372,2026-07-27,2026-08-02,7:00:00 PM,Sopa Platano Grande,1.0,10.49
4373,2026-07-27,2026-08-02,7:00:00 PM,Sopa Pollo Media,4.0,21.96
4374,2026-07-27,2026-08-02,7:00:00 PM,Sopa. Pollo Chiquita,1.0,3.5
4375,2026-07-27,2026-08-02,7:00:00 PM,Sopon Marinero,3.0,77.97
4376,2026-07-27,2026-08-02,7:00:00 PM,Spaghetti Pollo Alfred,2.0,32.18
4377,2026-07-27,2026-08-02,7:00:00 PM,Stella Artois,2.0,10.98
4378,2026-07-27,2026-08-02,7:00:00 PM,Sunkist,1.0,2.5
4380,2026-07-27,2026-08-02,7:00:00 PM,Tamal,13.0,38.87
4381,2026-07-27,2026-08-02,7:00:00 PM,Tamal Cazuela.Mediano,4.0,28.76
4382,2026-07-27,2026-08-02,7:00:00 PM,Tamal.Cazuela Grande,2.0,22.38
4383,2026-07-27,2026-08-02,7:00:00 PM,Tamal.Jamon Piern.Ques,1.0,12.99
4385,2026-07-27,2026-08-02,7:00:00 PM,Toreja Cubana,4.0,23.96
4386,2026-07-27,2026-08-02,7:00:00 PM,Tortilla,1.0,11.19
4387,2026-07-27,2026-08-02,7:00:00 PM,Tostada,3.0,5.97
4388,2026-07-27,2026-08-02,7:00:00 PM,Tostones,3.0,14.97
4389,2026-07-27,2026-08-02,7:00:00 PM,Tres Leches,4.0,23.96
4390,2026-07-27,2026-08-02,7:00:00 PM,Vaca Frita,23.0,382.37
4391,2026-07-27,2026-08-02,7:00:00 PM,Yuca,1.0,4.49
4393,2026-07-27,2026-08-02,8:00:00 AM,305 Morados,2.0,12.5
4394,2026-07-27,2026-08-02,8:00:00 AM,Agua Natural,1.0,1.99
4395,2026-07-27,2026-08-02,8:00:00 AM,Agua Perrier,1.0,3.49
4396,2026-07-27,2026-08-02,8:00:00 AM,Arroz Con Puerco,1.0,13.19
4397,2026-07-27,2026-08-02,8:00:00 AM,Baby Churrasco,3.0,56.370000000000005
4398,2026-07-27,2026-08-02,8:00:00 AM,Bacon,1.0,4.99
4399,2026-07-27,2026-08-02,8:00:00 AM,Batido Fruta Bonba,1.0,4.99
4400,2026-07-27,2026-08-02,8:00:00 AM,Batido Mamey,1.0,5.49
4401,2026-07-27,2026-08-02,8:00:00 AM,Batido Mango,1.0,4.99
4402,2026-07-27,2026-08-02,8:00:00 AM,Bistec A Caballo,6.0,92.19
4403,2026-07-27,2026-08-02,8:00:00 AM,Bistec De Pollo,1.0,13.69
4404,2026-07-27,2026-08-02,8:00:00 AM,Caf.Lec.Evap.Chico,2.0,6.0
4405,2026-07-27,2026-08-02,8:00:00 AM,Cafe Con Leche Grande,1.0,4.5
4406,2026-07-27,2026-08-02,8:00:00 AM,Cafe Con Leche Mediano,4.0,15.0
4407,2026-07-27,2026-08-02,8:00:00 AM,Cafe Con Leche Pequeno,9.0,22.5
4408,2026-07-27,2026-08-02,8:00:00 AM,Cafe Cubano,29.0,43.5
4409,2026-07-27,2026-08-02,8:00:00 AM,Chevere,4.0,5.0
4410,2026-07-27,2026-08-02,8:00:00 AM,Cholcolate Chico,1.0,2.89
4411,2026-07-27,2026-08-02,8:00:00 AM,Choriso Regular,1.0,3.99
4412,2026-07-27,2026-08-02,8:00:00 AM,Club Sandwich,2.0,24.18
4413,2026-07-27,2026-08-02,8:00:00 AM,Coke,6.0,15.0
4414,2026-07-27,2026-08-02,8:00:00 AM,Colada,14.0,38.5
4415,2026-07-27,2026-08-02,8:00:00 AM,Congri,1.0,3.99
4416,2026-07-27,2026-08-02,8:00:00 AM,Cortadito,5.0,10.99
4417,2026-07-27,2026-08-02,8:00:00 AM,Cortadito Evaporada,1.0,2.5
4418,2026-07-27,2026-08-02,8:00:00 AM,Croqueta Bacalao,5.0,9.95
4419,2026-07-27,2026-08-02,8:00:00 AM,Croqueta Jamon,64.0,112.0
4420,2026-07-27,2026-08-02,8:00:00 AM,Croqueta Pollo,1.0,1.75
4421,2026-07-27,2026-08-02,8:00:00 AM,Cubano Regular,1.0,10.19
4422,2026-07-27,2026-08-02,8:00:00 AM,Desallunos,33.0,408.47
4423,2026-07-27,2026-08-02,8:00:00 AM,Desayuno Baby,2.0,17.98
4424,2026-07-27,2026-08-02,8:00:00 AM,Empanada Carne,6.0,17.94
4425,2026-07-27,2026-08-02,8:00:00 AM,Empanada Jamon/Queso,1.0,2.99
4426,2026-07-27,2026-08-02,8:00:00 AM,Empanada Pollo,1.0,2.99
4427,2026-07-27,2026-08-02,8:00:00 AM,Empnda Espinaca/Queso,2.0,5.98
4428,2026-07-27,2026-08-02,8:00:00 AM,Ensala Aguacat Peque,1.0,4.5
4429,2026-07-27,2026-08-02,8:00:00 AM,Fosforera,1.0,2.25
4430,2026-07-27,2026-08-02,8:00:00 AM,Garbanzo.Chiquito,1.0,3.99
4431,2026-07-27,2026-08-02,8:00:00 AM,Garbanzo.Mediano,1.0,6.99
4432,2026-07-27,2026-08-02,8:00:00 AM,Harina Mediana,1.0,6.45
4433,2026-07-27,2026-08-02,8:00:00 AM,Huevo Frito,6.0,8.5
4434,2026-07-27,2026-08-02,8:00:00 AM,Huevos Al Porch,5.0,64.45
4435,2026-07-27,2026-08-02,8:00:00 AM,Imperial Grande.30.Per,1.0,160.0
4436,2026-07-27,2026-08-02,8:00:00 AM,Jugo Zanahoria Naraja,1.0,4.99
4437,2026-07-27,2026-08-02,8:00:00 AM,Jugo.Naranja,6.0,31.5
4438,2026-07-27,2026-08-02,8:00:00 AM,Leche Pequena,1.0,1.5
4439,2026-07-27,2026-08-02,8:00:00 AM,Lechon Asado,1.0,13.99
4440,2026-07-27,2026-08-02,8:00:00 AM,Lentejas.Chiquita,1.0,3.99
4441,2026-07-27,2026-08-02,8:00:00 AM,Malboro Light,1.0,12.0
4442,2026-07-27,2026-08-02,8:00:00 AM,Materva,1.0,2.5
4443,2026-07-27,2026-08-02,8:00:00 AM,Media Noche,1.0,9.99
4444,2026-07-27,2026-08-02,8:00:00 AM,Melon..Sandia,1.0,4.5
4445,2026-07-27,2026-08-02,8:00:00 AM,Misc Cocina,6.0,29.74
4446,2026-07-27,2026-08-02,8:00:00 AM,Newport,1.0,12.75
4447,2026-07-27,2026-08-02,8:00:00 AM,Pan Con Tortilla,1.0,11.19
4448,2026-07-27,2026-08-02,8:00:00 AM,Pan De Bono,2.0,3.98
4449,2026-07-27,2026-08-02,8:00:00 AM,Papas Fritas,1.0,4.49
4450,2026-07-27,2026-08-02,8:00:00 AM,Pasteles Guayaba,4.0,6.0
4451,2026-07-27,2026-08-02,8:00:00 AM,Pasteles Queso/Guayaba,2.0,3.0
4452,2026-07-27,2026-08-02,8:00:00 AM,Perico Ripiado,5.0,60.35
4453,2026-07-27,2026-08-02,8:00:00 AM,Queso Suizo,1.0,1.99
4454,2026-07-27,2026-08-02,8:00:00 AM,Rinconcito Breakfast,7.0,100.58
4455,2026-07-27,2026-08-02,8:00:00 AM,Sachichas,1.0,2.99
4456,2026-07-27,2026-08-02,8:00:00 AM,Sand Jamon Queso,1.0,9.19
4457,2026-07-27,2026-08-02,8:00:00 AM,Sandweches Pollo,1.0,11.69
4458,2026-07-27,2026-08-02,8:00:00 AM,Sopa De Res Grande,2.0,23.98
4459,2026-07-27,2026-08-02,8:00:00 AM,Sopa De Res Mediana,1.0,8.19
4461,2026-07-27,2026-08-02,8:00:00 AM,Tortilla,6.0,67.89
4462,2026-07-27,2026-08-02,8:00:00 AM,Tostada,24.0,47.76
4463,2026-07-27,2026-08-02,8:00:00 AM,Tostones,1.0,4.99
4464,2026-07-27,2026-08-02,8:00:00 AM,Western Omlet Reg,1.0,10.99
4465,2026-07-27,2026-08-02,8:00:00 AM,Westren Omlet Clara,1.0,11.99
4466,2026-07-27,2026-08-02,8:00:00 PM,1 Bola Helado,2.0,5.98
4467,2026-07-27,2026-08-02,8:00:00 PM,1 Pieza De Cordero,1.0,17.99
4468,2026-07-27,2026-08-02,8:00:00 PM,305 Morados,1.0,6.25
4471,2026-07-27,2026-08-02,8:00:00 PM,Agua Natural,2.0,3.98
4472,2026-07-27,2026-08-02,8:00:00 PM,Agua Perrier,2.0,6.98
4473,2026-07-27,2026-08-02,8:00:00 PM,Arroz Blanco,5.0,16.25
4474,2026-07-27,2026-08-02,8:00:00 PM,Arroz Chiquito,6.0,15.5
4475,2026-07-27,2026-08-02,8:00:00 PM,Arroz Con Leche,2.0,10.98
4476,2026-07-27,2026-08-02,8:00:00 PM,Arroz Con Pollo,1.0,12.49
4477,2026-07-27,2026-08-02,8:00:00 PM,Arroz Con Puerco,2.0,26.18
4478,2026-07-27,2026-08-02,8:00:00 PM,Arroz Frito,2.0,28.18
4479,2026-07-27,2026-08-02,8:00:00 PM,Baby Churrasco,6.0,118.34
4480,2026-07-27,2026-08-02,8:00:00 PM,Batido Mamey,2.0,10.98
4481,2026-07-27,2026-08-02,8:00:00 PM,Batido Mango,1.0,4.99
4482,2026-07-27,2026-08-02,8:00:00 PM,Batido Trigo,1.0,4.99
4483,2026-07-27,2026-08-02,8:00:00 PM,Bistec De Pollo,18.0,250.01999999999998
4484,2026-07-27,2026-08-02,8:00:00 PM,Bistec De Puerco,3.0,47.07
4485,2026-07-27,2026-08-02,8:00:00 PM,Bistec Palomilla,6.0,108.54
4486,2026-07-27,2026-08-02,8:00:00 PM,Bolita De Tuna,2.0,6.5
4487,2026-07-27,2026-08-02,8:00:00 PM,Boniato Frito,2.0,9.98
4488,2026-07-27,2026-08-02,8:00:00 PM,Boñuelos,2.0,10.98
4489,2026-07-27,2026-08-02,8:00:00 PM,Cafe Con Leche Pequeno,4.0,10.0
4490,2026-07-27,2026-08-02,8:00:00 PM,Cafe Cubano,28.0,42.0
4491,2026-07-27,2026-08-02,8:00:00 PM,Caldo Gallego.Mediano,2.0,15.98
4492,2026-07-27,2026-08-02,8:00:00 PM,Camarone A La Plancha,1.0,21.99
4493,2026-07-27,2026-08-02,8:00:00 PM,Camarones Al Ajillo,2.0,40.38
4495,2026-07-27,2026-08-02,8:00:00 PM,Carne Con Papas,2.0,27.98
4496,2026-07-27,2026-08-02,8:00:00 PM,Cascos Guava Queso,1.0,5.99
4497,2026-07-27,2026-08-02,8:00:00 PM,Chichar Pollo C Hueso,1.0,13.49
4498,2026-07-27,2026-08-02,8:00:00 PM,Chichar Pollo Sin Hues,1.0,13.49
4499,2026-07-27,2026-08-02,8:00:00 PM,Chicharo Chiquito,1.0,3.99
4500,2026-07-27,2026-08-02,8:00:00 PM,Chimichurri,1.0,1.25
4501,2026-07-27,2026-08-02,8:00:00 PM,Chuletas De Puerco,3.0,42.67
4502,2026-07-27,2026-08-02,8:00:00 PM,Churrasco,5.0,130.55
4503,2026-07-27,2026-08-02,8:00:00 PM,Churros.Solo.4,1.0,4.99
4504,2026-07-27,2026-08-02,8:00:00 PM,Club Sandwich,1.0,12.19
4505,2026-07-27,2026-08-02,8:00:00 PM,Coke,9.0,22.5
4506,2026-07-27,2026-08-02,8:00:00 PM,Coke Cero,1.0,2.5
4507,2026-07-27,2026-08-02,8:00:00 PM,Colada,6.0,16.5
4508,2026-07-27,2026-08-02,8:00:00 PM,Colorados Grande,2.0,19.18
4509,2026-07-27,2026-08-02,8:00:00 PM,Copa De Sangria,1.0,8.99
4510,2026-07-27,2026-08-02,8:00:00 PM,Copa Vino,3.0,26.97
4511,2026-07-27,2026-08-02,8:00:00 PM,Corona,1.0,5.49
4512,2026-07-27,2026-08-02,8:00:00 PM,Cortadito,3.0,6.23
4513,2026-07-27,2026-08-02,8:00:00 PM,Cortadito Evaporada,7.0,17.5
4514,2026-07-27,2026-08-02,8:00:00 PM,Crema Calabaza Median,1.0,6.99
4515,2026-07-27,2026-08-02,8:00:00 PM,Crema Calabazachiquit,1.0,4.5
4516,2026-07-27,2026-08-02,8:00:00 PM,Crema Malanga Mediana,4.0,27.96
4517,2026-07-27,2026-08-02,8:00:00 PM,Crema Malanga.Grande,2.0,20.98
4518,2026-07-27,2026-08-02,8:00:00 PM,Crema Vegetal Grande,1.0,10.49
4519,2026-07-27,2026-08-02,8:00:00 PM,Crema. Malanga Chiquit,2.0,9.0
4520,2026-07-27,2026-08-02,8:00:00 PM,Croqueta Jamon,10.0,17.5
4521,2026-07-27,2026-08-02,8:00:00 PM,Croqueta Preparada,2.0,24.38
4522,2026-07-27,2026-08-02,8:00:00 PM,Cubano Especial,2.0,24.18
4523,2026-07-27,2026-08-02,8:00:00 PM,Cubano Regular,2.0,20.38
4524,2026-07-27,2026-08-02,8:00:00 PM,Deditos .Pescado,4.0,60.16
4525,2026-07-27,2026-08-02,8:00:00 PM,Deditos De Pescado,2.0,32.38
4526,2026-07-27,2026-08-02,8:00:00 PM,Deditos De Queso,2.0,3.98
4527,2026-07-27,2026-08-02,8:00:00 PM,Diet Coke,1.0,2.25
4528,2026-07-27,2026-08-02,8:00:00 PM,Diet Materva,1.0,2.5
4529,2026-07-27,2026-08-02,8:00:00 PM,Empanada Pollo,1.0,2.99
4530,2026-07-27,2026-08-02,8:00:00 PM,Enpanisado. Res,3.0,48.37
4531,2026-07-27,2026-08-02,8:00:00 PM,Ensala Aguacat Peque,7.0,31.5
4532,2026-07-27,2026-08-02,8:00:00 PM,Ensala Pollo 2 Croquet,5.0,62.45
4533,2026-07-27,2026-08-02,8:00:00 PM,Ensalada Aguacat Grand,2.0,11.0
4534,2026-07-27,2026-08-02,8:00:00 PM,Fabada Chiquita,1.0,3.99
4535,2026-07-27,2026-08-02,8:00:00 PM,Filete Pescado Planch,3.0,53.17
4536,2026-07-27,2026-08-02,8:00:00 PM,Filetillo De Carne,1.0,13.49
4537,2026-07-27,2026-08-02,8:00:00 PM,Filetillo Pollo Planch,2.0,30.38
4538,2026-07-27,2026-08-02,8:00:00 PM,Flan,4.0,19.96
4539,2026-07-27,2026-08-02,8:00:00 PM,Flan Especial,7.0,41.93
4540,2026-07-27,2026-08-02,8:00:00 PM,Fricase De Pollo,1.0,11.99
4541,2026-07-27,2026-08-02,8:00:00 PM,Fricase Puerco,1.0,15.45
4542,2026-07-27,2026-08-02,8:00:00 PM,Frijol Mediano,2.0,9.98
4543,2026-07-27,2026-08-02,8:00:00 PM,Frijol Pequeno,2.0,5.98
4544,2026-07-27,2026-08-02,8:00:00 PM,Fritura Vacalao,1.0,6.5
4545,2026-07-27,2026-08-02,8:00:00 PM,Frituras De Malanga,2.0,13.0
4546,2026-07-27,2026-08-02,8:00:00 PM,Garbanzo Grande,2.0,20.98
4547,2026-07-27,2026-08-02,8:00:00 PM,Garbanzo.Chiquito,2.0,7.98
4548,2026-07-27,2026-08-02,8:00:00 PM,Guarapo,1.0,5.25
4549,2026-07-27,2026-08-02,8:00:00 PM,Guiso Maiz Grande,1.0,10.49
4550,2026-07-27,2026-08-02,8:00:00 PM,Hamburquesa.Con Queso,1.0,10.99
4551,2026-07-27,2026-08-02,8:00:00 PM,Helado Cono,1.0,3.5
4552,2026-07-27,2026-08-02,8:00:00 PM,Iron Beer,2.0,5.0
4553,2026-07-27,2026-08-02,8:00:00 PM,Jugo Maraculla,1.0,4.5
4554,2026-07-27,2026-08-02,8:00:00 PM,Jugo Pina,1.0,4.5
4555,2026-07-27,2026-08-02,8:00:00 PM,Jugo.Naranja,3.0,15.75
4556,2026-07-27,2026-08-02,8:00:00 PM,Juntas,2.0,0.0
4557,2026-07-27,2026-08-02,8:00:00 PM,Jupina Dieta,1.0,2.5
4558,2026-07-27,2026-08-02,8:00:00 PM,Jupiña,2.0,5.0
4559,2026-07-27,2026-08-02,8:00:00 PM,Langosta Ala Jillo,1.0,38.0
4560,2026-07-27,2026-08-02,8:00:00 PM,Lechon Asado,1.0,14.19
4561,2026-07-27,2026-08-02,8:00:00 PM,Lentejas Grande,1.0,9.49
4562,2026-07-27,2026-08-02,8:00:00 PM,Lentejas Mediana,1.0,6.99
4563,2026-07-27,2026-08-02,8:00:00 PM,Limonada,5.0,22.5
4564,2026-07-27,2026-08-02,8:00:00 PM,Limonada Fresa,2.0,11.98
4565,2026-07-27,2026-08-02,8:00:00 PM,Maduros,5.0,22.45
4566,2026-07-27,2026-08-02,8:00:00 PM,Mariquitas,3.0,17.97
4567,2026-07-27,2026-08-02,8:00:00 PM,Mariquitas De Malanga,1.0,5.99
4568,2026-07-27,2026-08-02,8:00:00 PM,Masas De Puerco,16.0,225.44
4569,2026-07-27,2026-08-02,8:00:00 PM,Materva,2.0,5.0
4570,2026-07-27,2026-08-02,8:00:00 PM,Media Noche,5.0,50.95
4571,2026-07-27,2026-08-02,8:00:00 PM,Medio Pollo Frito,1.0,13.49
4572,2026-07-27,2026-08-02,8:00:00 PM,Medio Pollo.Asado,1.0,13.19
4573,2026-07-27,2026-08-02,8:00:00 PM,Melon..Sandia,1.0,4.5
4574,2026-07-27,2026-08-02,8:00:00 PM,Milanesa De Pollo,1.0,15.99
4575,2026-07-27,2026-08-02,8:00:00 PM,Milanesa Res,1.0,20.19
4576,2026-07-27,2026-08-02,8:00:00 PM,Miller Light,1.0,4.99
4577,2026-07-27,2026-08-02,8:00:00 PM,Misc Cocina,1.0,5.0
4578,2026-07-27,2026-08-02,8:00:00 PM,Modelo,4.0,21.96
4579,2026-07-27,2026-08-02,8:00:00 PM,Natilla Catalana,2.0,12.5
4580,2026-07-27,2026-08-02,8:00:00 PM,Palomilla Baby,1.0,11.2
4581,2026-07-27,2026-08-02,8:00:00 PM,Pan Con Bistec,5.0,55.75
4582,2026-07-27,2026-08-02,8:00:00 PM,Papa Rellena,1.0,2.99
4583,2026-07-27,2026-08-02,8:00:00 PM,Papas Fritas,2.0,8.98
4584,2026-07-27,2026-08-02,8:00:00 PM,Pargo Frito,2.0,47.98
4585,2026-07-27,2026-08-02,8:00:00 PM,Pargo Frito Entero,1.0,26.99
4586,2026-07-27,2026-08-02,8:00:00 PM,Pepsi,1.0,2.5
4587,2026-07-27,2026-08-02,8:00:00 PM,Picadillo,2.0,28.38
4588,2026-07-27,2026-08-02,8:00:00 PM,Potaje Colorados Media,1.0,6.99
4589,2026-07-27,2026-08-02,8:00:00 PM,Presidente,1.0,5.49
4590,2026-07-27,2026-08-02,8:00:00 PM,Pudin De Pan,1.0,5.49
4591,2026-07-27,2026-08-02,8:00:00 PM,Pudin Diplomatico,1.0,5.49
4592,2026-07-27,2026-08-02,8:00:00 PM,Ropa Vieja,8.0,125.72
4593,2026-07-27,2026-08-02,8:00:00 PM,Salsa Cilandro,1.0,1.25
4594,2026-07-27,2026-08-02,8:00:00 PM,Sandweches Pollo,2.0,22.98
4595,2026-07-27,2026-08-02,8:00:00 PM,Sandwich Bacon,1.0,10.19
4596,2026-07-27,2026-08-02,8:00:00 PM,Sdwc Tuna Regular,1.0,10.49
4597,2026-07-27,2026-08-02,8:00:00 PM,Solo.Tomate,1.0,2.5
4598,2026-07-27,2026-08-02,8:00:00 PM,Sopa De Pollo Grande,17.0,144.33
4599,2026-07-27,2026-08-02,8:00:00 PM,Sopa Platano Mediana,1.0,6.99
4600,2026-07-27,2026-08-02,8:00:00 PM,Sopa Pollo Media,6.0,32.94
4601,2026-07-27,2026-08-02,8:00:00 PM,Spriet,4.0,10.0
4603,2026-07-27,2026-08-02,8:00:00 PM,Tamal,3.0,8.97
4604,2026-07-27,2026-08-02,8:00:00 PM,Tamal Cazuela.Mediano,1.0,6.99
4605,2026-07-27,2026-08-02,8:00:00 PM,Tartara,2.0,2.0
4607,2026-07-27,2026-08-02,8:00:00 PM,Tortilla,2.0,22.38
4608,2026-07-27,2026-08-02,8:00:00 PM,Tostada,2.0,3.98
4609,2026-07-27,2026-08-02,8:00:00 PM,Tostones,2.0,9.98
4610,2026-07-27,2026-08-02,8:00:00 PM,Tres Leches,4.0,23.96
4611,2026-07-27,2026-08-02,8:00:00 PM,Tronchos Pescado,1.0,17.19
4612,2026-07-27,2026-08-02,8:00:00 PM,Vaca Frita,10.0,170.6
4614,2026-07-27,2026-08-02,9:00:00 AM,1.Solo.Panquey,1.0,2.25
4615,2026-07-27,2026-08-02,9:00:00 AM,305 Morados,1.0,6.25
4618,2026-07-27,2026-08-02,9:00:00 AM,Agua Natural,4.0,7.96
4619,2026-07-27,2026-08-02,9:00:00 AM,Arros Con Pollo Pequen,1.0,50.0
4620,2026-07-27,2026-08-02,9:00:00 AM,Arroz Chiquito,2.0,4.5
4621,2026-07-27,2026-08-02,9:00:00 AM,Baby Churrasco,1.0,22.19
4622,2026-07-27,2026-08-02,9:00:00 AM,Bacon,3.0,14.97
4623,2026-07-27,2026-08-02,9:00:00 AM,Batido Banana,1.0,4.99
4624,2026-07-27,2026-08-02,9:00:00 AM,Batido Fruta Bonba,1.0,4.99
4625,2026-07-27,2026-08-02,9:00:00 AM,Bistec A Caballo,14.0,206.26
4626,2026-07-27,2026-08-02,9:00:00 AM,Boñuelos,1.0,5.49
4627,2026-07-27,2026-08-02,9:00:00 AM,Cafe American Grande,1.0,3.25
4628,2026-07-27,2026-08-02,9:00:00 AM,Cafe Con Leche Grande,2.0,9.0
4629,2026-07-27,2026-08-02,9:00:00 AM,Cafe Con Leche Mediano,2.0,7.5
4630,2026-07-27,2026-08-02,9:00:00 AM,Cafe Con Leche Pequeno,18.0,45.0
4631,2026-07-27,2026-08-02,9:00:00 AM,Cafe Cubano,14.0,21.0
4632,2026-07-27,2026-08-02,9:00:00 AM,Cafecito,1.0,0.99
4635,2026-07-27,2026-08-02,9:00:00 AM,Cholcolate Chico,3.0,8.67
4636,2026-07-27,2026-08-02,9:00:00 AM,Colada,7.0,19.25
4637,2026-07-27,2026-08-02,9:00:00 AM,Colorados Grande,1.0,9.69
4638,2026-07-27,2026-08-02,9:00:00 AM,Con Evaporada,1.0,1.5
4639,2026-07-27,2026-08-02,9:00:00 AM,Cortadito,11.0,23.19
4640,2026-07-27,2026-08-02,9:00:00 AM,Cortadito Evaporada,4.0,10.0
4641,2026-07-27,2026-08-02,9:00:00 AM,Crema Malanga Mediana,1.0,6.99
4642,2026-07-27,2026-08-02,9:00:00 AM,Crema Malanga.Grande,3.0,31.47
4643,2026-07-27,2026-08-02,9:00:00 AM,Croqueta Bacalao,4.0,7.96
4644,2026-07-27,2026-08-02,9:00:00 AM,Croqueta Jamon,44.0,77.0
4645,2026-07-27,2026-08-02,9:00:00 AM,Croqueta Pollo,4.0,7.0
4646,2026-07-27,2026-08-02,9:00:00 AM,Cubano Regular,2.0,20.18
4647,2026-07-27,2026-08-02,9:00:00 AM,Deditos De Queso,1.0,1.99
4648,2026-07-27,2026-08-02,9:00:00 AM,Desallunos,63.0,777.92
4649,2026-07-27,2026-08-02,9:00:00 AM,Diet Coke,1.0,2.25
4650,2026-07-27,2026-08-02,9:00:00 AM,Empanada Carne,8.0,23.92
4651,2026-07-27,2026-08-02,9:00:00 AM,Empanada Jamon/Queso,4.0,11.96
4652,2026-07-27,2026-08-02,9:00:00 AM,Empanada Pollo,6.0,17.94
4653,2026-07-27,2026-08-02,9:00:00 AM,Empnda Espinaca/Queso,2.0,5.98
4654,2026-07-27,2026-08-02,9:00:00 AM,Enpanisado. Res,1.0,18.19
4655,2026-07-27,2026-08-02,9:00:00 AM,"Enpellas,Chicharones",1.0,6.0
4656,2026-07-27,2026-08-02,9:00:00 AM,Ensala Aguacat Peque,3.0,13.5
4657,2026-07-27,2026-08-02,9:00:00 AM,Ensalada Aguacat Grand,1.0,5.5
4658,2026-07-27,2026-08-02,9:00:00 AM,Extra Queso Crema,1.0,1.75
4659,2026-07-27,2026-08-02,9:00:00 AM,Fabada Grande,1.0,10.69
4660,2026-07-27,2026-08-02,9:00:00 AM,Frita Cubana,1.0,10.19
4661,2026-07-27,2026-08-02,9:00:00 AM,Gatorade Fruit Punch,1.0,3.99
4662,2026-07-27,2026-08-02,9:00:00 AM,Harina Grande,2.0,20.38
4663,2026-07-27,2026-08-02,9:00:00 AM,Heineken,9.0,49.41
4664,2026-07-27,2026-08-02,9:00:00 AM,Huevo Con Butifara,1.0,11.99
4665,2026-07-27,2026-08-02,9:00:00 AM,Huevos Al Porch,2.0,25.48
4666,2026-07-27,2026-08-02,9:00:00 AM,Inca Kola,2.0,5.98
4667,2026-07-27,2026-08-02,9:00:00 AM,Jugo Maraculla,1.0,4.5
4668,2026-07-27,2026-08-02,9:00:00 AM,Jugo Pina,2.0,9.0
4669,2026-07-27,2026-08-02,9:00:00 AM,Jugo.Naranja,18.0,94.5
4670,2026-07-27,2026-08-02,9:00:00 AM,Leche Pequena,1.0,1.5
4671,2026-07-27,2026-08-02,9:00:00 AM,Maduros,2.0,8.98
4672,2026-07-27,2026-08-02,9:00:00 AM,Malboro Light,1.0,12.0
4673,2026-07-27,2026-08-02,9:00:00 AM,Mariquitas.Togo,1.0,4.5
4674,2026-07-27,2026-08-02,9:00:00 AM,Media Noche,4.0,40.76
4675,2026-07-27,2026-08-02,9:00:00 AM,Miami Sandwich,1.0,12.19
4676,2026-07-27,2026-08-02,9:00:00 AM,Misc Cocina,2.0,4.49
4677,2026-07-27,2026-08-02,9:00:00 AM,Mofongo Puerco,1.0,16.99
4678,2026-07-27,2026-08-02,9:00:00 AM,Moros,1.0,3.99
4679,2026-07-27,2026-08-02,9:00:00 AM,Newport,2.0,25.5
4680,2026-07-27,2026-08-02,9:00:00 AM,Paleta.Lasquiada,1.0,120.19
4681,2026-07-27,2026-08-02,9:00:00 AM,Pan Con Bistec,1.0,11.19
4682,2026-07-27,2026-08-02,9:00:00 AM,Pan Con Tortilla,11.0,126.69
4683,2026-07-27,2026-08-02,9:00:00 AM,Pan De Bono,3.0,5.97
4684,2026-07-27,2026-08-02,9:00:00 AM,Papa Casa,1.0,3.99
4685,2026-07-27,2026-08-02,9:00:00 AM,Papa Rellena,2.0,5.98
4686,2026-07-27,2026-08-02,9:00:00 AM,Papas Fritas,1.0,4.49
4687,2026-07-27,2026-08-02,9:00:00 AM,Pasteles Carne,1.0,1.5
4688,2026-07-27,2026-08-02,9:00:00 AM,Pasteles Guayaba,5.0,7.5
4689,2026-07-27,2026-08-02,9:00:00 AM,Perico De Claras,1.0,14.49
4690,2026-07-27,2026-08-02,9:00:00 AM,Perico Ripiado,16.0,201.24
4691,2026-07-27,2026-08-02,9:00:00 AM,Queso Crema,3.0,5.25
4692,2026-07-27,2026-08-02,9:00:00 AM,Ranchero,1.0,12.5
4693,2026-07-27,2026-08-02,9:00:00 AM,Rinconcito Breakfast,8.0,113.32
4694,2026-07-27,2026-08-02,9:00:00 AM,Sachichas,1.0,2.99
4695,2026-07-27,2026-08-02,9:00:00 AM,Sandweches Pollo,1.0,11.69
4696,2026-07-27,2026-08-02,9:00:00 AM,Sandwich Bacon,1.0,11.49
4697,2026-07-27,2026-08-02,9:00:00 AM,Sopa De Pollo Grande,1.0,8.49
4698,2026-07-27,2026-08-02,9:00:00 AM,Sopa De Res Mediana,1.0,7.99
4699,2026-07-27,2026-08-02,9:00:00 AM,Sopa Platano Mediana,2.0,13.98
4700,2026-07-27,2026-08-02,9:00:00 AM,Sopa Pollo Media,3.0,16.47
4701,2026-07-27,2026-08-02,9:00:00 AM,Sopa. Pollo Chiquita,1.0,3.5
4702,2026-07-27,2026-08-02,9:00:00 AM,Spriet,2.0,5.0
4704,2026-07-27,2026-08-02,9:00:00 AM,Tamal.Cazuela Grande,1.0,11.19
4706,2026-07-27,2026-08-02,9:00:00 AM,Tortilla,7.0,89.58
4707,2026-07-27,2026-08-02,9:00:00 AM,Tostada,29.0,57.71
4708,2026-07-27,2026-08-02,9:00:00 AM,Tostada 2 Croquetas,2.0,11.18
4709,2026-07-27,2026-08-02,9:00:00 AM,Western Omlet Reg,1.0,12.19
4710,2026-07-27,2026-08-02,9:00:00 PM,305 Morados,2.0,12.5
4713,2026-07-27,2026-08-02,9:00:00 PM,Agua Perrier,1.0,3.49
4714,2026-07-27,2026-08-02,9:00:00 PM,Aguacate De 3.00,1.0,3.0
4715,2026-07-27,2026-08-02,9:00:00 PM,Ajiaco Mediano,1.0,7.19
4716,2026-07-27,2026-08-02,9:00:00 PM,Arroz Blanco,2.0,6.5
4717,2026-07-27,2026-08-02,9:00:00 PM,Arroz Chiquito,1.0,3.25
4718,2026-07-27,2026-08-02,9:00:00 PM,Arroz Con Leche,1.0,5.49
4719,2026-07-27,2026-08-02,9:00:00 PM,Arroz Con Pollo,1.0,13.69
4720,2026-07-27,2026-08-02,9:00:00 PM,Arroz Frito,1.0,13.49
4721,2026-07-27,2026-08-02,9:00:00 PM,Baby Churrasco,4.0,78.16
4722,2026-07-27,2026-08-02,9:00:00 PM,Bananas.3 $ 1.50,1.0,1.5
4723,2026-07-27,2026-08-02,9:00:00 PM,Batido Chocolate,2.0,9.98
4724,2026-07-27,2026-08-02,9:00:00 PM,Batido Fruta Bonba,1.0,4.99
4725,2026-07-27,2026-08-02,9:00:00 PM,Batido Mamey,2.0,10.98
4726,2026-07-27,2026-08-02,9:00:00 PM,Batido Mango,1.0,4.99
4727,2026-07-27,2026-08-02,9:00:00 PM,Batido Vainilla,1.0,4.99
4728,2026-07-27,2026-08-02,9:00:00 PM,Bistec De Pollo,11.0,151.49
4729,2026-07-27,2026-08-02,9:00:00 PM,Bistec Palomilla,1.0,18.19
4730,2026-07-27,2026-08-02,9:00:00 PM,Boliche,1.0,15.19
4731,2026-07-27,2026-08-02,9:00:00 PM,Boniato Hervido,1.0,4.99
4732,2026-07-27,2026-08-02,9:00:00 PM,Bud Light,1.0,4.99
4733,2026-07-27,2026-08-02,9:00:00 PM,Caf.Lec.Evap.Chico,1.0,3.0
4734,2026-07-27,2026-08-02,9:00:00 PM,Cafe Con Leche Pequeno,1.0,2.5
4735,2026-07-27,2026-08-02,9:00:00 PM,Cafe Cubano,5.0,7.5
4736,2026-07-27,2026-08-02,9:00:00 PM,Camarone A La Plancha,1.0,19.99
4738,2026-07-27,2026-08-02,9:00:00 PM,Carne Con Papas,2.0,29.18
4739,2026-07-27,2026-08-02,9:00:00 PM,Chichar Pollo C Hueso,1.0,13.69
4740,2026-07-27,2026-08-02,9:00:00 PM,Chicharo Mediano,1.0,6.99
4741,2026-07-27,2026-08-02,9:00:00 PM,Chuletas De Puerco,1.0,13.69
4742,2026-07-27,2026-08-02,9:00:00 PM,Churrasco,1.0,26.19
4743,2026-07-27,2026-08-02,9:00:00 PM,Club Sandwich,1.0,11.99
4744,2026-07-27,2026-08-02,9:00:00 PM,Coctel De Camarones,1.0,17.0
4745,2026-07-27,2026-08-02,9:00:00 PM,Coke,3.0,7.5
4746,2026-07-27,2026-08-02,9:00:00 PM,Coke Cero,1.0,2.5
4747,2026-07-27,2026-08-02,9:00:00 PM,Colada,2.0,5.5
4748,2026-07-27,2026-08-02,9:00:00 PM,Copa Vino,1.0,8.99
4749,2026-07-27,2026-08-02,9:00:00 PM,Cortadito,2.0,3.98
4750,2026-07-27,2026-08-02,9:00:00 PM,Cortadito Evaporada,2.0,5.0
4751,2026-07-27,2026-08-02,9:00:00 PM,Crema Brocoly,4.0,37.0
4752,2026-07-27,2026-08-02,9:00:00 PM,Crema Calabazachiquit,2.0,9.0
4753,2026-07-27,2026-08-02,9:00:00 PM,Crema Malanga Mediana,4.0,27.96
4754,2026-07-27,2026-08-02,9:00:00 PM,Crema Malanga.Grande,3.0,31.47
4755,2026-07-27,2026-08-02,9:00:00 PM,Croqueta Jamon,9.0,15.75
4756,2026-07-27,2026-08-02,9:00:00 PM,Croqueta Preparada,1.0,12.19
4757,2026-07-27,2026-08-02,9:00:00 PM,Cubano Regular,1.0,10.19
4758,2026-07-27,2026-08-02,9:00:00 PM,Deditos .Pescado,1.0,13.99
4759,2026-07-27,2026-08-02,9:00:00 PM,Deditos De Pollo,1.0,12.99
4760,2026-07-27,2026-08-02,9:00:00 PM,Deditos De Pollo Kids,1.0,8.19
4761,2026-07-27,2026-08-02,9:00:00 PM,Deditos De Queso,3.0,5.97
4762,2026-07-27,2026-08-02,9:00:00 PM,Diet Materva,2.0,5.0
4763,2026-07-27,2026-08-02,9:00:00 PM,Elena Ruz,1.0,10.19
4764,2026-07-27,2026-08-02,9:00:00 PM,Empanada Carne,15.0,44.85
4765,2026-07-27,2026-08-02,9:00:00 PM,Empanada Pollo,2.0,5.98
4766,2026-07-27,2026-08-02,9:00:00 PM,Enpanisado. Res,2.0,32.38
4767,2026-07-27,2026-08-02,9:00:00 PM,Ensala Aguacat Peque,2.0,9.0
4768,2026-07-27,2026-08-02,9:00:00 PM,Ensala Pollo 2 Croquet,3.0,37.47
4769,2026-07-27,2026-08-02,9:00:00 PM,Fabada Grande,1.0,10.69
4770,2026-07-27,2026-08-02,9:00:00 PM,Fabada Mediana,1.0,6.99
4771,2026-07-27,2026-08-02,9:00:00 PM,Filete Curvina Plancha,1.0,18.99
4772,2026-07-27,2026-08-02,9:00:00 PM,Filete Curvina Salsa,1.0,21.0
4773,2026-07-27,2026-08-02,9:00:00 PM,Filetillo De Carne,1.0,13.69
4774,2026-07-27,2026-08-02,9:00:00 PM,Flan,1.0,4.99
4775,2026-07-27,2026-08-02,9:00:00 PM,Frijol Mediano,3.0,14.97
4776,2026-07-27,2026-08-02,9:00:00 PM,Galleta Deliciosas,1.0,3.6
4777,2026-07-27,2026-08-02,9:00:00 PM,Guarapo,1.0,5.25
4778,2026-07-27,2026-08-02,9:00:00 PM,Horde Depan,1.0,1.5
4779,2026-07-27,2026-08-02,9:00:00 PM,Horden De 3 Chicharone,4.0,13.0
4780,2026-07-27,2026-08-02,9:00:00 PM,Iron Beer,1.0,2.5
4781,2026-07-27,2026-08-02,9:00:00 PM,Jarrito Naranja,1.0,3.49
4782,2026-07-27,2026-08-02,9:00:00 PM,Jugo Maraculla,2.0,9.0
4783,2026-07-27,2026-08-02,9:00:00 PM,Jugo Pina,1.0,4.5
4784,2026-07-27,2026-08-02,9:00:00 PM,Jugo Zanahoria Naraja,1.0,4.99
4785,2026-07-27,2026-08-02,9:00:00 PM,Jugo.Naranja,3.0,15.75
4786,2026-07-27,2026-08-02,9:00:00 PM,Jupina Dieta,1.0,2.5
4787,2026-07-27,2026-08-02,9:00:00 PM,Limonada,2.0,9.0
4788,2026-07-27,2026-08-02,9:00:00 PM,Madio.Pollo A La Brasa,2.0,28.38
4789,2026-07-27,2026-08-02,9:00:00 PM,Maduros,2.0,8.98
4790,2026-07-27,2026-08-02,9:00:00 PM,Malboro Light,1.0,12.0
4791,2026-07-27,2026-08-02,9:00:00 PM,Masas De Puerco,2.0,27.98
4792,2026-07-27,2026-08-02,9:00:00 PM,Medio Pollo A Brasa,1.0,13.19
4793,2026-07-27,2026-08-02,9:00:00 PM,Melon..Sandia,2.0,9.0
4794,2026-07-27,2026-08-02,9:00:00 PM,Miami Sandwich,1.0,11.99
4795,2026-07-27,2026-08-02,9:00:00 PM,Milanesa Res,1.0,20.19
4796,2026-07-27,2026-08-02,9:00:00 PM,Natilla,1.0,4.99
4797,2026-07-27,2026-08-02,9:00:00 PM,Natilla Catalana,1.0,6.25
4798,2026-07-27,2026-08-02,9:00:00 PM,Paella Valenciana,1.0,41.99
4799,2026-07-27,2026-08-02,9:00:00 PM,Pan Con Bistec,4.0,44.36
4800,2026-07-27,2026-08-02,9:00:00 PM,Pan Jamaica,2.0,3.2
4801,2026-07-27,2026-08-02,9:00:00 PM,Papas Fritas,1.0,4.49
4802,2026-07-27,2026-08-02,9:00:00 PM,Picadillo,2.0,28.38
4803,2026-07-27,2026-08-02,9:00:00 PM,Racion De Malanga,2.0,11.98
4804,2026-07-27,2026-08-02,9:00:00 PM,Ropa Vieja,2.0,31.880000000000003
4805,2026-07-27,2026-08-02,9:00:00 PM,Solo.Tomate,1.0,2.5
4806,2026-07-27,2026-08-02,9:00:00 PM,Sopa De Pollo Grande,7.0,59.43
4807,2026-07-27,2026-08-02,9:00:00 PM,Sopa Pollo Media,6.0,32.94
4809,2026-07-27,2026-08-02,9:00:00 PM,Tama. Cazuela Chiquito,1.0,4.5
4811,2026-07-27,2026-08-02,9:00:00 PM,Tostada,2.0,3.98
4812,2026-07-27,2026-08-02,9:00:00 PM,Tres Leches,3.0,17.97
4813,2026-07-27,2026-08-02,9:00:00 PM,Vaca Frita,7.0,118.13
4815,2026-08-03,2026-08-09,10:00:00 AM,"1,,Wafle",1.0,2.5
4816,2026-08-03,2026-08-09,10:00:00 AM,2 Piezas De Cordero,1.0,25.19
4817,2026-08-03,2026-08-09,10:00:00 AM,"2,,Wafle",1.0,4.99
4818,2026-08-03,2026-08-09,10:00:00 AM,"3,,Panqueques",1.0,5.99
4819,2026-08-03,2026-08-09,10:00:00 AM,305 Morados,2.0,12.5
4822,2026-08-03,2026-08-09,10:00:00 AM,Agua Natural,2.0,3.98
4823,2026-08-03,2026-08-09,10:00:00 AM,Aguacate $5.00,1.0,5.0
4824,2026-08-03,2026-08-09,10:00:00 AM,Aguacate$4.00,1.0,4.0
4825,2026-08-03,2026-08-09,10:00:00 AM,Arroz Blanco,2.0,6.5
4826,2026-08-03,2026-08-09,10:00:00 AM,Arroz Chiquito,1.0,3.25
4827,2026-08-03,2026-08-09,10:00:00 AM,Arroz Con Leche,1.0,5.49
4828,2026-08-03,2026-08-09,10:00:00 AM,Arroz Con Pollo,1.0,13.69
4829,2026-08-03,2026-08-09,10:00:00 AM,Arroz Con Puerco,1.0,13.19
4830,2026-08-03,2026-08-09,10:00:00 AM,Baby Churrasco,1.0,19.99
4831,2026-08-03,2026-08-09,10:00:00 AM,Bacon,3.0,14.97
4832,2026-08-03,2026-08-09,10:00:00 AM,Banana,3.0,1.5
4833,2026-08-03,2026-08-09,10:00:00 AM,Batido Mamey,5.0,27.45
4834,2026-08-03,2026-08-09,10:00:00 AM,Batido Trigo,1.0,4.99
4835,2026-08-03,2026-08-09,10:00:00 AM,Best Mango,4.0,11.96
4836,2026-08-03,2026-08-09,10:00:00 AM,Bistec A Caballo,9.0,130.81
4837,2026-08-03,2026-08-09,10:00:00 AM,Bistec De Pollo,6.0,82.94
4838,2026-08-03,2026-08-09,10:00:00 AM,Bistec Palomilla,2.0,35.98
4839,2026-08-03,2026-08-09,10:00:00 AM,Boliche,1.0,15.19
4840,2026-08-03,2026-08-09,10:00:00 AM,Caf.Lec.Grande.Eva,1.0,5.5
4841,2026-08-03,2026-08-09,10:00:00 AM,Cafe American Grande,1.0,3.25
4842,2026-08-03,2026-08-09,10:00:00 AM,Cafe American Mediano,1.0,3.0
4843,2026-08-03,2026-08-09,10:00:00 AM,Cafe Con Leche Grande,6.0,27.0
4844,2026-08-03,2026-08-09,10:00:00 AM,Cafe Con Leche Mediano,4.0,15.0
4845,2026-08-03,2026-08-09,10:00:00 AM,Cafe Con Leche Pequeno,10.0,25.0
4846,2026-08-03,2026-08-09,10:00:00 AM,Cafe Cubano,26.0,39.0
4847,2026-08-03,2026-08-09,10:00:00 AM,Caldo Gallego.Mediano,1.0,7.99
4848,2026-08-03,2026-08-09,10:00:00 AM,Caldo.Gallego Grande,1.0,11.69
4849,2026-08-03,2026-08-09,10:00:00 AM,Camoron Salsa Alfredo,1.0,19.99
4852,2026-08-03,2026-08-09,10:00:00 AM,Chevere,2.0,2.5
4853,2026-08-03,2026-08-09,10:00:00 AM,Chicharo Grande,2.0,18.38
4854,2026-08-03,2026-08-09,10:00:00 AM,Cholcolate Chico,1.0,2.89
4855,2026-08-03,2026-08-09,10:00:00 AM,Chuletas De Puerco,1.0,14.49
4856,2026-08-03,2026-08-09,10:00:00 AM,Churrasco,1.0,25.99
4857,2026-08-03,2026-08-09,10:00:00 AM,Coke,4.0,10.0
4858,2026-08-03,2026-08-09,10:00:00 AM,Colada,6.0,16.5
4859,2026-08-03,2026-08-09,10:00:00 AM,Colorados Grande,2.0,19.38
4860,2026-08-03,2026-08-09,10:00:00 AM,Con Evaporada,1.0,1.5
4861,2026-08-03,2026-08-09,10:00:00 AM,Cortadito,5.0,9.95
4862,2026-08-03,2026-08-09,10:00:00 AM,Cortadito Evaporada,3.0,7.5
4863,2026-08-03,2026-08-09,10:00:00 AM,Crema Calabaza Grande,1.0,9.99
4864,2026-08-03,2026-08-09,10:00:00 AM,Crema Calabaza Median,1.0,6.99
4865,2026-08-03,2026-08-09,10:00:00 AM,Crema Malanga Mediana,1.0,6.99
4866,2026-08-03,2026-08-09,10:00:00 AM,Croqueta Bacalao,4.0,7.96
4867,2026-08-03,2026-08-09,10:00:00 AM,Croqueta Jamon,63.0,110.25
4868,2026-08-03,2026-08-09,10:00:00 AM,Croqueta Pollo,4.0,7.0
4869,2026-08-03,2026-08-09,10:00:00 AM,Cubano Regular,2.0,20.18
4870,2026-08-03,2026-08-09,10:00:00 AM,Deditos De Pescado,1.0,16.19
4871,2026-08-03,2026-08-09,10:00:00 AM,Deditos De Queso,3.0,5.97
4872,2026-08-03,2026-08-09,10:00:00 AM,Desallunos,45.0,559.05
4873,2026-08-03,2026-08-09,10:00:00 AM,Diet Materva,1.0,2.5
4874,2026-08-03,2026-08-09,10:00:00 AM,Dulce De Leche,1.0,5.49
4875,2026-08-03,2026-08-09,10:00:00 AM,Empanada Carne,13.0,38.87
4876,2026-08-03,2026-08-09,10:00:00 AM,Empanada Jamon/Queso,3.0,8.97
4877,2026-08-03,2026-08-09,10:00:00 AM,Empanada Pollo,3.0,8.97
4878,2026-08-03,2026-08-09,10:00:00 AM,Empnda Espinaca/Queso,2.0,5.98
4879,2026-08-03,2026-08-09,10:00:00 AM,Enpanada Colonbiana,3.0,7.47
4880,2026-08-03,2026-08-09,10:00:00 AM,Ensalada Aguacat Grand,1.0,5.5
4881,2026-08-03,2026-08-09,10:00:00 AM,Fabada Grande,1.0,10.69
4882,2026-08-03,2026-08-09,10:00:00 AM,Filete Pescado Planch,1.0,16.99
4883,2026-08-03,2026-08-09,10:00:00 AM,Filete Salmon,1.0,18.2
4884,2026-08-03,2026-08-09,10:00:00 AM,Filetillo De Carne,1.0,13.69
4885,2026-08-03,2026-08-09,10:00:00 AM,Fricase Puerco,1.0,13.45
4886,2026-08-03,2026-08-09,10:00:00 AM,Galleta Deliciosas,1.0,3.6
4887,2026-08-03,2026-08-09,10:00:00 AM,Guarapo,5.0,26.25
4888,2026-08-03,2026-08-09,10:00:00 AM,Harina Grande,1.0,10.19
4889,2026-08-03,2026-08-09,10:00:00 AM,Harina Mediana,1.0,6.45
4890,2026-08-03,2026-08-09,10:00:00 AM,Huevo Frito,4.0,6.0
4891,2026-08-03,2026-08-09,10:00:00 AM,Imperial,1.0,12.19
4892,2026-08-03,2026-08-09,10:00:00 AM,Jarrito Naranja,1.0,3.49
4893,2026-08-03,2026-08-09,10:00:00 AM,Jugo Maraculla,1.0,4.5
4894,2026-08-03,2026-08-09,10:00:00 AM,Jugo Pina,2.0,9.0
4895,2026-08-03,2026-08-09,10:00:00 AM,Jugo Zanahoria Naraja,1.0,4.99
4896,2026-08-03,2026-08-09,10:00:00 AM,Jugo.Naranja,12.0,63.0
4897,2026-08-03,2026-08-09,10:00:00 AM,Leche Malteada,1.0,4.99
4898,2026-08-03,2026-08-09,10:00:00 AM,Leche Pequena,1.0,1.5
4899,2026-08-03,2026-08-09,10:00:00 AM,Lentejas Mediana,1.0,6.99
4900,2026-08-03,2026-08-09,10:00:00 AM,Limonada,2.0,9.0
4901,2026-08-03,2026-08-09,10:00:00 AM,Maduros,1.0,4.49
4902,2026-08-03,2026-08-09,10:00:00 AM,Masas De Puerco,5.0,69.95
4903,2026-08-03,2026-08-09,10:00:00 AM,Materva,1.0,2.5
4904,2026-08-03,2026-08-09,10:00:00 AM,Media Noche,4.0,40.56
4905,2026-08-03,2026-08-09,10:00:00 AM,Medio Pollo Frito,1.0,13.69
4906,2026-08-03,2026-08-09,10:00:00 AM,Melon..Sandia,1.0,4.5
4907,2026-08-03,2026-08-09,10:00:00 AM,Misc Cocina,1.0,3.0
4908,2026-08-03,2026-08-09,10:00:00 AM,Moros,1.0,3.99
4909,2026-08-03,2026-08-09,10:00:00 AM,Palomilla Baby,2.0,22.0
4910,2026-08-03,2026-08-09,10:00:00 AM,Pan Con Bistec,3.0,33.57
4911,2026-08-03,2026-08-09,10:00:00 AM,Pan Con Lechon,1.0,9.69
4912,2026-08-03,2026-08-09,10:00:00 AM,Pan Con Tortilla,3.0,33.37
4913,2026-08-03,2026-08-09,10:00:00 AM,Papa Casa,1.0,3.99
4914,2026-08-03,2026-08-09,10:00:00 AM,Papa Rellena,2.0,5.98
4915,2026-08-03,2026-08-09,10:00:00 AM,Papas Fritas,4.0,17.96
4916,2026-08-03,2026-08-09,10:00:00 AM,Pasteles Guayaba,4.0,6.0
4917,2026-08-03,2026-08-09,10:00:00 AM,Pasteles Queso,3.0,4.5
4918,2026-08-03,2026-08-09,10:00:00 AM,Pasteles Queso/Guayaba,4.0,6.0
4919,2026-08-03,2026-08-09,10:00:00 AM,Perico De Claras,1.0,13.19
4920,2026-08-03,2026-08-09,10:00:00 AM,Perico Ripiado,11.0,134.59
4921,2026-08-03,2026-08-09,10:00:00 AM,Picadillo,1.0,14.69
4922,2026-08-03,2026-08-09,10:00:00 AM,Queso Crema,1.0,1.75
4923,2026-08-03,2026-08-09,10:00:00 AM,Rabo Encendido,3.0,72.37
4924,2026-08-03,2026-08-09,10:00:00 AM,Regular De Pierna,1.0,9.19
4925,2026-08-03,2026-08-09,10:00:00 AM,Rinconcito Breakfast,6.0,84.34
4926,2026-08-03,2026-08-09,10:00:00 AM,Ropa Vieja,1.0,15.19
4927,2026-08-03,2026-08-09,10:00:00 AM,Sandweches Pollo,1.0,11.69
4928,2026-08-03,2026-08-09,10:00:00 AM,Sdwc Tuna Regular,1.0,10.69
4929,2026-08-03,2026-08-09,10:00:00 AM,Sopa De Res Grande,4.0,48.36
4930,2026-08-03,2026-08-09,10:00:00 AM,Sopa De Res Mediana,2.0,16.18
4931,2026-08-03,2026-08-09,10:00:00 AM,Sopa Pescado Grande,2.0,21.98
4932,2026-08-03,2026-08-09,10:00:00 AM,Sopa Pollo Media,2.0,10.98
4934,2026-08-03,2026-08-09,10:00:00 AM,Tamal.Cazuela Grande,2.0,22.38
4936,2026-08-03,2026-08-09,10:00:00 AM,Tortilla,7.0,82.08
4937,2026-08-03,2026-08-09,10:00:00 AM,Tostada,17.0,33.83
4938,2026-08-03,2026-08-09,10:00:00 AM,Tostada 2 Croquetas,1.0,5.19
4939,2026-08-03,2026-08-09,10:00:00 AM,Tres Leches,5.0,29.95
4940,2026-08-03,2026-08-09,10:00:00 AM,Vaca Frita,1.0,17.99
4941,2026-08-03,2026-08-09,10:00:00 AM,Western Omlet Reg,1.0,10.99
4943,2026-08-03,2026-08-09,10:00:00 PM,Agua Natural,3.0,5.97
4944,2026-08-03,2026-08-09,10:00:00 PM,Arroz Con Leche,2.0,10.98
4945,2026-08-03,2026-08-09,10:00:00 PM,Horden De 3 Chicharone,1.0,3.25
4947,2026-08-03,2026-08-09,10:00:00 PM,Sopa De Pollo Grande,1.0,8.49
4948,2026-08-03,2026-08-09,10:00:00 PM,Tres Leches,1.0,5.99
4949,2026-08-03,2026-08-09,11:00:00 AM,1 Pieza De Cordero,1.0,17.99
4950,2026-08-03,2026-08-09,11:00:00 AM,"1,,Wafle",2.0,5.0
4951,2026-08-03,2026-08-09,11:00:00 AM,1.Libra Ensala Pollo,1.0,8.99
4952,2026-08-03,2026-08-09,11:00:00 AM,"3,,Panqueques",3.0,17.97
4953,2026-08-03,2026-08-09,11:00:00 AM,305 Morados,3.0,18.75
4956,2026-08-03,2026-08-09,11:00:00 AM,Agua Natural,4.0,7.96
4957,2026-08-03,2026-08-09,11:00:00 AM,Agua Perrier,7.0,24.43
4958,2026-08-03,2026-08-09,11:00:00 AM,Aguacate$4.00,1.0,4.0
4959,2026-08-03,2026-08-09,11:00:00 AM,Ajiaco Mediano,2.0,14.18
4960,2026-08-03,2026-08-09,11:00:00 AM,Ajiaco..Grande,7.0,74.83
4961,2026-08-03,2026-08-09,11:00:00 AM,Arroz Blanco,2.0,6.5
4962,2026-08-03,2026-08-09,11:00:00 AM,Arroz Con Leche,1.0,5.49
4963,2026-08-03,2026-08-09,11:00:00 AM,Arroz Con Pollo,2.0,26.38
4964,2026-08-03,2026-08-09,11:00:00 AM,Arroz Con Puerco,1.0,12.99
4965,2026-08-03,2026-08-09,11:00:00 AM,Arroz Frito,1.0,14.69
4966,2026-08-03,2026-08-09,11:00:00 AM,Arroz Imperial,2.0,28.38
4967,2026-08-03,2026-08-09,11:00:00 AM,Arroz Pollo.Desmenuza,1.0,12.69
4968,2026-08-03,2026-08-09,11:00:00 AM,Baby Churrasco,4.0,74.16
4969,2026-08-03,2026-08-09,11:00:00 AM,Bacalao Viscaina,3.0,60.17
4970,2026-08-03,2026-08-09,11:00:00 AM,Bacon,1.0,4.99
4971,2026-08-03,2026-08-09,11:00:00 AM,Batido Banana,1.0,4.99
4972,2026-08-03,2026-08-09,11:00:00 AM,Batido Chocolate,2.0,9.98
4973,2026-08-03,2026-08-09,11:00:00 AM,Batido Fruta Bonba,3.0,14.97
4974,2026-08-03,2026-08-09,11:00:00 AM,Batido Mamey,15.0,82.35
4975,2026-08-03,2026-08-09,11:00:00 AM,Batido Trigo,2.0,9.98
4976,2026-08-03,2026-08-09,11:00:00 AM,Bistec A Caballo,11.0,166.54
4977,2026-08-03,2026-08-09,11:00:00 AM,Bistec De Pollo,17.0,231.93
4978,2026-08-03,2026-08-09,11:00:00 AM,Bistec De Puerco,2.0,31.18
4979,2026-08-03,2026-08-09,11:00:00 AM,Bistec En Cazuela,1.0,14.69
4980,2026-08-03,2026-08-09,11:00:00 AM,Bistec Palomilla,5.0,90.75
4981,2026-08-03,2026-08-09,11:00:00 AM,Bola Ensalada Pollo,1.0,3.25
4982,2026-08-03,2026-08-09,11:00:00 AM,Boniato Frito,1.0,4.99
4983,2026-08-03,2026-08-09,11:00:00 AM,Boñuelos,1.0,5.49
4984,2026-08-03,2026-08-09,11:00:00 AM,Caesar /Pollo,1.0,12.99
4985,2026-08-03,2026-08-09,11:00:00 AM,Caf.Lec.Evap.Chico,1.0,3.0
4986,2026-08-03,2026-08-09,11:00:00 AM,Cafe Americano Chiquit,1.0,2.99
4987,2026-08-03,2026-08-09,11:00:00 AM,Cafe Con Leche Grande,1.0,4.5
4988,2026-08-03,2026-08-09,11:00:00 AM,Cafe Con Leche Pequeno,21.0,52.5
4989,2026-08-03,2026-08-09,11:00:00 AM,Cafe Cubano,23.0,34.5
4990,2026-08-03,2026-08-09,11:00:00 AM,Caldo Gallego.Chiquito,1.0,4.49
4991,2026-08-03,2026-08-09,11:00:00 AM,Caldo.Gallego Grande,1.0,11.69
4995,2026-08-03,2026-08-09,11:00:00 AM,Carne Con Papas,4.0,58.76
4996,2026-08-03,2026-08-09,11:00:00 AM,Chevere,4.0,5.0
4997,2026-08-03,2026-08-09,11:00:00 AM,Chichar Pollo C Hueso,1.0,13.69
4998,2026-08-03,2026-08-09,11:00:00 AM,Chicharo Grande,2.0,18.38
4999,2026-08-03,2026-08-09,11:00:00 AM,Chicharo Mediano,2.0,13.98
5000,2026-08-03,2026-08-09,11:00:00 AM,Chuletas De Puerco,2.0,28.38
5001,2026-08-03,2026-08-09,11:00:00 AM,Churrasco,1.0,25.99
5002,2026-08-03,2026-08-09,11:00:00 AM,Cocacola.Botella,1.0,3.49
5003,2026-08-03,2026-08-09,11:00:00 AM,Coke,12.0,30.0
5004,2026-08-03,2026-08-09,11:00:00 AM,Coke Cero,1.0,2.5
5005,2026-08-03,2026-08-09,11:00:00 AM,Colada,5.0,13.75
5006,2026-08-03,2026-08-09,11:00:00 AM,Colorados Grande,1.0,9.69
5007,2026-08-03,2026-08-09,11:00:00 AM,Cortadito,13.0,28.47
5008,2026-08-03,2026-08-09,11:00:00 AM,Cortadito Evaporada,6.0,15.0
5009,2026-08-03,2026-08-09,11:00:00 AM,Crema Calabaza Grande,1.0,9.99
5010,2026-08-03,2026-08-09,11:00:00 AM,Crema Calabaza Median,3.0,20.97
5011,2026-08-03,2026-08-09,11:00:00 AM,Crema Grande Calabaza,1.0,10.19
5012,2026-08-03,2026-08-09,11:00:00 AM,Crema Malanga Mediana,5.0,34.95
5013,2026-08-03,2026-08-09,11:00:00 AM,Crema Malanga.Grande,6.0,62.94
5014,2026-08-03,2026-08-09,11:00:00 AM,Crema Vegetales Median,4.0,27.96
5015,2026-08-03,2026-08-09,11:00:00 AM,Croqueta Bacalao,5.0,9.95
5016,2026-08-03,2026-08-09,11:00:00 AM,Croqueta Jamon,51.0,89.25
5017,2026-08-03,2026-08-09,11:00:00 AM,Croqueta Pollo,4.0,7.0
5018,2026-08-03,2026-08-09,11:00:00 AM,Croqueta Preparada,3.0,36.37
5019,2026-08-03,2026-08-09,11:00:00 AM,Cubano Regular,1.0,10.19
5020,2026-08-03,2026-08-09,11:00:00 AM,Deditos De Pescado,2.0,32.38
5021,2026-08-03,2026-08-09,11:00:00 AM,Deditos De Pollo,1.0,13.19
5022,2026-08-03,2026-08-09,11:00:00 AM,Deditos De Queso,2.0,3.98
5023,2026-08-03,2026-08-09,11:00:00 AM,Deditos Queso/Guayaba,2.0,3.98
5024,2026-08-03,2026-08-09,11:00:00 AM,Desallunos,45.0,561.05
5025,2026-08-03,2026-08-09,11:00:00 AM,Diet Coke,2.0,4.5
5026,2026-08-03,2026-08-09,11:00:00 AM,Dulce De Leche,1.0,5.49
5027,2026-08-03,2026-08-09,11:00:00 AM,Elena Ruz,1.0,9.99
5028,2026-08-03,2026-08-09,11:00:00 AM,Empanada Carne,10.0,29.9
5029,2026-08-03,2026-08-09,11:00:00 AM,Empanada Jamon/Queso,7.0,20.93
5030,2026-08-03,2026-08-09,11:00:00 AM,Empanada Pollo,2.0,5.98
5031,2026-08-03,2026-08-09,11:00:00 AM,Empnda Espinaca/Queso,2.0,5.98
5032,2026-08-03,2026-08-09,11:00:00 AM,Enpanisado. Res,2.0,34.18
5033,2026-08-03,2026-08-09,11:00:00 AM,"Enpellas,Chicharones",1.0,6.0
5034,2026-08-03,2026-08-09,11:00:00 AM,Ensala Aguacat Peque,6.0,27.0
5035,2026-08-03,2026-08-09,11:00:00 AM,Ensala Pollo 2 Croquet,3.0,37.47
5036,2026-08-03,2026-08-09,11:00:00 AM,Ensalada Mixta,1.0,6.5
5037,2026-08-03,2026-08-09,11:00:00 AM,Ensalda De Tuna,1.0,11.99
5038,2026-08-03,2026-08-09,11:00:00 AM,Extra Aguacate,2.0,3.75
5039,2026-08-03,2026-08-09,11:00:00 AM,Extra Queso Crema,1.0,1.75
5040,2026-08-03,2026-08-09,11:00:00 AM,Fabada Grande,3.0,32.07
5041,2026-08-03,2026-08-09,11:00:00 AM,Fabada Mediana,2.0,14.18
5042,2026-08-03,2026-08-09,11:00:00 AM,Filete Pargo Plancha,2.0,41.98
5043,2026-08-03,2026-08-09,11:00:00 AM,Filete Salmon,2.0,36.4
5044,2026-08-03,2026-08-09,11:00:00 AM,Filetill Pollo Salsa,1.0,16.19
5045,2026-08-03,2026-08-09,11:00:00 AM,Filetillo De Carne,1.0,13.69
5046,2026-08-03,2026-08-09,11:00:00 AM,Flan Especial,1.0,5.99
5047,2026-08-03,2026-08-09,11:00:00 AM,Frijol Grande,1.0,7.99
5048,2026-08-03,2026-08-09,11:00:00 AM,Frijol Mediano,3.0,14.97
5049,2026-08-03,2026-08-09,11:00:00 AM,Frita Cubana,1.0,9.99
5050,2026-08-03,2026-08-09,11:00:00 AM,Frituras De Malanga,1.0,6.5
5051,2026-08-03,2026-08-09,11:00:00 AM,Galleta Deliciosas,2.0,7.2
5052,2026-08-03,2026-08-09,11:00:00 AM,Garbanzo Grande,1.0,10.49
5053,2026-08-03,2026-08-09,11:00:00 AM,Garbanzo.Frito,1.0,14.19
5054,2026-08-03,2026-08-09,11:00:00 AM,Garbanzo.Mediano,3.0,20.97
5055,2026-08-03,2026-08-09,11:00:00 AM,Guarapo,2.0,10.5
5056,2026-08-03,2026-08-09,11:00:00 AM,Harina Pequeña,2.0,8.18
5057,2026-08-03,2026-08-09,11:00:00 AM,Huevo Frito,10.0,15.0
5058,2026-08-03,2026-08-09,11:00:00 AM,Huevo Hervido,8.0,14.0
5059,2026-08-03,2026-08-09,11:00:00 AM,Iron Beer,1.0,2.5
5060,2026-08-03,2026-08-09,11:00:00 AM,Jugo Maraculla,2.0,9.0
5061,2026-08-03,2026-08-09,11:00:00 AM,Jugo Pina,4.0,18.0
5062,2026-08-03,2026-08-09,11:00:00 AM,Jugo Zanahoria Naraja,1.0,4.99
5063,2026-08-03,2026-08-09,11:00:00 AM,Jugo.Naranja,14.0,73.5
5064,2026-08-03,2026-08-09,11:00:00 AM,Jupina Dieta,1.0,2.5
5065,2026-08-03,2026-08-09,11:00:00 AM,Leche Pequena,1.0,1.5
5066,2026-08-03,2026-08-09,11:00:00 AM,Lechon Asado,1.0,14.19
5067,2026-08-03,2026-08-09,11:00:00 AM,Lentejas Grande,2.0,18.98
5068,2026-08-03,2026-08-09,11:00:00 AM,Lentejas Mediana,1.0,6.99
5069,2026-08-03,2026-08-09,11:00:00 AM,Limonada,1.0,4.5
5070,2026-08-03,2026-08-09,11:00:00 AM,Madio.Pollo A La Brasa,3.0,42.57
5071,2026-08-03,2026-08-09,11:00:00 AM,Maduros,3.0,13.47
5072,2026-08-03,2026-08-09,11:00:00 AM,Malta,1.0,3.25
5073,2026-08-03,2026-08-09,11:00:00 AM,Mariquitas,2.0,11.98
5074,2026-08-03,2026-08-09,11:00:00 AM,Mariquitas De Malanga,1.0,5.99
5075,2026-08-03,2026-08-09,11:00:00 AM,Mariquitas..Mixta,1.0,5.49
5076,2026-08-03,2026-08-09,11:00:00 AM,Masas De Puerco,11.0,158.49
5077,2026-08-03,2026-08-09,11:00:00 AM,Materva,1.0,2.5
5078,2026-08-03,2026-08-09,11:00:00 AM,Media Noche,6.0,62.44
5079,2026-08-03,2026-08-09,11:00:00 AM,Medio Pollo A Brasa,1.0,13.99
5080,2026-08-03,2026-08-09,11:00:00 AM,Miami Sandwich,1.0,11.99
5081,2026-08-03,2026-08-09,11:00:00 AM,Miller Light,1.0,4.99
5082,2026-08-03,2026-08-09,11:00:00 AM,Misc Cocina,2.0,15.0
5083,2026-08-03,2026-08-09,11:00:00 AM,Modelo,1.0,5.49
5084,2026-08-03,2026-08-09,11:00:00 AM,Mofongo Solo,1.0,7.99
5085,2026-08-03,2026-08-09,11:00:00 AM,Moros,1.0,3.99
5086,2026-08-03,2026-08-09,11:00:00 AM,Paella Valenciana,1.0,41.99
5087,2026-08-03,2026-08-09,11:00:00 AM,Pan Con Bistec,6.0,66.74
5088,2026-08-03,2026-08-09,11:00:00 AM,Pan Con Lechon,2.0,19.18
5089,2026-08-03,2026-08-09,11:00:00 AM,Pan Con Tortilla,2.0,22.18
5090,2026-08-03,2026-08-09,11:00:00 AM,Pan De Bono,5.0,9.95
5091,2026-08-03,2026-08-09,11:00:00 AM,Papa Casa,1.0,3.99
5092,2026-08-03,2026-08-09,11:00:00 AM,Papa Rellena,7.0,20.93
5093,2026-08-03,2026-08-09,11:00:00 AM,Papas Fritas,1.0,4.49
5094,2026-08-03,2026-08-09,11:00:00 AM,Pasteles Queso,1.0,1.5
5095,2026-08-03,2026-08-09,11:00:00 AM,Pasteles Queso/Guayaba,1.0,1.5
5096,2026-08-03,2026-08-09,11:00:00 AM,Perico De Claras,2.0,25.98
5097,2026-08-03,2026-08-09,11:00:00 AM,Perico Ripiado,11.0,133.39
5098,2026-08-03,2026-08-09,11:00:00 AM,Picadillo,2.0,28.38
5099,2026-08-03,2026-08-09,11:00:00 AM,Pollo Empanizado,2.0,28.98
5100,2026-08-03,2026-08-09,11:00:00 AM,Potaje Colorados Media,1.0,7.19
5101,2026-08-03,2026-08-09,11:00:00 AM,Pudin De Pan,1.0,5.49
5102,2026-08-03,2026-08-09,11:00:00 AM,Pudin Diplomatico,2.0,10.98
5103,2026-08-03,2026-08-09,11:00:00 AM,Queso Crema,1.0,1.75
5104,2026-08-03,2026-08-09,11:00:00 AM,Rabo Encendido,4.0,96.75999999999999
5105,2026-08-03,2026-08-09,11:00:00 AM,Racion De Malanga,1.0,5.99
5106,2026-08-03,2026-08-09,11:00:00 AM,Ribeye Steak,1.0,29.2
5107,2026-08-03,2026-08-09,11:00:00 AM,Rinconcito Breakfast,6.0,84.14
5108,2026-08-03,2026-08-09,11:00:00 AM,Ropa Vieja,1.0,16.69
5109,2026-08-03,2026-08-09,11:00:00 AM,Rueda De Serrucho,1.0,15.99
5110,2026-08-03,2026-08-09,11:00:00 AM,Sandweches Pollo,4.0,46.56
5111,2026-08-03,2026-08-09,11:00:00 AM,Sdwch De Pavo Regl,1.0,10.19
5112,2026-08-03,2026-08-09,11:00:00 AM,Solo.Tomate,1.0,2.5
5113,2026-08-03,2026-08-09,11:00:00 AM,Sopa De Pollo Grande,8.0,67.92
5114,2026-08-03,2026-08-09,11:00:00 AM,Sopa De Res Grande,6.0,72.54
5115,2026-08-03,2026-08-09,11:00:00 AM,Sopa De Res Mediana,2.0,16.38
5116,2026-08-03,2026-08-09,11:00:00 AM,Sopa Pescado Grande,5.0,54.95
5117,2026-08-03,2026-08-09,11:00:00 AM,Sopa Platano Grande,1.0,10.49
5118,2026-08-03,2026-08-09,11:00:00 AM,Sopa Platano Mediana,1.0,6.99
5119,2026-08-03,2026-08-09,11:00:00 AM,Sopa Pollo Media,9.0,49.41
5120,2026-08-03,2026-08-09,11:00:00 AM,Spriet,3.0,7.5
5121,2026-08-03,2026-08-09,11:00:00 AM,Stella Artois,1.0,5.49
5123,2026-08-03,2026-08-09,11:00:00 AM,Tamal,1.0,2.99
5124,2026-08-03,2026-08-09,11:00:00 AM,Tamal Cazuela.Mediano,1.0,7.19
5125,2026-08-03,2026-08-09,11:00:00 AM,Tamal.Cazuela Grande,2.0,22.18
5127,2026-08-03,2026-08-09,11:00:00 AM,Tortilla,6.0,71.39
5128,2026-08-03,2026-08-09,11:00:00 AM,Tostada,19.0,37.81
5129,2026-08-03,2026-08-09,11:00:00 AM,Tostada 2 Croquetas,1.0,7.49
5130,2026-08-03,2026-08-09,11:00:00 AM,Tostones,3.0,14.97
5131,2026-08-03,2026-08-09,11:00:00 AM,Tres Leches,2.0,11.98
5132,2026-08-03,2026-08-09,11:00:00 AM,Vaca Frita,5.0,84.75
5133,2026-08-03,2026-08-09,11:00:00 AM,Western Omlet Reg,3.0,34.97
5135,2026-08-03,2026-08-09,12:00:00 PM,1 Bola Helado,2.0,5.98
5136,2026-08-03,2026-08-09,12:00:00 PM,1 Pieza De Cordero,1.0,18.19
5137,2026-08-03,2026-08-09,12:00:00 PM,1.Libra Ensala Pollo,1.0,8.99
5140,2026-08-03,2026-08-09,12:00:00 PM,Aguacate $5.00,1.0,5.0
5141,2026-08-03,2026-08-09,12:00:00 PM,Aguacate$4.00,1.0,4.0
5142,2026-08-03,2026-08-09,12:00:00 PM,Ajiaco Mediano,6.0,42.74
5143,2026-08-03,2026-08-09,12:00:00 PM,Ajiaco..Grande,9.0,96.21
5144,2026-08-03,2026-08-09,12:00:00 PM,Arroz Blanco,4.0,13.0
5145,2026-08-03,2026-08-09,12:00:00 PM,Arroz Chiquito,4.0,9.0
5146,2026-08-03,2026-08-09,12:00:00 PM,Arroz Con Camarones,1.0,22.19
5147,2026-08-03,2026-08-09,12:00:00 PM,Arroz Con Leche,2.0,10.98
5148,2026-08-03,2026-08-09,12:00:00 PM,Arroz Con Pollo,6.0,79.14
5149,2026-08-03,2026-08-09,12:00:00 PM,Arroz Con Puerco,4.0,52.56
5150,2026-08-03,2026-08-09,12:00:00 PM,Arroz Frito,8.0,111.92
5151,2026-08-03,2026-08-09,12:00:00 PM,Arroz Imperial,2.0,28.38
5152,2026-08-03,2026-08-09,12:00:00 PM,Baby Churrasco,14.0,272.66
5153,2026-08-03,2026-08-09,12:00:00 PM,Bacalao Viscaina,2.0,40.38
5154,2026-08-03,2026-08-09,12:00:00 PM,Batido Chocolate,2.0,9.98
5155,2026-08-03,2026-08-09,12:00:00 PM,Batido Fruta Bonba,1.0,4.99
5156,2026-08-03,2026-08-09,12:00:00 PM,Batido Mamey,9.0,49.41
5157,2026-08-03,2026-08-09,12:00:00 PM,Batido Trigo,1.0,4.99
5158,2026-08-03,2026-08-09,12:00:00 PM,Bistec A Caballo,2.0,29.18
5159,2026-08-03,2026-08-09,12:00:00 PM,Bistec De Higado,1.0,13.49
5160,2026-08-03,2026-08-09,12:00:00 PM,Bistec De Pollo,40.0,548.1
5161,2026-08-03,2026-08-09,12:00:00 PM,Bistec De Puerco,4.0,62.76
5162,2026-08-03,2026-08-09,12:00:00 PM,Bistec En Cazuela,2.0,29.38
5163,2026-08-03,2026-08-09,12:00:00 PM,Bistec Palomilla,6.0,107.94
5164,2026-08-03,2026-08-09,12:00:00 PM,Bocadito De Tuna,1.0,9.19
5165,2026-08-03,2026-08-09,12:00:00 PM,Boliche Asado,1.0,16.49
5166,2026-08-03,2026-08-09,12:00:00 PM,Boniato Frito,1.0,4.99
5167,2026-08-03,2026-08-09,12:00:00 PM,Boñuelos,3.0,16.47
5168,2026-08-03,2026-08-09,12:00:00 PM,Caesar /Pollo,2.0,25.98
5169,2026-08-03,2026-08-09,12:00:00 PM,Caf.Lec.Evap.Chico,1.0,3.0
5170,2026-08-03,2026-08-09,12:00:00 PM,Cafe Con Leche Grande,3.0,13.5
5171,2026-08-03,2026-08-09,12:00:00 PM,Cafe Con Leche Mediano,1.0,3.75
5172,2026-08-03,2026-08-09,12:00:00 PM,Cafe Con Leche Pequeno,4.0,10.0
5173,2026-08-03,2026-08-09,12:00:00 PM,Cafe Cubano,31.0,46.5
5174,2026-08-03,2026-08-09,12:00:00 PM,Calamares Fritos,1.0,14.99
5175,2026-08-03,2026-08-09,12:00:00 PM,Caldo Gallego.Chiquito,2.0,8.98
5176,2026-08-03,2026-08-09,12:00:00 PM,Caldo.Gallego Grande,1.0,11.69
5177,2026-08-03,2026-08-09,12:00:00 PM,Camarones Al Ajillo,1.0,20.19
5179,2026-08-03,2026-08-09,12:00:00 PM,Carne Con Papas,2.0,29.68
5180,2026-08-03,2026-08-09,12:00:00 PM,Cascos Guava Queso,2.0,11.98
5181,2026-08-03,2026-08-09,12:00:00 PM,Ceviche Mixto,1.0,22.99
5182,2026-08-03,2026-08-09,12:00:00 PM,Chichar Pollo Sin Hues,3.0,42.47
5183,2026-08-03,2026-08-09,12:00:00 PM,Chicharo Grande,3.0,27.57
5184,2026-08-03,2026-08-09,12:00:00 PM,Chicharo Mediano,2.0,13.98
5185,2026-08-03,2026-08-09,12:00:00 PM,Chichek Wings,2.0,15.0
5186,2026-08-03,2026-08-09,12:00:00 PM,Chilindron D Chivo,1.0,21.99
5187,2026-08-03,2026-08-09,12:00:00 PM,Chuletas De Puerco,1.0,13.49
5188,2026-08-03,2026-08-09,12:00:00 PM,Churrasco,7.0,186.73
5189,2026-08-03,2026-08-09,12:00:00 PM,Churros.Solo.4,1.0,4.99
5190,2026-08-03,2026-08-09,12:00:00 PM,Club Sandwich,3.0,36.57
5191,2026-08-03,2026-08-09,12:00:00 PM,Cocacola.Botella,1.0,3.49
5192,2026-08-03,2026-08-09,12:00:00 PM,Coctel De Camarones,2.0,34.0
5193,2026-08-03,2026-08-09,12:00:00 PM,Coke,12.0,30.0
5194,2026-08-03,2026-08-09,12:00:00 PM,Coke Cero,2.0,5.0
5195,2026-08-03,2026-08-09,12:00:00 PM,Colada,5.0,13.75
5196,2026-08-03,2026-08-09,12:00:00 PM,Congri,2.0,7.98
5197,2026-08-03,2026-08-09,12:00:00 PM,Copa ..Helado,1.0,4.99
5198,2026-08-03,2026-08-09,12:00:00 PM,Copa Vino,3.0,26.97
5199,2026-08-03,2026-08-09,12:00:00 PM,Corona,4.0,21.96
5200,2026-08-03,2026-08-09,12:00:00 PM,Cortadito,15.0,32.97
5201,2026-08-03,2026-08-09,12:00:00 PM,Cortadito Evaporada,12.0,30.0
5202,2026-08-03,2026-08-09,12:00:00 PM,Crema Brocoly,4.0,37.0
5203,2026-08-03,2026-08-09,12:00:00 PM,Crema Calabaza Median,2.0,13.98
5204,2026-08-03,2026-08-09,12:00:00 PM,Crema Calabazachiquit,3.0,13.5
5205,2026-08-03,2026-08-09,12:00:00 PM,Crema Malanga Mediana,13.0,90.87
5206,2026-08-03,2026-08-09,12:00:00 PM,Crema Malanga.Grande,7.0,73.43
5207,2026-08-03,2026-08-09,12:00:00 PM,Crema Vegetales Median,3.0,20.97
5208,2026-08-03,2026-08-09,12:00:00 PM,Croqueta Jamon,23.0,40.25
5209,2026-08-03,2026-08-09,12:00:00 PM,Croqueta Pollo,4.0,7.0
5210,2026-08-03,2026-08-09,12:00:00 PM,Croqueta Preparada,3.0,36.17
5211,2026-08-03,2026-08-09,12:00:00 PM,Cubano Especial,1.0,12.19
5212,2026-08-03,2026-08-09,12:00:00 PM,Cubano Regular,3.0,30.57
5213,2026-08-03,2026-08-09,12:00:00 PM,Cubierto,2.0,0.0
5214,2026-08-03,2026-08-09,12:00:00 PM,Deditos .Pescado,3.0,41.97
5215,2026-08-03,2026-08-09,12:00:00 PM,Deditos De Pescado,8.0,136.72
5216,2026-08-03,2026-08-09,12:00:00 PM,Deditos De Queso,1.0,1.99
5217,2026-08-03,2026-08-09,12:00:00 PM,Deditos Queso/Guayaba,3.0,5.97
5218,2026-08-03,2026-08-09,12:00:00 PM,Desallunos,9.0,109.91
5219,2026-08-03,2026-08-09,12:00:00 PM,Desayuno Baby,1.0,8.99
5220,2026-08-03,2026-08-09,12:00:00 PM,Diet Coke,3.0,6.75
5221,2026-08-03,2026-08-09,12:00:00 PM,Diet Materva,1.0,2.5
5222,2026-08-03,2026-08-09,12:00:00 PM,Dos Huevo Aros Papitas,1.0,8.99
5223,2026-08-03,2026-08-09,12:00:00 PM,Dulce De Leche,2.0,10.98
5224,2026-08-03,2026-08-09,12:00:00 PM,Elena Ruz,1.0,9.99
5225,2026-08-03,2026-08-09,12:00:00 PM,Empanada Carne,4.0,11.96
5226,2026-08-03,2026-08-09,12:00:00 PM,Empanada Jamon/Queso,1.0,2.99
5227,2026-08-03,2026-08-09,12:00:00 PM,Empanada Pollo,1.0,2.99
5228,2026-08-03,2026-08-09,12:00:00 PM,Empnda Espinaca/Queso,1.0,2.99
5229,2026-08-03,2026-08-09,12:00:00 PM,Enpanisado. Res,1.0,16.19
5230,2026-08-03,2026-08-09,12:00:00 PM,"Enpellas,Chicharones",2.0,12.0
5231,2026-08-03,2026-08-09,12:00:00 PM,Ensala Aguacat Peque,18.0,81.0
5232,2026-08-03,2026-08-09,12:00:00 PM,Ensala Pollo 2 Croquet,2.0,24.98
5233,2026-08-03,2026-08-09,12:00:00 PM,Ensalada Aguacat Grand,3.0,16.5
5234,2026-08-03,2026-08-09,12:00:00 PM,Ensalada Small,1.0,2.75
5235,2026-08-03,2026-08-09,12:00:00 PM,Fabada Grande,2.0,21.38
5236,2026-08-03,2026-08-09,12:00:00 PM,Filete Ala Vilvaina,1.0,19.99
5237,2026-08-03,2026-08-09,12:00:00 PM,Filete Pescado Planch,2.0,36.18
5238,2026-08-03,2026-08-09,12:00:00 PM,Filete Salmon,3.0,54.4
5239,2026-08-03,2026-08-09,12:00:00 PM,Filetill Pollo Salsa,1.0,14.99
5240,2026-08-03,2026-08-09,12:00:00 PM,Filetillo De Carne,1.0,13.49
5241,2026-08-03,2026-08-09,12:00:00 PM,Filetillo Pollo Planch,5.0,75.35
5242,2026-08-03,2026-08-09,12:00:00 PM,Filetillo Res Plancha,1.0,16.99
5243,2026-08-03,2026-08-09,12:00:00 PM,Flan,5.0,24.95
5244,2026-08-03,2026-08-09,12:00:00 PM,Flan Especial,6.0,35.94
5245,2026-08-03,2026-08-09,12:00:00 PM,Fricase De Pollo,4.0,45.96
5246,2026-08-03,2026-08-09,12:00:00 PM,Fricase Puerco,5.0,66.45
5247,2026-08-03,2026-08-09,12:00:00 PM,Frijol Grande,1.0,7.99
5248,2026-08-03,2026-08-09,12:00:00 PM,Frijol.Colorado Chiqui,1.0,3.99
5249,2026-08-03,2026-08-09,12:00:00 PM,Fritura Vacalao,2.0,13.0
5250,2026-08-03,2026-08-09,12:00:00 PM,Frituras De Malanga,2.0,13.0
5251,2026-08-03,2026-08-09,12:00:00 PM,Galleta Deliciosas,1.0,3.6
5252,2026-08-03,2026-08-09,12:00:00 PM,Garbanzo Grande,1.0,10.49
5253,2026-08-03,2026-08-09,12:00:00 PM,Garbanzo.Chiquito,1.0,3.99
5254,2026-08-03,2026-08-09,12:00:00 PM,Garbanzo.Frito,1.0,14.19
5255,2026-08-03,2026-08-09,12:00:00 PM,Garbanzo.Mediano,6.0,41.94
5256,2026-08-03,2026-08-09,12:00:00 PM,Guarapo,2.0,10.5
5257,2026-08-03,2026-08-09,12:00:00 PM,Guiso Maiz Grande,1.0,10.49
5258,2026-08-03,2026-08-09,12:00:00 PM,Guiso.Maiz Mediano,2.0,13.98
5259,2026-08-03,2026-08-09,12:00:00 PM,Hamburquesa.Con Queso,2.0,22.38
5260,2026-08-03,2026-08-09,12:00:00 PM,Heineken,1.0,5.49
5261,2026-08-03,2026-08-09,12:00:00 PM,Higado Italiana,1.0,15.19
5262,2026-08-03,2026-08-09,12:00:00 PM,Horden De 3 Chicharone,1.0,3.25
5263,2026-08-03,2026-08-09,12:00:00 PM,Huevo Frito,2.0,3.0
5264,2026-08-03,2026-08-09,12:00:00 PM,Inca Kola,3.0,8.97
5265,2026-08-03,2026-08-09,12:00:00 PM,Jugo De Manzana,1.0,3.25
5266,2026-08-03,2026-08-09,12:00:00 PM,Jugo Maraculla,1.0,4.5
5267,2026-08-03,2026-08-09,12:00:00 PM,Jugo Pina,3.0,13.5
5268,2026-08-03,2026-08-09,12:00:00 PM,Jugo Zanahoria Naraja,1.0,4.99
5269,2026-08-03,2026-08-09,12:00:00 PM,Jugo.Naranja,7.0,36.75
5270,2026-08-03,2026-08-09,12:00:00 PM,Jupina Dieta,1.0,2.5
5271,2026-08-03,2026-08-09,12:00:00 PM,Jupiña,1.0,2.5
5272,2026-08-03,2026-08-09,12:00:00 PM,Leche Malteada,2.0,9.98
5273,2026-08-03,2026-08-09,12:00:00 PM,Lechon Asado,2.0,29.68
5274,2026-08-03,2026-08-09,12:00:00 PM,Lentejas Mediana,2.0,13.98
5275,2026-08-03,2026-08-09,12:00:00 PM,Lentejas.Chiquita,2.0,7.98
5276,2026-08-03,2026-08-09,12:00:00 PM,Limonada,8.0,36.0
5277,2026-08-03,2026-08-09,12:00:00 PM,Limonada Fresa,2.0,11.98
5278,2026-08-03,2026-08-09,12:00:00 PM,Madio.Pollo A La Brasa,3.0,42.17
5279,2026-08-03,2026-08-09,12:00:00 PM,Maduros,4.0,17.96
5280,2026-08-03,2026-08-09,12:00:00 PM,Mariquitas,3.0,17.97
5281,2026-08-03,2026-08-09,12:00:00 PM,Mariquitas..Mixta,2.0,10.98
5282,2026-08-03,2026-08-09,12:00:00 PM,Masas De Puerco,18.0,255.52
5283,2026-08-03,2026-08-09,12:00:00 PM,Materva,5.0,12.5
5284,2026-08-03,2026-08-09,12:00:00 PM,Media Noche,7.0,71.13
5285,2026-08-03,2026-08-09,12:00:00 PM,Medio Pollo A Brasa,2.0,26.38
5286,2026-08-03,2026-08-09,12:00:00 PM,Medio Pollo.Asado,4.0,52.56
5287,2026-08-03,2026-08-09,12:00:00 PM,Melon..Sandia,4.0,18.0
5288,2026-08-03,2026-08-09,12:00:00 PM,Milanesa De Pollo,1.0,16.19
5289,2026-08-03,2026-08-09,12:00:00 PM,Milanesa Res,3.0,60.37
5290,2026-08-03,2026-08-09,12:00:00 PM,Miller Light,1.0,4.99
5291,2026-08-03,2026-08-09,12:00:00 PM,Mini Sandwich,1.0,5.99
5292,2026-08-03,2026-08-09,12:00:00 PM,Misc Cocina,4.0,12.7
5293,2026-08-03,2026-08-09,12:00:00 PM,Mofong.Chicharon Pollo,1.0,15.99
5294,2026-08-03,2026-08-09,12:00:00 PM,Mofongo Puerco,1.0,16.99
5295,2026-08-03,2026-08-09,12:00:00 PM,Natilla,2.0,9.98
5296,2026-08-03,2026-08-09,12:00:00 PM,Natilla Catalana,1.0,6.25
5297,2026-08-03,2026-08-09,12:00:00 PM,Pan Con Bistec,7.0,79.43
5298,2026-08-03,2026-08-09,12:00:00 PM,Pan Con Lechon,3.0,28.87
5299,2026-08-03,2026-08-09,12:00:00 PM,Papas Fritas,5.0,22.45
5300,2026-08-03,2026-08-09,12:00:00 PM,Pargo Frito,1.0,23.99
5301,2026-08-03,2026-08-09,12:00:00 PM,Pargo Frito Entero,1.0,25.99
5302,2026-08-03,2026-08-09,12:00:00 PM,Pasteles Queso/Guayaba,1.0,1.5
5303,2026-08-03,2026-08-09,12:00:00 PM,Pepsi,1.0,2.5
5304,2026-08-03,2026-08-09,12:00:00 PM,Perico De Claras,1.0,13.99
5305,2026-08-03,2026-08-09,12:00:00 PM,Perico Ripiado,1.0,12.19
5306,2026-08-03,2026-08-09,12:00:00 PM,Picadillo,2.0,29.38
5307,2026-08-03,2026-08-09,12:00:00 PM,Platano Hervido,1.0,4.99
5308,2026-08-03,2026-08-09,12:00:00 PM,Pollo Ala Francesa,1.0,16.99
5309,2026-08-03,2026-08-09,12:00:00 PM,Pollo Empanizado,3.0,43.67
5310,2026-08-03,2026-08-09,12:00:00 PM,Potaje Colorados Media,1.0,7.19
5311,2026-08-03,2026-08-09,12:00:00 PM,Pudin De Pan,1.0,5.49
5312,2026-08-03,2026-08-09,12:00:00 PM,Pudin Diplomatico,2.0,10.98
5313,2026-08-03,2026-08-09,12:00:00 PM,Rabo Encendido,11.0,265.29
5314,2026-08-03,2026-08-09,12:00:00 PM,Racion De Malanga,1.0,5.99
5315,2026-08-03,2026-08-09,12:00:00 PM,Rinconcito Breakfast,3.0,42.17
5316,2026-08-03,2026-08-09,12:00:00 PM,Riñonada,3.0,62.97
5317,2026-08-03,2026-08-09,12:00:00 PM,Ropa Vieja,2.0,30.38
5318,2026-08-03,2026-08-09,12:00:00 PM,Rueda De Serrucho,2.0,33.98
5319,2026-08-03,2026-08-09,12:00:00 PM,S.Pellecrino,2.0,6.98
5320,2026-08-03,2026-08-09,12:00:00 PM,Sandweches Pollo,6.0,71.74
5321,2026-08-03,2026-08-09,12:00:00 PM,Sdwc Tuna Regular,2.0,21.38
5322,2026-08-03,2026-08-09,12:00:00 PM,Sdwch De Pavo Regl,1.0,9.99
5323,2026-08-03,2026-08-09,12:00:00 PM,Sm Ajiaco,2.0,7.98
5324,2026-08-03,2026-08-09,12:00:00 PM,Sopa De Pollo Grande,5.0,42.45
5325,2026-08-03,2026-08-09,12:00:00 PM,Sopa De Res Grande,4.0,48.76
5326,2026-08-03,2026-08-09,12:00:00 PM,Sopa De Res Mediana,1.0,8.19
5327,2026-08-03,2026-08-09,12:00:00 PM,Sopa De Res Pequena,1.0,4.99
5328,2026-08-03,2026-08-09,12:00:00 PM,Sopa Pescado Grande,8.0,87.92
5329,2026-08-03,2026-08-09,12:00:00 PM,Sopa Platano Grande,1.0,10.49
5330,2026-08-03,2026-08-09,12:00:00 PM,Sopa Platano Mediana,3.0,20.97
5331,2026-08-03,2026-08-09,12:00:00 PM,Sopa Pollo Media,18.0,99.02
5332,2026-08-03,2026-08-09,12:00:00 PM,Sopa. Pollo Chiquita,5.0,17.5
5333,2026-08-03,2026-08-09,12:00:00 PM,Spaghetti Pollo Alfred,1.0,14.99
5334,2026-08-03,2026-08-09,12:00:00 PM,Spriet,3.0,7.5
5335,2026-08-03,2026-08-09,12:00:00 PM,Stella Artois,5.0,27.45
5337,2026-08-03,2026-08-09,12:00:00 PM,Tamal,5.0,14.95
5338,2026-08-03,2026-08-09,12:00:00 PM,Tamal Cazuela.Mediano,6.0,42.54
5339,2026-08-03,2026-08-09,12:00:00 PM,Tamal.Cazuela Grande,1.0,11.19
5340,2026-08-03,2026-08-09,12:00:00 PM,Te Frio,2.0,5.98
5342,2026-08-03,2026-08-09,12:00:00 PM,Tostada,9.0,17.91
5343,2026-08-03,2026-08-09,12:00:00 PM,Tostones,2.0,9.98
5344,2026-08-03,2026-08-09,12:00:00 PM,Tres Leches,10.0,59.9
5345,2026-08-03,2026-08-09,12:00:00 PM,Vaca Frita,10.0,170.10000000000002
5346,2026-08-03,2026-08-09,12:00:00 PM,Vaso.Hielo,1.0,0.25
5347,2026-08-03,2026-08-09,12:00:00 PM,Western Omlet Reg - Late,2.0,25.38
5348,2026-08-03,2026-08-09,12:00:00 PM,Yuca Frita,1.0,5.49
5349,2026-08-03,2026-08-09,1:00:00 PM,1 Bola Helado,2.0,5.98
5350,2026-08-03,2026-08-09,1:00:00 PM,1 Pieza De Cordero,3.0,54.37
5351,2026-08-03,2026-08-09,1:00:00 PM,1.Solo.Panquey,1.0,2.25
5352,2026-08-03,2026-08-09,1:00:00 PM,2 Piezas De Cordero,1.0,25.19
5353,2026-08-03,2026-08-09,1:00:00 PM,305 Morados,1.0,6.25
5356,2026-08-03,2026-08-09,1:00:00 PM,Agua Natural,6.0,11.94
5357,2026-08-03,2026-08-09,1:00:00 PM,Agua Perrier,1.0,3.49
5358,2026-08-03,2026-08-09,1:00:00 PM,Aguacate De $4.50,1.0,4.5
5359,2026-08-03,2026-08-09,1:00:00 PM,Ajiaco Mediano,3.0,21.57
5360,2026-08-03,2026-08-09,1:00:00 PM,Ajiaco..Grande,5.0,53.45
5361,2026-08-03,2026-08-09,1:00:00 PM,Albondigas.Res,5.0,72.75
5362,2026-08-03,2026-08-09,1:00:00 PM,Arroz Blanco,6.0,19.5
5363,2026-08-03,2026-08-09,1:00:00 PM,Arroz Chiquito,3.0,9.75
5364,2026-08-03,2026-08-09,1:00:00 PM,Arroz Con Leche,2.0,10.98
5365,2026-08-03,2026-08-09,1:00:00 PM,Arroz Con Pollo,4.0,50.56
5366,2026-08-03,2026-08-09,1:00:00 PM,Arroz Con Puerco,3.0,39.17
5367,2026-08-03,2026-08-09,1:00:00 PM,Arroz Frito,2.0,26.98
5368,2026-08-03,2026-08-09,1:00:00 PM,Arroz Imperial,1.0,14.19
5369,2026-08-03,2026-08-09,1:00:00 PM,Arroz Pollo.Desmenuza,4.0,50.56
5370,2026-08-03,2026-08-09,1:00:00 PM,Baby Churrasco,7.0,136.53
5371,2026-08-03,2026-08-09,1:00:00 PM,Bacalao Viscaina,4.0,80.76
5372,2026-08-03,2026-08-09,1:00:00 PM,Bacon,1.0,4.99
5373,2026-08-03,2026-08-09,1:00:00 PM,Batido Chocolate,2.0,9.98
5374,2026-08-03,2026-08-09,1:00:00 PM,Batido Fruta Bonba,1.0,4.99
5375,2026-08-03,2026-08-09,1:00:00 PM,Batido Mamey,10.0,54.9
5376,2026-08-03,2026-08-09,1:00:00 PM,Bistec A Caballo,1.0,15.99
5377,2026-08-03,2026-08-09,1:00:00 PM,Bistec De Pollo,39.0,544.51
5378,2026-08-03,2026-08-09,1:00:00 PM,Bistec De Puerco,3.0,46.67
5379,2026-08-03,2026-08-09,1:00:00 PM,Bistec En Cazuela,5.0,73.65
5380,2026-08-03,2026-08-09,1:00:00 PM,Bistec Jamon,1.0,13.49
5381,2026-08-03,2026-08-09,1:00:00 PM,Bistec Palomilla,14.0,257.86
5382,2026-08-03,2026-08-09,1:00:00 PM,Bocadito De Tuna,2.0,18.38
5383,2026-08-03,2026-08-09,1:00:00 PM,Boliche,3.0,47.17
5384,2026-08-03,2026-08-09,1:00:00 PM,Boliche Asado,1.0,16.49
5385,2026-08-03,2026-08-09,1:00:00 PM,Boniato Frito,2.0,9.98
5386,2026-08-03,2026-08-09,1:00:00 PM,Boñuelos,5.0,27.45
5387,2026-08-03,2026-08-09,1:00:00 PM,Caesar /Pollo,1.0,12.99
5388,2026-08-03,2026-08-09,1:00:00 PM,Cafe Con Leche Mediano,1.0,3.75
5389,2026-08-03,2026-08-09,1:00:00 PM,Cafe Con Leche Pequeno,3.0,7.5
5390,2026-08-03,2026-08-09,1:00:00 PM,Cafe Cubano,40.0,60.0
5391,2026-08-03,2026-08-09,1:00:00 PM,Caldo Gallego.Mediano,1.0,8.19
5392,2026-08-03,2026-08-09,1:00:00 PM,Camarones Enchilado,1.0,19.99
5396,2026-08-03,2026-08-09,1:00:00 PM,Carne Con Papas,3.0,44.57
5397,2026-08-03,2026-08-09,1:00:00 PM,Cascos Guava Queso,1.0,5.99
5398,2026-08-03,2026-08-09,1:00:00 PM,Chichar Pollo C Hueso,2.0,27.98
5399,2026-08-03,2026-08-09,1:00:00 PM,Chichar Pollo Sin Hues,1.0,13.49
5400,2026-08-03,2026-08-09,1:00:00 PM,Chicharo Grande,3.0,27.17
5401,2026-08-03,2026-08-09,1:00:00 PM,Chicharo Mediano,5.0,34.95
5402,2026-08-03,2026-08-09,1:00:00 PM,Chicharron De Pollo,1.0,11.99
5403,2026-08-03,2026-08-09,1:00:00 PM,Choripan,1.0,10.19
5404,2026-08-03,2026-08-09,1:00:00 PM,Chuletas De Puerco,1.0,13.49
5405,2026-08-03,2026-08-09,1:00:00 PM,Churrasco,9.0,236.31
5406,2026-08-03,2026-08-09,1:00:00 PM,Club Sandwich,2.0,24.38
5407,2026-08-03,2026-08-09,1:00:00 PM,Coke,12.0,30.0
5408,2026-08-03,2026-08-09,1:00:00 PM,Coke Cero,3.0,7.5
5409,2026-08-03,2026-08-09,1:00:00 PM,Colada,9.0,24.75
5410,2026-08-03,2026-08-09,1:00:00 PM,Colorados Grande,3.0,29.07
5411,2026-08-03,2026-08-09,1:00:00 PM,Congri,2.0,7.98
5412,2026-08-03,2026-08-09,1:00:00 PM,Corona,1.0,5.49
5413,2026-08-03,2026-08-09,1:00:00 PM,Cortadito,5.0,11.25
5414,2026-08-03,2026-08-09,1:00:00 PM,Cortadito Evaporada,15.0,37.5
5415,2026-08-03,2026-08-09,1:00:00 PM,Crema Brocoly,6.0,55.5
5416,2026-08-03,2026-08-09,1:00:00 PM,Crema Calabaza Median,6.0,41.94
5417,2026-08-03,2026-08-09,1:00:00 PM,Crema Calabazachiquit,1.0,4.5
5418,2026-08-03,2026-08-09,1:00:00 PM,Crema Malanga Mediana,11.0,76.89
5419,2026-08-03,2026-08-09,1:00:00 PM,Crema Malanga.Grande,3.0,31.47
5420,2026-08-03,2026-08-09,1:00:00 PM,Crema Vegetal Mediana,1.0,6.99
5421,2026-08-03,2026-08-09,1:00:00 PM,Crema Vegetales Median,2.0,13.98
5422,2026-08-03,2026-08-09,1:00:00 PM,Crema. Malanga Chiquit,1.0,4.5
5423,2026-08-03,2026-08-09,1:00:00 PM,Crema. Vegetalchiquita,4.0,18.0
5424,2026-08-03,2026-08-09,1:00:00 PM,Croqueta Bacalao,6.0,11.94
5425,2026-08-03,2026-08-09,1:00:00 PM,Croqueta Jamon,28.0,49.0
5426,2026-08-03,2026-08-09,1:00:00 PM,Croqueta Pollo,1.0,1.75
5427,2026-08-03,2026-08-09,1:00:00 PM,Croqueta Preparada,1.0,12.19
5428,2026-08-03,2026-08-09,1:00:00 PM,Cubano Especial,1.0,12.19
5429,2026-08-03,2026-08-09,1:00:00 PM,Cubano Regular,4.0,40.56
5430,2026-08-03,2026-08-09,1:00:00 PM,Cubierto,4.0,0.0
5431,2026-08-03,2026-08-09,1:00:00 PM,Deditos .Pescado,3.0,42.37
5432,2026-08-03,2026-08-09,1:00:00 PM,Deditos De Pescado,3.0,48.17
5433,2026-08-03,2026-08-09,1:00:00 PM,Deditos De Pollo,2.0,26.18
5434,2026-08-03,2026-08-09,1:00:00 PM,Deditos De Pollo Kids,1.0,7.99
5435,2026-08-03,2026-08-09,1:00:00 PM,Deditos De Queso,1.0,1.99
5436,2026-08-03,2026-08-09,1:00:00 PM,Deditos Queso/Guayaba,2.0,3.98
5437,2026-08-03,2026-08-09,1:00:00 PM,Desallunos,6.0,73.44
5438,2026-08-03,2026-08-09,1:00:00 PM,Desayuno Baby,1.0,10.49
5439,2026-08-03,2026-08-09,1:00:00 PM,Diet Coke,6.0,13.5
5440,2026-08-03,2026-08-09,1:00:00 PM,Diet Materva,1.0,2.5
5441,2026-08-03,2026-08-09,1:00:00 PM,Dos Huevo Aros. Madur,1.0,8.99
5442,2026-08-03,2026-08-09,1:00:00 PM,Dulce De Leche,1.0,5.49
5443,2026-08-03,2026-08-09,1:00:00 PM,Empanada Carne,4.0,11.96
5444,2026-08-03,2026-08-09,1:00:00 PM,Empanada Jamon/Queso,4.0,11.96
5445,2026-08-03,2026-08-09,1:00:00 PM,Empanada Pollo,4.0,11.96
5446,2026-08-03,2026-08-09,1:00:00 PM,Empnda Espinaca/Queso,1.0,2.99
5447,2026-08-03,2026-08-09,1:00:00 PM,Enpanisado. Res,3.0,48.17
5448,2026-08-03,2026-08-09,1:00:00 PM,"Enpellas,Chicharones",1.0,6.0
5449,2026-08-03,2026-08-09,1:00:00 PM,Ensala Aguacat Peque,25.0,112.5
5450,2026-08-03,2026-08-09,1:00:00 PM,Ensala Pollo 2 Croquet,2.0,24.98
5451,2026-08-03,2026-08-09,1:00:00 PM,Ensalada Aguacat Grand,4.0,22.0
5452,2026-08-03,2026-08-09,1:00:00 PM,Ensalada Mixta,1.0,6.5
5453,2026-08-03,2026-08-09,1:00:00 PM,Fabada Chiquita,1.0,3.99
5454,2026-08-03,2026-08-09,1:00:00 PM,Filete Ala Vilvaina,3.0,60.17
5455,2026-08-03,2026-08-09,1:00:00 PM,Filete Pargo En Salsa,2.0,48.2
5456,2026-08-03,2026-08-09,1:00:00 PM,Filete Pargo Plancha,2.0,41.98
5457,2026-08-03,2026-08-09,1:00:00 PM,Filete Pescado Planch,3.0,51.17
5458,2026-08-03,2026-08-09,1:00:00 PM,Filete Salmon,2.0,36.0
5459,2026-08-03,2026-08-09,1:00:00 PM,Filetill Pollo Salsa,2.0,29.98
5460,2026-08-03,2026-08-09,1:00:00 PM,Filetillo Pollo Planch,3.0,47.37
5461,2026-08-03,2026-08-09,1:00:00 PM,Filetillo Res Plancha,1.0,15.19
5462,2026-08-03,2026-08-09,1:00:00 PM,Flan,6.0,29.94
5463,2026-08-03,2026-08-09,1:00:00 PM,Flan Especial,7.0,41.93
5464,2026-08-03,2026-08-09,1:00:00 PM,Fricase De Pollo,1.0,10.99
5465,2026-08-03,2026-08-09,1:00:00 PM,Fricase Puerco,3.0,40.35
5466,2026-08-03,2026-08-09,1:00:00 PM,Frijol Grande,2.0,15.98
5467,2026-08-03,2026-08-09,1:00:00 PM,Frijol Mediano,3.0,14.97
5468,2026-08-03,2026-08-09,1:00:00 PM,Frijol Pequeno,6.0,17.94
5469,2026-08-03,2026-08-09,1:00:00 PM,Frituras De Malanga,1.0,6.5
5470,2026-08-03,2026-08-09,1:00:00 PM,Garbanzo Grande,1.0,10.49
5471,2026-08-03,2026-08-09,1:00:00 PM,Garbanzo.Frito,1.0,14.19
5472,2026-08-03,2026-08-09,1:00:00 PM,Garbanzo.Mediano,6.0,41.94
5473,2026-08-03,2026-08-09,1:00:00 PM,Guarapo,12.0,63.0
5474,2026-08-03,2026-08-09,1:00:00 PM,Guiso Maiz Chiquito,2.0,7.98
5475,2026-08-03,2026-08-09,1:00:00 PM,Guiso Maiz Grande,2.0,20.98
5476,2026-08-03,2026-08-09,1:00:00 PM,Guiso.Maiz Mediano,4.0,27.96
5477,2026-08-03,2026-08-09,1:00:00 PM,Heineken,4.0,21.96
5478,2026-08-03,2026-08-09,1:00:00 PM,Helado Cono,1.0,3.5
5479,2026-08-03,2026-08-09,1:00:00 PM,Higado Italiana,1.0,14.99
5480,2026-08-03,2026-08-09,1:00:00 PM,Horden De 3 Chicharone,1.0,3.25
5481,2026-08-03,2026-08-09,1:00:00 PM,Jugo Pina,3.0,13.5
5482,2026-08-03,2026-08-09,1:00:00 PM,Jugo.Naranja,9.0,47.25
5483,2026-08-03,2026-08-09,1:00:00 PM,Jupiña,1.0,2.5
5484,2026-08-03,2026-08-09,1:00:00 PM,Lentejas Grande,1.0,9.49
5485,2026-08-03,2026-08-09,1:00:00 PM,Lentejas Mediana,3.0,20.97
5486,2026-08-03,2026-08-09,1:00:00 PM,Limanada Coco,1.0,5.99
5487,2026-08-03,2026-08-09,1:00:00 PM,Limonada,5.0,22.5
5488,2026-08-03,2026-08-09,1:00:00 PM,Madio.Pollo A La Brasa,3.0,42.17
5489,2026-08-03,2026-08-09,1:00:00 PM,Maduros,6.0,26.94
5490,2026-08-03,2026-08-09,1:00:00 PM,Mariquitas,1.0,5.99
5491,2026-08-03,2026-08-09,1:00:00 PM,Mariquitas De Malanga,2.0,11.98
5492,2026-08-03,2026-08-09,1:00:00 PM,Mariquitas..Mixta,1.0,5.49
5493,2026-08-03,2026-08-09,1:00:00 PM,Marlboro Rojo,2.0,24.0
5494,2026-08-03,2026-08-09,1:00:00 PM,Masas De Puerco,10.0,143.4
5495,2026-08-03,2026-08-09,1:00:00 PM,Materva,4.0,10.0
5496,2026-08-03,2026-08-09,1:00:00 PM,Media Jarra,1.0,16.0
5497,2026-08-03,2026-08-09,1:00:00 PM,Media Noche,8.0,81.32
5498,2026-08-03,2026-08-09,1:00:00 PM,Medio Pollo A Brasa,10.0,133.5
5499,2026-08-03,2026-08-09,1:00:00 PM,Medio Pollo.Asado,5.0,65.55
5500,2026-08-03,2026-08-09,1:00:00 PM,Melon..Sandia,4.0,18.0
5501,2026-08-03,2026-08-09,1:00:00 PM,Miami Sandwich,1.0,12.94
5502,2026-08-03,2026-08-09,1:00:00 PM,Milanesa De Pollo,4.0,64.16
5503,2026-08-03,2026-08-09,1:00:00 PM,Milanesa Res,2.0,41.18
5504,2026-08-03,2026-08-09,1:00:00 PM,Misc Cocina,2.0,5.5
5505,2026-08-03,2026-08-09,1:00:00 PM,Modelo,4.0,21.96
5506,2026-08-03,2026-08-09,1:00:00 PM,Mofongo Puerco,1.0,16.99
5507,2026-08-03,2026-08-09,1:00:00 PM,Mofongo Solo,2.0,15.98
5508,2026-08-03,2026-08-09,1:00:00 PM,Moros,1.0,3.99
5509,2026-08-03,2026-08-09,1:00:00 PM,Natilla,1.0,4.99
5510,2026-08-03,2026-08-09,1:00:00 PM,Natilla Catalana,1.0,6.25
5511,2026-08-03,2026-08-09,1:00:00 PM,Palomilla Baby,1.0,11.0
5512,2026-08-03,2026-08-09,1:00:00 PM,Pan Con Bistec,13.0,145.07
5513,2026-08-03,2026-08-09,1:00:00 PM,Pan Con Lechon,5.0,48.45
5514,2026-08-03,2026-08-09,1:00:00 PM,Pan Con Tortilla,3.0,35.07
5515,2026-08-03,2026-08-09,1:00:00 PM,Pan Jamaica,2.0,3.2
5516,2026-08-03,2026-08-09,1:00:00 PM,Papa Rellena,2.0,5.98
5517,2026-08-03,2026-08-09,1:00:00 PM,Papas Fritas,3.0,13.47
5518,2026-08-03,2026-08-09,1:00:00 PM,Pargo Frito,3.0,72.57
5519,2026-08-03,2026-08-09,1:00:00 PM,Pasteles Guayaba,4.0,6.0
5520,2026-08-03,2026-08-09,1:00:00 PM,Perico Ripiado,1.0,12.19
5521,2026-08-03,2026-08-09,1:00:00 PM,Picadillo,4.0,54.56
5522,2026-08-03,2026-08-09,1:00:00 PM,Platano Hervido,1.0,4.99
5523,2026-08-03,2026-08-09,1:00:00 PM,Pollo Empanizado,2.0,30.98
5524,2026-08-03,2026-08-09,1:00:00 PM,Potaje Colorados Media,3.0,21.57
5525,2026-08-03,2026-08-09,1:00:00 PM,Pudin De Pan,2.0,10.98
5526,2026-08-03,2026-08-09,1:00:00 PM,Rabo Encendido,17.0,409.83000000000004
5527,2026-08-03,2026-08-09,1:00:00 PM,Riñonada,4.0,86.36
5528,2026-08-03,2026-08-09,1:00:00 PM,Riñonada.Con.3. Camar,1.0,29.99
5529,2026-08-03,2026-08-09,1:00:00 PM,Ropa Vieja,4.0,64.86
5530,2026-08-03,2026-08-09,1:00:00 PM,Rueda De Serrucho,1.0,15.19
5531,2026-08-03,2026-08-09,1:00:00 PM,Sand Jamon Queso,1.0,9.19
5532,2026-08-03,2026-08-09,1:00:00 PM,Sandweches Pollo,2.0,24.98
5533,2026-08-03,2026-08-09,1:00:00 PM,Sopa De Pollo Grande,8.0,67.92
5534,2026-08-03,2026-08-09,1:00:00 PM,Sopa De Res Grande,6.0,72.34
5535,2026-08-03,2026-08-09,1:00:00 PM,Sopa De Res Mediana,7.0,56.73
5536,2026-08-03,2026-08-09,1:00:00 PM,Sopa Pescado Grande,2.0,21.98
5537,2026-08-03,2026-08-09,1:00:00 PM,Sopa Pescado Mediana,1.0,6.99
5538,2026-08-03,2026-08-09,1:00:00 PM,Sopa Platano Grande,1.0,10.49
5539,2026-08-03,2026-08-09,1:00:00 PM,Sopa Platano Mediana,2.0,13.98
5540,2026-08-03,2026-08-09,1:00:00 PM,Sopa Pollo Media,15.0,82.35
5541,2026-08-03,2026-08-09,1:00:00 PM,Sopa. Pollo Chiquita,3.0,10.5
5542,2026-08-03,2026-08-09,1:00:00 PM,Spriet,4.0,10.0
5543,2026-08-03,2026-08-09,1:00:00 PM,Stella Artois,3.0,16.47
5544,2026-08-03,2026-08-09,1:00:00 PM,Syrop.Extra,1.0,1.0
5546,2026-08-03,2026-08-09,1:00:00 PM,Tamal,1.0,2.99
5547,2026-08-03,2026-08-09,1:00:00 PM,Tamal Cazuela.Mediano,3.0,20.97
5548,2026-08-03,2026-08-09,1:00:00 PM,Tamal.Cazuela Grande,1.0,11.19
5549,2026-08-03,2026-08-09,1:00:00 PM,Te Frio,1.0,2.99
5551,2026-08-03,2026-08-09,1:00:00 PM,Tostada,2.0,3.98
5552,2026-08-03,2026-08-09,1:00:00 PM,Tostones,4.0,19.96
5553,2026-08-03,2026-08-09,1:00:00 PM,Tres Leches,3.0,17.97
5554,2026-08-03,2026-08-09,1:00:00 PM,Trumpetera 1/2 Malbec,1.0,16.99
5555,2026-08-03,2026-08-09,1:00:00 PM,Vaca Frita,11.0,183.49
5556,2026-08-03,2026-08-09,1:00:00 PM,Vaso.Hielo,1.0,0.25
5557,2026-08-03,2026-08-09,1:00:00 PM,Vegetal.Hervido,1.0,4.99
5558,2026-08-03,2026-08-09,1:00:00 PM,Yuca,1.0,4.49
5560,2026-08-03,2026-08-09,2:00:00 PM,1 Pieza De Cordero,2.0,35.98
5561,2026-08-03,2026-08-09,2:00:00 PM,1.Libra Ensala Pollo,5.0,44.95
5562,2026-08-03,2026-08-09,2:00:00 PM,305 Morados,1.0,6.25
5565,2026-08-03,2026-08-09,2:00:00 PM,Agua Natural,1.0,1.99
5566,2026-08-03,2026-08-09,2:00:00 PM,Agua Perrier,3.0,10.47
5567,2026-08-03,2026-08-09,2:00:00 PM,Aguacate $5.00,2.0,10.0
5568,2026-08-03,2026-08-09,2:00:00 PM,Aguacate$4.00,2.0,8.0
5569,2026-08-03,2026-08-09,2:00:00 PM,Ajiaco Mediano,3.0,21.57
5570,2026-08-03,2026-08-09,2:00:00 PM,Ajiaco..Grande,4.0,42.56
5571,2026-08-03,2026-08-09,2:00:00 PM,Albondigas.Res,1.0,14.99
5572,2026-08-03,2026-08-09,2:00:00 PM,Arroz Blanco,4.0,13.0
5573,2026-08-03,2026-08-09,2:00:00 PM,Arroz Chiquito,1.0,3.25
5574,2026-08-03,2026-08-09,2:00:00 PM,Arroz Con Leche,7.0,38.43
5575,2026-08-03,2026-08-09,2:00:00 PM,Arroz Con Pollo,8.0,104.32
5576,2026-08-03,2026-08-09,2:00:00 PM,Arroz Con Puerco,2.0,26.18
5577,2026-08-03,2026-08-09,2:00:00 PM,Arroz Frito,10.0,140.1
5578,2026-08-03,2026-08-09,2:00:00 PM,Arroz Imperial,1.0,13.99
5579,2026-08-03,2026-08-09,2:00:00 PM,Arroz Pollo.Desmenuza,1.0,12.69
5580,2026-08-03,2026-08-09,2:00:00 PM,Baby Churrasco,14.0,281.86
5581,2026-08-03,2026-08-09,2:00:00 PM,Batido Fruta Bonba,4.0,19.96
5582,2026-08-03,2026-08-09,2:00:00 PM,Batido Mamey,3.0,16.47
5583,2026-08-03,2026-08-09,2:00:00 PM,Batido Mango,1.0,4.99
5584,2026-08-03,2026-08-09,2:00:00 PM,Bistec De Pollo,35.0,483.75
5585,2026-08-03,2026-08-09,2:00:00 PM,Bistec De Puerco,4.0,62.36
5586,2026-08-03,2026-08-09,2:00:00 PM,Bistec En Cazuela,1.0,14.69
5587,2026-08-03,2026-08-09,2:00:00 PM,Bistec Jamon,1.0,13.49
5588,2026-08-03,2026-08-09,2:00:00 PM,Bistec Palomilla,6.0,108.14
5589,2026-08-03,2026-08-09,2:00:00 PM,Bola Ensalada Pollo,2.0,6.5
5590,2026-08-03,2026-08-09,2:00:00 PM,Boliche,1.0,14.99
5591,2026-08-03,2026-08-09,2:00:00 PM,Boliche Asado,1.0,16.69
5592,2026-08-03,2026-08-09,2:00:00 PM,Boniato Hervido,1.0,4.99
5593,2026-08-03,2026-08-09,2:00:00 PM,Boñuelos,4.0,21.96
5594,2026-08-03,2026-08-09,2:00:00 PM,Caesar /Pollo,2.0,25.98
5595,2026-08-03,2026-08-09,2:00:00 PM,Cafe American Grande,1.0,3.25
5596,2026-08-03,2026-08-09,2:00:00 PM,Cafe Con Leche Mediano,1.0,3.75
5597,2026-08-03,2026-08-09,2:00:00 PM,Cafe Con Leche Pequeno,13.0,32.5
5598,2026-08-03,2026-08-09,2:00:00 PM,Cafe Cubano,36.0,54.0
5599,2026-08-03,2026-08-09,2:00:00 PM,Caldo Gallego.Mediano,6.0,48.54
5600,2026-08-03,2026-08-09,2:00:00 PM,Camarones Enchilado,1.0,19.99
5603,2026-08-03,2026-08-09,2:00:00 PM,Carne Con Papas,9.0,126.91
5604,2026-08-03,2026-08-09,2:00:00 PM,Cascos Guava Queso,1.0,5.99
5605,2026-08-03,2026-08-09,2:00:00 PM,Casuela Mariscos,1.0,39.5
5606,2026-08-03,2026-08-09,2:00:00 PM,Chichar Pollo Sin Hues,2.0,26.98
5607,2026-08-03,2026-08-09,2:00:00 PM,Chicharo Chiquito,1.0,3.99
5608,2026-08-03,2026-08-09,2:00:00 PM,Chicharo Grande,2.0,18.38
5609,2026-08-03,2026-08-09,2:00:00 PM,Chicharo Mediano,1.0,6.99
5610,2026-08-03,2026-08-09,2:00:00 PM,Chicharron De Pollo,1.0,11.99
5611,2026-08-03,2026-08-09,2:00:00 PM,Chilindron D Chivo,1.0,22.19
5612,2026-08-03,2026-08-09,2:00:00 PM,Chuletas De Puerco,6.0,85.53999999999999
5613,2026-08-03,2026-08-09,2:00:00 PM,Churrasco,2.0,51.98
5614,2026-08-03,2026-08-09,2:00:00 PM,Clamato,2.0,5.98
5615,2026-08-03,2026-08-09,2:00:00 PM,Club Sandwich,2.0,24.18
5616,2026-08-03,2026-08-09,2:00:00 PM,Cocacola.Botella,1.0,3.49
5617,2026-08-03,2026-08-09,2:00:00 PM,Coke,7.0,17.5
5618,2026-08-03,2026-08-09,2:00:00 PM,Coke Cero,3.0,7.5
5619,2026-08-03,2026-08-09,2:00:00 PM,Colada,9.0,24.75
5620,2026-08-03,2026-08-09,2:00:00 PM,Colorados Grande,1.0,9.69
5621,2026-08-03,2026-08-09,2:00:00 PM,Con Evaporada,2.0,3.0
5622,2026-08-03,2026-08-09,2:00:00 PM,Copa ..Helado,1.0,4.99
5623,2026-08-03,2026-08-09,2:00:00 PM,Copa Vino,2.0,17.98
5624,2026-08-03,2026-08-09,2:00:00 PM,Corona,8.0,43.92
5625,2026-08-03,2026-08-09,2:00:00 PM,Cortadito,6.0,13.24
5626,2026-08-03,2026-08-09,2:00:00 PM,Cortadito Evaporada,17.0,42.5
5627,2026-08-03,2026-08-09,2:00:00 PM,Crema Brocoly,1.0,9.25
5628,2026-08-03,2026-08-09,2:00:00 PM,Crema Calabaza Grande,2.0,19.98
5629,2026-08-03,2026-08-09,2:00:00 PM,Crema Calabaza Median,2.0,13.98
5630,2026-08-03,2026-08-09,2:00:00 PM,Crema Calabazachiquit,3.0,13.5
5631,2026-08-03,2026-08-09,2:00:00 PM,Crema Malanga Mediana,9.0,62.91
5632,2026-08-03,2026-08-09,2:00:00 PM,Crema Malanga.Grande,3.0,31.47
5633,2026-08-03,2026-08-09,2:00:00 PM,Crema Vegetales Median,7.0,48.93
5634,2026-08-03,2026-08-09,2:00:00 PM,Crema. Malanga Chiquit,3.0,13.5
5635,2026-08-03,2026-08-09,2:00:00 PM,Crema. Vegetalchiquita,1.0,4.5
5636,2026-08-03,2026-08-09,2:00:00 PM,Croqueta Bacalao,12.0,23.88
5637,2026-08-03,2026-08-09,2:00:00 PM,Croqueta Jamon,29.0,50.75
5638,2026-08-03,2026-08-09,2:00:00 PM,Croqueta Pollo,3.0,5.25
5639,2026-08-03,2026-08-09,2:00:00 PM,Croqueta Preparada,2.0,23.98
5640,2026-08-03,2026-08-09,2:00:00 PM,Cubano Especial,1.0,12.19
5641,2026-08-03,2026-08-09,2:00:00 PM,Cubano Regular,1.0,10.19
5642,2026-08-03,2026-08-09,2:00:00 PM,Deditos De Pescado,7.0,115.13
5643,2026-08-03,2026-08-09,2:00:00 PM,Deditos De Pollo,3.0,39.37
5644,2026-08-03,2026-08-09,2:00:00 PM,Deditos De Pollo Kids,1.0,7.99
5645,2026-08-03,2026-08-09,2:00:00 PM,Desallunos,3.0,38.92
5646,2026-08-03,2026-08-09,2:00:00 PM,Diet Coke,5.0,11.25
5647,2026-08-03,2026-08-09,2:00:00 PM,Diet Materva,1.0,2.5
5648,2026-08-03,2026-08-09,2:00:00 PM,Dos Huevo Aros. Madur,1.0,8.99
5649,2026-08-03,2026-08-09,2:00:00 PM,Elena Ruz,1.0,10.19
5650,2026-08-03,2026-08-09,2:00:00 PM,Empanada Carne,1.0,2.99
5651,2026-08-03,2026-08-09,2:00:00 PM,Empanada Jamon/Queso,11.0,32.89
5652,2026-08-03,2026-08-09,2:00:00 PM,Empanada Pollo,4.0,11.96
5653,2026-08-03,2026-08-09,2:00:00 PM,Empnda Espinaca/Queso,2.0,5.98
5654,2026-08-03,2026-08-09,2:00:00 PM,Enpanisado. Res,3.0,50.37
5655,2026-08-03,2026-08-09,2:00:00 PM,Ensala Aguacat Peque,12.0,54.0
5656,2026-08-03,2026-08-09,2:00:00 PM,Ensala Pollo 2 Croquet,6.0,74.94
5657,2026-08-03,2026-08-09,2:00:00 PM,Ensalada Aguacat Grand,2.0,11.0
5658,2026-08-03,2026-08-09,2:00:00 PM,Ensalada Small,1.0,2.75
5659,2026-08-03,2026-08-09,2:00:00 PM,Extra Aguacate,1.0,1.75
5660,2026-08-03,2026-08-09,2:00:00 PM,Extra.Coco,1.0,1.99
5661,2026-08-03,2026-08-09,2:00:00 PM,Fabada Chiquita,1.0,3.99
5662,2026-08-03,2026-08-09,2:00:00 PM,Fabada Mediana,2.0,13.98
5663,2026-08-03,2026-08-09,2:00:00 PM,Filete Ala Francesa,1.0,21.99
5664,2026-08-03,2026-08-09,2:00:00 PM,Filete Ala Vilvaina,1.0,20.19
5665,2026-08-03,2026-08-09,2:00:00 PM,Filete Curvina Plancha,1.0,18.99
5666,2026-08-03,2026-08-09,2:00:00 PM,Filete Pargo Plancha,3.0,62.97
5667,2026-08-03,2026-08-09,2:00:00 PM,Filete Pescado Empani,1.0,17.49
5668,2026-08-03,2026-08-09,2:00:00 PM,Filete Pescado Planch,6.0,108.14
5669,2026-08-03,2026-08-09,2:00:00 PM,Filete Salmon,3.0,56.4
5670,2026-08-03,2026-08-09,2:00:00 PM,Filetill Pollo Salsa,1.0,14.99
5671,2026-08-03,2026-08-09,2:00:00 PM,Filetillo De Carne,3.0,40.67
5672,2026-08-03,2026-08-09,2:00:00 PM,Filetillo Pollo Planch,6.0,90.34
5673,2026-08-03,2026-08-09,2:00:00 PM,Filetillo Res Plancha,3.0,45.17
5674,2026-08-03,2026-08-09,2:00:00 PM,Flan,1.0,4.99
5675,2026-08-03,2026-08-09,2:00:00 PM,Flan Especial,7.0,41.93
5676,2026-08-03,2026-08-09,2:00:00 PM,Fricase De Pollo,4.0,44.36
5677,2026-08-03,2026-08-09,2:00:00 PM,Fricase Puerco,1.0,13.45
5678,2026-08-03,2026-08-09,2:00:00 PM,Frijol Grande,1.0,7.99
5679,2026-08-03,2026-08-09,2:00:00 PM,Frijol Mediano,1.0,4.99
5680,2026-08-03,2026-08-09,2:00:00 PM,Frijol Pequeno,3.0,8.97
5681,2026-08-03,2026-08-09,2:00:00 PM,Frijol.Colorado Chiqui,1.0,3.99
5682,2026-08-03,2026-08-09,2:00:00 PM,Frituras De Malanga,6.0,39.0
5683,2026-08-03,2026-08-09,2:00:00 PM,Garbanzo Grande,2.0,20.98
5684,2026-08-03,2026-08-09,2:00:00 PM,Garbanzo.Mediano,1.0,6.99
5685,2026-08-03,2026-08-09,2:00:00 PM,Guarapo,5.0,26.25
5686,2026-08-03,2026-08-09,2:00:00 PM,Guiso Maiz Chiquito,2.0,7.98
5687,2026-08-03,2026-08-09,2:00:00 PM,Hamburquesa.Con Queso,2.0,22.38
5688,2026-08-03,2026-08-09,2:00:00 PM,Heineken,1.0,5.49
5689,2026-08-03,2026-08-09,2:00:00 PM,Helado Cono,2.0,7.0
5690,2026-08-03,2026-08-09,2:00:00 PM,Higado Italiana,1.0,15.19
5691,2026-08-03,2026-08-09,2:00:00 PM,Horden De 3 Chicharone,4.0,13.0
5692,2026-08-03,2026-08-09,2:00:00 PM,Huevo Revuelto,2.0,3.0
5693,2026-08-03,2026-08-09,2:00:00 PM,Imperial,1.0,11.99
5694,2026-08-03,2026-08-09,2:00:00 PM,Imperial.Ovalado,1.0,140.0
5695,2026-08-03,2026-08-09,2:00:00 PM,Iron Beer,2.0,5.0
5696,2026-08-03,2026-08-09,2:00:00 PM,Jarra De Sangria,1.0,24.0
5697,2026-08-03,2026-08-09,2:00:00 PM,Jarrito Naranja,2.0,6.98
5698,2026-08-03,2026-08-09,2:00:00 PM,Jugo Maraculla,9.0,40.5
5699,2026-08-03,2026-08-09,2:00:00 PM,Jugo Pina,4.0,18.0
5700,2026-08-03,2026-08-09,2:00:00 PM,Jugo Zanahoria Naraja,2.0,9.98
5701,2026-08-03,2026-08-09,2:00:00 PM,Jugo.Naranja,9.0,47.25
5702,2026-08-03,2026-08-09,2:00:00 PM,Jupiña,3.0,7.5
5703,2026-08-03,2026-08-09,2:00:00 PM,Leche Malteada,2.0,9.98
5704,2026-08-03,2026-08-09,2:00:00 PM,Lechon Asado,4.0,56.76
5705,2026-08-03,2026-08-09,2:00:00 PM,Lentejas Grande,3.0,28.47
5706,2026-08-03,2026-08-09,2:00:00 PM,Lentejas Mediana,2.0,13.98
5707,2026-08-03,2026-08-09,2:00:00 PM,Lentejas.Chiquita,1.0,3.99
5708,2026-08-03,2026-08-09,2:00:00 PM,Limanada Coco,2.0,11.98
5709,2026-08-03,2026-08-09,2:00:00 PM,Limonada,7.0,31.5
5710,2026-08-03,2026-08-09,2:00:00 PM,Limonada Fresa,4.0,23.96
5711,2026-08-03,2026-08-09,2:00:00 PM,Madio.Pollo A La Brasa,3.0,42.17
5712,2026-08-03,2026-08-09,2:00:00 PM,Maduros,6.0,26.94
5713,2026-08-03,2026-08-09,2:00:00 PM,Malboro Light,1.0,12.0
5714,2026-08-03,2026-08-09,2:00:00 PM,Malta,1.0,3.25
5715,2026-08-03,2026-08-09,2:00:00 PM,Mariquitas,3.0,17.97
5716,2026-08-03,2026-08-09,2:00:00 PM,Mariquitas De Malanga,1.0,5.99
5717,2026-08-03,2026-08-09,2:00:00 PM,Mariquitas..Mixta,1.0,5.49
5718,2026-08-03,2026-08-09,2:00:00 PM,Masas De Puerco,9.0,126.81
5719,2026-08-03,2026-08-09,2:00:00 PM,Materva,8.0,20.0
5720,2026-08-03,2026-08-09,2:00:00 PM,Media Noche,1.0,10.19
5721,2026-08-03,2026-08-09,2:00:00 PM,Medio Pollo Frito,1.0,13.69
5722,2026-08-03,2026-08-09,2:00:00 PM,Medio Pollo.Asado,1.0,13.19
5723,2026-08-03,2026-08-09,2:00:00 PM,Melon..Sandia,3.0,13.5
5724,2026-08-03,2026-08-09,2:00:00 PM,Miami Sandwich,4.0,47.96
5725,2026-08-03,2026-08-09,2:00:00 PM,Milanesa De Pollo,1.0,15.99
5726,2026-08-03,2026-08-09,2:00:00 PM,Milanesa Res,2.0,40.18
5727,2026-08-03,2026-08-09,2:00:00 PM,Mofongo Puerco,1.0,16.99
5728,2026-08-03,2026-08-09,2:00:00 PM,Mofongo Solo,1.0,7.99
5729,2026-08-03,2026-08-09,2:00:00 PM,Moros,8.0,31.92
5730,2026-08-03,2026-08-09,2:00:00 PM,Natilla Catalana,1.0,6.25
5731,2026-08-03,2026-08-09,2:00:00 PM,Palomilla Baby,1.0,11.2
5732,2026-08-03,2026-08-09,2:00:00 PM,Pan Con Bistec,8.0,88.92
5733,2026-08-03,2026-08-09,2:00:00 PM,Pan Con Lechon,1.0,9.49
5734,2026-08-03,2026-08-09,2:00:00 PM,Papa Rellena,2.0,5.98
5735,2026-08-03,2026-08-09,2:00:00 PM,Pargo Frito,1.0,23.99
5736,2026-08-03,2026-08-09,2:00:00 PM,Pargo Frito Entero,1.0,25.99
5737,2026-08-03,2026-08-09,2:00:00 PM,Pasteles Guayaba,5.0,7.5
5738,2026-08-03,2026-08-09,2:00:00 PM,Pepsi,1.0,2.5
5739,2026-08-03,2026-08-09,2:00:00 PM,Picadillo,6.0,83.94
5740,2026-08-03,2026-08-09,2:00:00 PM,Pina Colada,1.0,6.99
5741,2026-08-03,2026-08-09,2:00:00 PM,Pizza Personal,1.0,10.99
5742,2026-08-03,2026-08-09,2:00:00 PM,Potaje Colorados Media,2.0,14.18
5743,2026-08-03,2026-08-09,2:00:00 PM,Presidente,2.0,10.98
5744,2026-08-03,2026-08-09,2:00:00 PM,Pudin De Pan,1.0,5.49
5745,2026-08-03,2026-08-09,2:00:00 PM,Pudin Diplomatico,5.0,27.45
5746,2026-08-03,2026-08-09,2:00:00 PM,Queso Americano,1.0,1.75
5747,2026-08-03,2026-08-09,2:00:00 PM,Rabo Encendido,4.0,96.16
5748,2026-08-03,2026-08-09,2:00:00 PM,Racion De Malanga,1.0,5.99
5749,2026-08-03,2026-08-09,2:00:00 PM,Rinconcito Breakfast,2.0,29.48
5750,2026-08-03,2026-08-09,2:00:00 PM,Riñonada,2.0,42.18
5751,2026-08-03,2026-08-09,2:00:00 PM,Ropa Vieja,8.0,122.62
5752,2026-08-03,2026-08-09,2:00:00 PM,Rueda De Serrucho,6.0,89.94
5753,2026-08-03,2026-08-09,2:00:00 PM,Sandwiches..Pollo.Empa,2.0,28.28
5754,2026-08-03,2026-08-09,2:00:00 PM,Sm Ajiaco,1.0,3.99
5755,2026-08-03,2026-08-09,2:00:00 PM,Soda Ginjer,1.0,2.5
5756,2026-08-03,2026-08-09,2:00:00 PM,Sopa De Pollo Grande,11.0,93.39
5757,2026-08-03,2026-08-09,2:00:00 PM,Sopa De Res Grande,10.0,121.1
5758,2026-08-03,2026-08-09,2:00:00 PM,Sopa De Res Mediana,3.0,23.97
5759,2026-08-03,2026-08-09,2:00:00 PM,Sopa De Res Pequena,1.0,4.99
5760,2026-08-03,2026-08-09,2:00:00 PM,Sopa Platano Chiquita,1.0,3.99
5761,2026-08-03,2026-08-09,2:00:00 PM,Sopa Platano Grande,2.0,20.98
5762,2026-08-03,2026-08-09,2:00:00 PM,Sopa Platano Mediana,1.0,6.99
5763,2026-08-03,2026-08-09,2:00:00 PM,Sopa Pollo Media,4.0,21.96
5764,2026-08-03,2026-08-09,2:00:00 PM,Sopa. Pollo Chiquita,3.0,10.5
5765,2026-08-03,2026-08-09,2:00:00 PM,Sopon Marinero,2.0,51.98
5766,2026-08-03,2026-08-09,2:00:00 PM,Spageti Pollo,1.0,15.19
5767,2026-08-03,2026-08-09,2:00:00 PM,Spriet,2.0,5.0
5768,2026-08-03,2026-08-09,2:00:00 PM,Stella Artois,3.0,16.47
5770,2026-08-03,2026-08-09,2:00:00 PM,Tama. Cazuela Chiquito,1.0,4.5
5771,2026-08-03,2026-08-09,2:00:00 PM,Tamal,6.0,17.94
5772,2026-08-03,2026-08-09,2:00:00 PM,Tamal Cazuela.Mediano,2.0,14.18
5773,2026-08-03,2026-08-09,2:00:00 PM,Tamal.Jamon Piern.Ques,1.0,12.99
5775,2026-08-03,2026-08-09,2:00:00 PM,Toreja Cubana,2.0,11.98
5776,2026-08-03,2026-08-09,2:00:00 PM,Torre.1/2,1.0,16.0
5777,2026-08-03,2026-08-09,2:00:00 PM,Tostada,4.0,7.96
5778,2026-08-03,2026-08-09,2:00:00 PM,Tres Leches,3.0,17.97
5779,2026-08-03,2026-08-09,2:00:00 PM,Vaca Frita,12.0,198.38
5780,2026-08-03,2026-08-09,2:00:00 PM,Yuca,1.0,4.49
5781,2026-08-03,2026-08-09,2:00:00 PM,Yuca Frita,1.0,5.49
5783,2026-08-03,2026-08-09,3:00:00 PM,1 Pieza De Cordero,4.0,72.56
5784,2026-08-03,2026-08-09,3:00:00 PM,1.Libra Ensala Pollo,1.0,8.99
5785,2026-08-03,2026-08-09,3:00:00 PM,305 Morados,2.0,12.5
5788,2026-08-03,2026-08-09,3:00:00 PM,Agua Natural,2.0,3.98
5789,2026-08-03,2026-08-09,3:00:00 PM,Agua Perrier,2.0,6.98
5790,2026-08-03,2026-08-09,3:00:00 PM,Aguacate $5.00,2.0,10.0
5791,2026-08-03,2026-08-09,3:00:00 PM,Aguacate De 3.00,2.0,6.0
5792,2026-08-03,2026-08-09,3:00:00 PM,Ajiaco Mediano,2.0,13.98
5793,2026-08-03,2026-08-09,3:00:00 PM,Ajiaco..Grande,1.0,10.69
5794,2026-08-03,2026-08-09,3:00:00 PM,Albondigas.Res,3.0,44.57
5795,2026-08-03,2026-08-09,3:00:00 PM,Alitas De Pollo Papita,1.0,10.99
5796,2026-08-03,2026-08-09,3:00:00 PM,Arroz Blanco,1.0,3.25
5797,2026-08-03,2026-08-09,3:00:00 PM,Arroz Chiquito,4.0,10.0
5798,2026-08-03,2026-08-09,3:00:00 PM,Arroz Con Leche,3.0,16.47
5799,2026-08-03,2026-08-09,3:00:00 PM,Arroz Con Pollo,8.0,105.91999999999999
5800,2026-08-03,2026-08-09,3:00:00 PM,Arroz Con Puerco,5.0,65.75
5801,2026-08-03,2026-08-09,3:00:00 PM,Arroz Frito,5.0,68.85
5802,2026-08-03,2026-08-09,3:00:00 PM,Arroz Imperial,1.0,14.19
5803,2026-08-03,2026-08-09,3:00:00 PM,Baby Churrasco,12.0,238.28
5804,2026-08-03,2026-08-09,3:00:00 PM,Bacalao Viscaina,1.0,19.99
5805,2026-08-03,2026-08-09,3:00:00 PM,Bananas.3 $ 1.50,1.0,1.5
5806,2026-08-03,2026-08-09,3:00:00 PM,Bandeja Rinconcito 87,1.0,32.99
5807,2026-08-03,2026-08-09,3:00:00 PM,Batido Chocolate,4.0,19.96
5808,2026-08-03,2026-08-09,3:00:00 PM,Batido Mamey,7.0,38.43
5809,2026-08-03,2026-08-09,3:00:00 PM,Batido Mango,1.0,4.99
5810,2026-08-03,2026-08-09,3:00:00 PM,Batido Vainilla,1.0,4.99
5811,2026-08-03,2026-08-09,3:00:00 PM,Bistec A Caballo,1.0,14.49
5812,2026-08-03,2026-08-09,3:00:00 PM,Bistec De Higado,1.0,13.49
5813,2026-08-03,2026-08-09,3:00:00 PM,Bistec De Pollo,28.0,387.92
5814,2026-08-03,2026-08-09,3:00:00 PM,Bistec De Puerco,1.0,15.49
5815,2026-08-03,2026-08-09,3:00:00 PM,Bistec En Cazuela,2.0,29.38
5816,2026-08-03,2026-08-09,3:00:00 PM,Bistec Palomilla,7.0,128.03
5817,2026-08-03,2026-08-09,3:00:00 PM,Boliche,5.0,75.55
5818,2026-08-03,2026-08-09,3:00:00 PM,Boliche Asado,3.0,49.67
5819,2026-08-03,2026-08-09,3:00:00 PM,Boniato Frito,2.0,9.98
5820,2026-08-03,2026-08-09,3:00:00 PM,Boñuelos,1.0,5.49
5821,2026-08-03,2026-08-09,3:00:00 PM,Cafe Con Leche Mediano,1.0,3.75
5822,2026-08-03,2026-08-09,3:00:00 PM,Cafe Con Leche Pequeno,6.0,15.0
5823,2026-08-03,2026-08-09,3:00:00 PM,Cafe Cubano,23.0,34.5
5824,2026-08-03,2026-08-09,3:00:00 PM,Calamares Fritos,1.0,14.99
5825,2026-08-03,2026-08-09,3:00:00 PM,Caldo Gallego.Chiquito,1.0,4.49
5826,2026-08-03,2026-08-09,3:00:00 PM,Caldo Gallego.Mediano,2.0,16.38
5827,2026-08-03,2026-08-09,3:00:00 PM,Caldo.Gallego Grande,1.0,11.69
5828,2026-08-03,2026-08-09,3:00:00 PM,Camarones Empanizad,1.0,21.19
5832,2026-08-03,2026-08-09,3:00:00 PM,Carne Con Papas,3.0,42.37
5833,2026-08-03,2026-08-09,3:00:00 PM,Cascos Guava Queso,1.0,5.99
5834,2026-08-03,2026-08-09,3:00:00 PM,Casuela Mariscos,1.0,38.0
5835,2026-08-03,2026-08-09,3:00:00 PM,Chichar Pollo Sin Hues,2.0,29.38
5836,2026-08-03,2026-08-09,3:00:00 PM,Chicharo Grande,1.0,9.19
5837,2026-08-03,2026-08-09,3:00:00 PM,Chuletas De Puerco,2.0,28.38
5838,2026-08-03,2026-08-09,3:00:00 PM,Churrasco,3.0,78.17
5839,2026-08-03,2026-08-09,3:00:00 PM,Churros.Solo.4,3.0,14.97
5840,2026-08-03,2026-08-09,3:00:00 PM,Club Sandwich,2.0,24.18
5841,2026-08-03,2026-08-09,3:00:00 PM,Coctel De Camarones,1.0,17.0
5842,2026-08-03,2026-08-09,3:00:00 PM,Coke,12.0,30.0
5843,2026-08-03,2026-08-09,3:00:00 PM,Coke Cero,7.0,17.5
5844,2026-08-03,2026-08-09,3:00:00 PM,Colada,9.0,24.75
5845,2026-08-03,2026-08-09,3:00:00 PM,Colorados Grande,2.0,19.38
5846,2026-08-03,2026-08-09,3:00:00 PM,Congri,2.0,7.98
5847,2026-08-03,2026-08-09,3:00:00 PM,Copa Vino,3.0,26.97
5848,2026-08-03,2026-08-09,3:00:00 PM,Cortadito,7.0,14.45
5849,2026-08-03,2026-08-09,3:00:00 PM,Cortadito Evaporada,5.0,12.5
5850,2026-08-03,2026-08-09,3:00:00 PM,Crema Calabaza Grande,5.0,49.95
5851,2026-08-03,2026-08-09,3:00:00 PM,Crema Calabaza Median,2.0,13.98
5852,2026-08-03,2026-08-09,3:00:00 PM,Crema Calabazachiquit,1.0,4.5
5853,2026-08-03,2026-08-09,3:00:00 PM,Crema Malanga Mediana,6.0,41.94
5854,2026-08-03,2026-08-09,3:00:00 PM,Crema Malanga.Grande,8.0,83.92
5855,2026-08-03,2026-08-09,3:00:00 PM,Crema. Malanga Chiquit,1.0,4.5
5856,2026-08-03,2026-08-09,3:00:00 PM,Croqueta Bacalao,5.0,9.95
5857,2026-08-03,2026-08-09,3:00:00 PM,Croqueta Jamon,24.0,42.0
5858,2026-08-03,2026-08-09,3:00:00 PM,Croqueta Pollo,2.0,3.5
5859,2026-08-03,2026-08-09,3:00:00 PM,Cubano Especial,1.0,11.99
5860,2026-08-03,2026-08-09,3:00:00 PM,Deditos De Pescado,2.0,32.38
5861,2026-08-03,2026-08-09,3:00:00 PM,Deditos De Pollo,1.0,13.19
5862,2026-08-03,2026-08-09,3:00:00 PM,Deditos De Pollo Kids,2.0,16.38
5863,2026-08-03,2026-08-09,3:00:00 PM,Deditos De Queso,4.0,7.96
5864,2026-08-03,2026-08-09,3:00:00 PM,Deditos Queso/Guayaba,3.0,5.97
5865,2026-08-03,2026-08-09,3:00:00 PM,Desallunos,1.0,11.99
5866,2026-08-03,2026-08-09,3:00:00 PM,Diet Coke,2.0,4.5
5867,2026-08-03,2026-08-09,3:00:00 PM,Diet Materva,2.0,5.0
5868,2026-08-03,2026-08-09,3:00:00 PM,Dulce De Leche,1.0,5.49
5869,2026-08-03,2026-08-09,3:00:00 PM,Empanada Carne,4.0,11.96
5870,2026-08-03,2026-08-09,3:00:00 PM,Empanada Jamon/Queso,3.0,8.97
5871,2026-08-03,2026-08-09,3:00:00 PM,Empanada Pollo,2.0,5.98
5872,2026-08-03,2026-08-09,3:00:00 PM,Empnda Espinaca/Queso,3.0,8.97
5873,2026-08-03,2026-08-09,3:00:00 PM,Enpanada Colonbiana,1.0,2.49
5874,2026-08-03,2026-08-09,3:00:00 PM,Enpanisado. Res,3.0,48.17
5875,2026-08-03,2026-08-09,3:00:00 PM,Ensala Aguacat Peque,9.0,40.5
5876,2026-08-03,2026-08-09,3:00:00 PM,Ensalada Aguacat Grand,1.0,5.5
5877,2026-08-03,2026-08-09,3:00:00 PM,Extra.Coco,1.0,1.99
5878,2026-08-03,2026-08-09,3:00:00 PM,Fabada Grande,1.0,10.69
5879,2026-08-03,2026-08-09,3:00:00 PM,Fabada Mediana,1.0,7.19
5880,2026-08-03,2026-08-09,3:00:00 PM,Filete Pargo Plancha,1.0,20.99
5881,2026-08-03,2026-08-09,3:00:00 PM,Filete Pescado Empani,1.0,17.69
5882,2026-08-03,2026-08-09,3:00:00 PM,Filete Pescado Planch,3.0,54.17
5883,2026-08-03,2026-08-09,3:00:00 PM,Filete Salmon,1.0,18.2
5884,2026-08-03,2026-08-09,3:00:00 PM,Filetillo De Carne,1.0,13.49
5885,2026-08-03,2026-08-09,3:00:00 PM,Filetillo Pollo Planch,2.0,30.38
5886,2026-08-03,2026-08-09,3:00:00 PM,Filetillo Res Plancha,2.0,32.38
5887,2026-08-03,2026-08-09,3:00:00 PM,Flan,5.0,24.95
5888,2026-08-03,2026-08-09,3:00:00 PM,Flan Especial,1.0,5.99
5889,2026-08-03,2026-08-09,3:00:00 PM,Fricase Puerco,1.0,13.25
5890,2026-08-03,2026-08-09,3:00:00 PM,Frijol Pequeno,3.0,8.97
5891,2026-08-03,2026-08-09,3:00:00 PM,Frita Cubana,1.0,9.99
5892,2026-08-03,2026-08-09,3:00:00 PM,Fritura Vacalao,3.0,19.5
5893,2026-08-03,2026-08-09,3:00:00 PM,Frituras De Malanga,2.0,13.0
5894,2026-08-03,2026-08-09,3:00:00 PM,Garbanzo Grande,2.0,20.98
5895,2026-08-03,2026-08-09,3:00:00 PM,Guarapo,5.0,26.25
5896,2026-08-03,2026-08-09,3:00:00 PM,Guiso Maiz Grande,1.0,10.49
5897,2026-08-03,2026-08-09,3:00:00 PM,Guiso.Maiz Mediano,2.0,13.98
5898,2026-08-03,2026-08-09,3:00:00 PM,Helado Cono,2.0,7.0
5899,2026-08-03,2026-08-09,3:00:00 PM,Higado Italiana,3.0,45.37
5900,2026-08-03,2026-08-09,3:00:00 PM,Horden De 3 Chicharone,5.0,16.25
5901,2026-08-03,2026-08-09,3:00:00 PM,Horden De Limon,1.0,1.99
5902,2026-08-03,2026-08-09,3:00:00 PM,Huevo Frito,1.0,1.5
5903,2026-08-03,2026-08-09,3:00:00 PM,Jarra De Sangria,1.0,24.0
5904,2026-08-03,2026-08-09,3:00:00 PM,Jugo Pina,1.0,4.5
5905,2026-08-03,2026-08-09,3:00:00 PM,Jugo Zanahoria Naraja,1.0,4.99
5906,2026-08-03,2026-08-09,3:00:00 PM,Jugo.Naranja,3.0,15.75
5907,2026-08-03,2026-08-09,3:00:00 PM,Juntas,1.0,0.0
5908,2026-08-03,2026-08-09,3:00:00 PM,Jupina Dieta,3.0,7.5
5909,2026-08-03,2026-08-09,3:00:00 PM,Jupiña,2.0,5.0
5910,2026-08-03,2026-08-09,3:00:00 PM,Lentejas Grande,6.0,56.94
5911,2026-08-03,2026-08-09,3:00:00 PM,Lentejas Mediana,3.0,20.97
5912,2026-08-03,2026-08-09,3:00:00 PM,Lentejas.Chiquita,1.0,3.99
5913,2026-08-03,2026-08-09,3:00:00 PM,Limonada,2.0,9.0
5914,2026-08-03,2026-08-09,3:00:00 PM,Madio.Pollo A La Brasa,1.0,14.19
5915,2026-08-03,2026-08-09,3:00:00 PM,Maduros,2.0,8.98
5916,2026-08-03,2026-08-09,3:00:00 PM,Malboro Light,1.0,12.0
5917,2026-08-03,2026-08-09,3:00:00 PM,Mariquitas,4.0,23.96
5918,2026-08-03,2026-08-09,3:00:00 PM,Mariquitas De Malanga,1.0,5.99
5919,2026-08-03,2026-08-09,3:00:00 PM,Masas De Puerco,10.0,140.5
5920,2026-08-03,2026-08-09,3:00:00 PM,Materva,3.0,7.5
5921,2026-08-03,2026-08-09,3:00:00 PM,Media Noche,10.0,101.3
5922,2026-08-03,2026-08-09,3:00:00 PM,Medio Pollo A Brasa,1.0,13.19
5923,2026-08-03,2026-08-09,3:00:00 PM,Medio Pollo.Asado,1.0,13.19
5924,2026-08-03,2026-08-09,3:00:00 PM,Melon..Sandia,1.0,4.5
5925,2026-08-03,2026-08-09,3:00:00 PM,Milanesa De Pollo,4.0,64.36
5926,2026-08-03,2026-08-09,3:00:00 PM,Milanesa Res,3.0,60.17
5927,2026-08-03,2026-08-09,3:00:00 PM,Misc Cocina,3.0,13.5
5928,2026-08-03,2026-08-09,3:00:00 PM,Modelo,1.0,5.49
5929,2026-08-03,2026-08-09,3:00:00 PM,Mofongo Puerco,1.0,16.99
5930,2026-08-03,2026-08-09,3:00:00 PM,Mofongo Solo,3.0,23.97
5931,2026-08-03,2026-08-09,3:00:00 PM,Natilla Catalana,2.0,12.5
5932,2026-08-03,2026-08-09,3:00:00 PM,Palomilla Baby,1.0,11.0
5933,2026-08-03,2026-08-09,3:00:00 PM,Pan Con Bistec,6.0,66.54
5934,2026-08-03,2026-08-09,3:00:00 PM,Pan De Bono,1.0,1.99
5935,2026-08-03,2026-08-09,3:00:00 PM,Pan Jamaica,2.0,3.2
5936,2026-08-03,2026-08-09,3:00:00 PM,Papa Rellena,1.0,2.99
5937,2026-08-03,2026-08-09,3:00:00 PM,Papas Fritas,1.0,4.49
5938,2026-08-03,2026-08-09,3:00:00 PM,Pargo Frito Entero,3.0,78.97
5939,2026-08-03,2026-08-09,3:00:00 PM,Pasteles Guayaba,1.0,1.5
5940,2026-08-03,2026-08-09,3:00:00 PM,Pepsi,3.0,7.5
5941,2026-08-03,2026-08-09,3:00:00 PM,Picadillo,4.0,56.56
5942,2026-08-03,2026-08-09,3:00:00 PM,Pollo Empanizado,1.0,14.69
5943,2026-08-03,2026-08-09,3:00:00 PM,Potaje Colorados Media,1.0,6.99
5944,2026-08-03,2026-08-09,3:00:00 PM,Pudin De Pan,1.0,5.49
5945,2026-08-03,2026-08-09,3:00:00 PM,Pudin Diplomatico,1.0,5.49
5946,2026-08-03,2026-08-09,3:00:00 PM,Rabo Encendido,7.0,168.93
5947,2026-08-03,2026-08-09,3:00:00 PM,Racion De Malanga,1.0,5.99
5948,2026-08-03,2026-08-09,3:00:00 PM,Ropa Vieja,5.0,81.95
5949,2026-08-03,2026-08-09,3:00:00 PM,Sand Jamon Queso,1.0,9.19
5950,2026-08-03,2026-08-09,3:00:00 PM,Sandweches Pollo,1.0,11.49
5951,2026-08-03,2026-08-09,3:00:00 PM,Sm Sopa De Pollo,2.0,5.98
5952,2026-08-03,2026-08-09,3:00:00 PM,Sopa De Pollo Grande,6.0,50.94
5953,2026-08-03,2026-08-09,3:00:00 PM,Sopa De Res Grande,2.0,24.38
5954,2026-08-03,2026-08-09,3:00:00 PM,Sopa De Res Mediana,4.0,31.96
5955,2026-08-03,2026-08-09,3:00:00 PM,Sopa Pescado Grande,3.0,32.97
5956,2026-08-03,2026-08-09,3:00:00 PM,Sopa Pescado Mediana,3.0,20.97
5957,2026-08-03,2026-08-09,3:00:00 PM,Sopa Platano Grande,1.0,10.49
5958,2026-08-03,2026-08-09,3:00:00 PM,Sopa Platano Mediana,1.0,6.99
5959,2026-08-03,2026-08-09,3:00:00 PM,Sopa Pollo Media,8.0,43.92
5960,2026-08-03,2026-08-09,3:00:00 PM,Sopa. Pollo Chiquita,1.0,3.5
5961,2026-08-03,2026-08-09,3:00:00 PM,Spaghetti Camaron Alfr,1.0,23.19
5962,2026-08-03,2026-08-09,3:00:00 PM,Spriet,1.0,2.5
5964,2026-08-03,2026-08-09,3:00:00 PM,Tamal,3.0,8.97
5965,2026-08-03,2026-08-09,3:00:00 PM,Tamal Cazuela.Mediano,3.0,21.57
5966,2026-08-03,2026-08-09,3:00:00 PM,Tamal.Cazuela Grande,5.0,55.95
5967,2026-08-03,2026-08-09,3:00:00 PM,Te Caliente,1.0,2.25
5968,2026-08-03,2026-08-09,3:00:00 PM,Te Frio,1.0,2.99
5970,2026-08-03,2026-08-09,3:00:00 PM,Toreja Cubana,1.0,5.99
5971,2026-08-03,2026-08-09,3:00:00 PM,Tortilla Basca. - Late,1.0,13.69
5972,2026-08-03,2026-08-09,3:00:00 PM,Tostones,1.0,4.99
5973,2026-08-03,2026-08-09,3:00:00 PM,Tres Leches,3.0,17.97
5974,2026-08-03,2026-08-09,3:00:00 PM,Tronchos Pescado,1.0,16.19
5975,2026-08-03,2026-08-09,3:00:00 PM,Vaca Frita,15.0,251.85
5976,2026-08-03,2026-08-09,3:00:00 PM,Vaso.Hielo,1.0,0.25
5977,2026-08-03,2026-08-09,3:00:00 PM,Vegetal.Hervido,1.0,4.99
5978,2026-08-03,2026-08-09,3:00:00 PM,Yuca Frita,1.0,5.49
5980,2026-08-03,2026-08-09,4:00:00 PM,1 Bola Helado,2.0,5.98
5981,2026-08-03,2026-08-09,4:00:00 PM,1 Pieza De Cordero,1.0,17.99
5984,2026-08-03,2026-08-09,4:00:00 PM,Aguacate $5.00,1.0,5.0
5985,2026-08-03,2026-08-09,4:00:00 PM,Ajiaco Mediano,4.0,28.36
5986,2026-08-03,2026-08-09,4:00:00 PM,Ajiaco..Grande,6.0,63.94
5987,2026-08-03,2026-08-09,4:00:00 PM,Albondigas.Res,1.0,13.99
5988,2026-08-03,2026-08-09,4:00:00 PM,Arroz Blanco,3.0,9.75
5989,2026-08-03,2026-08-09,4:00:00 PM,Arroz Con Camarones,1.0,22.19
5990,2026-08-03,2026-08-09,4:00:00 PM,Arroz Con Leche,3.0,16.47
5991,2026-08-03,2026-08-09,4:00:00 PM,Arroz Con Pollo,5.0,65.25
5992,2026-08-03,2026-08-09,4:00:00 PM,Arroz Con Puerco,1.0,12.99
5993,2026-08-03,2026-08-09,4:00:00 PM,Arroz Frito,5.0,70.45
5994,2026-08-03,2026-08-09,4:00:00 PM,Baby Churrasco,7.0,142.53
5995,2026-08-03,2026-08-09,4:00:00 PM,Bacalao Viscaina,1.0,20.19
5996,2026-08-03,2026-08-09,4:00:00 PM,Bananas.3 $ 1.50,2.0,3.0
5997,2026-08-03,2026-08-09,4:00:00 PM,Batido Banana,1.0,4.99
5998,2026-08-03,2026-08-09,4:00:00 PM,Batido Fruta Bonba,1.0,4.99
5999,2026-08-03,2026-08-09,4:00:00 PM,Batido Mamey,9.0,49.41
6000,2026-08-03,2026-08-09,4:00:00 PM,Batido Mango,3.0,14.97
6001,2026-08-03,2026-08-09,4:00:00 PM,Batido Trigo,2.0,9.98
6002,2026-08-03,2026-08-09,4:00:00 PM,Bistec De Higado,1.0,13.69
6003,2026-08-03,2026-08-09,4:00:00 PM,Bistec De Pollo,30.0,413.1
6004,2026-08-03,2026-08-09,4:00:00 PM,Bistec De Puerco,2.0,31.38
6005,2026-08-03,2026-08-09,4:00:00 PM,Bistec En Cazuela,1.0,14.49
6006,2026-08-03,2026-08-09,4:00:00 PM,Bistec Jamon,1.0,13.69
6007,2026-08-03,2026-08-09,4:00:00 PM,Bistec Palomilla,11.0,200.69
6008,2026-08-03,2026-08-09,4:00:00 PM,Boliche,2.0,30.38
6009,2026-08-03,2026-08-09,4:00:00 PM,Boliche Asado,1.0,16.69
6010,2026-08-03,2026-08-09,4:00:00 PM,Boniatillo,1.0,1.5
6011,2026-08-03,2026-08-09,4:00:00 PM,Boniato Frito,1.0,4.99
6012,2026-08-03,2026-08-09,4:00:00 PM,Boniato Hervido,1.0,4.99
6013,2026-08-03,2026-08-09,4:00:00 PM,Boñuelos,2.0,10.98
6014,2026-08-03,2026-08-09,4:00:00 PM,Budweiser,2.0,9.98
6015,2026-08-03,2026-08-09,4:00:00 PM,Cafe Americano Chiquit,1.0,2.5
6016,2026-08-03,2026-08-09,4:00:00 PM,Cafe Con Leche Mediano,1.0,3.75
6017,2026-08-03,2026-08-09,4:00:00 PM,Cafe Con Leche Pequeno,4.0,10.0
6018,2026-08-03,2026-08-09,4:00:00 PM,Cafe Cubano,24.0,36.0
6019,2026-08-03,2026-08-09,4:00:00 PM,Caldo Gallego.Chiquito,1.0,4.49
6020,2026-08-03,2026-08-09,4:00:00 PM,Caldo.Gallego Grande,1.0,11.69
6021,2026-08-03,2026-08-09,4:00:00 PM,Camarones Empanizad,1.0,19.99
6025,2026-08-03,2026-08-09,4:00:00 PM,Carne Con Papas,5.0,70.55
6026,2026-08-03,2026-08-09,4:00:00 PM,Ceviche Mixto,1.0,23.19
6027,2026-08-03,2026-08-09,4:00:00 PM,Chichar Pollo C Hueso,1.0,13.49
6028,2026-08-03,2026-08-09,4:00:00 PM,Chichar Pollo Sin Hues,1.0,13.69
6029,2026-08-03,2026-08-09,4:00:00 PM,Chicharo Grande,1.0,8.99
6030,2026-08-03,2026-08-09,4:00:00 PM,Chicharo Mediano,1.0,6.99
6031,2026-08-03,2026-08-09,4:00:00 PM,Chilindron D Chivo,1.0,22.19
6032,2026-08-03,2026-08-09,4:00:00 PM,Chuletas De Puerco,2.0,28.18
6033,2026-08-03,2026-08-09,4:00:00 PM,Churrasco,5.0,130.55
6034,2026-08-03,2026-08-09,4:00:00 PM,Churros.Solo.4,2.0,9.98
6035,2026-08-03,2026-08-09,4:00:00 PM,Club Sandwich,4.0,48.56
6036,2026-08-03,2026-08-09,4:00:00 PM,Coke,9.0,22.5
6037,2026-08-03,2026-08-09,4:00:00 PM,Coke Cero,1.0,2.5
6038,2026-08-03,2026-08-09,4:00:00 PM,Colada,3.0,8.25
6039,2026-08-03,2026-08-09,4:00:00 PM,Congri,1.0,3.99
6040,2026-08-03,2026-08-09,4:00:00 PM,Copa Vino,1.0,8.99
6041,2026-08-03,2026-08-09,4:00:00 PM,Corona,8.0,43.92
6042,2026-08-03,2026-08-09,4:00:00 PM,Cortadito,4.0,8.22
6043,2026-08-03,2026-08-09,4:00:00 PM,Cortadito Evaporada,7.0,17.5
6044,2026-08-03,2026-08-09,4:00:00 PM,Crema Brocoly,1.0,9.25
6045,2026-08-03,2026-08-09,4:00:00 PM,Crema Calabaza Grande,1.0,9.99
6046,2026-08-03,2026-08-09,4:00:00 PM,Crema Calabaza Median,7.0,48.93
6047,2026-08-03,2026-08-09,4:00:00 PM,Crema Malanga Mediana,9.0,62.91
6048,2026-08-03,2026-08-09,4:00:00 PM,Crema Malanga.Grande,9.0,94.41
6049,2026-08-03,2026-08-09,4:00:00 PM,Crema Vegetal Grande,3.0,31.47
6050,2026-08-03,2026-08-09,4:00:00 PM,Crema Vegetales Median,1.0,6.99
6051,2026-08-03,2026-08-09,4:00:00 PM,Crema. Malanga Chiquit,3.0,13.5
6052,2026-08-03,2026-08-09,4:00:00 PM,Crema. Vegetalchiquita,1.0,4.5
6053,2026-08-03,2026-08-09,4:00:00 PM,Croqueta Jamon,32.0,56.0
6054,2026-08-03,2026-08-09,4:00:00 PM,Croqueta Preparada,1.0,12.19
6055,2026-08-03,2026-08-09,4:00:00 PM,Deditos .Pescado,1.0,14.19
6056,2026-08-03,2026-08-09,4:00:00 PM,Deditos De Pescado,3.0,48.57
6057,2026-08-03,2026-08-09,4:00:00 PM,Deditos De Pollo,2.0,26.18
6058,2026-08-03,2026-08-09,4:00:00 PM,Deditos De Queso,2.0,3.98
6059,2026-08-03,2026-08-09,4:00:00 PM,Diet Coke,1.0,2.25
6060,2026-08-03,2026-08-09,4:00:00 PM,Dos Huevo Aros. Madur,2.0,17.98
6061,2026-08-03,2026-08-09,4:00:00 PM,E Pagueti Solo Roja,1.0,8.99
6062,2026-08-03,2026-08-09,4:00:00 PM,Empanada Carne,7.0,20.93
6063,2026-08-03,2026-08-09,4:00:00 PM,Empanada Jamon/Queso,4.0,11.96
6064,2026-08-03,2026-08-09,4:00:00 PM,Empanada Pollo,5.0,14.95
6065,2026-08-03,2026-08-09,4:00:00 PM,Empnda Espinaca/Queso,3.0,8.97
6066,2026-08-03,2026-08-09,4:00:00 PM,Enpanada Colonbiana,4.0,9.96
6067,2026-08-03,2026-08-09,4:00:00 PM,Enpanisado. Res,3.0,48.37
6068,2026-08-03,2026-08-09,4:00:00 PM,Ensala Aguacat Peque,9.0,40.5
6069,2026-08-03,2026-08-09,4:00:00 PM,Ensala Pollo 2 Croquet,1.0,12.49
6070,2026-08-03,2026-08-09,4:00:00 PM,Ensalada Aguacat Grand,5.0,27.5
6071,2026-08-03,2026-08-09,4:00:00 PM,Espaguetti Jamon,1.0,13.19
6072,2026-08-03,2026-08-09,4:00:00 PM,Extra Aguacate,2.0,3.5
6073,2026-08-03,2026-08-09,4:00:00 PM,Fabada Grande,1.0,10.69
6074,2026-08-03,2026-08-09,4:00:00 PM,Fabada Mediana,1.0,6.99
6075,2026-08-03,2026-08-09,4:00:00 PM,Filete Curvina Plancha,1.0,18.99
6076,2026-08-03,2026-08-09,4:00:00 PM,Filete Pargo En Salsa,1.0,24.0
6077,2026-08-03,2026-08-09,4:00:00 PM,Filete Pargo Plancha,3.0,63.37
6078,2026-08-03,2026-08-09,4:00:00 PM,Filete Pescado Empani,2.0,37.38
6079,2026-08-03,2026-08-09,4:00:00 PM,Filete Pescado Planch,1.0,16.99
6080,2026-08-03,2026-08-09,4:00:00 PM,Filete Salmon,1.0,18.0
6081,2026-08-03,2026-08-09,4:00:00 PM,Filetillo Pollo Planch,2.0,30.38
6082,2026-08-03,2026-08-09,4:00:00 PM,Filetillo Res Plancha,3.0,45.37
6083,2026-08-03,2026-08-09,4:00:00 PM,Flan,3.0,14.97
6084,2026-08-03,2026-08-09,4:00:00 PM,Flan Especial,3.0,17.97
6085,2026-08-03,2026-08-09,4:00:00 PM,Fricase De Pollo,4.0,46.36
6086,2026-08-03,2026-08-09,4:00:00 PM,Fricase Puerco,3.0,39.95
6087,2026-08-03,2026-08-09,4:00:00 PM,Frijol Mediano,3.0,14.97
6088,2026-08-03,2026-08-09,4:00:00 PM,Frijol Pequeno,2.0,5.98
6089,2026-08-03,2026-08-09,4:00:00 PM,Fritura Vacalao,1.0,6.5
6090,2026-08-03,2026-08-09,4:00:00 PM,Frituras De Malanga,4.0,26.0
6091,2026-08-03,2026-08-09,4:00:00 PM,Garbanzo.Mediano,1.0,6.99
6092,2026-08-03,2026-08-09,4:00:00 PM,Guarapo,1.0,5.25
6093,2026-08-03,2026-08-09,4:00:00 PM,Guiso.Maiz Mediano,1.0,6.99
6094,2026-08-03,2026-08-09,4:00:00 PM,Hamburquesa.Con Queso,2.0,22.18
6095,2026-08-03,2026-08-09,4:00:00 PM,Higado Italiana,2.0,30.38
6096,2026-08-03,2026-08-09,4:00:00 PM,Horde Depan,1.0,1.5
6097,2026-08-03,2026-08-09,4:00:00 PM,Horden De 3 Chicharone,1.0,3.25
6098,2026-08-03,2026-08-09,4:00:00 PM,Horden De Limon,2.0,3.98
6099,2026-08-03,2026-08-09,4:00:00 PM,Huevo Frito,1.0,1.5
6100,2026-08-03,2026-08-09,4:00:00 PM,Imperial,1.0,12.19
6101,2026-08-03,2026-08-09,4:00:00 PM,Inca Kola,1.0,2.99
6102,2026-08-03,2026-08-09,4:00:00 PM,Jugo De Manzana,5.0,16.25
6103,2026-08-03,2026-08-09,4:00:00 PM,Jugo Maraculla,4.0,18.0
6104,2026-08-03,2026-08-09,4:00:00 PM,Jugo Pina,5.0,22.5
6105,2026-08-03,2026-08-09,4:00:00 PM,Jugo Zanahoria Naraja,1.0,4.99
6106,2026-08-03,2026-08-09,4:00:00 PM,Jugo.Naranja,10.0,52.5
6107,2026-08-03,2026-08-09,4:00:00 PM,Juntas,3.0,0.0
6108,2026-08-03,2026-08-09,4:00:00 PM,Langosta Enchilada,1.0,40.0
6109,2026-08-03,2026-08-09,4:00:00 PM,Lentejas Grande,2.0,18.98
6110,2026-08-03,2026-08-09,4:00:00 PM,Lentejas Mediana,7.0,48.93
6111,2026-08-03,2026-08-09,4:00:00 PM,Lentejas.Chiquita,1.0,3.99
6112,2026-08-03,2026-08-09,4:00:00 PM,Limonada,1.0,4.5
6113,2026-08-03,2026-08-09,4:00:00 PM,Madio.Pollo A La Brasa,2.0,27.98
6114,2026-08-03,2026-08-09,4:00:00 PM,Mariquitas,3.0,17.97
6115,2026-08-03,2026-08-09,4:00:00 PM,Mariquitas..Mixta,1.0,5.49
6116,2026-08-03,2026-08-09,4:00:00 PM,Mariquitas.Togo,1.0,4.5
6117,2026-08-03,2026-08-09,4:00:00 PM,Masas De Puerco,12.0,167.78
6118,2026-08-03,2026-08-09,4:00:00 PM,Materva,1.0,2.5
6119,2026-08-03,2026-08-09,4:00:00 PM,Media Noche,3.0,30.37
6120,2026-08-03,2026-08-09,4:00:00 PM,Medio Pollo A Brasa,1.0,13.99
6121,2026-08-03,2026-08-09,4:00:00 PM,Medio Pollo.Asado,1.0,13.19
6122,2026-08-03,2026-08-09,4:00:00 PM,Melon..Sandia,1.0,4.5
6123,2026-08-03,2026-08-09,4:00:00 PM,Miami Sandwich,8.0,96.52
6124,2026-08-03,2026-08-09,4:00:00 PM,Milanesa De Pollo,2.0,34.38
6125,2026-08-03,2026-08-09,4:00:00 PM,Miller Light,1.0,4.99
6126,2026-08-03,2026-08-09,4:00:00 PM,Misc Cocina,2.0,3.0
6127,2026-08-03,2026-08-09,4:00:00 PM,Modelo,6.0,32.94
6128,2026-08-03,2026-08-09,4:00:00 PM,Mofongo Puerco,1.0,16.99
6129,2026-08-03,2026-08-09,4:00:00 PM,Mojo Chiquito,2.0,7.9
6130,2026-08-03,2026-08-09,4:00:00 PM,Moros,1.0,3.99
6131,2026-08-03,2026-08-09,4:00:00 PM,Natilla,1.0,4.99
6132,2026-08-03,2026-08-09,4:00:00 PM,Natilla Catalana,3.0,18.75
6133,2026-08-03,2026-08-09,4:00:00 PM,Pan Con Bistec,6.0,66.94
6134,2026-08-03,2026-08-09,4:00:00 PM,Papa Rellena,2.0,5.98
6135,2026-08-03,2026-08-09,4:00:00 PM,Papas Fritas,5.0,22.45
6136,2026-08-03,2026-08-09,4:00:00 PM,Pasteles Guayaba,1.0,1.5
6137,2026-08-03,2026-08-09,4:00:00 PM,Picadillo,3.0,43.47
6138,2026-08-03,2026-08-09,4:00:00 PM,Platano Hervido,2.0,9.98
6139,2026-08-03,2026-08-09,4:00:00 PM,Pudin De Pan,1.0,5.49
6140,2026-08-03,2026-08-09,4:00:00 PM,Pudin Diplomatico,2.0,10.98
6141,2026-08-03,2026-08-09,4:00:00 PM,Rabo Encendido,4.0,96.75999999999999
6142,2026-08-03,2026-08-09,4:00:00 PM,Riñonada,1.0,20.99
6143,2026-08-03,2026-08-09,4:00:00 PM,Ropa Vieja,4.0,62.06
6144,2026-08-03,2026-08-09,4:00:00 PM,Rueda De Serrucho,1.0,14.99
6145,2026-08-03,2026-08-09,4:00:00 PM,S.Pellecrino,2.0,6.98
6146,2026-08-03,2026-08-09,4:00:00 PM,Salsa Cilandro,1.0,1.25
6147,2026-08-03,2026-08-09,4:00:00 PM,Sandweches Pollo,1.0,11.69
6148,2026-08-03,2026-08-09,4:00:00 PM,Sm Crema Calabaza,3.0,11.97
6149,2026-08-03,2026-08-09,4:00:00 PM,Sopa De Pollo Grande,11.0,93.39
6150,2026-08-03,2026-08-09,4:00:00 PM,Sopa De Res Grande,2.0,24.38
6151,2026-08-03,2026-08-09,4:00:00 PM,Sopa De Res Pequena,1.0,4.99
6152,2026-08-03,2026-08-09,4:00:00 PM,Sopa Pescado Grande,7.0,76.93
6153,2026-08-03,2026-08-09,4:00:00 PM,Sopa Platano Grande,1.0,10.49
6154,2026-08-03,2026-08-09,4:00:00 PM,Sopa Platano Mediana,3.0,20.97
6155,2026-08-03,2026-08-09,4:00:00 PM,Sopa Pollo Media,9.0,49.41
6156,2026-08-03,2026-08-09,4:00:00 PM,Sopa. Pollo Chiquita,2.0,7.0
6157,2026-08-03,2026-08-09,4:00:00 PM,Sopon Marinero,1.0,25.99
6158,2026-08-03,2026-08-09,4:00:00 PM,Spriet,4.0,10.0
6160,2026-08-03,2026-08-09,4:00:00 PM,Tamal,3.0,8.97
6161,2026-08-03,2026-08-09,4:00:00 PM,Tamal.Cazuela Grande,2.0,22.38
6162,2026-08-03,2026-08-09,4:00:00 PM,Tartara,1.0,1.0
6164,2026-08-03,2026-08-09,4:00:00 PM,Tortilla,1.0,10.99
6165,2026-08-03,2026-08-09,4:00:00 PM,Tostada,2.0,3.98
6166,2026-08-03,2026-08-09,4:00:00 PM,Tostones,1.0,4.99
6167,2026-08-03,2026-08-09,4:00:00 PM,Tres Leches,5.0,29.95
6168,2026-08-03,2026-08-09,4:00:00 PM,Vaca Frita,9.0,150.51
6169,2026-08-03,2026-08-09,4:00:00 PM,Vegetal.Hervido,1.0,4.99
6171,2026-08-03,2026-08-09,5:00:00 PM,1 Bola Helado,5.0,14.95
6172,2026-08-03,2026-08-09,5:00:00 PM,2 Piezas De Cordero,1.0,27.19
6175,2026-08-03,2026-08-09,5:00:00 PM,Agua Perrier,1.0,3.49
6176,2026-08-03,2026-08-09,5:00:00 PM,Aguacate $5.00,4.0,20.0
6177,2026-08-03,2026-08-09,5:00:00 PM,Ajiaco Mediano,2.0,14.18
6178,2026-08-03,2026-08-09,5:00:00 PM,Ajiaco..Grande,6.0,63.94
6179,2026-08-03,2026-08-09,5:00:00 PM,Albondigas.Res,1.0,13.99
6180,2026-08-03,2026-08-09,5:00:00 PM,Arroz Blanco,2.0,6.5
6181,2026-08-03,2026-08-09,5:00:00 PM,Arroz Chiquito,6.0,15.5
6182,2026-08-03,2026-08-09,5:00:00 PM,Arroz Con Leche,3.0,16.47
6183,2026-08-03,2026-08-09,5:00:00 PM,Arroz Con Pollo,5.0,67.25
6184,2026-08-03,2026-08-09,5:00:00 PM,Arroz Con Puerco,1.0,13.19
6185,2026-08-03,2026-08-09,5:00:00 PM,Arroz Frito,5.0,70.25
6186,2026-08-03,2026-08-09,5:00:00 PM,Arroz Imperial,1.0,16.19
6187,2026-08-03,2026-08-09,5:00:00 PM,Arroz Pollo.Desmenuza,2.0,24.98
6188,2026-08-03,2026-08-09,5:00:00 PM,Baby Churrasco,9.0,177.91
6189,2026-08-03,2026-08-09,5:00:00 PM,Banana,1.0,0.5
6190,2026-08-03,2026-08-09,5:00:00 PM,Batido Chocolate,3.0,14.97
6191,2026-08-03,2026-08-09,5:00:00 PM,Batido Fruta Bonba,1.0,4.99
6192,2026-08-03,2026-08-09,5:00:00 PM,Batido Mamey,6.0,32.94
6193,2026-08-03,2026-08-09,5:00:00 PM,Batido Trigo,1.0,4.99
6194,2026-08-03,2026-08-09,5:00:00 PM,Bistec De Pollo,32.0,438.88
6195,2026-08-03,2026-08-09,5:00:00 PM,Bistec De Puerco,8.0,129.22
6196,2026-08-03,2026-08-09,5:00:00 PM,Bistec En Cazuela,3.0,43.87
6197,2026-08-03,2026-08-09,5:00:00 PM,Bistec Palomilla,15.0,274.25
6198,2026-08-03,2026-08-09,5:00:00 PM,Bola Ensalada Pollo,3.0,9.75
6199,2026-08-03,2026-08-09,5:00:00 PM,Boliche,3.0,45.57
6200,2026-08-03,2026-08-09,5:00:00 PM,Boliche Asado,1.0,16.49
6201,2026-08-03,2026-08-09,5:00:00 PM,Bolita De Tuna,1.0,3.25
6202,2026-08-03,2026-08-09,5:00:00 PM,Boniato Frito,1.0,4.99
6203,2026-08-03,2026-08-09,5:00:00 PM,Boñuelos,2.0,10.98
6204,2026-08-03,2026-08-09,5:00:00 PM,Caf.Lec.Evap.Chico,1.0,3.0
6205,2026-08-03,2026-08-09,5:00:00 PM,Caf.Lec.Evap.Media,3.0,13.5
6206,2026-08-03,2026-08-09,5:00:00 PM,Cafe Con Leche Grande,1.0,4.5
6207,2026-08-03,2026-08-09,5:00:00 PM,Cafe Con Leche Pequeno,4.0,10.0
6208,2026-08-03,2026-08-09,5:00:00 PM,Cafe Cubano,19.0,28.5
6209,2026-08-03,2026-08-09,5:00:00 PM,Calabaza Hervida,1.0,4.99
6210,2026-08-03,2026-08-09,5:00:00 PM,Caldo Gallego.Chiquito,3.0,13.47
6211,2026-08-03,2026-08-09,5:00:00 PM,Caldo Gallego.Mediano,2.0,16.38
6212,2026-08-03,2026-08-09,5:00:00 PM,Camarones Al Ajillo,1.0,21.19
6213,2026-08-03,2026-08-09,5:00:00 PM,Camarones Empanizad,1.0,19.99
6214,2026-08-03,2026-08-09,5:00:00 PM,Camarones Enchilado,1.0,19.99
6217,2026-08-03,2026-08-09,5:00:00 PM,Carne Con Papas,4.0,56.76
6218,2026-08-03,2026-08-09,5:00:00 PM,Cascos Guava Queso,2.0,11.98
6219,2026-08-03,2026-08-09,5:00:00 PM,Chevere,2.0,2.5
6220,2026-08-03,2026-08-09,5:00:00 PM,Chichar Pollo Sin Hues,6.0,82.14
6221,2026-08-03,2026-08-09,5:00:00 PM,Chicharo Grande,3.0,27.57
6222,2026-08-03,2026-08-09,5:00:00 PM,Chicharo Mediano,1.0,6.99
6223,2026-08-03,2026-08-09,5:00:00 PM,Chicharron De Pollo,1.0,11.99
6224,2026-08-03,2026-08-09,5:00:00 PM,Chichek Wings,2.0,15.0
6225,2026-08-03,2026-08-09,5:00:00 PM,Chilindron D Chivo,2.0,44.98
6226,2026-08-03,2026-08-09,5:00:00 PM,Chuletas De Puerco,3.0,44.47
6227,2026-08-03,2026-08-09,5:00:00 PM,Churrasco,7.0,183.93
6228,2026-08-03,2026-08-09,5:00:00 PM,Club Sandwich,2.0,24.18
6229,2026-08-03,2026-08-09,5:00:00 PM,Coke,3.0,7.5
6230,2026-08-03,2026-08-09,5:00:00 PM,Coke Cero,1.0,2.5
6231,2026-08-03,2026-08-09,5:00:00 PM,Colada,8.0,22.0
6232,2026-08-03,2026-08-09,5:00:00 PM,Congri,1.0,3.99
6233,2026-08-03,2026-08-09,5:00:00 PM,Copa De Sangria,1.0,8.99
6234,2026-08-03,2026-08-09,5:00:00 PM,Copa Vino,3.0,26.97
6235,2026-08-03,2026-08-09,5:00:00 PM,Corona,6.0,32.94
6236,2026-08-03,2026-08-09,5:00:00 PM,Cortadito,6.0,12.72
6237,2026-08-03,2026-08-09,5:00:00 PM,Cortadito Evaporada,10.0,25.0
6238,2026-08-03,2026-08-09,5:00:00 PM,Crema Brocoly,2.0,18.5
6239,2026-08-03,2026-08-09,5:00:00 PM,Crema Calabaza Grande,2.0,19.98
6240,2026-08-03,2026-08-09,5:00:00 PM,Crema Calabaza Median,6.0,41.94
6241,2026-08-03,2026-08-09,5:00:00 PM,Crema Calabazachiquit,1.0,4.5
6242,2026-08-03,2026-08-09,5:00:00 PM,Crema Malanga Mediana,6.0,41.94
6243,2026-08-03,2026-08-09,5:00:00 PM,Crema Malanga.Grande,8.0,83.92
6244,2026-08-03,2026-08-09,5:00:00 PM,Crema Vegetal Grande,2.0,20.98
6245,2026-08-03,2026-08-09,5:00:00 PM,Crema Vegetal Mediana,1.0,6.99
6246,2026-08-03,2026-08-09,5:00:00 PM,Crema. Malanga Chiquit,2.0,9.0
6247,2026-08-03,2026-08-09,5:00:00 PM,Crema. Vegetalchiquita,2.0,9.0
6248,2026-08-03,2026-08-09,5:00:00 PM,Croqueta Bacalao,8.0,15.92
6249,2026-08-03,2026-08-09,5:00:00 PM,Croqueta Jamon,38.0,66.5
6250,2026-08-03,2026-08-09,5:00:00 PM,Croqueta Preparada,1.0,11.99
6251,2026-08-03,2026-08-09,5:00:00 PM,Cubano Especial,2.0,24.38
6252,2026-08-03,2026-08-09,5:00:00 PM,Deditos .Pescado,3.0,45.17
6253,2026-08-03,2026-08-09,5:00:00 PM,Deditos De Pescado,3.0,51.87
6254,2026-08-03,2026-08-09,5:00:00 PM,Deditos De Pollo,3.0,39.57
6255,2026-08-03,2026-08-09,5:00:00 PM,Deditos De Queso,3.0,5.97
6256,2026-08-03,2026-08-09,5:00:00 PM,Deditos Queso/Guayaba,1.0,1.99
6257,2026-08-03,2026-08-09,5:00:00 PM,Desallunos,1.0,11.99
6258,2026-08-03,2026-08-09,5:00:00 PM,Diet Coke,3.0,6.75
6259,2026-08-03,2026-08-09,5:00:00 PM,Diet Materva,1.0,2.5
6260,2026-08-03,2026-08-09,5:00:00 PM,Elena Ruz,3.0,30.57
6261,2026-08-03,2026-08-09,5:00:00 PM,Empanada Carne,2.0,5.98
6262,2026-08-03,2026-08-09,5:00:00 PM,Empanada Jamon/Queso,4.0,11.96
6263,2026-08-03,2026-08-09,5:00:00 PM,Empanada Pollo,2.0,5.98
6264,2026-08-03,2026-08-09,5:00:00 PM,Enpanada Colonbiana,1.0,2.49
6265,2026-08-03,2026-08-09,5:00:00 PM,Enpanisado. Res,3.0,50.37
6266,2026-08-03,2026-08-09,5:00:00 PM,Ensala Aguacat Peque,9.0,40.5
6267,2026-08-03,2026-08-09,5:00:00 PM,Ensala Pollo 2 Croquet,3.0,37.47
6268,2026-08-03,2026-08-09,5:00:00 PM,Ensalada Aguacat Grand,7.0,38.5
6269,2026-08-03,2026-08-09,5:00:00 PM,Ensalda De Tuna,2.0,23.98
6270,2026-08-03,2026-08-09,5:00:00 PM,Fabada Chiquita,1.0,3.99
6271,2026-08-03,2026-08-09,5:00:00 PM,Fabada Mediana,3.0,21.17
6272,2026-08-03,2026-08-09,5:00:00 PM,Filete Ala Vilvaina,1.0,21.99
6273,2026-08-03,2026-08-09,5:00:00 PM,Filete Pargo Plancha,2.0,42.18
6274,2026-08-03,2026-08-09,5:00:00 PM,Filetill Pollo Salsa,1.0,15.19
6275,2026-08-03,2026-08-09,5:00:00 PM,Filetillo Pollo Planch,3.0,45.57
6276,2026-08-03,2026-08-09,5:00:00 PM,Filetillo Res Salsa,1.0,15.19
6277,2026-08-03,2026-08-09,5:00:00 PM,Flan,3.0,14.97
6278,2026-08-03,2026-08-09,5:00:00 PM,Flan Especial,11.0,65.89
6279,2026-08-03,2026-08-09,5:00:00 PM,Fricase De Pollo,1.0,11.19
6280,2026-08-03,2026-08-09,5:00:00 PM,Fricase Puerco,1.0,13.25
6281,2026-08-03,2026-08-09,5:00:00 PM,Frijol Grande,4.0,31.96
6282,2026-08-03,2026-08-09,5:00:00 PM,Frijol Mediano,4.0,19.96
6283,2026-08-03,2026-08-09,5:00:00 PM,Frijol Pequeno,1.0,2.99
6284,2026-08-03,2026-08-09,5:00:00 PM,Frita Cubana,1.0,9.99
6285,2026-08-03,2026-08-09,5:00:00 PM,Fritura Vacalao,1.0,6.5
6286,2026-08-03,2026-08-09,5:00:00 PM,Frituras De Malanga,2.0,13.0
6287,2026-08-03,2026-08-09,5:00:00 PM,Garbanzo Grande,5.0,52.45
6288,2026-08-03,2026-08-09,5:00:00 PM,Garbanzo.Chiquito,1.0,3.99
6289,2026-08-03,2026-08-09,5:00:00 PM,Garbanzo.Frito,3.0,44.57
6290,2026-08-03,2026-08-09,5:00:00 PM,Garbanzo.Mediano,2.0,13.98
6291,2026-08-03,2026-08-09,5:00:00 PM,Guiso.Maiz Mediano,2.0,13.98
6292,2026-08-03,2026-08-09,5:00:00 PM,Hamburquesa.Con Queso,1.0,11.19
6293,2026-08-03,2026-08-09,5:00:00 PM,Heineken,4.0,21.96
6294,2026-08-03,2026-08-09,5:00:00 PM,Helado Cono,1.0,3.5
6295,2026-08-03,2026-08-09,5:00:00 PM,Horde Depan,4.0,6.0
6296,2026-08-03,2026-08-09,5:00:00 PM,Horden De 3 Chicharone,2.0,6.5
6297,2026-08-03,2026-08-09,5:00:00 PM,Horden De Limon,1.0,1.99
6298,2026-08-03,2026-08-09,5:00:00 PM,Huevo Frito,2.0,2.5
6299,2026-08-03,2026-08-09,5:00:00 PM,Imperial,2.0,24.38
6300,2026-08-03,2026-08-09,5:00:00 PM,Iron Beer,1.0,2.5
6301,2026-08-03,2026-08-09,5:00:00 PM,Jugo Maraculla,2.0,9.0
6302,2026-08-03,2026-08-09,5:00:00 PM,Jugo Zanahoria Naraja,2.0,9.98
6303,2026-08-03,2026-08-09,5:00:00 PM,Jugo.Naranja,9.0,47.25
6304,2026-08-03,2026-08-09,5:00:00 PM,Juntas,2.0,0.0
6305,2026-08-03,2026-08-09,5:00:00 PM,Lechon Asado,8.0,113.12
6306,2026-08-03,2026-08-09,5:00:00 PM,Lentejas Grande,4.0,37.96
6307,2026-08-03,2026-08-09,5:00:00 PM,Lentejas Mediana,6.0,41.94
6308,2026-08-03,2026-08-09,5:00:00 PM,Limanada Coco,1.0,5.99
6309,2026-08-03,2026-08-09,5:00:00 PM,Limonada,5.0,22.5
6310,2026-08-03,2026-08-09,5:00:00 PM,Madio.Pollo A La Brasa,5.0,70.75
6311,2026-08-03,2026-08-09,5:00:00 PM,Maduros,6.0,26.94
6312,2026-08-03,2026-08-09,5:00:00 PM,Malboro Reg,1.0,12.0
6313,2026-08-03,2026-08-09,5:00:00 PM,Malta,1.0,3.25
6314,2026-08-03,2026-08-09,5:00:00 PM,Mariquitas,1.0,5.99
6315,2026-08-03,2026-08-09,5:00:00 PM,Mariquitas De Malanga,1.0,5.99
6316,2026-08-03,2026-08-09,5:00:00 PM,Masas De Puerco,9.0,131.41
6317,2026-08-03,2026-08-09,5:00:00 PM,Materva,4.0,10.0
6318,2026-08-03,2026-08-09,5:00:00 PM,Media Noche,5.0,50.75
6319,2026-08-03,2026-08-09,5:00:00 PM,Medio Pollo A Brasa,2.0,28.38
6320,2026-08-03,2026-08-09,5:00:00 PM,Medio Pollo Frito,1.0,14.69
6321,2026-08-03,2026-08-09,5:00:00 PM,Medio Pollo.Asado,1.0,13.19
6322,2026-08-03,2026-08-09,5:00:00 PM,Melon..Sandia,4.0,18.0
6323,2026-08-03,2026-08-09,5:00:00 PM,Miami Sandwich,1.0,12.19
6324,2026-08-03,2026-08-09,5:00:00 PM,Milanesa De Pollo,1.0,16.19
6325,2026-08-03,2026-08-09,5:00:00 PM,Milanesa Res,2.0,40.18
6326,2026-08-03,2026-08-09,5:00:00 PM,Mini Sandwich,1.0,5.99
6327,2026-08-03,2026-08-09,5:00:00 PM,Misc Cocina,1.0,10.5
6328,2026-08-03,2026-08-09,5:00:00 PM,Moros,1.0,3.99
6329,2026-08-03,2026-08-09,5:00:00 PM,Pan Con Bistec,3.0,33.37
6330,2026-08-03,2026-08-09,5:00:00 PM,Papa Rellena,1.0,2.99
6331,2026-08-03,2026-08-09,5:00:00 PM,Pargo Frito,1.0,23.99
6332,2026-08-03,2026-08-09,5:00:00 PM,Pasteles Guayaba,1.0,1.5
6333,2026-08-03,2026-08-09,5:00:00 PM,Picadillo,7.0,97.63
6334,2026-08-03,2026-08-09,5:00:00 PM,Pollo Empanizado,4.0,58.76
6335,2026-08-03,2026-08-09,5:00:00 PM,Potaje Colorados Media,1.0,7.19
6336,2026-08-03,2026-08-09,5:00:00 PM,Presidente,1.0,5.49
6337,2026-08-03,2026-08-09,5:00:00 PM,Pudin De Pan,2.0,10.98
6338,2026-08-03,2026-08-09,5:00:00 PM,Pudin Diplomatico,2.0,10.98
6339,2026-08-03,2026-08-09,5:00:00 PM,Rabo Encendido,5.0,122.55000000000001
6340,2026-08-03,2026-08-09,5:00:00 PM,Riñonada,2.0,43.18
6341,2026-08-03,2026-08-09,5:00:00 PM,Ropa Vieja,3.0,49.87
6342,2026-08-03,2026-08-09,5:00:00 PM,Rueda De Serrucho,1.0,15.19
6343,2026-08-03,2026-08-09,5:00:00 PM,Salsa Cilandro,1.0,1.25
6344,2026-08-03,2026-08-09,5:00:00 PM,Sand Jamon Queso,1.0,9.19
6345,2026-08-03,2026-08-09,5:00:00 PM,Sandweches Pollo,1.0,11.69
6346,2026-08-03,2026-08-09,5:00:00 PM,Sandwich Ensal Pollo,1.0,10.19
6347,2026-08-03,2026-08-09,5:00:00 PM,Soda Colonbiana,1.0,2.99
6348,2026-08-03,2026-08-09,5:00:00 PM,Sopa De Pollo Grande,8.0,67.92
6349,2026-08-03,2026-08-09,5:00:00 PM,Sopa De Res Grande,9.0,109.31
6350,2026-08-03,2026-08-09,5:00:00 PM,Sopa De Res Mediana,1.0,8.19
6351,2026-08-03,2026-08-09,5:00:00 PM,Sopa Pescado Grande,5.0,54.95
6352,2026-08-03,2026-08-09,5:00:00 PM,Sopa Pescado Mediana,1.0,6.99
6353,2026-08-03,2026-08-09,5:00:00 PM,Sopa Platano Grande,4.0,41.96
6354,2026-08-03,2026-08-09,5:00:00 PM,Sopa Platano Mediana,1.0,6.99
6355,2026-08-03,2026-08-09,5:00:00 PM,Sopa Pollo Media,10.0,54.9
6356,2026-08-03,2026-08-09,5:00:00 PM,Sopa. Pollo Chiquita,4.0,14.0
6357,2026-08-03,2026-08-09,5:00:00 PM,Spageti Pollo,1.0,15.19
6358,2026-08-03,2026-08-09,5:00:00 PM,Spaghetti Pollo Alfred,3.0,45.57
6359,2026-08-03,2026-08-09,5:00:00 PM,Spaguetti/W Carne,1.0,15.99
6360,2026-08-03,2026-08-09,5:00:00 PM,Stella Artois,2.0,10.98
6362,2026-08-03,2026-08-09,5:00:00 PM,Tama. Cazuela Chiquito,1.0,4.5
6363,2026-08-03,2026-08-09,5:00:00 PM,Tamal.Cazuela Grande,3.0,33.57
6365,2026-08-03,2026-08-09,5:00:00 PM,Torre.1/2,1.0,16.0
6366,2026-08-03,2026-08-09,5:00:00 PM,Tortilla,2.0,23.68
6367,2026-08-03,2026-08-09,5:00:00 PM,Tostada,2.0,3.98
6368,2026-08-03,2026-08-09,5:00:00 PM,Tostones,4.0,19.96
6369,2026-08-03,2026-08-09,5:00:00 PM,Tres Leches,2.0,11.98
6370,2026-08-03,2026-08-09,5:00:00 PM,Tronchos Pescado,1.0,15.99
6371,2026-08-03,2026-08-09,5:00:00 PM,Vaca Frita,22.0,372.08
6372,2026-08-03,2026-08-09,5:00:00 PM,Vegetal.Hervido,7.0,34.93
6373,2026-08-03,2026-08-09,5:00:00 PM,Yuca Frita,1.0,5.49
6375,2026-08-03,2026-08-09,6:00:00 AM,1.Solo.Panquey,1.0,2.25
6376,2026-08-03,2026-08-09,6:00:00 AM,Bistec A Caballo,3.0,44.07
6377,2026-08-03,2026-08-09,6:00:00 AM,Cafe Con Leche Pequeno,4.0,10.0
6378,2026-08-03,2026-08-09,6:00:00 AM,Cafe Cubano,8.0,12.0
6379,2026-08-03,2026-08-09,6:00:00 AM,Cafecito,1.0,0.99
6380,2026-08-03,2026-08-09,6:00:00 AM,Colada,1.0,2.75
6381,2026-08-03,2026-08-09,6:00:00 AM,Cortadito,1.0,2.25
6382,2026-08-03,2026-08-09,6:00:00 AM,Cortadito Evaporada,2.0,5.0
6383,2026-08-03,2026-08-09,6:00:00 AM,Croqueta Jamon,1.0,1.75
6384,2026-08-03,2026-08-09,6:00:00 AM,Desallunos,4.0,48.56
6385,2026-08-03,2026-08-09,6:00:00 AM,Enpanada Colonbiana,3.0,7.47
6386,2026-08-03,2026-08-09,6:00:00 AM,Ensala Pollo 2 Croquet,1.0,12.49
6387,2026-08-03,2026-08-09,6:00:00 AM,Huevo Frito,1.0,1.5
6388,2026-08-03,2026-08-09,6:00:00 AM,Jugo Pina,1.0,4.5
6389,2026-08-03,2026-08-09,6:00:00 AM,Jugo.Naranja,2.0,10.5
6390,2026-08-03,2026-08-09,6:00:00 AM,Newport,2.0,25.5
6391,2026-08-03,2026-08-09,6:00:00 AM,Pan De Bono,1.0,1.99
6392,2026-08-03,2026-08-09,6:00:00 AM,Pan Jamaica,2.0,3.2
6393,2026-08-03,2026-08-09,6:00:00 AM,Papa Rellena,1.0,2.99
6394,2026-08-03,2026-08-09,6:00:00 AM,Pepsi,2.0,5.0
6395,2026-08-03,2026-08-09,6:00:00 AM,Perico Ripiado,1.0,12.19
6396,2026-08-03,2026-08-09,6:00:00 AM,Queso Suizo,1.0,1.99
6398,2026-08-03,2026-08-09,6:00:00 AM,Sdwch De Pavo Regl,1.0,10.19
6400,2026-08-03,2026-08-09,6:00:00 AM,Tostada,5.0,9.95
6401,2026-08-03,2026-08-09,6:00:00 PM,1 Bola Helado,5.0,14.95
6402,2026-08-03,2026-08-09,6:00:00 PM,2 Piezas De Cordero,2.0,49.98
6405,2026-08-03,2026-08-09,6:00:00 PM,Aguacate $5.00,2.0,10.0
6406,2026-08-03,2026-08-09,6:00:00 PM,Ajiaco Mediano,1.0,7.19
6407,2026-08-03,2026-08-09,6:00:00 PM,Ajiaco..Grande,6.0,64.14
6408,2026-08-03,2026-08-09,6:00:00 PM,Albondigas.Res,1.0,14.19
6409,2026-08-03,2026-08-09,6:00:00 PM,Arroz Blanco,8.0,26.0
6410,2026-08-03,2026-08-09,6:00:00 PM,Arroz Chiquito,6.0,15.5
6411,2026-08-03,2026-08-09,6:00:00 PM,Arroz Con Camarones,1.0,22.19
6412,2026-08-03,2026-08-09,6:00:00 PM,Arroz Con Leche,3.0,16.47
6413,2026-08-03,2026-08-09,6:00:00 PM,Arroz Con Pollo,1.0,12.69
6414,2026-08-03,2026-08-09,6:00:00 PM,Arroz Frito,4.0,54.559999999999995
6415,2026-08-03,2026-08-09,6:00:00 PM,Arroz Pollo.Desmenuza,3.0,37.87
6416,2026-08-03,2026-08-09,6:00:00 PM,Baby Churrasco,18.0,357.92
6417,2026-08-03,2026-08-09,6:00:00 PM,Bacalao Viscaina,2.0,40.38
6418,2026-08-03,2026-08-09,6:00:00 PM,Bananas.3 $ 1.50,1.0,1.5
6419,2026-08-03,2026-08-09,6:00:00 PM,Batido Fruta Bonba,1.0,4.99
6420,2026-08-03,2026-08-09,6:00:00 PM,Batido Mamey,5.0,27.45
6421,2026-08-03,2026-08-09,6:00:00 PM,Batido Mango,3.0,14.97
6422,2026-08-03,2026-08-09,6:00:00 PM,Bistec De Pollo,47.0,646.53
6423,2026-08-03,2026-08-09,6:00:00 PM,Bistec De Puerco,2.0,31.38
6424,2026-08-03,2026-08-09,6:00:00 PM,Bistec En Cazuela,3.0,43.87
6425,2026-08-03,2026-08-09,6:00:00 PM,Bistec Palomilla,7.0,126.93
6426,2026-08-03,2026-08-09,6:00:00 PM,Boliche,1.0,15.19
6427,2026-08-03,2026-08-09,6:00:00 PM,Boliche Asado,1.0,16.69
6428,2026-08-03,2026-08-09,6:00:00 PM,Boniatillo,1.0,1.5
6429,2026-08-03,2026-08-09,6:00:00 PM,Boniato Frito,1.0,4.99
6430,2026-08-03,2026-08-09,6:00:00 PM,Boñuelos,2.0,10.98
6431,2026-08-03,2026-08-09,6:00:00 PM,Bud Light,1.0,4.99
6432,2026-08-03,2026-08-09,6:00:00 PM,Budweiser,1.0,4.99
6433,2026-08-03,2026-08-09,6:00:00 PM,Caesar /Pollo,1.0,12.99
6434,2026-08-03,2026-08-09,6:00:00 PM,Cafe Cubano,22.0,33.0
6435,2026-08-03,2026-08-09,6:00:00 PM,Calabaza Hervida,1.0,4.99
6436,2026-08-03,2026-08-09,6:00:00 PM,Caldo Gallego.Mediano,1.0,8.19
6437,2026-08-03,2026-08-09,6:00:00 PM,Caldo.Gallego Grande,1.0,11.69
6438,2026-08-03,2026-08-09,6:00:00 PM,Caldosos,1.0,0.0
6439,2026-08-03,2026-08-09,6:00:00 PM,Camarone A La Plancha,1.0,22.19
6440,2026-08-03,2026-08-09,6:00:00 PM,Camarones Enchilado,5.0,103.75
6444,2026-08-03,2026-08-09,6:00:00 PM,Carne Con Papas,4.0,56.36
6445,2026-08-03,2026-08-09,6:00:00 PM,Cascos Guava Queso,1.0,5.99
6446,2026-08-03,2026-08-09,6:00:00 PM,Chichar Pollo C Hueso,1.0,15.49
6447,2026-08-03,2026-08-09,6:00:00 PM,Chichar Pollo Sin Hues,3.0,41.07
6448,2026-08-03,2026-08-09,6:00:00 PM,Chicharo Grande,2.0,18.38
6449,2026-08-03,2026-08-09,6:00:00 PM,Chicharo Mediano,3.0,20.97
6450,2026-08-03,2026-08-09,6:00:00 PM,Chuletas De Puerco,7.0,96.63
6451,2026-08-03,2026-08-09,6:00:00 PM,Churrasco,1.0,25.99
6452,2026-08-03,2026-08-09,6:00:00 PM,Churros.Con Dulce,1.0,6.25
6453,2026-08-03,2026-08-09,6:00:00 PM,Churros.Solo.4,1.0,4.99
6454,2026-08-03,2026-08-09,6:00:00 PM,Coke,4.0,10.0
6455,2026-08-03,2026-08-09,6:00:00 PM,Colada,4.0,11.0
6456,2026-08-03,2026-08-09,6:00:00 PM,Colorados Grande,2.0,19.18
6457,2026-08-03,2026-08-09,6:00:00 PM,Congri,1.0,3.99
6458,2026-08-03,2026-08-09,6:00:00 PM,Copa Vino,8.0,71.92
6459,2026-08-03,2026-08-09,6:00:00 PM,Cortadito,8.0,16.7
6460,2026-08-03,2026-08-09,6:00:00 PM,Cortadito Evaporada,10.0,25.0
6461,2026-08-03,2026-08-09,6:00:00 PM,Crema Brocoly,1.0,9.25
6462,2026-08-03,2026-08-09,6:00:00 PM,Crema Calabaza Grande,2.0,19.98
6463,2026-08-03,2026-08-09,6:00:00 PM,Crema Calabaza Median,4.0,27.96
6464,2026-08-03,2026-08-09,6:00:00 PM,Crema Malanga Mediana,6.0,41.94
6465,2026-08-03,2026-08-09,6:00:00 PM,Crema Malanga.Grande,7.0,73.63
6466,2026-08-03,2026-08-09,6:00:00 PM,Crema Vegetales Median,1.0,6.99
6467,2026-08-03,2026-08-09,6:00:00 PM,Croqueta Bacalao,3.0,5.97
6468,2026-08-03,2026-08-09,6:00:00 PM,Croqueta Jamon,19.0,33.25
6469,2026-08-03,2026-08-09,6:00:00 PM,Croqueta Preparada,2.0,24.18
6470,2026-08-03,2026-08-09,6:00:00 PM,Cubano Especial,2.0,24.38
6471,2026-08-03,2026-08-09,6:00:00 PM,Deditos .Pescado,6.0,87.04
6472,2026-08-03,2026-08-09,6:00:00 PM,Deditos De Pescado,3.0,48.37
6473,2026-08-03,2026-08-09,6:00:00 PM,Deditos De Pollo,1.0,13.19
6474,2026-08-03,2026-08-09,6:00:00 PM,Deditos De Pollo Kids,1.0,8.19
6475,2026-08-03,2026-08-09,6:00:00 PM,Desallunos,2.0,23.98
6476,2026-08-03,2026-08-09,6:00:00 PM,Diet Coke,1.0,2.25
6477,2026-08-03,2026-08-09,6:00:00 PM,Dulce De Leche,2.0,10.98
6478,2026-08-03,2026-08-09,6:00:00 PM,Elena Ruz,1.0,9.99
6479,2026-08-03,2026-08-09,6:00:00 PM,Empanada Carne,2.0,5.98
6480,2026-08-03,2026-08-09,6:00:00 PM,Empanada Jamon/Queso,4.0,11.96
6481,2026-08-03,2026-08-09,6:00:00 PM,Empanada Pollo,1.0,2.99
6482,2026-08-03,2026-08-09,6:00:00 PM,Enpanisado. Res,3.0,48.57
6483,2026-08-03,2026-08-09,6:00:00 PM,Ensala Aguacat Peque,12.0,54.0
6484,2026-08-03,2026-08-09,6:00:00 PM,Ensala Pollo 2 Croquet,3.0,37.47
6485,2026-08-03,2026-08-09,6:00:00 PM,Ensalada Aguacat Grand,7.0,38.5
6486,2026-08-03,2026-08-09,6:00:00 PM,Ensalda De Tuna,2.0,23.98
6487,2026-08-03,2026-08-09,6:00:00 PM,Epaguetti Con Jamon.Ro,1.0,13.19
6488,2026-08-03,2026-08-09,6:00:00 PM,Fabada Mediana,2.0,14.38
6489,2026-08-03,2026-08-09,6:00:00 PM,Filete Pargo Plancha,2.0,41.98
6490,2026-08-03,2026-08-09,6:00:00 PM,Filete Pescado Planch,1.0,16.99
6491,2026-08-03,2026-08-09,6:00:00 PM,Filetill Pollo Salsa,1.0,15.19
6492,2026-08-03,2026-08-09,6:00:00 PM,Filetillo De Carne,1.0,13.49
6493,2026-08-03,2026-08-09,6:00:00 PM,Filetillo Pollo Planch,5.0,77.55
6494,2026-08-03,2026-08-09,6:00:00 PM,Flan,5.0,24.95
6495,2026-08-03,2026-08-09,6:00:00 PM,Flan Especial,8.0,47.92
6496,2026-08-03,2026-08-09,6:00:00 PM,Fricase De Pollo,2.0,21.98
6497,2026-08-03,2026-08-09,6:00:00 PM,Fricase Puerco,5.0,66.85
6498,2026-08-03,2026-08-09,6:00:00 PM,Frijol Grande,1.0,7.99
6499,2026-08-03,2026-08-09,6:00:00 PM,Frijol Mediano,2.0,9.98
6500,2026-08-03,2026-08-09,6:00:00 PM,Frijol Pequeno,1.0,2.99
6501,2026-08-03,2026-08-09,6:00:00 PM,Frita Cubana,1.0,9.99
6502,2026-08-03,2026-08-09,6:00:00 PM,Fritura Vacalao,2.0,13.0
6503,2026-08-03,2026-08-09,6:00:00 PM,Garbanzo Grande,2.0,20.98
6504,2026-08-03,2026-08-09,6:00:00 PM,Garbanzo.Chiquito,1.0,3.99
6505,2026-08-03,2026-08-09,6:00:00 PM,Garbanzo.Frito,1.0,14.19
6506,2026-08-03,2026-08-09,6:00:00 PM,Garbanzo.Mediano,7.0,48.93
6507,2026-08-03,2026-08-09,6:00:00 PM,Guarapo,8.0,42.0
6508,2026-08-03,2026-08-09,6:00:00 PM,Guiso Maiz Chiquito,1.0,3.99
6509,2026-08-03,2026-08-09,6:00:00 PM,Hamburquesa.Con Queso,3.0,34.32
6510,2026-08-03,2026-08-09,6:00:00 PM,Heineken,1.0,5.49
6511,2026-08-03,2026-08-09,6:00:00 PM,Helado Cono,1.0,3.5
6512,2026-08-03,2026-08-09,6:00:00 PM,Higado Italiana,1.0,14.99
6513,2026-08-03,2026-08-09,6:00:00 PM,Horden De 3 Chicharone,6.0,19.5
6514,2026-08-03,2026-08-09,6:00:00 PM,Imperial.Chiquito,1.0,75.0
6515,2026-08-03,2026-08-09,6:00:00 PM,Jugo Maraculla,4.0,18.0
6516,2026-08-03,2026-08-09,6:00:00 PM,Jugo Pina,1.0,4.5
6517,2026-08-03,2026-08-09,6:00:00 PM,Jugo.Naranja,4.0,21.0
6518,2026-08-03,2026-08-09,6:00:00 PM,Juntas,8.0,0.0
6519,2026-08-03,2026-08-09,6:00:00 PM,Jupina Dieta,1.0,2.5
6520,2026-08-03,2026-08-09,6:00:00 PM,Jupiña,7.0,17.5
6521,2026-08-03,2026-08-09,6:00:00 PM,Kerns Pera,2.0,5.0
6522,2026-08-03,2026-08-09,6:00:00 PM,Lechuga Cebolla Pepino,1.0,4.99
6523,2026-08-03,2026-08-09,6:00:00 PM,Lentejas Grande,1.0,9.49
6524,2026-08-03,2026-08-09,6:00:00 PM,Lentejas Mediana,1.0,6.99
6525,2026-08-03,2026-08-09,6:00:00 PM,Limonada,7.0,31.5
6526,2026-08-03,2026-08-09,6:00:00 PM,Madio.Pollo A La Brasa,3.0,42.57
6527,2026-08-03,2026-08-09,6:00:00 PM,Maduros,8.0,35.92
6528,2026-08-03,2026-08-09,6:00:00 PM,Mariquitas,3.0,17.97
6529,2026-08-03,2026-08-09,6:00:00 PM,Mariquitas De Malanga,1.0,5.99
6530,2026-08-03,2026-08-09,6:00:00 PM,Masas De Puerco,19.0,276.61
6531,2026-08-03,2026-08-09,6:00:00 PM,Materva,3.0,7.5
6532,2026-08-03,2026-08-09,6:00:00 PM,Med Crema -Malanga,1.0,7.19
6533,2026-08-03,2026-08-09,6:00:00 PM,Media Noche,1.0,10.19
6534,2026-08-03,2026-08-09,6:00:00 PM,Medio Pollo A Brasa,1.0,12.99
6535,2026-08-03,2026-08-09,6:00:00 PM,Medio Pollo.Asado,1.0,13.19
6536,2026-08-03,2026-08-09,6:00:00 PM,Melon..Sandia,2.0,9.0
6537,2026-08-03,2026-08-09,6:00:00 PM,Merenquito,1.0,1.5
6538,2026-08-03,2026-08-09,6:00:00 PM,Miami Sandwich,3.0,36.57
6539,2026-08-03,2026-08-09,6:00:00 PM,Milanesa De Pollo,5.0,80.55
6540,2026-08-03,2026-08-09,6:00:00 PM,Milanesa Res,2.0,41.38
6541,2026-08-03,2026-08-09,6:00:00 PM,Miller Light,1.0,4.99
6542,2026-08-03,2026-08-09,6:00:00 PM,Mini Sandwich,1.0,6.19
6543,2026-08-03,2026-08-09,6:00:00 PM,Misc Cocina,1.0,6.0
6544,2026-08-03,2026-08-09,6:00:00 PM,Mofong.Chicharon Pollo,1.0,15.99
6545,2026-08-03,2026-08-09,6:00:00 PM,Mofongo Puerco,3.0,50.97
6546,2026-08-03,2026-08-09,6:00:00 PM,Mofongo Solo,2.0,15.98
6547,2026-08-03,2026-08-09,6:00:00 PM,Moros,5.0,19.95
6548,2026-08-03,2026-08-09,6:00:00 PM,Natilla,1.0,4.99
6549,2026-08-03,2026-08-09,6:00:00 PM,Natilla Catalana,4.0,25.0
6550,2026-08-03,2026-08-09,6:00:00 PM,Pan Con Bistec,11.0,122.69
6551,2026-08-03,2026-08-09,6:00:00 PM,Papa Rellena,4.0,11.96
6552,2026-08-03,2026-08-09,6:00:00 PM,Papas Fritas,5.0,22.45
6553,2026-08-03,2026-08-09,6:00:00 PM,Pargo Frito Entero,1.0,26.19
6554,2026-08-03,2026-08-09,6:00:00 PM,Pasteles Queso,1.0,1.5
6555,2026-08-03,2026-08-09,6:00:00 PM,Pepsi,2.0,5.0
6556,2026-08-03,2026-08-09,6:00:00 PM,Picadillo,6.0,85.94
6557,2026-08-03,2026-08-09,6:00:00 PM,Pizza De Queso,1.0,10.99
6558,2026-08-03,2026-08-09,6:00:00 PM,Platano Hervido,1.0,4.99
6559,2026-08-03,2026-08-09,6:00:00 PM,Pollo Empanizado,3.0,44.07
6560,2026-08-03,2026-08-09,6:00:00 PM,Potaje Colorados Media,2.0,14.18
6561,2026-08-03,2026-08-09,6:00:00 PM,Pudin De Pan,4.0,21.96
6562,2026-08-03,2026-08-09,6:00:00 PM,Pudin Diplomatico,1.0,5.49
6563,2026-08-03,2026-08-09,6:00:00 PM,Rabo Encendido,9.0,221.51
6564,2026-08-03,2026-08-09,6:00:00 PM,Riñonada,1.0,21.19
6565,2026-08-03,2026-08-09,6:00:00 PM,Ropa Vieja,9.0,138.51
6566,2026-08-03,2026-08-09,6:00:00 PM,Rueda De Serrucho,1.0,15.99
6567,2026-08-03,2026-08-09,6:00:00 PM,Sandweches Pollo,3.0,34.67
6568,2026-08-03,2026-08-09,6:00:00 PM,Sandwiche Queso Regula,1.0,8.99
6569,2026-08-03,2026-08-09,6:00:00 PM,Sopa De Pollo Grande,16.0,136.04
6570,2026-08-03,2026-08-09,6:00:00 PM,Sopa De Res Grande,5.0,60.95
6571,2026-08-03,2026-08-09,6:00:00 PM,Sopa De Res Mediana,3.0,24.17
6572,2026-08-03,2026-08-09,6:00:00 PM,Sopa Pescado Grande,1.0,10.99
6573,2026-08-03,2026-08-09,6:00:00 PM,Sopa Pescado Mediana,2.0,13.98
6574,2026-08-03,2026-08-09,6:00:00 PM,Sopa Platano Chiquita,3.0,11.97
6575,2026-08-03,2026-08-09,6:00:00 PM,Sopa Platano Grande,2.0,20.98
6576,2026-08-03,2026-08-09,6:00:00 PM,Sopa Pollo Media,11.0,60.39
6577,2026-08-03,2026-08-09,6:00:00 PM,Spaghetti Pollo Alfred,5.0,75.75
6578,2026-08-03,2026-08-09,6:00:00 PM,Spriet,2.0,5.0
6579,2026-08-03,2026-08-09,6:00:00 PM,Stella Artois,1.0,5.49
6581,2026-08-03,2026-08-09,6:00:00 PM,Tamal,10.0,29.9
6582,2026-08-03,2026-08-09,6:00:00 PM,Tamal.Cazuela Grande,4.0,44.76
6584,2026-08-03,2026-08-09,6:00:00 PM,Toreja Cubana,3.0,17.97
6585,2026-08-03,2026-08-09,6:00:00 PM,Tortilla,1.0,11.19
6586,2026-08-03,2026-08-09,6:00:00 PM,Tostada,2.0,3.98
6587,2026-08-03,2026-08-09,6:00:00 PM,Tostones,4.0,19.96
6588,2026-08-03,2026-08-09,6:00:00 PM,Tres Leches,8.0,47.92
6589,2026-08-03,2026-08-09,6:00:00 PM,Vaca Frita,15.0,263.85
6590,2026-08-03,2026-08-09,6:00:00 PM,Valle Hermoso Blan,1.0,29.0
6591,2026-08-03,2026-08-09,6:00:00 PM,Yuca Frita,1.0,5.49
6593,2026-08-03,2026-08-09,7:00:00 AM,Agua Natural,1.0,1.99
6594,2026-08-03,2026-08-09,7:00:00 AM,Bacon,1.0,4.99
6595,2026-08-03,2026-08-09,7:00:00 AM,Bananas.3 $ 1.50,2.0,3.0
6596,2026-08-03,2026-08-09,7:00:00 AM,Batido Fruta Bonba,1.0,4.99
6597,2026-08-03,2026-08-09,7:00:00 AM,Best Mango,1.0,2.99
6598,2026-08-03,2026-08-09,7:00:00 AM,Bistec A Caballo,2.0,28.98
6599,2026-08-03,2026-08-09,7:00:00 AM,Caf.Lec.Evap.Chico,1.0,3.0
6600,2026-08-03,2026-08-09,7:00:00 AM,Cafe Con Leche Grande,2.0,9.0
6601,2026-08-03,2026-08-09,7:00:00 AM,Cafe Con Leche Mediano,2.0,7.5
6602,2026-08-03,2026-08-09,7:00:00 AM,Cafe Con Leche Pequeno,16.0,40.0
6603,2026-08-03,2026-08-09,7:00:00 AM,Cafe Cubano,28.0,42.0
6604,2026-08-03,2026-08-09,7:00:00 AM,Chocolate Med,1.0,2.99
6605,2026-08-03,2026-08-09,7:00:00 AM,Cocacola.Botella,1.0,3.49
6606,2026-08-03,2026-08-09,7:00:00 AM,Coke,1.0,2.5
6607,2026-08-03,2026-08-09,7:00:00 AM,Colada,9.0,24.75
6608,2026-08-03,2026-08-09,7:00:00 AM,Cortadito,3.0,5.97
6609,2026-08-03,2026-08-09,7:00:00 AM,Cortadito Evaporada,2.0,5.0
6610,2026-08-03,2026-08-09,7:00:00 AM,Croqueta Bacalao,3.0,5.97
6611,2026-08-03,2026-08-09,7:00:00 AM,Croqueta Jamon,17.0,29.75
6612,2026-08-03,2026-08-09,7:00:00 AM,Croqueta Pollo,1.0,1.75
6613,2026-08-03,2026-08-09,7:00:00 AM,Deditos De Queso,4.0,7.96
6614,2026-08-03,2026-08-09,7:00:00 AM,Desallunos,24.0,303.81
6615,2026-08-03,2026-08-09,7:00:00 AM,Dos Huevo Aros. Madur,1.0,8.99
6616,2026-08-03,2026-08-09,7:00:00 AM,Empanada Carne,7.0,20.93
6617,2026-08-03,2026-08-09,7:00:00 AM,Empanada Jamon/Queso,1.0,2.99
6618,2026-08-03,2026-08-09,7:00:00 AM,Enpanada Colonbiana,4.0,9.96
6619,2026-08-03,2026-08-09,7:00:00 AM,Ensala Aguacat Peque,1.0,4.5
6620,2026-08-03,2026-08-09,7:00:00 AM,Ensalada Small,1.0,2.75
6621,2026-08-03,2026-08-09,7:00:00 AM,Extra Queso Crema,3.0,5.25
6622,2026-08-03,2026-08-09,7:00:00 AM,Felitos,17.0,25.33
6623,2026-08-03,2026-08-09,7:00:00 AM,Frita Cubana,1.0,10.19
6624,2026-08-03,2026-08-09,7:00:00 AM,Harina Mediana,1.0,6.25
6625,2026-08-03,2026-08-09,7:00:00 AM,Harina Pequeña,1.0,3.99
6626,2026-08-03,2026-08-09,7:00:00 AM,Huevo Con Butifara,1.0,13.49
6627,2026-08-03,2026-08-09,7:00:00 AM,Huevo Frito,4.0,5.5
6628,2026-08-03,2026-08-09,7:00:00 AM,Huevos Al Porch,1.0,11.99
6629,2026-08-03,2026-08-09,7:00:00 AM,Jugo De Manzana,2.0,6.5
6630,2026-08-03,2026-08-09,7:00:00 AM,Jugo Maraculla,1.0,4.5
6631,2026-08-03,2026-08-09,7:00:00 AM,Jugo Zanahoria Naraja,2.0,9.98
6632,2026-08-03,2026-08-09,7:00:00 AM,Jugo.Naranja,7.0,36.75
6633,2026-08-03,2026-08-09,7:00:00 AM,Leche Pequena,1.0,1.5
6634,2026-08-03,2026-08-09,7:00:00 AM,Malboro Reg,1.0,12.0
6635,2026-08-03,2026-08-09,7:00:00 AM,Newport,2.0,25.5
6636,2026-08-03,2026-08-09,7:00:00 AM,Pan Con Bistec,1.0,11.19
6637,2026-08-03,2026-08-09,7:00:00 AM,Pan Con Tortilla,3.0,33.57
6638,2026-08-03,2026-08-09,7:00:00 AM,Pan De Bono,5.0,9.95
6639,2026-08-03,2026-08-09,7:00:00 AM,Pan Jamaica,3.0,4.8
6640,2026-08-03,2026-08-09,7:00:00 AM,Papa Rellena,1.0,2.99
6641,2026-08-03,2026-08-09,7:00:00 AM,Pasteles Guayaba,5.0,7.5
6642,2026-08-03,2026-08-09,7:00:00 AM,Pasteles Queso/Guayaba,3.0,4.5
6643,2026-08-03,2026-08-09,7:00:00 AM,Pepsi,4.0,10.0
6644,2026-08-03,2026-08-09,7:00:00 AM,Perico Ripiado,3.0,36.17
6646,2026-08-03,2026-08-09,7:00:00 AM,Rinconcito Breakfast,1.0,14.19
6647,2026-08-03,2026-08-09,7:00:00 AM,Solo.Tomate,1.0,2.5
6648,2026-08-03,2026-08-09,7:00:00 AM,Tortilla,1.0,10.99
6649,2026-08-03,2026-08-09,7:00:00 AM,Tostada,23.0,45.77
6650,2026-08-03,2026-08-09,7:00:00 AM,Tostada 2 Croquetas,2.0,9.98
6651,2026-08-03,2026-08-09,7:00:00 AM,Western Omlet Reg,2.0,21.98
6652,2026-08-03,2026-08-09,7:00:00 PM,1 Bola Helado,3.0,8.97
6653,2026-08-03,2026-08-09,7:00:00 PM,1.Libra Ensala Pollo,1.0,8.99
6656,2026-08-03,2026-08-09,7:00:00 PM,Aguacate $5.00,2.0,10.0
6657,2026-08-03,2026-08-09,7:00:00 PM,Aguacate De 3.00,2.0,6.0
6658,2026-08-03,2026-08-09,7:00:00 PM,Aguacate$4.00,1.0,4.0
6659,2026-08-03,2026-08-09,7:00:00 PM,Ajiaco Mediano,4.0,27.96
6660,2026-08-03,2026-08-09,7:00:00 PM,Ajiaco..Grande,5.0,53.45
6661,2026-08-03,2026-08-09,7:00:00 PM,Arroz Blanco,1.0,3.25
6662,2026-08-03,2026-08-09,7:00:00 PM,Arroz Chiquito,3.0,6.75
6663,2026-08-03,2026-08-09,7:00:00 PM,Arroz Con Leche,6.0,32.94
6664,2026-08-03,2026-08-09,7:00:00 PM,Arroz Con Pollo,3.0,40.07
6665,2026-08-03,2026-08-09,7:00:00 PM,Arroz Con Puerco,1.0,13.19
6666,2026-08-03,2026-08-09,7:00:00 PM,Arroz Frito,3.0,41.87
6667,2026-08-03,2026-08-09,7:00:00 PM,Arroz Imperial,1.0,13.99
6668,2026-08-03,2026-08-09,7:00:00 PM,Baby Churrasco,11.0,211.09
6669,2026-08-03,2026-08-09,7:00:00 PM,Batido .Fresa,1.0,4.99
6670,2026-08-03,2026-08-09,7:00:00 PM,Batido Banana,1.0,4.99
6671,2026-08-03,2026-08-09,7:00:00 PM,Batido Fruta Bonba,7.0,34.93
6672,2026-08-03,2026-08-09,7:00:00 PM,Batido Mamey,3.0,16.47
6673,2026-08-03,2026-08-09,7:00:00 PM,Batido Mango,1.0,4.99
6674,2026-08-03,2026-08-09,7:00:00 PM,Batido Trigo,2.0,9.98
6675,2026-08-03,2026-08-09,7:00:00 PM,Bistec De Higado,1.0,13.49
6676,2026-08-03,2026-08-09,7:00:00 PM,Bistec De Pollo,35.0,478.35
6677,2026-08-03,2026-08-09,7:00:00 PM,Bistec De Puerco,1.0,15.49
6678,2026-08-03,2026-08-09,7:00:00 PM,Bistec Palomilla,7.0,126.33
6679,2026-08-03,2026-08-09,7:00:00 PM,Bola Ensalada Pollo,2.0,6.5
6680,2026-08-03,2026-08-09,7:00:00 PM,Boliche,4.0,60.76
6681,2026-08-03,2026-08-09,7:00:00 PM,Boliche Asado,5.0,83.05
6682,2026-08-03,2026-08-09,7:00:00 PM,Boniato Frito,2.0,9.98
6683,2026-08-03,2026-08-09,7:00:00 PM,Boniato Hervido,1.0,4.99
6684,2026-08-03,2026-08-09,7:00:00 PM,Boñuelos,5.0,27.45
6685,2026-08-03,2026-08-09,7:00:00 PM,Caesar /Pollo,1.0,12.99
6686,2026-08-03,2026-08-09,7:00:00 PM,Caf.Lec.Evap.Chico,1.0,3.0
6687,2026-08-03,2026-08-09,7:00:00 PM,Cafe Cubano,15.0,22.5
6688,2026-08-03,2026-08-09,7:00:00 PM,Caldo Gallego.Mediano,2.0,15.98
6689,2026-08-03,2026-08-09,7:00:00 PM,Caldosos,1.0,0.0
6690,2026-08-03,2026-08-09,7:00:00 PM,Camarones Enchilado,1.0,19.99
6693,2026-08-03,2026-08-09,7:00:00 PM,Cascos Guava Queso,2.0,11.98
6694,2026-08-03,2026-08-09,7:00:00 PM,Chuletas De Puerco,5.0,69.65
6695,2026-08-03,2026-08-09,7:00:00 PM,Churrasco,19.0,500.41
6696,2026-08-03,2026-08-09,7:00:00 PM,Churros.Con Dulce,2.0,12.5
6697,2026-08-03,2026-08-09,7:00:00 PM,Churros.Solo.4,1.0,4.99
6698,2026-08-03,2026-08-09,7:00:00 PM,Clamato,1.0,2.99
6699,2026-08-03,2026-08-09,7:00:00 PM,Club Sandwich,2.0,24.18
6700,2026-08-03,2026-08-09,7:00:00 PM,Coke,6.0,15.0
6701,2026-08-03,2026-08-09,7:00:00 PM,Coke Cero,2.0,5.0
6702,2026-08-03,2026-08-09,7:00:00 PM,Colada,4.0,11.0
6703,2026-08-03,2026-08-09,7:00:00 PM,Colorados Grande,3.0,29.07
6704,2026-08-03,2026-08-09,7:00:00 PM,Congri,2.0,7.98
6705,2026-08-03,2026-08-09,7:00:00 PM,Copa De Sangria,1.0,8.99
6706,2026-08-03,2026-08-09,7:00:00 PM,Copa Vino,3.0,26.97
6707,2026-08-03,2026-08-09,7:00:00 PM,Corona,3.0,16.47
6708,2026-08-03,2026-08-09,7:00:00 PM,Cortadito,7.0,15.23
6709,2026-08-03,2026-08-09,7:00:00 PM,Cortadito Evaporada,3.0,7.5
6710,2026-08-03,2026-08-09,7:00:00 PM,Crema Brocoly,2.0,18.5
6711,2026-08-03,2026-08-09,7:00:00 PM,Crema Calabaza Grande,1.0,9.99
6712,2026-08-03,2026-08-09,7:00:00 PM,Crema Calabaza Median,2.0,13.98
6713,2026-08-03,2026-08-09,7:00:00 PM,Crema Calabazachiquit,1.0,4.5
6714,2026-08-03,2026-08-09,7:00:00 PM,Crema Malanga Mediana,9.0,62.91
6715,2026-08-03,2026-08-09,7:00:00 PM,Crema Malanga.Grande,7.0,73.43
6716,2026-08-03,2026-08-09,7:00:00 PM,Crema Vegetal Mediana,1.0,6.99
6717,2026-08-03,2026-08-09,7:00:00 PM,Crema Vegetales Median,2.0,13.98
6718,2026-08-03,2026-08-09,7:00:00 PM,Crema. Vegetalchiquita,2.0,9.0
6719,2026-08-03,2026-08-09,7:00:00 PM,Croqueta Jamon,35.0,61.25
6720,2026-08-03,2026-08-09,7:00:00 PM,Croqueta Pollo,1.0,1.75
6721,2026-08-03,2026-08-09,7:00:00 PM,Cubano Regular,2.0,19.98
6722,2026-08-03,2026-08-09,7:00:00 PM,Deditos .Pescado,2.0,28.18
6723,2026-08-03,2026-08-09,7:00:00 PM,Deditos De Pescado,2.0,31.98
6724,2026-08-03,2026-08-09,7:00:00 PM,Deditos De Pollo,2.0,26.38
6725,2026-08-03,2026-08-09,7:00:00 PM,Deditos De Pollo Kids,1.0,7.99
6726,2026-08-03,2026-08-09,7:00:00 PM,Deditos De Queso,1.0,1.99
6727,2026-08-03,2026-08-09,7:00:00 PM,Deditos Queso/Guayaba,1.0,1.99
6728,2026-08-03,2026-08-09,7:00:00 PM,Diet Materva,4.0,10.0
6729,2026-08-03,2026-08-09,7:00:00 PM,Dos Huevo Aros. Madur,1.0,8.99
6730,2026-08-03,2026-08-09,7:00:00 PM,E Pagueti Solo Roja,2.0,17.98
6731,2026-08-03,2026-08-09,7:00:00 PM,Empanada Carne,1.0,2.99
6732,2026-08-03,2026-08-09,7:00:00 PM,Empanada Pollo,1.0,2.99
6733,2026-08-03,2026-08-09,7:00:00 PM,Enpanisado. Res,4.0,64.56
6734,2026-08-03,2026-08-09,7:00:00 PM,Ensala Aguacat Peque,10.0,45.0
6735,2026-08-03,2026-08-09,7:00:00 PM,Ensala Pollo 2 Croquet,1.0,12.49
6736,2026-08-03,2026-08-09,7:00:00 PM,Ensalada Aguacat Grand,6.0,33.0
6737,2026-08-03,2026-08-09,7:00:00 PM,Ensalda De Tuna,1.0,11.99
6738,2026-08-03,2026-08-09,7:00:00 PM,Fabada Mediana,2.0,14.38
6739,2026-08-03,2026-08-09,7:00:00 PM,Filete Ala Francesa,3.0,62.47
6740,2026-08-03,2026-08-09,7:00:00 PM,Filete Pargo Plancha,1.0,23.99
6741,2026-08-03,2026-08-09,7:00:00 PM,Filete Pescado Empani,1.0,17.69
6742,2026-08-03,2026-08-09,7:00:00 PM,Filete Pescado Planch,3.0,51.17
6743,2026-08-03,2026-08-09,7:00:00 PM,Filetill Pollo Salsa,2.0,29.98
6744,2026-08-03,2026-08-09,7:00:00 PM,Filetillo De Carne,1.0,13.49
6745,2026-08-03,2026-08-09,7:00:00 PM,Filetillo Pollo Planch,1.0,16.19
6746,2026-08-03,2026-08-09,7:00:00 PM,Filetillo Res Plancha,1.0,14.99
6747,2026-08-03,2026-08-09,7:00:00 PM,Flan,4.0,19.96
6748,2026-08-03,2026-08-09,7:00:00 PM,Flan Especial,7.0,41.93
6749,2026-08-03,2026-08-09,7:00:00 PM,Fricase De Pollo,2.0,22.38
6750,2026-08-03,2026-08-09,7:00:00 PM,Fricase Puerco,2.0,28.9
6751,2026-08-03,2026-08-09,7:00:00 PM,Frijol Grande,2.0,15.98
6752,2026-08-03,2026-08-09,7:00:00 PM,Frijol Mediano,4.0,19.96
6753,2026-08-03,2026-08-09,7:00:00 PM,Frijol Pequeno,5.0,14.95
6754,2026-08-03,2026-08-09,7:00:00 PM,Frita Cubana,1.0,10.19
6755,2026-08-03,2026-08-09,7:00:00 PM,Fritura Vacalao,3.0,19.5
6756,2026-08-03,2026-08-09,7:00:00 PM,Frituras De Malanga,3.0,19.5
6757,2026-08-03,2026-08-09,7:00:00 PM,Galleta Deliciosas,9.0,32.4
6758,2026-08-03,2026-08-09,7:00:00 PM,Guarapo,4.0,21.0
6759,2026-08-03,2026-08-09,7:00:00 PM,Hamburquesa.Con Queso,1.0,11.19
6760,2026-08-03,2026-08-09,7:00:00 PM,Horde Depan,1.0,1.5
6761,2026-08-03,2026-08-09,7:00:00 PM,Horden De 3 Chicharone,2.0,6.5
6762,2026-08-03,2026-08-09,7:00:00 PM,Huevo Frito,1.0,1.25
6763,2026-08-03,2026-08-09,7:00:00 PM,Jugo De Manzana,1.0,3.25
6764,2026-08-03,2026-08-09,7:00:00 PM,Jugo Maraculla,2.0,9.0
6765,2026-08-03,2026-08-09,7:00:00 PM,Jugo.Naranja,4.0,21.0
6766,2026-08-03,2026-08-09,7:00:00 PM,Juntas,4.0,0.0
6767,2026-08-03,2026-08-09,7:00:00 PM,Jupiña,3.0,7.5
6768,2026-08-03,2026-08-09,7:00:00 PM,Leche Grande,1.0,3.25
6769,2026-08-03,2026-08-09,7:00:00 PM,Lechon Asado,5.0,70.15
6770,2026-08-03,2026-08-09,7:00:00 PM,Limonada,12.0,54.0
6771,2026-08-03,2026-08-09,7:00:00 PM,Limonada Fresa,1.0,5.99
6772,2026-08-03,2026-08-09,7:00:00 PM,Madio.Pollo A La Brasa,1.0,15.19
6773,2026-08-03,2026-08-09,7:00:00 PM,Maduros,8.0,35.92
6774,2026-08-03,2026-08-09,7:00:00 PM,Malboro Reg,1.0,12.0
6775,2026-08-03,2026-08-09,7:00:00 PM,Mariquitas,3.0,17.97
6776,2026-08-03,2026-08-09,7:00:00 PM,Masas De Puerco,6.0,85.44
6777,2026-08-03,2026-08-09,7:00:00 PM,Materva,2.0,5.0
6778,2026-08-03,2026-08-09,7:00:00 PM,Media Noche,3.0,30.37
6779,2026-08-03,2026-08-09,7:00:00 PM,Medio Pollo A Brasa,2.0,26.18
6780,2026-08-03,2026-08-09,7:00:00 PM,Medio Pollo Frito,3.0,42.87
6781,2026-08-03,2026-08-09,7:00:00 PM,Medio Pollo.Asado,2.0,28.18
6782,2026-08-03,2026-08-09,7:00:00 PM,Melon..Sandia,4.0,18.0
6783,2026-08-03,2026-08-09,7:00:00 PM,Miami Sandwich,2.0,24.38
6784,2026-08-03,2026-08-09,7:00:00 PM,Milanesa De Pollo,7.0,114.63
6785,2026-08-03,2026-08-09,7:00:00 PM,Milanesa Res,2.0,40.18
6786,2026-08-03,2026-08-09,7:00:00 PM,Misc Cocina,2.0,8.0
6787,2026-08-03,2026-08-09,7:00:00 PM,Mofongo Puerco,5.0,84.95
6788,2026-08-03,2026-08-09,7:00:00 PM,Mojo Chiquito,2.0,7.9
6789,2026-08-03,2026-08-09,7:00:00 PM,Moros,2.0,7.98
6790,2026-08-03,2026-08-09,7:00:00 PM,Natilla Catalana,1.0,6.25
6791,2026-08-03,2026-08-09,7:00:00 PM,Pan Con Bistec,13.0,145.87
6792,2026-08-03,2026-08-09,7:00:00 PM,Papas Fritas,1.0,4.49
6793,2026-08-03,2026-08-09,7:00:00 PM,Pescado Alo Macho,1.0,25.99
6794,2026-08-03,2026-08-09,7:00:00 PM,Picadillo,5.0,72.25
6795,2026-08-03,2026-08-09,7:00:00 PM,Pina Colada,2.0,13.98
6796,2026-08-03,2026-08-09,7:00:00 PM,Platano Hervido,1.0,4.99
6797,2026-08-03,2026-08-09,7:00:00 PM,Pollo Empanizado,1.0,14.49
6798,2026-08-03,2026-08-09,7:00:00 PM,Potaje Colorados Media,1.0,7.19
6799,2026-08-03,2026-08-09,7:00:00 PM,Presidente,1.0,5.49
6800,2026-08-03,2026-08-09,7:00:00 PM,Pudin De Pan,2.0,10.98
6801,2026-08-03,2026-08-09,7:00:00 PM,Pudin Diplomatico,3.0,16.47
6802,2026-08-03,2026-08-09,7:00:00 PM,Rabo Encendido,6.0,145.14000000000001
6803,2026-08-03,2026-08-09,7:00:00 PM,Ribeye Steak,1.0,30.0
6804,2026-08-03,2026-08-09,7:00:00 PM,Ropa Vieja,3.0,47.07
6805,2026-08-03,2026-08-09,7:00:00 PM,Rueda De Serrucho,2.0,32.38
6806,2026-08-03,2026-08-09,7:00:00 PM,S.Pellecrino,1.0,3.49
6807,2026-08-03,2026-08-09,7:00:00 PM,Sandweches Pollo,2.0,23.18
6808,2026-08-03,2026-08-09,7:00:00 PM,Sm Ajiaco,1.0,3.99
6809,2026-08-03,2026-08-09,7:00:00 PM,Sm Crema Calabaza,1.0,3.99
6810,2026-08-03,2026-08-09,7:00:00 PM,Soda Ginjer,1.0,2.5
6811,2026-08-03,2026-08-09,7:00:00 PM,Sopa De Pollo Grande,12.0,101.88
6812,2026-08-03,2026-08-09,7:00:00 PM,Sopa De Res Grande,4.0,48.76
6813,2026-08-03,2026-08-09,7:00:00 PM,Sopa De Res Mediana,1.0,8.19
6814,2026-08-03,2026-08-09,7:00:00 PM,Sopa De Res Pequena,1.0,4.99
6815,2026-08-03,2026-08-09,7:00:00 PM,Sopa Platano Grande,1.0,10.49
6816,2026-08-03,2026-08-09,7:00:00 PM,Sopa Platano Mediana,1.0,6.99
6817,2026-08-03,2026-08-09,7:00:00 PM,Sopa Pollo Media,9.0,49.41
6818,2026-08-03,2026-08-09,7:00:00 PM,Sopa. Pollo Chiquita,2.0,7.0
6819,2026-08-03,2026-08-09,7:00:00 PM,Sopon Marinero,1.0,25.99
6820,2026-08-03,2026-08-09,7:00:00 PM,Spaghetti Camaron Alfr,1.0,22.19
6821,2026-08-03,2026-08-09,7:00:00 PM,Spaghetti Camarones.Ro,1.0,22.19
6822,2026-08-03,2026-08-09,7:00:00 PM,Spriet,2.0,5.0
6824,2026-08-03,2026-08-09,7:00:00 PM,Tamal,11.0,32.89
6825,2026-08-03,2026-08-09,7:00:00 PM,Tamal Cazuela.Mediano,1.0,7.19
6826,2026-08-03,2026-08-09,7:00:00 PM,Tamal.Cazuela Grande,1.0,11.19
6827,2026-08-03,2026-08-09,7:00:00 PM,Tamal.Jamon Piern.Ques,1.0,12.99
6828,2026-08-03,2026-08-09,7:00:00 PM,Te Frio,1.0,2.99
6830,2026-08-03,2026-08-09,7:00:00 PM,Tostada,3.0,5.97
6831,2026-08-03,2026-08-09,7:00:00 PM,Tostones,3.0,14.97
6832,2026-08-03,2026-08-09,7:00:00 PM,Tres Leches,3.0,17.97
6833,2026-08-03,2026-08-09,7:00:00 PM,"Trio,,Helado",1.0,6.5
6834,2026-08-03,2026-08-09,7:00:00 PM,Vaca Frita,16.0,269.04
6836,2026-08-03,2026-08-09,8:00:00 AM,1.Libra Ensala Pollo,1.0,8.99
6837,2026-08-03,2026-08-09,8:00:00 AM,"2,,Wafle",1.0,4.99
6838,2026-08-03,2026-08-09,8:00:00 AM,"3,,Panqueques",1.0,5.99
6841,2026-08-03,2026-08-09,8:00:00 AM,Agua Natural,3.0,5.97
6842,2026-08-03,2026-08-09,8:00:00 AM,Ajiaco..Grande,1.0,10.69
6843,2026-08-03,2026-08-09,8:00:00 AM,Arroz Frito,1.0,14.69
6844,2026-08-03,2026-08-09,8:00:00 AM,Bacon,1.0,4.99
6845,2026-08-03,2026-08-09,8:00:00 AM,Batido Banana,2.0,9.98
6846,2026-08-03,2026-08-09,8:00:00 AM,Batido Fruta Bonba,1.0,4.99
6847,2026-08-03,2026-08-09,8:00:00 AM,Batido Mamey,2.0,10.98
6848,2026-08-03,2026-08-09,8:00:00 AM,Batido Mango,1.0,4.99
6849,2026-08-03,2026-08-09,8:00:00 AM,Bistec A Caballo,3.0,43.47
6850,2026-08-03,2026-08-09,8:00:00 AM,Caf.Lec.Evap.Chico,1.0,3.0
6851,2026-08-03,2026-08-09,8:00:00 AM,Cafe Americano Chiquit,1.0,2.99
6852,2026-08-03,2026-08-09,8:00:00 AM,Cafe Con Leche Grande,1.0,4.5
6853,2026-08-03,2026-08-09,8:00:00 AM,Cafe Con Leche Mediano,2.0,7.5
6854,2026-08-03,2026-08-09,8:00:00 AM,Cafe Con Leche Pequeno,20.0,50.0
6855,2026-08-03,2026-08-09,8:00:00 AM,Cafe Cubano,23.0,34.5
6856,2026-08-03,2026-08-09,8:00:00 AM,Cafecito,1.0,0.99
6857,2026-08-03,2026-08-09,8:00:00 AM,Colada,13.0,35.75
6858,2026-08-03,2026-08-09,8:00:00 AM,Colorados Grande,1.0,9.69
6859,2026-08-03,2026-08-09,8:00:00 AM,Con Evaporada,1.0,1.5
6860,2026-08-03,2026-08-09,8:00:00 AM,Cortadito,2.0,4.24
6861,2026-08-03,2026-08-09,8:00:00 AM,Cortadito Evaporada,4.0,10.0
6862,2026-08-03,2026-08-09,8:00:00 AM,Crema Malanga.Grande,1.0,10.49
6863,2026-08-03,2026-08-09,8:00:00 AM,Croqueta Bacalao,4.0,7.96
6864,2026-08-03,2026-08-09,8:00:00 AM,Croqueta Jamon,37.0,64.75
6865,2026-08-03,2026-08-09,8:00:00 AM,Croqueta Pollo,1.0,1.75
6866,2026-08-03,2026-08-09,8:00:00 AM,Croqueta Preparada,1.0,11.99
6867,2026-08-03,2026-08-09,8:00:00 AM,Deditos De Queso,4.0,7.96
6868,2026-08-03,2026-08-09,8:00:00 AM,Deditos Queso/Guayaba,1.0,1.99
6869,2026-08-03,2026-08-09,8:00:00 AM,Desallunos,37.0,455.23
6870,2026-08-03,2026-08-09,8:00:00 AM,Dos Huevo Aros. Madur,1.0,8.99
6871,2026-08-03,2026-08-09,8:00:00 AM,Empanada Carne,3.0,8.97
6872,2026-08-03,2026-08-09,8:00:00 AM,Empanada Jamon/Queso,3.0,8.97
6873,2026-08-03,2026-08-09,8:00:00 AM,Empanada Pollo,2.0,5.98
6874,2026-08-03,2026-08-09,8:00:00 AM,"Enpellas,Chicharones",1.0,6.0
6875,2026-08-03,2026-08-09,8:00:00 AM,Ensala Aguacat Peque,1.0,4.5
6876,2026-08-03,2026-08-09,8:00:00 AM,Extra Queso Crema,1.0,1.75
6877,2026-08-03,2026-08-09,8:00:00 AM,Fabada Mediana,1.0,7.19
6878,2026-08-03,2026-08-09,8:00:00 AM,Felitos,8.0,11.92
6879,2026-08-03,2026-08-09,8:00:00 AM,Filetill Pollo Salsa,1.0,15.19
6880,2026-08-03,2026-08-09,8:00:00 AM,Fosforera,1.0,2.25
6881,2026-08-03,2026-08-09,8:00:00 AM,Frita Cubana,2.0,19.98
6882,2026-08-03,2026-08-09,8:00:00 AM,Frituras De Malanga,3.0,19.5
6883,2026-08-03,2026-08-09,8:00:00 AM,Galleta Deliciosas,1.0,3.6
6884,2026-08-03,2026-08-09,8:00:00 AM,Harina Mediana,1.0,6.25
6885,2026-08-03,2026-08-09,8:00:00 AM,Huevo Frito,11.0,16.5
6886,2026-08-03,2026-08-09,8:00:00 AM,Huevo Hervido,2.0,3.5
6887,2026-08-03,2026-08-09,8:00:00 AM,Huevos Al Porch,4.0,56.96
6888,2026-08-03,2026-08-09,8:00:00 AM,Jugo De Manzana,1.0,3.25
6889,2026-08-03,2026-08-09,8:00:00 AM,Jugo.Naranja,5.0,26.25
6890,2026-08-03,2026-08-09,8:00:00 AM,Leche Mediana,1.0,2.85
6891,2026-08-03,2026-08-09,8:00:00 AM,Leche Pequena,1.0,1.5
6892,2026-08-03,2026-08-09,8:00:00 AM,Maduros,1.0,4.49
6893,2026-08-03,2026-08-09,8:00:00 AM,Media Noche,3.0,30.57
6894,2026-08-03,2026-08-09,8:00:00 AM,Misc Cocina,3.0,9.24
6895,2026-08-03,2026-08-09,8:00:00 AM,Pan Con Bistec,1.0,11.19
6896,2026-08-03,2026-08-09,8:00:00 AM,Pan Con Lechon,3.0,29.07
6897,2026-08-03,2026-08-09,8:00:00 AM,Pan Con Tortilla,3.0,33.17
6898,2026-08-03,2026-08-09,8:00:00 AM,Pan De Bono,1.0,1.99
6899,2026-08-03,2026-08-09,8:00:00 AM,Papa Rellena,3.0,8.97
6900,2026-08-03,2026-08-09,8:00:00 AM,Pasteles Carne,3.0,4.5
6901,2026-08-03,2026-08-09,8:00:00 AM,Pasteles Guayaba,4.0,6.0
6902,2026-08-03,2026-08-09,8:00:00 AM,Pasteles Queso,1.0,1.5
6903,2026-08-03,2026-08-09,8:00:00 AM,Perico Ripiado,8.0,96.52
6904,2026-08-03,2026-08-09,8:00:00 AM,Queso Suizo,1.0,1.99
6905,2026-08-03,2026-08-09,8:00:00 AM,Rinconcito Breakfast,3.0,41.97
6906,2026-08-03,2026-08-09,8:00:00 AM,Sopa De Res Grande,1.0,12.19
6907,2026-08-03,2026-08-09,8:00:00 AM,Tamal Cazuela.Mediano,3.0,21.57
6909,2026-08-03,2026-08-09,8:00:00 AM,Tortilla,4.0,48.96
6910,2026-08-03,2026-08-09,8:00:00 AM,Tostada,34.0,67.66
6911,2026-08-03,2026-08-09,8:00:00 AM,Western Omlet Reg,2.0,25.43
6912,2026-08-03,2026-08-09,8:00:00 PM,1 Bola Helado,1.0,2.99
6913,2026-08-03,2026-08-09,8:00:00 PM,305 Morados,1.0,6.25
6916,2026-08-03,2026-08-09,8:00:00 PM,Agua Natural,1.0,1.99
6917,2026-08-03,2026-08-09,8:00:00 PM,Aguacate $5.00,1.0,5.0
6918,2026-08-03,2026-08-09,8:00:00 PM,Ajiaco..Grande,1.0,10.69
6919,2026-08-03,2026-08-09,8:00:00 PM,Alitas De Pollo Papita,2.0,21.98
6920,2026-08-03,2026-08-09,8:00:00 PM,Arroz Blanco,2.0,6.5
6921,2026-08-03,2026-08-09,8:00:00 PM,Arroz Chiquito,2.0,4.5
6922,2026-08-03,2026-08-09,8:00:00 PM,Arroz Con Leche,3.0,16.47
6923,2026-08-03,2026-08-09,8:00:00 PM,Arroz Con Pollo,2.0,26.38
6924,2026-08-03,2026-08-09,8:00:00 PM,Arroz Frito,1.0,13.69
6925,2026-08-03,2026-08-09,8:00:00 PM,Arroz Imperial,1.0,15.69
6926,2026-08-03,2026-08-09,8:00:00 PM,Arroz Pollo.Desmenuza,1.0,12.49
6927,2026-08-03,2026-08-09,8:00:00 PM,Baby Churrasco,9.0,178.51000000000002
6928,2026-08-03,2026-08-09,8:00:00 PM,Bacalao Viscaina,1.0,20.19
6929,2026-08-03,2026-08-09,8:00:00 PM,Bananas.3 $ 1.50,2.0,3.0
6930,2026-08-03,2026-08-09,8:00:00 PM,Batido Chocolate,2.0,9.98
6931,2026-08-03,2026-08-09,8:00:00 PM,Batido Fruta Bonba,4.0,19.96
6932,2026-08-03,2026-08-09,8:00:00 PM,Batido Mamey,7.0,38.43
6933,2026-08-03,2026-08-09,8:00:00 PM,Batido Mango,2.0,9.98
6934,2026-08-03,2026-08-09,8:00:00 PM,Batido Trigo,1.0,4.99
6935,2026-08-03,2026-08-09,8:00:00 PM,Batido Vainilla,2.0,9.98
6936,2026-08-03,2026-08-09,8:00:00 PM,Best Mango,1.0,2.99
6937,2026-08-03,2026-08-09,8:00:00 PM,Bistec De Higado,1.0,13.49
6938,2026-08-03,2026-08-09,8:00:00 PM,Bistec De Pollo,21.0,287.78999999999996
6939,2026-08-03,2026-08-09,8:00:00 PM,Bistec De Puerco,3.0,46.87
6940,2026-08-03,2026-08-09,8:00:00 PM,Bistec Palomilla,5.0,90.35
6941,2026-08-03,2026-08-09,8:00:00 PM,Boliche,2.0,30.38
6942,2026-08-03,2026-08-09,8:00:00 PM,Boñuelos,1.0,5.49
6943,2026-08-03,2026-08-09,8:00:00 PM,Bud Light,1.0,4.99
6944,2026-08-03,2026-08-09,8:00:00 PM,Caesar /Pollo,1.0,12.99
6945,2026-08-03,2026-08-09,8:00:00 PM,Caesar Sala Churraco,1.0,21.0
6946,2026-08-03,2026-08-09,8:00:00 PM,Cafe Con Leche Grande,2.0,9.0
6947,2026-08-03,2026-08-09,8:00:00 PM,Cafe Con Leche Mediano,1.0,3.75
6948,2026-08-03,2026-08-09,8:00:00 PM,Cafe Con Leche Pequeno,3.0,7.5
6949,2026-08-03,2026-08-09,8:00:00 PM,Cafe Cubano,14.0,21.0
6950,2026-08-03,2026-08-09,8:00:00 PM,Calabaza Hervida,1.0,4.99
6951,2026-08-03,2026-08-09,8:00:00 PM,Caldo Gallego.Chiquito,1.0,4.49
6952,2026-08-03,2026-08-09,8:00:00 PM,Caldo Gallego.Mediano,2.0,16.38
6953,2026-08-03,2026-08-09,8:00:00 PM,Caldo.Gallego Grande,3.0,35.07
6955,2026-08-03,2026-08-09,8:00:00 PM,Chichar Pollo Sin Hues,1.0,13.69
6956,2026-08-03,2026-08-09,8:00:00 PM,Chimichurri,2.0,2.5
6957,2026-08-03,2026-08-09,8:00:00 PM,Chuletas De Puerco,1.0,13.49
6958,2026-08-03,2026-08-09,8:00:00 PM,Churrasco,5.0,132.75
6959,2026-08-03,2026-08-09,8:00:00 PM,Churros.Con Dulce,1.0,6.25
6960,2026-08-03,2026-08-09,8:00:00 PM,Club Sandwich,3.0,36.37
6961,2026-08-03,2026-08-09,8:00:00 PM,Cocacola.Botella,1.0,3.49
6962,2026-08-03,2026-08-09,8:00:00 PM,Coke,5.0,12.5
6963,2026-08-03,2026-08-09,8:00:00 PM,Coke Cero,1.0,2.5
6964,2026-08-03,2026-08-09,8:00:00 PM,Colada,3.0,8.25
6965,2026-08-03,2026-08-09,8:00:00 PM,Congri,1.0,3.99
6966,2026-08-03,2026-08-09,8:00:00 PM,Copa Vino,1.0,8.99
6967,2026-08-03,2026-08-09,8:00:00 PM,Corona,2.0,10.98
6968,2026-08-03,2026-08-09,8:00:00 PM,Cortadito,4.0,8.48
6969,2026-08-03,2026-08-09,8:00:00 PM,Cortadito Evaporada,2.0,5.0
6970,2026-08-03,2026-08-09,8:00:00 PM,Crema Calabaza Grande,2.0,19.98
6971,2026-08-03,2026-08-09,8:00:00 PM,Crema Calabaza Median,2.0,13.98
6972,2026-08-03,2026-08-09,8:00:00 PM,Crema Calabazachiquit,2.0,9.0
6973,2026-08-03,2026-08-09,8:00:00 PM,Crema Malanga Mediana,5.0,34.95
6974,2026-08-03,2026-08-09,8:00:00 PM,Crema Malanga.Grande,2.0,20.98
6975,2026-08-03,2026-08-09,8:00:00 PM,Crema Vegetal Grande,1.0,10.49
6976,2026-08-03,2026-08-09,8:00:00 PM,Crema Vegetales Median,1.0,6.99
6977,2026-08-03,2026-08-09,8:00:00 PM,Croqueta Jamon,20.0,35.0
6978,2026-08-03,2026-08-09,8:00:00 PM,Croqueta Preparada,1.0,12.19
6979,2026-08-03,2026-08-09,8:00:00 PM,Cubano Regular,2.0,20.38
6980,2026-08-03,2026-08-09,8:00:00 PM,Deditos De Pescado,4.0,66.16
6981,2026-08-03,2026-08-09,8:00:00 PM,Deditos De Pollo,2.0,27.68
6982,2026-08-03,2026-08-09,8:00:00 PM,Deditos De Pollo Kids,1.0,7.99
6983,2026-08-03,2026-08-09,8:00:00 PM,Deditos De Queso,1.0,1.99
6984,2026-08-03,2026-08-09,8:00:00 PM,Dulce De Leche,1.0,5.49
6985,2026-08-03,2026-08-09,8:00:00 PM,Elena Ruz,1.0,9.99
6986,2026-08-03,2026-08-09,8:00:00 PM,Empanada Carne,1.0,2.99
6987,2026-08-03,2026-08-09,8:00:00 PM,Empanada Jamon/Queso,3.0,8.97
6988,2026-08-03,2026-08-09,8:00:00 PM,Empnda Espinaca/Queso,1.0,2.99
6989,2026-08-03,2026-08-09,8:00:00 PM,Enpanisado. Res,3.0,48.37
6990,2026-08-03,2026-08-09,8:00:00 PM,Ensala Aguacat Peque,7.0,31.5
6991,2026-08-03,2026-08-09,8:00:00 PM,Ensala Pollo 2 Croquet,1.0,12.49
6992,2026-08-03,2026-08-09,8:00:00 PM,Ensalada Aguacat Grand,3.0,16.5
6993,2026-08-03,2026-08-09,8:00:00 PM,Espaqueti .Solo Alfred,2.0,17.98
6994,2026-08-03,2026-08-09,8:00:00 PM,Fabada Grande,2.0,21.38
6995,2026-08-03,2026-08-09,8:00:00 PM,Filete Ala Francesa,1.0,19.99
6996,2026-08-03,2026-08-09,8:00:00 PM,Filete Pargo En Salsa,1.0,24.0
6997,2026-08-03,2026-08-09,8:00:00 PM,Filete Pargo Plancha,4.0,84.96
6998,2026-08-03,2026-08-09,8:00:00 PM,Filete Pescado Empani,2.0,36.98
6999,2026-08-03,2026-08-09,8:00:00 PM,Filete Pescado Planch,3.0,54.37
7000,2026-08-03,2026-08-09,8:00:00 PM,Filetill Pollo Salsa,1.0,15.19
7001,2026-08-03,2026-08-09,8:00:00 PM,Filetillo Pollo Planch,1.0,17.19
7002,2026-08-03,2026-08-09,8:00:00 PM,Filetillo Res Salsa,1.0,14.99
7003,2026-08-03,2026-08-09,8:00:00 PM,Flan,1.0,4.99
7004,2026-08-03,2026-08-09,8:00:00 PM,Fricase De Pollo,2.0,23.38
7005,2026-08-03,2026-08-09,8:00:00 PM,Frijol Mediano,1.0,4.99
7006,2026-08-03,2026-08-09,8:00:00 PM,Frijol Pequeno,3.0,8.97
7007,2026-08-03,2026-08-09,8:00:00 PM,Frituras De Malanga,1.0,6.5
7008,2026-08-03,2026-08-09,8:00:00 PM,Garbanzo.Frito,1.0,14.19
7009,2026-08-03,2026-08-09,8:00:00 PM,Garbanzo.Mediano,2.0,13.98
7010,2026-08-03,2026-08-09,8:00:00 PM,Guarapo,5.0,26.25
7011,2026-08-03,2026-08-09,8:00:00 PM,Guiso Maiz Chiquito,1.0,3.99
7012,2026-08-03,2026-08-09,8:00:00 PM,Guiso Maiz Grande,1.0,10.49
7013,2026-08-03,2026-08-09,8:00:00 PM,Heineken,3.0,16.47
7014,2026-08-03,2026-08-09,8:00:00 PM,Helado Cono,1.0,3.5
7015,2026-08-03,2026-08-09,8:00:00 PM,Inca Kola,1.0,2.99
7016,2026-08-03,2026-08-09,8:00:00 PM,Jugo De Manzana,1.0,3.25
7017,2026-08-03,2026-08-09,8:00:00 PM,Jugo Maraculla,2.0,9.0
7018,2026-08-03,2026-08-09,8:00:00 PM,Jugo Pina,1.0,4.5
7019,2026-08-03,2026-08-09,8:00:00 PM,Jugo Zanahoria Naraja,2.0,9.98
7020,2026-08-03,2026-08-09,8:00:00 PM,Jugo.Naranja,7.0,36.75
7021,2026-08-03,2026-08-09,8:00:00 PM,Jupiña,1.0,2.5
7022,2026-08-03,2026-08-09,8:00:00 PM,Leche Malteada,1.0,4.99
7023,2026-08-03,2026-08-09,8:00:00 PM,Limonada,3.0,13.5
7024,2026-08-03,2026-08-09,8:00:00 PM,Macarron Con Queso,1.0,7.99
7025,2026-08-03,2026-08-09,8:00:00 PM,Madio.Pollo A La Brasa,1.0,13.99
7026,2026-08-03,2026-08-09,8:00:00 PM,Maduros,5.0,22.45
7027,2026-08-03,2026-08-09,8:00:00 PM,Mariquitas,1.0,5.99
7028,2026-08-03,2026-08-09,8:00:00 PM,Masas De Puerco,11.0,153.79000000000002
7029,2026-08-03,2026-08-09,8:00:00 PM,Materva,2.0,5.0
7030,2026-08-03,2026-08-09,8:00:00 PM,Media Jarra,1.0,16.0
7031,2026-08-03,2026-08-09,8:00:00 PM,Media Noche,1.0,10.19
7032,2026-08-03,2026-08-09,8:00:00 PM,Melon..Sandia,4.0,18.0
7033,2026-08-03,2026-08-09,8:00:00 PM,Miami Sandwich,2.0,24.38
7034,2026-08-03,2026-08-09,8:00:00 PM,Milanesa De Pollo,6.0,97.14
7035,2026-08-03,2026-08-09,8:00:00 PM,Milanesa Res,2.0,40.38
7036,2026-08-03,2026-08-09,8:00:00 PM,Miller Light,2.0,9.98
7037,2026-08-03,2026-08-09,8:00:00 PM,Moros,1.0,3.99
7038,2026-08-03,2026-08-09,8:00:00 PM,Natilla Catalana,2.0,12.5
7039,2026-08-03,2026-08-09,8:00:00 PM,Palomilla Baby,1.0,11.2
7040,2026-08-03,2026-08-09,8:00:00 PM,Pan Con Bistec,3.0,33.57
7041,2026-08-03,2026-08-09,8:00:00 PM,Pan Con Tortilla,1.0,11.19
7042,2026-08-03,2026-08-09,8:00:00 PM,Pepsi,1.0,2.5
7043,2026-08-03,2026-08-09,8:00:00 PM,Picadillo,1.0,14.49
7044,2026-08-03,2026-08-09,8:00:00 PM,Pollo Empanizado,1.0,14.49
7045,2026-08-03,2026-08-09,8:00:00 PM,Pudin De Pan,1.0,5.49
7046,2026-08-03,2026-08-09,8:00:00 PM,Rabo Encendido,4.0,98.36
7047,2026-08-03,2026-08-09,8:00:00 PM,Riñonada,3.0,62.97
7048,2026-08-03,2026-08-09,8:00:00 PM,Ropa Vieja,4.0,63.56
7049,2026-08-03,2026-08-09,8:00:00 PM,Sandweches Pollo,3.0,36.57
7050,2026-08-03,2026-08-09,8:00:00 PM,Sdwc Tuna Regular,1.0,10.49
7051,2026-08-03,2026-08-09,8:00:00 PM,Sopa De Pollo Grande,6.0,50.94
7052,2026-08-03,2026-08-09,8:00:00 PM,Sopa De Res Grande,3.0,36.57
7053,2026-08-03,2026-08-09,8:00:00 PM,Sopa De Res Mediana,2.0,16.38
7054,2026-08-03,2026-08-09,8:00:00 PM,Sopa De Res Pequena,1.0,4.99
7055,2026-08-03,2026-08-09,8:00:00 PM,Sopa Platano Mediana,2.0,13.98
7056,2026-08-03,2026-08-09,8:00:00 PM,Sopa Pollo Media,6.0,33.14
7058,2026-08-03,2026-08-09,8:00:00 PM,Tamal,1.0,2.99
7059,2026-08-03,2026-08-09,8:00:00 PM,Tamal.Cazuela Grande,2.0,22.38
7061,2026-08-03,2026-08-09,8:00:00 PM,Toreja Cubana,1.0,5.99
7062,2026-08-03,2026-08-09,8:00:00 PM,Tortilla,1.0,10.99
7063,2026-08-03,2026-08-09,8:00:00 PM,Tostada,1.0,1.99
7064,2026-08-03,2026-08-09,8:00:00 PM,Tostones,1.0,4.99
7065,2026-08-03,2026-08-09,8:00:00 PM,Tres Leches,2.0,11.98
7066,2026-08-03,2026-08-09,8:00:00 PM,Vaca Frita,16.0,268.24
7067,2026-08-03,2026-08-09,8:00:00 PM,Yuca,1.0,4.49
7069,2026-08-03,2026-08-09,9:00:00 AM,"3,,Panqueques",2.0,11.98
7070,2026-08-03,2026-08-09,9:00:00 AM,305 Morados,2.0,12.5
7073,2026-08-03,2026-08-09,9:00:00 AM,Agua Natural,3.0,5.97
7074,2026-08-03,2026-08-09,9:00:00 AM,Ajiaco Mediano,1.0,7.19
7075,2026-08-03,2026-08-09,9:00:00 AM,Ajiaco..Grande,2.0,21.38
7076,2026-08-03,2026-08-09,9:00:00 AM,Bacon,1.0,4.99
7077,2026-08-03,2026-08-09,9:00:00 AM,Batido Fruta Bonba,3.0,14.97
7078,2026-08-03,2026-08-09,9:00:00 AM,Batido Mamey,7.0,38.43
7079,2026-08-03,2026-08-09,9:00:00 AM,Bistec A Caballo,9.0,134.01
7080,2026-08-03,2026-08-09,9:00:00 AM,Bistec De Pollo,2.0,26.98
7081,2026-08-03,2026-08-09,9:00:00 AM,Caf.Lec.Evap.Chico,1.0,3.0
7082,2026-08-03,2026-08-09,9:00:00 AM,Caf.Lec.Evap.Media,3.0,13.5
7083,2026-08-03,2026-08-09,9:00:00 AM,Caf.Lec.Grande.Eva,1.0,5.5
7084,2026-08-03,2026-08-09,9:00:00 AM,Cafe Americano Chiquit,1.0,2.5
7085,2026-08-03,2026-08-09,9:00:00 AM,Cafe Con Leche Grande,8.0,36.0
7086,2026-08-03,2026-08-09,9:00:00 AM,Cafe Con Leche Mediano,5.0,18.75
7087,2026-08-03,2026-08-09,9:00:00 AM,Cafe Con Leche Pequeno,17.0,42.5
7088,2026-08-03,2026-08-09,9:00:00 AM,Cafe Cubano,17.0,25.5
7090,2026-08-03,2026-08-09,9:00:00 AM,Chicharo Mediano,1.0,6.99
7091,2026-08-03,2026-08-09,9:00:00 AM,Cholcolate Chico,1.0,2.89
7092,2026-08-03,2026-08-09,9:00:00 AM,Choripan,1.0,9.99
7093,2026-08-03,2026-08-09,9:00:00 AM,Coke,9.0,22.5
7094,2026-08-03,2026-08-09,9:00:00 AM,Coke Cero,1.0,2.5
7095,2026-08-03,2026-08-09,9:00:00 AM,Colada,7.0,19.25
7096,2026-08-03,2026-08-09,9:00:00 AM,Cortadito,13.0,26.91
7097,2026-08-03,2026-08-09,9:00:00 AM,Crema Brocoly,1.0,9.25
7098,2026-08-03,2026-08-09,9:00:00 AM,Crema Malanga Mediana,1.0,6.99
7099,2026-08-03,2026-08-09,9:00:00 AM,Crema Malanga.Grande,3.0,31.47
7100,2026-08-03,2026-08-09,9:00:00 AM,Cremita,1.0,1.25
7101,2026-08-03,2026-08-09,9:00:00 AM,Croqueta Bacalao,2.0,3.98
7102,2026-08-03,2026-08-09,9:00:00 AM,Croqueta Jamon,23.0,40.25
7103,2026-08-03,2026-08-09,9:00:00 AM,Croqueta Pollo,4.0,7.0
7104,2026-08-03,2026-08-09,9:00:00 AM,Croqueta Preparada,4.0,48.56
7105,2026-08-03,2026-08-09,9:00:00 AM,Deditos Queso/Guayaba,3.0,5.97
7106,2026-08-03,2026-08-09,9:00:00 AM,Desallunos,59.0,734.76
7107,2026-08-03,2026-08-09,9:00:00 AM,Diet Coke,2.0,4.5
7108,2026-08-03,2026-08-09,9:00:00 AM,Empanada Carne,8.0,23.92
7109,2026-08-03,2026-08-09,9:00:00 AM,Empanada Jamon/Queso,1.0,2.99
7110,2026-08-03,2026-08-09,9:00:00 AM,Empanada Pollo,3.0,8.97
7111,2026-08-03,2026-08-09,9:00:00 AM,Empnda Espinaca/Queso,1.0,2.99
7112,2026-08-03,2026-08-09,9:00:00 AM,Enpanada Colonbiana,2.0,4.98
7113,2026-08-03,2026-08-09,9:00:00 AM,Ensala Aguacat Peque,4.0,18.0
7114,2026-08-03,2026-08-09,9:00:00 AM,Extra Aguacate,1.0,1.75
7115,2026-08-03,2026-08-09,9:00:00 AM,Extra Queso Crema,2.0,3.5
7116,2026-08-03,2026-08-09,9:00:00 AM,Fabada Grande,1.0,10.69
7117,2026-08-03,2026-08-09,9:00:00 AM,Fabada Mediana,1.0,7.19
7118,2026-08-03,2026-08-09,9:00:00 AM,Felitos,4.0,5.96
7119,2026-08-03,2026-08-09,9:00:00 AM,Flan,1.0,4.99
7120,2026-08-03,2026-08-09,9:00:00 AM,Flan Especial,1.0,5.99
7121,2026-08-03,2026-08-09,9:00:00 AM,Frijol Pequeno,1.0,2.99
7122,2026-08-03,2026-08-09,9:00:00 AM,Garbanzo Grande,1.0,10.49
7123,2026-08-03,2026-08-09,9:00:00 AM,Garbanzo.Frito,1.0,14.19
7124,2026-08-03,2026-08-09,9:00:00 AM,Garbanzo.Mediano,1.0,6.99
7125,2026-08-03,2026-08-09,9:00:00 AM,Guarapo,2.0,10.5
7126,2026-08-03,2026-08-09,9:00:00 AM,Harina Grande,2.0,20.38
7127,2026-08-03,2026-08-09,9:00:00 AM,Harina Mediana,2.0,12.7
7128,2026-08-03,2026-08-09,9:00:00 AM,Huevo Frito,2.0,3.0
7129,2026-08-03,2026-08-09,9:00:00 AM,Huevo Revuelto,1.0,1.25
7130,2026-08-03,2026-08-09,9:00:00 AM,Huevos Al Porch,1.0,13.49
7131,2026-08-03,2026-08-09,9:00:00 AM,Jugo Maraculla,3.0,13.5
7132,2026-08-03,2026-08-09,9:00:00 AM,Jugo Pina,1.0,4.5
7133,2026-08-03,2026-08-09,9:00:00 AM,Jugo Zanahoria Naraja,3.0,14.97
7134,2026-08-03,2026-08-09,9:00:00 AM,Jugo.Naranja,12.0,63.0
7135,2026-08-03,2026-08-09,9:00:00 AM,Jupiña,1.0,2.5
7136,2026-08-03,2026-08-09,9:00:00 AM,Leche Pequena,1.0,1.5
7137,2026-08-03,2026-08-09,9:00:00 AM,Lentejas Mediana,1.0,6.99
7138,2026-08-03,2026-08-09,9:00:00 AM,Maduros,1.0,4.49
7139,2026-08-03,2026-08-09,9:00:00 AM,Malta,1.0,3.25
7140,2026-08-03,2026-08-09,9:00:00 AM,Masas De Puerco,2.0,28.18
7141,2026-08-03,2026-08-09,9:00:00 AM,Media Noche,7.0,71.13
7142,2026-08-03,2026-08-09,9:00:00 AM,Mini Sandwich,2.0,11.98
7143,2026-08-03,2026-08-09,9:00:00 AM,Misc Cocina,4.0,6.5
7144,2026-08-03,2026-08-09,9:00:00 AM,Mixto Pavo Espinaca,1.0,12.49
7145,2026-08-03,2026-08-09,9:00:00 AM,Natilla Catalana,1.0,6.25
7146,2026-08-03,2026-08-09,9:00:00 AM,Newport,1.0,12.75
7147,2026-08-03,2026-08-09,9:00:00 AM,Pan Con Bistec,1.0,12.49
7148,2026-08-03,2026-08-09,9:00:00 AM,Pan Con Tortilla,7.0,82.93
7149,2026-08-03,2026-08-09,9:00:00 AM,Pan De Bono,3.0,5.97
7150,2026-08-03,2026-08-09,9:00:00 AM,Papa Casa,1.0,3.99
7151,2026-08-03,2026-08-09,9:00:00 AM,Papas Fritas,2.0,8.98
7152,2026-08-03,2026-08-09,9:00:00 AM,Pasteles Guayaba,6.0,9.0
7153,2026-08-03,2026-08-09,9:00:00 AM,Pasteles Queso,1.0,1.5
7154,2026-08-03,2026-08-09,9:00:00 AM,Perico De Claras,3.0,38.97
7155,2026-08-03,2026-08-09,9:00:00 AM,Perico Ripiado,12.0,146.78
7156,2026-08-03,2026-08-09,9:00:00 AM,Picadillo,1.0,14.69
7157,2026-08-03,2026-08-09,9:00:00 AM,Queso Crema,1.0,1.75
7158,2026-08-03,2026-08-09,9:00:00 AM,Regular De Pierna,2.0,18.38
7159,2026-08-03,2026-08-09,9:00:00 AM,Rinconcito Breakfast,5.0,70.15
7160,2026-08-03,2026-08-09,9:00:00 AM,Sachichas,4.0,11.96
7161,2026-08-03,2026-08-09,9:00:00 AM,Sand Jamon Queso,2.0,18.18
7162,2026-08-03,2026-08-09,9:00:00 AM,Sandwich Ensal Pollo,1.0,11.49
7163,2026-08-03,2026-08-09,9:00:00 AM,Sopa De Pollo Grande,2.0,16.98
7164,2026-08-03,2026-08-09,9:00:00 AM,Sopa De Res Mediana,2.0,16.18
7165,2026-08-03,2026-08-09,9:00:00 AM,Sopa Platano Mediana,1.0,6.99
7166,2026-08-03,2026-08-09,9:00:00 AM,Sopa Pollo Media,1.0,5.49
7169,2026-08-03,2026-08-09,9:00:00 AM,Tortilla,4.0,50.71
7170,2026-08-03,2026-08-09,9:00:00 AM,Tostada,28.0,55.72
7171,2026-08-03,2026-08-09,9:00:00 AM,Western Omlet Reg,1.0,10.99
7172,2026-08-03,2026-08-09,9:00:00 PM,1 Bola Helado,2.0,5.98
7173,2026-08-03,2026-08-09,9:00:00 PM,2 Piezas De Cordero,1.0,25.19
7176,2026-08-03,2026-08-09,9:00:00 PM,Ajiaco Mediano,2.0,14.38
7177,2026-08-03,2026-08-09,9:00:00 PM,Arroz Blanco,4.0,13.0
7178,2026-08-03,2026-08-09,9:00:00 PM,Arroz Chiquito,1.0,3.25
7179,2026-08-03,2026-08-09,9:00:00 PM,Baby Churrasco,4.0,73.96
7180,2026-08-03,2026-08-09,9:00:00 PM,Bananas.3 $ 1.50,2.0,3.0
7181,2026-08-03,2026-08-09,9:00:00 PM,Batido Chocolate,1.0,4.99
7182,2026-08-03,2026-08-09,9:00:00 PM,Batido Vainilla,1.0,4.99
7183,2026-08-03,2026-08-09,9:00:00 PM,Bistec De Pollo,6.0,81.53999999999999
7184,2026-08-03,2026-08-09,9:00:00 PM,Bistec De Puerco,2.0,31.18
7185,2026-08-03,2026-08-09,9:00:00 PM,Bistec Palomilla,4.0,72.76
7186,2026-08-03,2026-08-09,9:00:00 PM,Caf.Lec.Evap.Chico,2.0,6.0
7187,2026-08-03,2026-08-09,9:00:00 PM,Cafe Cubano,2.0,3.0
7188,2026-08-03,2026-08-09,9:00:00 PM,Calabaza Hervida,1.0,4.99
7189,2026-08-03,2026-08-09,9:00:00 PM,Camarones Empanizad,1.0,19.99
7193,2026-08-03,2026-08-09,9:00:00 PM,Chichar Pollo Sin Hues,1.0,13.69
7194,2026-08-03,2026-08-09,9:00:00 PM,Churrasco,1.0,25.99
7195,2026-08-03,2026-08-09,9:00:00 PM,Coke,3.0,7.5
7196,2026-08-03,2026-08-09,9:00:00 PM,Colada,1.0,2.75
7197,2026-08-03,2026-08-09,9:00:00 PM,Colorados Grande,1.0,9.49
7198,2026-08-03,2026-08-09,9:00:00 PM,Corona,8.0,43.92
7199,2026-08-03,2026-08-09,9:00:00 PM,Crema Calabazachiquit,1.0,4.5
7200,2026-08-03,2026-08-09,9:00:00 PM,Crema Malanga Mediana,3.0,20.97
7201,2026-08-03,2026-08-09,9:00:00 PM,Crema Malanga.Grande,1.0,10.49
7202,2026-08-03,2026-08-09,9:00:00 PM,Crema. Malanga Chiquit,1.0,4.5
7203,2026-08-03,2026-08-09,9:00:00 PM,Croqueta Jamon,8.0,14.0
7204,2026-08-03,2026-08-09,9:00:00 PM,Deditos .Pescado,1.0,13.99
7205,2026-08-03,2026-08-09,9:00:00 PM,Deditos De Pescado,1.0,15.99
7206,2026-08-03,2026-08-09,9:00:00 PM,Diet Coke,4.0,9.0
7207,2026-08-03,2026-08-09,9:00:00 PM,Diet Materva,2.0,5.0
7208,2026-08-03,2026-08-09,9:00:00 PM,Empanada Carne,1.0,2.99
7209,2026-08-03,2026-08-09,9:00:00 PM,Enpanisado. Res,3.0,48.17
7210,2026-08-03,2026-08-09,9:00:00 PM,Ensala Aguacat Peque,4.0,18.0
7211,2026-08-03,2026-08-09,9:00:00 PM,Ensalda De Tuna,1.0,11.99
7212,2026-08-03,2026-08-09,9:00:00 PM,Filetillo Pollo Planch,3.0,46.37
7213,2026-08-03,2026-08-09,9:00:00 PM,Filetillo Res Plancha,1.0,14.99
7214,2026-08-03,2026-08-09,9:00:00 PM,Flan,1.0,4.99
7215,2026-08-03,2026-08-09,9:00:00 PM,Flan Especial,2.0,11.98
7216,2026-08-03,2026-08-09,9:00:00 PM,Frijol Pequeno,2.0,5.98
7217,2026-08-03,2026-08-09,9:00:00 PM,Frituras De Malanga,1.0,6.5
7218,2026-08-03,2026-08-09,9:00:00 PM,Galleta Deliciosas,1.0,3.6
7219,2026-08-03,2026-08-09,9:00:00 PM,Heineken,2.0,10.98
7220,2026-08-03,2026-08-09,9:00:00 PM,Horde Depan,1.0,1.5
7221,2026-08-03,2026-08-09,9:00:00 PM,Horden De Limon,2.0,3.98
7222,2026-08-03,2026-08-09,9:00:00 PM,Jugo.Naranja,3.0,15.75
7223,2026-08-03,2026-08-09,9:00:00 PM,Juntas,3.0,0.0
7224,2026-08-03,2026-08-09,9:00:00 PM,Jupiña,3.0,7.5
7225,2026-08-03,2026-08-09,9:00:00 PM,Limonada,1.0,4.5
7226,2026-08-03,2026-08-09,9:00:00 PM,Limonada Fresa,1.0,5.99
7227,2026-08-03,2026-08-09,9:00:00 PM,Madio.Pollo A La Brasa,1.0,13.99
7228,2026-08-03,2026-08-09,9:00:00 PM,Maduros,1.0,4.49
7229,2026-08-03,2026-08-09,9:00:00 PM,Masas De Puerco,3.0,42.37
7230,2026-08-03,2026-08-09,9:00:00 PM,Materva,1.0,2.5
7231,2026-08-03,2026-08-09,9:00:00 PM,Media Noche,2.0,20.38
7232,2026-08-03,2026-08-09,9:00:00 PM,Medio Pollo A Brasa,2.0,25.98
7233,2026-08-03,2026-08-09,9:00:00 PM,Melon..Sandia,3.0,13.5
7234,2026-08-03,2026-08-09,9:00:00 PM,Natilla,1.0,4.99
7235,2026-08-03,2026-08-09,9:00:00 PM,Natilla Catalana,1.0,6.25
7236,2026-08-03,2026-08-09,9:00:00 PM,Pan Con Bistec,1.0,11.19
7237,2026-08-03,2026-08-09,9:00:00 PM,Pargo Frito,2.0,47.98
7238,2026-08-03,2026-08-09,9:00:00 PM,Pargo Frito Entero,1.0,25.99
7239,2026-08-03,2026-08-09,9:00:00 PM,Pollo Empanizado,1.0,14.49
7240,2026-08-03,2026-08-09,9:00:00 PM,Presidente,1.0,5.49
7241,2026-08-03,2026-08-09,9:00:00 PM,Riñonada.Con.3. Camar,1.0,29.99
7242,2026-08-03,2026-08-09,9:00:00 PM,Ropa Vieja,2.0,33.38
7243,2026-08-03,2026-08-09,9:00:00 PM,Sopa De Pollo Grande,3.0,25.47
7244,2026-08-03,2026-08-09,9:00:00 PM,Sopa Pollo Media,7.0,38.43
7246,2026-08-03,2026-08-09,9:00:00 PM,Tamal,1.0,2.99
7247,2026-08-03,2026-08-09,9:00:00 PM,Tamal.Cazuela Grande,1.0,11.19
7249,2026-08-03,2026-08-09,9:00:00 PM,Tostones,1.0,4.99
7250,2026-08-03,2026-08-09,9:00:00 PM,Vaca Frita,4.0,67.36
7252,2026-08-10,2026-08-16,10:00:00 AM,"1,,Wafle",1.0,2.5
7253,2026-08-10,2026-08-16,10:00:00 AM,1.Solo.Panquey,1.0,2.25
7254,2026-08-10,2026-08-16,10:00:00 AM,"2,,Wafle",1.0,4.99
7255,2026-08-10,2026-08-16,10:00:00 AM,305 Morados,3.0,18.75
7258,2026-08-10,2026-08-16,10:00:00 AM,Agua Natural,4.0,7.96
7259,2026-08-10,2026-08-16,10:00:00 AM,Aguacate $5.00,3.0,15.0
7260,2026-08-10,2026-08-16,10:00:00 AM,Arroz Con Leche,1.0,5.49
7261,2026-08-10,2026-08-16,10:00:00 AM,Arroz Frito,1.0,14.69
7262,2026-08-10,2026-08-16,10:00:00 AM,Arroz Pollo.Desmenuza,1.0,12.69
7263,2026-08-10,2026-08-16,10:00:00 AM,Banana,4.0,2.0
7264,2026-08-10,2026-08-16,10:00:00 AM,Batido .Fresa,1.0,4.99
7265,2026-08-10,2026-08-16,10:00:00 AM,Batido Chocolate,1.0,4.99
7266,2026-08-10,2026-08-16,10:00:00 AM,Batido Fruta Bonba,3.0,14.97
7267,2026-08-10,2026-08-16,10:00:00 AM,Batido Mamey,7.0,38.43
7268,2026-08-10,2026-08-16,10:00:00 AM,Batido Mango,1.0,4.99
7269,2026-08-10,2026-08-16,10:00:00 AM,Batido Trigo,1.0,4.99
7270,2026-08-10,2026-08-16,10:00:00 AM,Best Mango,1.0,2.99
7271,2026-08-10,2026-08-16,10:00:00 AM,Bistec A Caballo,6.0,87.34
7272,2026-08-10,2026-08-16,10:00:00 AM,Bistec De Higado,1.0,13.69
7273,2026-08-10,2026-08-16,10:00:00 AM,Bistec De Pollo,3.0,41.07
7274,2026-08-10,2026-08-16,10:00:00 AM,Bistec En Cazuela,1.0,14.69
7275,2026-08-10,2026-08-16,10:00:00 AM,Boliche,2.0,31.88
7276,2026-08-10,2026-08-16,10:00:00 AM,Caf.Lec.Evap.Media,1.0,4.5
7277,2026-08-10,2026-08-16,10:00:00 AM,Caf.Lec.Grande.Eva,2.0,11.0
7278,2026-08-10,2026-08-16,10:00:00 AM,Cafe American Grande,1.0,3.25
7279,2026-08-10,2026-08-16,10:00:00 AM,Cafe Americano Chiquit,3.0,8.97
7280,2026-08-10,2026-08-16,10:00:00 AM,Cafe Con Leche Grande,3.0,13.5
7281,2026-08-10,2026-08-16,10:00:00 AM,Cafe Con Leche Mediano,1.0,3.75
7282,2026-08-10,2026-08-16,10:00:00 AM,Cafe Con Leche Pequeno,19.0,47.5
7283,2026-08-10,2026-08-16,10:00:00 AM,Cafe Cubano,27.0,40.5
7284,2026-08-10,2026-08-16,10:00:00 AM,Cafecito,1.0,0.99
7285,2026-08-10,2026-08-16,10:00:00 AM,Caldo.Gallego Grande,1.0,11.69
7289,2026-08-10,2026-08-16,10:00:00 AM,Carne Con Papas,1.0,14.19
7290,2026-08-10,2026-08-16,10:00:00 AM,Chevere,2.0,2.5
7291,2026-08-10,2026-08-16,10:00:00 AM,Chicharo Grande,1.0,9.19
7292,2026-08-10,2026-08-16,10:00:00 AM,Churrasco,3.0,79.37
7293,2026-08-10,2026-08-16,10:00:00 AM,Club Sandwich,2.0,23.98
7294,2026-08-10,2026-08-16,10:00:00 AM,Coke,3.0,7.5
7295,2026-08-10,2026-08-16,10:00:00 AM,Colada,4.0,11.0
7296,2026-08-10,2026-08-16,10:00:00 AM,Con Evaporada,1.0,1.5
7297,2026-08-10,2026-08-16,10:00:00 AM,Cortadito,9.0,18.43
7298,2026-08-10,2026-08-16,10:00:00 AM,Cortadito Evaporada,2.0,5.0
7299,2026-08-10,2026-08-16,10:00:00 AM,Crema Calabaza Grande,1.0,9.99
7300,2026-08-10,2026-08-16,10:00:00 AM,Crema Calabaza Median,1.0,6.99
7301,2026-08-10,2026-08-16,10:00:00 AM,Crema Malanga Mediana,2.0,13.98
7302,2026-08-10,2026-08-16,10:00:00 AM,Crema Malanga.Grande,4.0,41.96
7303,2026-08-10,2026-08-16,10:00:00 AM,Crema Vegetales Median,1.0,6.99
7304,2026-08-10,2026-08-16,10:00:00 AM,Croqueta Bacalao,10.0,19.9
7305,2026-08-10,2026-08-16,10:00:00 AM,Croqueta Jamon,59.0,103.25
7306,2026-08-10,2026-08-16,10:00:00 AM,Croqueta Preparada,1.0,11.99
7307,2026-08-10,2026-08-16,10:00:00 AM,Cubano Regular,2.0,20.38
7308,2026-08-10,2026-08-16,10:00:00 AM,Deditos .Pescado,1.0,14.19
7309,2026-08-10,2026-08-16,10:00:00 AM,Deditos De Pescado,1.0,16.19
7310,2026-08-10,2026-08-16,10:00:00 AM,Deditos De Pollo,1.0,12.99
7311,2026-08-10,2026-08-16,10:00:00 AM,Deditos De Queso,5.0,9.95
7312,2026-08-10,2026-08-16,10:00:00 AM,Desallunos,67.0,824.63
7313,2026-08-10,2026-08-16,10:00:00 AM,Diet Coke,6.0,13.5
7314,2026-08-10,2026-08-16,10:00:00 AM,Empanada Carne,16.0,47.84
7315,2026-08-10,2026-08-16,10:00:00 AM,Empanada Jamon/Queso,5.0,14.95
7316,2026-08-10,2026-08-16,10:00:00 AM,Empanada Pollo,4.0,11.96
7317,2026-08-10,2026-08-16,10:00:00 AM,Ensala Aguacat Peque,1.0,4.5
7318,2026-08-10,2026-08-16,10:00:00 AM,Ensala Pollo 2 Croquet,1.0,12.49
7319,2026-08-10,2026-08-16,10:00:00 AM,Ensalada Aguacat Grand,5.0,27.5
7320,2026-08-10,2026-08-16,10:00:00 AM,Ensalda De Tuna,1.0,11.99
7321,2026-08-10,2026-08-16,10:00:00 AM,Extra Queso Crema,2.0,3.5
7322,2026-08-10,2026-08-16,10:00:00 AM,Fabada Grande,1.0,10.69
7323,2026-08-10,2026-08-16,10:00:00 AM,Filete Pargo Plancha,1.0,21.19
7324,2026-08-10,2026-08-16,10:00:00 AM,Filete Pescado Planch,1.0,17.19
7325,2026-08-10,2026-08-16,10:00:00 AM,Filetillo Res Plancha,1.0,15.19
7326,2026-08-10,2026-08-16,10:00:00 AM,Flan,1.0,4.99
7327,2026-08-10,2026-08-16,10:00:00 AM,Flan Especial,2.0,11.98
7328,2026-08-10,2026-08-16,10:00:00 AM,Fricase De Pollo,2.0,22.38
7329,2026-08-10,2026-08-16,10:00:00 AM,Fricase Puerco,1.0,13.45
7330,2026-08-10,2026-08-16,10:00:00 AM,Frijol Grande,1.0,7.99
7331,2026-08-10,2026-08-16,10:00:00 AM,Frita Cubana,3.0,30.57
7332,2026-08-10,2026-08-16,10:00:00 AM,Fritura Vacalao,1.0,6.5
7333,2026-08-10,2026-08-16,10:00:00 AM,Garbanzo.Frito,1.0,14.19
7334,2026-08-10,2026-08-16,10:00:00 AM,Gatorade Orange,1.0,3.99
7335,2026-08-10,2026-08-16,10:00:00 AM,Guarapo,1.0,5.25
7336,2026-08-10,2026-08-16,10:00:00 AM,Guiso Maiz Grande,1.0,10.49
7337,2026-08-10,2026-08-16,10:00:00 AM,Harina Grande,2.0,20.38
7338,2026-08-10,2026-08-16,10:00:00 AM,Harina Mediana,2.0,12.7
7339,2026-08-10,2026-08-16,10:00:00 AM,Harina Pequeña,5.0,19.95
7340,2026-08-10,2026-08-16,10:00:00 AM,Huevo Con Butifara,1.0,13.49
7341,2026-08-10,2026-08-16,10:00:00 AM,Imperialchiquita. Alta,2.0,190.0
7342,2026-08-10,2026-08-16,10:00:00 AM,Iron Beer,1.0,2.5
7343,2026-08-10,2026-08-16,10:00:00 AM,Jamon,1.0,3.99
7344,2026-08-10,2026-08-16,10:00:00 AM,Jugo Zanahoria Naraja,5.0,24.95
7345,2026-08-10,2026-08-16,10:00:00 AM,Jugo.Naranja,13.0,68.25
7346,2026-08-10,2026-08-16,10:00:00 AM,Juntas,1.0,0.0
7347,2026-08-10,2026-08-16,10:00:00 AM,Jupiña,1.0,2.5
7348,2026-08-10,2026-08-16,10:00:00 AM,Lentejas Mediana,1.0,6.99
7349,2026-08-10,2026-08-16,10:00:00 AM,Maduros,3.0,13.47
7350,2026-08-10,2026-08-16,10:00:00 AM,Mariquitas.Togo,1.0,4.5
7351,2026-08-10,2026-08-16,10:00:00 AM,Masas De Puerco,2.0,28.38
7352,2026-08-10,2026-08-16,10:00:00 AM,Media Noche,4.0,40.76
7353,2026-08-10,2026-08-16,10:00:00 AM,Misc Cocina,2.0,8.62
7354,2026-08-10,2026-08-16,10:00:00 AM,Mixto Pavo Espinaca,1.0,12.49
7355,2026-08-10,2026-08-16,10:00:00 AM,Moros,5.0,19.95
7356,2026-08-10,2026-08-16,10:00:00 AM,Paella Valenciana,1.0,42.19
7357,2026-08-10,2026-08-16,10:00:00 AM,Palomilla Baby,4.0,44.0
7358,2026-08-10,2026-08-16,10:00:00 AM,Pan Con Bistec,3.0,34.57
7359,2026-08-10,2026-08-16,10:00:00 AM,Pan Con Tortilla,2.0,22.18
7360,2026-08-10,2026-08-16,10:00:00 AM,Pan Jamaica,1.0,1.6
7361,2026-08-10,2026-08-16,10:00:00 AM,Papa Hash.Brown,2.0,7.98
7362,2026-08-10,2026-08-16,10:00:00 AM,Papas Fritas,2.0,8.98
7363,2026-08-10,2026-08-16,10:00:00 AM,Pasteles Guayaba,4.0,6.0
7364,2026-08-10,2026-08-16,10:00:00 AM,Pasteles Queso/Guayaba,4.0,6.0
7365,2026-08-10,2026-08-16,10:00:00 AM,Perico De Claras,2.0,25.98
7366,2026-08-10,2026-08-16,10:00:00 AM,Perico Ripiado,9.0,109.61
7367,2026-08-10,2026-08-16,10:00:00 AM,Potaje Colorados Media,1.0,7.19
7368,2026-08-10,2026-08-16,10:00:00 AM,Queso Americano,2.0,3.5
7369,2026-08-10,2026-08-16,10:00:00 AM,Rabo Encendido,2.0,48.38
7370,2026-08-10,2026-08-16,10:00:00 AM,Rinconcito Breakfast,4.0,56.16
7371,2026-08-10,2026-08-16,10:00:00 AM,Riñonada,1.0,21.19
7372,2026-08-10,2026-08-16,10:00:00 AM,Sachichas,1.0,2.99
7373,2026-08-10,2026-08-16,10:00:00 AM,Sandwich Bacon,1.0,9.99
7374,2026-08-10,2026-08-16,10:00:00 AM,Sopa De Res Grande,3.0,36.37
7375,2026-08-10,2026-08-16,10:00:00 AM,Sopa De Res Mediana,1.0,8.19
7376,2026-08-10,2026-08-16,10:00:00 AM,Sopa Pescado Grande,2.0,21.98
7377,2026-08-10,2026-08-16,10:00:00 AM,Sopa Platano Mediana,2.0,13.98
7378,2026-08-10,2026-08-16,10:00:00 AM,Sopa Pollo Media,2.0,10.98
7379,2026-08-10,2026-08-16,10:00:00 AM,Spriet,1.0,2.5
7381,2026-08-10,2026-08-16,10:00:00 AM,Tamal,1.0,2.99
7382,2026-08-10,2026-08-16,10:00:00 AM,Tamal.Cazuela Grande,2.0,22.38
7383,2026-08-10,2026-08-16,10:00:00 AM,Tartara,1.0,1.0
7385,2026-08-10,2026-08-16,10:00:00 AM,Tortilla,7.0,84.68
7386,2026-08-10,2026-08-16,10:00:00 AM,Tostada,36.0,71.64
7387,2026-08-10,2026-08-16,10:00:00 AM,Vaca Frita,4.0,68.76
7388,2026-08-10,2026-08-16,10:00:00 AM,Western Omlet Reg,3.0,33.37
7389,2026-08-10,2026-08-16,11:00:00 AM,1 Bola Helado,1.0,2.99
7390,2026-08-10,2026-08-16,11:00:00 AM,1 Pieza De Cordero,2.0,36.18
7391,2026-08-10,2026-08-16,11:00:00 AM,"1,,Wafle",2.0,5.0
7392,2026-08-10,2026-08-16,11:00:00 AM,2 Piezas De Cordero,1.0,25.19
7393,2026-08-10,2026-08-16,11:00:00 AM,"3,,Panqueques",1.0,5.99
7396,2026-08-10,2026-08-16,11:00:00 AM,Agua Perrier,4.0,13.96
7397,2026-08-10,2026-08-16,11:00:00 AM,Aguacate$4.00,1.0,4.0
7398,2026-08-10,2026-08-16,11:00:00 AM,Ajiaco..Grande,7.0,74.83
7399,2026-08-10,2026-08-16,11:00:00 AM,Albondigas.Res,1.0,14.19
7400,2026-08-10,2026-08-16,11:00:00 AM,Arros Con Mariscos,1.0,40.19
7401,2026-08-10,2026-08-16,11:00:00 AM,Arroz Blanco,1.0,3.25
7402,2026-08-10,2026-08-16,11:00:00 AM,Arroz Chiquito,2.0,5.5
7403,2026-08-10,2026-08-16,11:00:00 AM,Arroz Con Leche,3.0,16.47
7404,2026-08-10,2026-08-16,11:00:00 AM,Arroz Con Pollo,1.0,12.69
7405,2026-08-10,2026-08-16,11:00:00 AM,Arroz Frito,4.0,54.76
7406,2026-08-10,2026-08-16,11:00:00 AM,Arroz Imperial,1.0,14.19
7407,2026-08-10,2026-08-16,11:00:00 AM,Arroz Pollo.Desmenuza,2.0,25.38
7408,2026-08-10,2026-08-16,11:00:00 AM,Baby Churrasco,3.0,60.57
7409,2026-08-10,2026-08-16,11:00:00 AM,Bacalao Viscaina,2.0,40.38
7410,2026-08-10,2026-08-16,11:00:00 AM,Bacon,3.0,14.97
7411,2026-08-10,2026-08-16,11:00:00 AM,Batido Banana,1.0,4.99
7412,2026-08-10,2026-08-16,11:00:00 AM,Batido Mamey,7.0,38.43
7413,2026-08-10,2026-08-16,11:00:00 AM,Batido Mango,3.0,14.97
7414,2026-08-10,2026-08-16,11:00:00 AM,Batido Trigo,1.0,4.99
7415,2026-08-10,2026-08-16,11:00:00 AM,Bistec A Caballo,11.0,162.59
7416,2026-08-10,2026-08-16,11:00:00 AM,Bistec De Higado,2.0,27.38
7417,2026-08-10,2026-08-16,11:00:00 AM,Bistec De Pollo,22.0,303.38
7418,2026-08-10,2026-08-16,11:00:00 AM,Bistec Palomilla,5.0,90.75
7419,2026-08-10,2026-08-16,11:00:00 AM,Bola Ensalada Pollo,1.0,3.25
7420,2026-08-10,2026-08-16,11:00:00 AM,Boliche,7.0,106.33
7421,2026-08-10,2026-08-16,11:00:00 AM,Bolita De Tuna,1.0,3.25
7422,2026-08-10,2026-08-16,11:00:00 AM,Boñuelos,2.0,10.98
7423,2026-08-10,2026-08-16,11:00:00 AM,Caf.Lec.Evap.Chico,2.0,6.0
7424,2026-08-10,2026-08-16,11:00:00 AM,Cafe Americano Chiquit,2.0,5.98
7425,2026-08-10,2026-08-16,11:00:00 AM,Cafe Con Leche Grande,6.0,27.0
7426,2026-08-10,2026-08-16,11:00:00 AM,Cafe Con Leche Mediano,3.0,11.25
7427,2026-08-10,2026-08-16,11:00:00 AM,Cafe Con Leche Pequeno,17.0,42.5
7428,2026-08-10,2026-08-16,11:00:00 AM,Cafe Cubano,18.0,27.0
7429,2026-08-10,2026-08-16,11:00:00 AM,Calabaza Hervida,1.0,4.99
7430,2026-08-10,2026-08-16,11:00:00 AM,Caldo Gallego.Mediano,1.0,8.19
7431,2026-08-10,2026-08-16,11:00:00 AM,Caldo.Gallego Grande,1.0,11.49
7434,2026-08-10,2026-08-16,11:00:00 AM,Carne Con Papas,4.0,56.36
7435,2026-08-10,2026-08-16,11:00:00 AM,Ceviche Mixto,1.0,22.99
7436,2026-08-10,2026-08-16,11:00:00 AM,Chicharo Mediano,2.0,13.98
7437,2026-08-10,2026-08-16,11:00:00 AM,Chuletas De Puerco,4.0,61.26
7438,2026-08-10,2026-08-16,11:00:00 AM,Churrasco,1.0,26.19
7439,2026-08-10,2026-08-16,11:00:00 AM,Coke,9.0,22.5
7440,2026-08-10,2026-08-16,11:00:00 AM,Coke Cero,1.0,2.5
7441,2026-08-10,2026-08-16,11:00:00 AM,Colada,3.0,8.25
7442,2026-08-10,2026-08-16,11:00:00 AM,Colorados Grande,3.0,29.07
7443,2026-08-10,2026-08-16,11:00:00 AM,Con Evaporada,1.0,1.5
7444,2026-08-10,2026-08-16,11:00:00 AM,Congri,4.0,15.96
7445,2026-08-10,2026-08-16,11:00:00 AM,Cortadito,8.0,17.22
7446,2026-08-10,2026-08-16,11:00:00 AM,Cortadito Evaporada,3.0,7.5
7447,2026-08-10,2026-08-16,11:00:00 AM,Crema Calabaza Grande,1.0,9.99
7448,2026-08-10,2026-08-16,11:00:00 AM,Crema Calabaza Median,7.0,48.93000000000001
7449,2026-08-10,2026-08-16,11:00:00 AM,Crema Calabazachiquit,1.0,4.5
7450,2026-08-10,2026-08-16,11:00:00 AM,Crema Malanga Mediana,5.0,34.95
7451,2026-08-10,2026-08-16,11:00:00 AM,Crema Malanga.Grande,4.0,41.96
7452,2026-08-10,2026-08-16,11:00:00 AM,Crema Vegetales Median,2.0,13.98
7453,2026-08-10,2026-08-16,11:00:00 AM,Croqueta Bacalao,4.0,7.96
7454,2026-08-10,2026-08-16,11:00:00 AM,Croqueta Jamon,43.0,75.25
7455,2026-08-10,2026-08-16,11:00:00 AM,Croqueta Preparada,3.0,36.37
7456,2026-08-10,2026-08-16,11:00:00 AM,Cubierto,1.0,0.0
7457,2026-08-10,2026-08-16,11:00:00 AM,Deditos .Pescado,2.0,28.38
7458,2026-08-10,2026-08-16,11:00:00 AM,Deditos De Pescado,3.0,48.37
7459,2026-08-10,2026-08-16,11:00:00 AM,Deditos De Queso,2.0,3.98
7460,2026-08-10,2026-08-16,11:00:00 AM,Desallunos,32.0,390.18
7461,2026-08-10,2026-08-16,11:00:00 AM,Desayuno Baby,3.0,26.97
7462,2026-08-10,2026-08-16,11:00:00 AM,Diet Coke,2.0,4.5
7463,2026-08-10,2026-08-16,11:00:00 AM,Elena Ruz,2.0,20.18
7464,2026-08-10,2026-08-16,11:00:00 AM,Empanada Carne,8.0,23.92
7465,2026-08-10,2026-08-16,11:00:00 AM,Empanada Jamon/Queso,1.0,2.99
7466,2026-08-10,2026-08-16,11:00:00 AM,Empanada Pollo,8.0,23.92
7467,2026-08-10,2026-08-16,11:00:00 AM,Empnda Espinaca/Queso,3.0,8.97
7468,2026-08-10,2026-08-16,11:00:00 AM,Enpanada Colonbiana,4.0,9.96
7469,2026-08-10,2026-08-16,11:00:00 AM,Enpanisado. Res,3.0,50.07
7470,2026-08-10,2026-08-16,11:00:00 AM,"Enpellas,Chicharones",1.0,6.0
7471,2026-08-10,2026-08-16,11:00:00 AM,Ensala Aguacat Peque,5.0,22.5
7472,2026-08-10,2026-08-16,11:00:00 AM,Ensala Pollo 2 Croquet,4.0,49.96
7473,2026-08-10,2026-08-16,11:00:00 AM,Ensalada Aguacat Grand,2.0,11.0
7474,2026-08-10,2026-08-16,11:00:00 AM,Ensalada Small,2.0,5.5
7475,2026-08-10,2026-08-16,11:00:00 AM,Ensalda De Tuna,1.0,11.99
7476,2026-08-10,2026-08-16,11:00:00 AM,Extra Queso Crema,3.0,5.25
7477,2026-08-10,2026-08-16,11:00:00 AM,Extra.Coco,1.0,1.99
7478,2026-08-10,2026-08-16,11:00:00 AM,Fabada Grande,2.0,21.18
7479,2026-08-10,2026-08-16,11:00:00 AM,Fabada Mediana,2.0,14.18
7480,2026-08-10,2026-08-16,11:00:00 AM,Felitos,4.0,5.96
7481,2026-08-10,2026-08-16,11:00:00 AM,Filete Ala Francesa,1.0,19.99
7482,2026-08-10,2026-08-16,11:00:00 AM,Filete De Mahimahi,1.0,16.99
7483,2026-08-10,2026-08-16,11:00:00 AM,Filete Pescado Planch,1.0,16.99
7484,2026-08-10,2026-08-16,11:00:00 AM,Filete Salmon,3.0,54.4
7485,2026-08-10,2026-08-16,11:00:00 AM,Filetillo Pollo Planch,2.0,30.18
7486,2026-08-10,2026-08-16,11:00:00 AM,Filetillo Res Plancha,1.0,15.19
7487,2026-08-10,2026-08-16,11:00:00 AM,Filetillo Res Salsa,1.0,15.19
7488,2026-08-10,2026-08-16,11:00:00 AM,Flan,7.0,34.93
7489,2026-08-10,2026-08-16,11:00:00 AM,Flan Especial,1.0,5.99
7490,2026-08-10,2026-08-16,11:00:00 AM,Fricase De Pollo,1.0,10.99
7491,2026-08-10,2026-08-16,11:00:00 AM,Fricase Puerco,1.0,13.25
7492,2026-08-10,2026-08-16,11:00:00 AM,Frijol Mediano,1.0,4.99
7493,2026-08-10,2026-08-16,11:00:00 AM,Frijol Pequeno,3.0,8.97
7494,2026-08-10,2026-08-16,11:00:00 AM,Frituras De Malanga,1.0,6.5
7495,2026-08-10,2026-08-16,11:00:00 AM,Garbanzo.Mediano,2.0,13.98
7496,2026-08-10,2026-08-16,11:00:00 AM,Guarapo,4.0,21.0
7497,2026-08-10,2026-08-16,11:00:00 AM,Guiso.Maiz Mediano,3.0,20.97
7498,2026-08-10,2026-08-16,11:00:00 AM,Hamburquesa.Con Queso,2.0,22.38
7499,2026-08-10,2026-08-16,11:00:00 AM,Harina Pequeña,1.0,4.19
7500,2026-08-10,2026-08-16,11:00:00 AM,Heineken,2.0,10.98
7501,2026-08-10,2026-08-16,11:00:00 AM,Helado Cono,1.0,3.5
7502,2026-08-10,2026-08-16,11:00:00 AM,Higado Italiana,1.0,15.19
7503,2026-08-10,2026-08-16,11:00:00 AM,Horden De 3 Chicharone,5.0,16.25
7504,2026-08-10,2026-08-16,11:00:00 AM,Huevo Con Butifara,2.0,23.98
7505,2026-08-10,2026-08-16,11:00:00 AM,Huevo Frito,11.0,16.5
7506,2026-08-10,2026-08-16,11:00:00 AM,Huevo Hervido,2.0,3.5
7507,2026-08-10,2026-08-16,11:00:00 AM,Huevos Al Porch,1.0,11.99
7508,2026-08-10,2026-08-16,11:00:00 AM,Imperial,1.0,11.99
7509,2026-08-10,2026-08-16,11:00:00 AM,Jugo Maraculla,1.0,4.5
7510,2026-08-10,2026-08-16,11:00:00 AM,Jugo Pina,2.0,9.0
7511,2026-08-10,2026-08-16,11:00:00 AM,Jugo Zanahoria Naraja,5.0,24.95
7512,2026-08-10,2026-08-16,11:00:00 AM,Jugo.Naranja,22.0,115.5
7513,2026-08-10,2026-08-16,11:00:00 AM,Jupiña,1.0,2.5
7514,2026-08-10,2026-08-16,11:00:00 AM,Leche Pequena,1.0,1.5
7515,2026-08-10,2026-08-16,11:00:00 AM,Lechon Asado,1.0,13.99
7516,2026-08-10,2026-08-16,11:00:00 AM,Limanada Coco,1.0,5.99
7517,2026-08-10,2026-08-16,11:00:00 AM,Limonada,1.0,4.5
7518,2026-08-10,2026-08-16,11:00:00 AM,Madio.Pollo A La Brasa,2.0,28.38
7519,2026-08-10,2026-08-16,11:00:00 AM,Maduros,1.0,4.49
7520,2026-08-10,2026-08-16,11:00:00 AM,Malta,1.0,3.25
7521,2026-08-10,2026-08-16,11:00:00 AM,Mariquitas,4.0,23.96
7522,2026-08-10,2026-08-16,11:00:00 AM,Mariquitas De Malanga,2.0,11.98
7523,2026-08-10,2026-08-16,11:00:00 AM,Mariquitas..Mixta,2.0,10.98
7524,2026-08-10,2026-08-16,11:00:00 AM,Mariquitas.Togo,1.0,4.5
7525,2026-08-10,2026-08-16,11:00:00 AM,Masas De Puerco,12.0,172.78
7526,2026-08-10,2026-08-16,11:00:00 AM,Materva,1.0,2.5
7527,2026-08-10,2026-08-16,11:00:00 AM,Med Crema De Calabaza,1.0,7.19
7528,2026-08-10,2026-08-16,11:00:00 AM,Media Noche,5.0,50.55
7529,2026-08-10,2026-08-16,11:00:00 AM,Medio Pollo A Brasa,1.0,13.19
7530,2026-08-10,2026-08-16,11:00:00 AM,Medio Pollo Frito,2.0,27.38
7531,2026-08-10,2026-08-16,11:00:00 AM,Medio Pollo.Asado,1.0,12.99
7532,2026-08-10,2026-08-16,11:00:00 AM,Melon..Sandia,2.0,9.0
7533,2026-08-10,2026-08-16,11:00:00 AM,Miami Sandwich,3.0,36.37
7534,2026-08-10,2026-08-16,11:00:00 AM,Milanesa De Pollo,1.0,16.19
7535,2026-08-10,2026-08-16,11:00:00 AM,Mini Sandwich,2.0,12.18
7536,2026-08-10,2026-08-16,11:00:00 AM,Misc Cocina,7.0,54.0
7537,2026-08-10,2026-08-16,11:00:00 AM,Mofongo Puerco,1.0,16.99
7538,2026-08-10,2026-08-16,11:00:00 AM,Moros,1.0,3.99
7539,2026-08-10,2026-08-16,11:00:00 AM,Palomilla Baby,1.0,11.0
7540,2026-08-10,2026-08-16,11:00:00 AM,Pan Con Bistec,9.0,100.51
7541,2026-08-10,2026-08-16,11:00:00 AM,Pan Con Lechon,1.0,9.49
7542,2026-08-10,2026-08-16,11:00:00 AM,Pan Jamaica,2.0,3.2
7543,2026-08-10,2026-08-16,11:00:00 AM,Papa Casa,2.0,7.98
7544,2026-08-10,2026-08-16,11:00:00 AM,Papa Rellena,3.0,8.97
7545,2026-08-10,2026-08-16,11:00:00 AM,Papas Fritas,3.0,13.47
7546,2026-08-10,2026-08-16,11:00:00 AM,Pasteles Guayaba,2.0,3.0
7547,2026-08-10,2026-08-16,11:00:00 AM,Pasteles Queso/Guayaba,1.0,1.5
7548,2026-08-10,2026-08-16,11:00:00 AM,Perico Ripiado,8.0,97.42
7549,2026-08-10,2026-08-16,11:00:00 AM,Picadillo,1.0,13.69
7550,2026-08-10,2026-08-16,11:00:00 AM,Pudin De Pan,1.0,5.49
7551,2026-08-10,2026-08-16,11:00:00 AM,Pudin Diplomatico,3.0,16.47
7552,2026-08-10,2026-08-16,11:00:00 AM,Rabo Encendido,5.0,120.75
7553,2026-08-10,2026-08-16,11:00:00 AM,Rinconcito Breakfast,8.0,112.32
7554,2026-08-10,2026-08-16,11:00:00 AM,Ropa Vieja,5.0,81.95
7555,2026-08-10,2026-08-16,11:00:00 AM,S.Pellecrino,1.0,3.49
7556,2026-08-10,2026-08-16,11:00:00 AM,Sandweches Pollo,3.0,38.07
7557,2026-08-10,2026-08-16,11:00:00 AM,Sandwich Ensal Pollo,1.0,10.19
7558,2026-08-10,2026-08-16,11:00:00 AM,Sandwiches..Pollo.Empa,1.0,12.49
7559,2026-08-10,2026-08-16,11:00:00 AM,Sdwc Tuna Regular,1.0,10.69
7560,2026-08-10,2026-08-16,11:00:00 AM,Sopa De Pollo Grande,6.0,50.94
7561,2026-08-10,2026-08-16,11:00:00 AM,Sopa De Res Grande,2.0,24.18
7562,2026-08-10,2026-08-16,11:00:00 AM,Sopa De Res Pequena,1.0,4.99
7563,2026-08-10,2026-08-16,11:00:00 AM,Sopa Pescado Grande,2.0,21.98
7564,2026-08-10,2026-08-16,11:00:00 AM,Sopa Platano Chiquita,1.0,3.99
7565,2026-08-10,2026-08-16,11:00:00 AM,Sopa Platano Mediana,1.0,6.99
7566,2026-08-10,2026-08-16,11:00:00 AM,Sopa Pollo Media,4.0,21.96
7567,2026-08-10,2026-08-16,11:00:00 AM,Sopa. Pollo Chiquita,4.0,14.0
7568,2026-08-10,2026-08-16,11:00:00 AM,Spageti Carne,1.0,16.19
7569,2026-08-10,2026-08-16,11:00:00 AM,Spaghetti Carne Alfred,1.0,16.19
7571,2026-08-10,2026-08-16,11:00:00 AM,Tamal,3.0,8.97
7572,2026-08-10,2026-08-16,11:00:00 AM,Tamal Cazuela.Mediano,2.0,13.98
7573,2026-08-10,2026-08-16,11:00:00 AM,Tamal.Cazuela Grande,2.0,22.38
7574,2026-08-10,2026-08-16,11:00:00 AM,Tamal.Jamon Piern.Ques,1.0,12.99
7575,2026-08-10,2026-08-16,11:00:00 AM,Te Frio,2.0,5.98
7577,2026-08-10,2026-08-16,11:00:00 AM,Toreja Cubana,1.0,5.99
7578,2026-08-10,2026-08-16,11:00:00 AM,Tortilla,7.0,78.13
7579,2026-08-10,2026-08-16,11:00:00 AM,Tortilla Basca,1.0,12.49
7580,2026-08-10,2026-08-16,11:00:00 AM,Tostada,15.0,29.85
7581,2026-08-10,2026-08-16,11:00:00 AM,Tostones,2.0,9.98
7582,2026-08-10,2026-08-16,11:00:00 AM,Tres Leches,2.0,11.98
7583,2026-08-10,2026-08-16,11:00:00 AM,Vaca Frita,2.0,34.38
7584,2026-08-10,2026-08-16,11:00:00 AM,Western Omlet Reg,2.0,21.98
7585,2026-08-10,2026-08-16,11:00:00 AM,Western Omlet Reg - Late,4.0,48.16
7586,2026-08-10,2026-08-16,11:00:00 AM,Yuca,1.0,4.49
7587,2026-08-10,2026-08-16,11:00:00 AM,Yuca Frita,1.0,5.49
7588,2026-08-10,2026-08-16,12:00:00 PM,1 Pieza De Cordero,2.0,36.18
7589,2026-08-10,2026-08-16,12:00:00 PM,1.Libra Ensala Pollo,2.0,17.98
7590,2026-08-10,2026-08-16,12:00:00 PM,1.Solo.Panquey,2.0,4.5
7591,2026-08-10,2026-08-16,12:00:00 PM,2 Piezas De Cordero,3.0,75.37
7592,2026-08-10,2026-08-16,12:00:00 PM,"2,,Wafle",1.0,4.99
7595,2026-08-10,2026-08-16,12:00:00 PM,Agua Coco,1.0,3.25
7596,2026-08-10,2026-08-16,12:00:00 PM,Agua Natural,1.0,1.99
7597,2026-08-10,2026-08-16,12:00:00 PM,Aguacate $5.00,1.0,5.0
7598,2026-08-10,2026-08-16,12:00:00 PM,Aguacate De 3.00,1.0,3.0
7599,2026-08-10,2026-08-16,12:00:00 PM,Ajiaco Mediano,4.0,28.56
7600,2026-08-10,2026-08-16,12:00:00 PM,Ajiaco..Grande,6.0,63.34
7601,2026-08-10,2026-08-16,12:00:00 PM,Albondigas.Res,2.0,28.38
7602,2026-08-10,2026-08-16,12:00:00 PM,"Arros Pollo V,Alta",1.0,75.0
7603,2026-08-10,2026-08-16,12:00:00 PM,Arroz Blanco,3.0,9.75
7604,2026-08-10,2026-08-16,12:00:00 PM,Arroz Chiquito,2.0,5.5
7605,2026-08-10,2026-08-16,12:00:00 PM,Arroz Con Leche,1.0,5.49
7606,2026-08-10,2026-08-16,12:00:00 PM,Arroz Con Pollo,2.0,26.38
7607,2026-08-10,2026-08-16,12:00:00 PM,Arroz Con Puerco,2.0,26.18
7608,2026-08-10,2026-08-16,12:00:00 PM,Arroz Frito,1.0,14.69
7609,2026-08-10,2026-08-16,12:00:00 PM,Arroz Imperial,1.0,14.19
7610,2026-08-10,2026-08-16,12:00:00 PM,Arroz Pollo.Desmenuza,3.0,38.07
7611,2026-08-10,2026-08-16,12:00:00 PM,Baby Churrasco,8.0,158.52
7612,2026-08-10,2026-08-16,12:00:00 PM,Bacalao Viscaina,3.0,60.37
7613,2026-08-10,2026-08-16,12:00:00 PM,Bacon,2.0,9.98
7614,2026-08-10,2026-08-16,12:00:00 PM,Batido .Fresa,2.0,9.98
7615,2026-08-10,2026-08-16,12:00:00 PM,Batido Banana,1.0,4.99
7616,2026-08-10,2026-08-16,12:00:00 PM,Batido Chocolate,4.0,19.96
7617,2026-08-10,2026-08-16,12:00:00 PM,Batido Mamey,7.0,38.43
7618,2026-08-10,2026-08-16,12:00:00 PM,Batido Trigo,5.0,24.95
7619,2026-08-10,2026-08-16,12:00:00 PM,Batido Vainilla,1.0,4.99
7620,2026-08-10,2026-08-16,12:00:00 PM,Bistec A Caballo,3.0,43.87
7621,2026-08-10,2026-08-16,12:00:00 PM,Bistec De Pollo,42.0,579.0799999999999
7622,2026-08-10,2026-08-16,12:00:00 PM,Bistec De Puerco,6.0,95.14
7623,2026-08-10,2026-08-16,12:00:00 PM,Bistec En Cazuela,5.0,74.05
7624,2026-08-10,2026-08-16,12:00:00 PM,Bistec Jamon,1.0,15.49
7625,2026-08-10,2026-08-16,12:00:00 PM,Bistec Palomilla,10.0,186.1
7626,2026-08-10,2026-08-16,12:00:00 PM,Bocadito De Tuna,1.0,9.19
7627,2026-08-10,2026-08-16,12:00:00 PM,Boliche,3.0,45.17
7628,2026-08-10,2026-08-16,12:00:00 PM,Boniatillo,1.0,1.5
7629,2026-08-10,2026-08-16,12:00:00 PM,Boniato Frito,1.0,4.99
7630,2026-08-10,2026-08-16,12:00:00 PM,Boñuelos,2.0,10.98
7631,2026-08-10,2026-08-16,12:00:00 PM,Caesar /Pollo,1.0,12.99
7632,2026-08-10,2026-08-16,12:00:00 PM,Cafe Americano Chiquit,2.0,5.98
7633,2026-08-10,2026-08-16,12:00:00 PM,Cafe Con Leche Pequeno,4.0,10.0
7634,2026-08-10,2026-08-16,12:00:00 PM,Cafe Cubano,42.0,63.0
7635,2026-08-10,2026-08-16,12:00:00 PM,Caldo Gallego.Mediano,1.0,8.19
7636,2026-08-10,2026-08-16,12:00:00 PM,Camarones Al Ajillo,2.0,40.98
7637,2026-08-10,2026-08-16,12:00:00 PM,Camarones Enchilado,2.0,40.18
7640,2026-08-10,2026-08-16,12:00:00 PM,Carne Con Papas,3.0,44.17
7641,2026-08-10,2026-08-16,12:00:00 PM,Chichar Pollo C Hueso,1.0,13.49
7642,2026-08-10,2026-08-16,12:00:00 PM,Chicharo Grande,2.0,18.38
7643,2026-08-10,2026-08-16,12:00:00 PM,Chicharo Mediano,3.0,20.97
7644,2026-08-10,2026-08-16,12:00:00 PM,Chilindron D Chivo,2.0,43.98
7645,2026-08-10,2026-08-16,12:00:00 PM,Chimichurri,2.0,2.5
7646,2026-08-10,2026-08-16,12:00:00 PM,Chuletas De Puerco,6.0,85.14
7647,2026-08-10,2026-08-16,12:00:00 PM,Churrasco,3.0,77.97
7648,2026-08-10,2026-08-16,12:00:00 PM,Club Sandwich,2.0,24.18
7649,2026-08-10,2026-08-16,12:00:00 PM,Cocacola.Botella,1.0,3.49
7650,2026-08-10,2026-08-16,12:00:00 PM,Coke,12.0,30.0
7651,2026-08-10,2026-08-16,12:00:00 PM,Coke Cero,2.0,5.0
7652,2026-08-10,2026-08-16,12:00:00 PM,Colada,11.0,30.25
7653,2026-08-10,2026-08-16,12:00:00 PM,Colorados Grande,2.0,19.18
7654,2026-08-10,2026-08-16,12:00:00 PM,Congri,1.0,3.99
7655,2026-08-10,2026-08-16,12:00:00 PM,Copa ..Helado,2.0,9.98
7656,2026-08-10,2026-08-16,12:00:00 PM,Copa Vino,1.0,8.99
7657,2026-08-10,2026-08-16,12:00:00 PM,Corona,3.0,16.47
7658,2026-08-10,2026-08-16,12:00:00 PM,Cortadito,10.0,22.5
7659,2026-08-10,2026-08-16,12:00:00 PM,Cortadito Evaporada,6.0,15.0
7660,2026-08-10,2026-08-16,12:00:00 PM,Crema Calabaza Grande,5.0,49.95
7661,2026-08-10,2026-08-16,12:00:00 PM,Crema Calabaza Median,2.0,13.98
7662,2026-08-10,2026-08-16,12:00:00 PM,Crema Calabazachiquit,1.0,4.5
7663,2026-08-10,2026-08-16,12:00:00 PM,Crema Malanga Mediana,10.0,69.9
7664,2026-08-10,2026-08-16,12:00:00 PM,Crema Malanga.Grande,4.0,41.96
7665,2026-08-10,2026-08-16,12:00:00 PM,Crema. Malanga Chiquit,1.0,4.5
7666,2026-08-10,2026-08-16,12:00:00 PM,Croqueta Bacalao,2.0,3.98
7667,2026-08-10,2026-08-16,12:00:00 PM,Croqueta Jamon,25.0,43.75
7668,2026-08-10,2026-08-16,12:00:00 PM,Croqueta Preparada,1.0,12.19
7669,2026-08-10,2026-08-16,12:00:00 PM,Cubano Regular,2.0,20.38
7670,2026-08-10,2026-08-16,12:00:00 PM,Cubierto,3.0,0.0
7671,2026-08-10,2026-08-16,12:00:00 PM,Cuchura,1.0,0.0
7672,2026-08-10,2026-08-16,12:00:00 PM,Deditos .Pescado,3.0,44.37
7673,2026-08-10,2026-08-16,12:00:00 PM,Deditos De Pescado,4.0,64.36
7674,2026-08-10,2026-08-16,12:00:00 PM,Deditos De Pollo,2.0,26.18
7675,2026-08-10,2026-08-16,12:00:00 PM,Desallunos,11.0,139.49
7676,2026-08-10,2026-08-16,12:00:00 PM,Desayuno Baby,1.0,8.99
7677,2026-08-10,2026-08-16,12:00:00 PM,Diet Coke,4.0,9.0
7678,2026-08-10,2026-08-16,12:00:00 PM,Dos Huevo Aros. Madur,1.0,8.99
7679,2026-08-10,2026-08-16,12:00:00 PM,Dulce De Leche,2.0,10.98
7680,2026-08-10,2026-08-16,12:00:00 PM,Empanada Carne,11.0,32.89
7681,2026-08-10,2026-08-16,12:00:00 PM,Empanada Jamon/Queso,1.0,2.99
7682,2026-08-10,2026-08-16,12:00:00 PM,Empanada Pollo,3.0,8.97
7683,2026-08-10,2026-08-16,12:00:00 PM,Empnda Espinaca/Queso,2.0,5.98
7684,2026-08-10,2026-08-16,12:00:00 PM,Enpanisado. Res,1.0,16.19
7685,2026-08-10,2026-08-16,12:00:00 PM,"Enpellas,Chicharones",2.0,12.0
7686,2026-08-10,2026-08-16,12:00:00 PM,Ensala Aguacat Peque,12.0,54.0
7687,2026-08-10,2026-08-16,12:00:00 PM,Ensala Pollo 2 Croquet,1.0,12.49
7688,2026-08-10,2026-08-16,12:00:00 PM,Extra Aguacate,1.0,1.75
7689,2026-08-10,2026-08-16,12:00:00 PM,Extra Queso Crema,1.0,1.75
7690,2026-08-10,2026-08-16,12:00:00 PM,Extra.Coco,1.0,1.99
7691,2026-08-10,2026-08-16,12:00:00 PM,Fabada Grande,1.0,10.69
7692,2026-08-10,2026-08-16,12:00:00 PM,Fabada Mediana,1.0,6.99
7693,2026-08-10,2026-08-16,12:00:00 PM,Filete Ala Francesa,1.0,19.99
7694,2026-08-10,2026-08-16,12:00:00 PM,Filete Pescado Empani,1.0,17.49
7695,2026-08-10,2026-08-16,12:00:00 PM,Filete Pescado Planch,2.0,35.98
7696,2026-08-10,2026-08-16,12:00:00 PM,Filetill Pollo Salsa,1.0,15.19
7697,2026-08-10,2026-08-16,12:00:00 PM,Filetillo De Carne,4.0,56.36
7698,2026-08-10,2026-08-16,12:00:00 PM,Filetillo Pollo Planch,3.0,47.37
7699,2026-08-10,2026-08-16,12:00:00 PM,Filetillo Res Plancha,1.0,14.99
7700,2026-08-10,2026-08-16,12:00:00 PM,Filetillo Res Salsa,1.0,15.19
7701,2026-08-10,2026-08-16,12:00:00 PM,Flan,8.0,39.92
7702,2026-08-10,2026-08-16,12:00:00 PM,Flan Especial,3.0,17.97
7703,2026-08-10,2026-08-16,12:00:00 PM,Fricase De Pollo,7.0,79.73
7704,2026-08-10,2026-08-16,12:00:00 PM,Fricase Puerco,1.0,13.25
7705,2026-08-10,2026-08-16,12:00:00 PM,Frijol Grande,1.0,7.99
7706,2026-08-10,2026-08-16,12:00:00 PM,Frijol Mediano,5.0,24.95
7707,2026-08-10,2026-08-16,12:00:00 PM,Frijol Pequeno,3.0,8.97
7708,2026-08-10,2026-08-16,12:00:00 PM,Frijol.Colorado Chiqui,2.0,7.98
7709,2026-08-10,2026-08-16,12:00:00 PM,Frita Cubana,1.0,11.79
7710,2026-08-10,2026-08-16,12:00:00 PM,Fritura Vacalao,2.0,13.0
7711,2026-08-10,2026-08-16,12:00:00 PM,Frituras De Malanga,1.0,6.5
7712,2026-08-10,2026-08-16,12:00:00 PM,Galleta Deliciosas,2.0,7.2
7713,2026-08-10,2026-08-16,12:00:00 PM,Garbanzo Grande,2.0,20.98
7714,2026-08-10,2026-08-16,12:00:00 PM,Garbanzo.Chiquito,1.0,3.99
7715,2026-08-10,2026-08-16,12:00:00 PM,Garbanzo.Frito,5.0,72.35
7716,2026-08-10,2026-08-16,12:00:00 PM,Garbanzo.Mediano,4.0,27.96
7717,2026-08-10,2026-08-16,12:00:00 PM,Guarapo,13.0,68.25
7718,2026-08-10,2026-08-16,12:00:00 PM,Guiso.Maiz Mediano,3.0,20.97
7719,2026-08-10,2026-08-16,12:00:00 PM,Helado Cono,4.0,14.0
7720,2026-08-10,2026-08-16,12:00:00 PM,Higado Italiana,1.0,14.99
7721,2026-08-10,2026-08-16,12:00:00 PM,Horden De 3 Chicharone,1.0,3.25
7722,2026-08-10,2026-08-16,12:00:00 PM,Imperial,1.0,11.99
7723,2026-08-10,2026-08-16,12:00:00 PM,Imperial Grande.30.Per,1.0,160.0
7724,2026-08-10,2026-08-16,12:00:00 PM,Imperialchiquita. Alta,1.0,95.0
7725,2026-08-10,2026-08-16,12:00:00 PM,Jugo De Manzana,3.0,9.75
7726,2026-08-10,2026-08-16,12:00:00 PM,Jugo Maraculla,2.0,9.0
7727,2026-08-10,2026-08-16,12:00:00 PM,Jugo Pina,1.0,4.5
7728,2026-08-10,2026-08-16,12:00:00 PM,Jugo Zanahoria Naraja,2.0,9.98
7729,2026-08-10,2026-08-16,12:00:00 PM,Jugo.Naranja,15.0,78.75
7730,2026-08-10,2026-08-16,12:00:00 PM,Jupiña,2.0,5.0
7731,2026-08-10,2026-08-16,12:00:00 PM,Lentejas Grande,2.0,18.98
7732,2026-08-10,2026-08-16,12:00:00 PM,Lentejas Mediana,1.0,6.99
7733,2026-08-10,2026-08-16,12:00:00 PM,Limonada,8.0,36.0
7734,2026-08-10,2026-08-16,12:00:00 PM,Madio.Pollo A La Brasa,2.0,27.98
7735,2026-08-10,2026-08-16,12:00:00 PM,Maduros,1.0,4.49
7736,2026-08-10,2026-08-16,12:00:00 PM,Mariquitas,1.0,5.99
7737,2026-08-10,2026-08-16,12:00:00 PM,Mariquitas De Malanga,3.0,17.97
7738,2026-08-10,2026-08-16,12:00:00 PM,Masas De Puerco,9.0,132.11
7739,2026-08-10,2026-08-16,12:00:00 PM,Media De Toro,1.0,15.99
7740,2026-08-10,2026-08-16,12:00:00 PM,Media Noche,2.0,20.38
7741,2026-08-10,2026-08-16,12:00:00 PM,Medio Pollo A Brasa,5.0,65.95
7742,2026-08-10,2026-08-16,12:00:00 PM,Medio Pollo Frito,1.0,13.49
7743,2026-08-10,2026-08-16,12:00:00 PM,Medio Pollo.Asado,4.0,52.56
7744,2026-08-10,2026-08-16,12:00:00 PM,Melon..Sandia,4.0,18.0
7745,2026-08-10,2026-08-16,12:00:00 PM,Miami Sandwich,2.0,24.38
7746,2026-08-10,2026-08-16,12:00:00 PM,Milanesa De Pollo,2.0,32.18
7747,2026-08-10,2026-08-16,12:00:00 PM,Mini Sandwich,1.0,6.19
7748,2026-08-10,2026-08-16,12:00:00 PM,Misc Cocina,1.0,6.0
7749,2026-08-10,2026-08-16,12:00:00 PM,Mofongo Puerco,1.0,16.99
7750,2026-08-10,2026-08-16,12:00:00 PM,Mofongo Vaca Frita,1.0,21.0
7751,2026-08-10,2026-08-16,12:00:00 PM,Moros,1.0,3.99
7752,2026-08-10,2026-08-16,12:00:00 PM,Natilla,1.0,4.99
7753,2026-08-10,2026-08-16,12:00:00 PM,Natilla Catalana,1.0,6.25
7754,2026-08-10,2026-08-16,12:00:00 PM,Palomilla Baby,1.0,11.2
7755,2026-08-10,2026-08-16,12:00:00 PM,Pan Con Bistec,20.0,223.8
7756,2026-08-10,2026-08-16,12:00:00 PM,Pan Con Lechon,2.0,19.18
7757,2026-08-10,2026-08-16,12:00:00 PM,Pan Con Tortilla,1.0,11.19
7758,2026-08-10,2026-08-16,12:00:00 PM,Pan Jamaica,2.0,3.2
7759,2026-08-10,2026-08-16,12:00:00 PM,Papa Casa,1.0,3.99
7760,2026-08-10,2026-08-16,12:00:00 PM,Papa Rellena,7.0,20.93
7761,2026-08-10,2026-08-16,12:00:00 PM,Papas Fritas,4.0,17.96
7762,2026-08-10,2026-08-16,12:00:00 PM,Pargo Frito,2.0,48.18
7763,2026-08-10,2026-08-16,12:00:00 PM,Pasteles Guayaba,3.0,4.5
7764,2026-08-10,2026-08-16,12:00:00 PM,Perico De Claras,1.0,12.99
7765,2026-08-10,2026-08-16,12:00:00 PM,Perico Ripiado,3.0,35.97
7766,2026-08-10,2026-08-16,12:00:00 PM,Picadillo,5.0,71.25
7767,2026-08-10,2026-08-16,12:00:00 PM,Pizza Personal,1.0,10.99
7768,2026-08-10,2026-08-16,12:00:00 PM,Pollo Empanizado,2.0,29.38
7769,2026-08-10,2026-08-16,12:00:00 PM,Potaje Colorados Media,1.0,7.19
7770,2026-08-10,2026-08-16,12:00:00 PM,Presidente,1.0,5.49
7771,2026-08-10,2026-08-16,12:00:00 PM,Pudin De Pan,3.0,16.47
7772,2026-08-10,2026-08-16,12:00:00 PM,Pudin Diplomatico,2.0,10.98
7773,2026-08-10,2026-08-16,12:00:00 PM,Rabo Encendido,3.0,73.67
7774,2026-08-10,2026-08-16,12:00:00 PM,Rinconcito Breakfast,3.0,42.72
7775,2026-08-10,2026-08-16,12:00:00 PM,Riñonada,3.0,64.37
7776,2026-08-10,2026-08-16,12:00:00 PM,Ropa Vieja,7.0,108.93
7777,2026-08-10,2026-08-16,12:00:00 PM,S.Pellecrino,1.0,3.49
7778,2026-08-10,2026-08-16,12:00:00 PM,Sandweches Pollo,1.0,11.69
7779,2026-08-10,2026-08-16,12:00:00 PM,Sdwc Tuna Regular,1.0,10.69
7780,2026-08-10,2026-08-16,12:00:00 PM,Sm Sopa Pescado,3.0,12.75
7781,2026-08-10,2026-08-16,12:00:00 PM,Sopa De Pollo Grande,11.0,93.39
7782,2026-08-10,2026-08-16,12:00:00 PM,Sopa De Res Grande,4.0,48.76
7783,2026-08-10,2026-08-16,12:00:00 PM,Sopa De Res Mediana,2.0,16.18
7784,2026-08-10,2026-08-16,12:00:00 PM,Sopa Pescado Grande,3.0,32.97
7785,2026-08-10,2026-08-16,12:00:00 PM,Sopa Pescado Mediana,1.0,6.99
7786,2026-08-10,2026-08-16,12:00:00 PM,Sopa Platano Mediana,3.0,20.97
7787,2026-08-10,2026-08-16,12:00:00 PM,Sopa Pollo Media,3.0,16.47
7788,2026-08-10,2026-08-16,12:00:00 PM,Sopa. Pollo Chiquita,4.0,14.0
7789,2026-08-10,2026-08-16,12:00:00 PM,Spageti Carne,3.0,48.57
7790,2026-08-10,2026-08-16,12:00:00 PM,Spaghetti Pollo Alfred,1.0,15.19
7791,2026-08-10,2026-08-16,12:00:00 PM,Spaguetti/W Carne,1.0,16.19
7792,2026-08-10,2026-08-16,12:00:00 PM,Spriet,1.0,2.5
7794,2026-08-10,2026-08-16,12:00:00 PM,Tamal,2.0,5.98
7795,2026-08-10,2026-08-16,12:00:00 PM,Tamal Cazuela.Mediano,4.0,28.36
7796,2026-08-10,2026-08-16,12:00:00 PM,Tamal.Cazuela Grande,6.0,66.94
7798,2026-08-10,2026-08-16,12:00:00 PM,Torre.Tinto,1.0,30.0
7799,2026-08-10,2026-08-16,12:00:00 PM,Tortilla,4.0,45.86
7800,2026-08-10,2026-08-16,12:00:00 PM,Tortilla Basca. - Late,1.0,13.49
7801,2026-08-10,2026-08-16,12:00:00 PM,Tostada,5.0,9.95
7802,2026-08-10,2026-08-16,12:00:00 PM,Tostones,4.0,19.96
7803,2026-08-10,2026-08-16,12:00:00 PM,Tres Leches,4.0,23.96
7804,2026-08-10,2026-08-16,12:00:00 PM,"Trio,,Helado",1.0,6.5
7805,2026-08-10,2026-08-16,12:00:00 PM,Vaca Frita,20.0,346.2
7806,2026-08-10,2026-08-16,12:00:00 PM,Vaso.Hielo,1.0,0.25
7807,2026-08-10,2026-08-16,12:00:00 PM,Vegetal.Salteado,1.0,5.49
7808,2026-08-10,2026-08-16,12:00:00 PM,Yuca,1.0,4.49
7809,2026-08-10,2026-08-16,1:00:00 PM,1 Bola Helado,1.0,2.99
7810,2026-08-10,2026-08-16,1:00:00 PM,2 Piezas De Cordero,3.0,75.57
7811,2026-08-10,2026-08-16,1:00:00 PM,"3,,Panqueques",1.0,5.99
7812,2026-08-10,2026-08-16,1:00:00 PM,305 Morados,1.0,6.25
7815,2026-08-10,2026-08-16,1:00:00 PM,Agua Natural,2.0,3.98
7816,2026-08-10,2026-08-16,1:00:00 PM,Agua Perrier,5.0,17.45
7817,2026-08-10,2026-08-16,1:00:00 PM,Aguacate $5.00,3.0,15.0
7818,2026-08-10,2026-08-16,1:00:00 PM,Ajiaco Mediano,6.0,42.54
7819,2026-08-10,2026-08-16,1:00:00 PM,Ajiaco..Grande,5.0,53.25
7820,2026-08-10,2026-08-16,1:00:00 PM,Arros Con Mariscos,1.0,39.99
7821,2026-08-10,2026-08-16,1:00:00 PM,Arroz Blanco,8.0,26.0
7822,2026-08-10,2026-08-16,1:00:00 PM,Arroz Chiquito,3.0,8.75
7823,2026-08-10,2026-08-16,1:00:00 PM,Arroz Con Calamares,1.0,15.99
7824,2026-08-10,2026-08-16,1:00:00 PM,Arroz Con Leche,3.0,16.47
7825,2026-08-10,2026-08-16,1:00:00 PM,Arroz Con Pollo,7.0,93.63
7826,2026-08-10,2026-08-16,1:00:00 PM,Arroz Con Puerco,2.0,26.38
7827,2026-08-10,2026-08-16,1:00:00 PM,Arroz Frito,3.0,42.07
7828,2026-08-10,2026-08-16,1:00:00 PM,Arroz Imperial,3.0,42.57
7829,2026-08-10,2026-08-16,1:00:00 PM,Arroz Pollo.Desmenuza,3.0,39.17
7830,2026-08-10,2026-08-16,1:00:00 PM,Baby Churrasco,4.0,80.56
7831,2026-08-10,2026-08-16,1:00:00 PM,Bacalao Viscaina,3.0,60.57
7832,2026-08-10,2026-08-16,1:00:00 PM,Bacon,1.0,4.99
7833,2026-08-10,2026-08-16,1:00:00 PM,Bananas.3 $ 1.50,2.0,3.0
7834,2026-08-10,2026-08-16,1:00:00 PM,Batido Chocolate,3.0,14.97
7835,2026-08-10,2026-08-16,1:00:00 PM,Batido Fruta Bonba,1.0,4.99
7836,2026-08-10,2026-08-16,1:00:00 PM,Batido Mamey,3.0,16.47
7837,2026-08-10,2026-08-16,1:00:00 PM,Batido Vainilla,1.0,4.99
7838,2026-08-10,2026-08-16,1:00:00 PM,Bistec A Caballo,4.0,58.76
7839,2026-08-10,2026-08-16,1:00:00 PM,Bistec De Higado,1.0,13.49
7840,2026-08-10,2026-08-16,1:00:00 PM,Bistec De Pollo,41.0,574.39
7841,2026-08-10,2026-08-16,1:00:00 PM,Bistec De Puerco,2.0,33.18
7842,2026-08-10,2026-08-16,1:00:00 PM,Bistec En Cazuela,2.0,31.18
7843,2026-08-10,2026-08-16,1:00:00 PM,Bistec Palomilla,9.0,162.51
7844,2026-08-10,2026-08-16,1:00:00 PM,Boliche,2.0,30.18
7845,2026-08-10,2026-08-16,1:00:00 PM,Boniatillo,1.0,1.5
7846,2026-08-10,2026-08-16,1:00:00 PM,Boniato Frito,3.0,14.97
7847,2026-08-10,2026-08-16,1:00:00 PM,Boniato Hervido,1.0,4.99
7848,2026-08-10,2026-08-16,1:00:00 PM,Boñuelos,3.0,16.47
7849,2026-08-10,2026-08-16,1:00:00 PM,Cafe Con Leche Grande,5.0,22.5
7850,2026-08-10,2026-08-16,1:00:00 PM,Cafe Con Leche Pequeno,5.0,12.5
7851,2026-08-10,2026-08-16,1:00:00 PM,Cafe Cubano,41.0,61.5
7852,2026-08-10,2026-08-16,1:00:00 PM,Cafecito,1.0,0.99
7853,2026-08-10,2026-08-16,1:00:00 PM,Caldo.Gallego Grande,2.0,23.38
7854,2026-08-10,2026-08-16,1:00:00 PM,Camarones Enchilado,2.0,40.18
7856,2026-08-10,2026-08-16,1:00:00 PM,Carne Con Papas,8.0,115.52
7857,2026-08-10,2026-08-16,1:00:00 PM,Chichar Pollo Sin Hues,2.0,27.38
7858,2026-08-10,2026-08-16,1:00:00 PM,Chicharo Chiquito,1.0,3.99
7859,2026-08-10,2026-08-16,1:00:00 PM,Chicharo Grande,3.0,27.37
7860,2026-08-10,2026-08-16,1:00:00 PM,Chicharo Mediano,5.0,34.95
7861,2026-08-10,2026-08-16,1:00:00 PM,Chilindron D Chivo,1.0,21.99
7862,2026-08-10,2026-08-16,1:00:00 PM,Chuletas De Puerco,7.0,100.83
7863,2026-08-10,2026-08-16,1:00:00 PM,Churrasco,5.0,130.55
7864,2026-08-10,2026-08-16,1:00:00 PM,Club Sandwich,5.0,60.95
7865,2026-08-10,2026-08-16,1:00:00 PM,Cocacola.Botella,2.0,6.98
7866,2026-08-10,2026-08-16,1:00:00 PM,Coke,10.0,25.0
7867,2026-08-10,2026-08-16,1:00:00 PM,Coke Cero,1.0,2.5
7868,2026-08-10,2026-08-16,1:00:00 PM,Colada,12.0,33.0
7869,2026-08-10,2026-08-16,1:00:00 PM,Colorados Grande,4.0,38.76
7870,2026-08-10,2026-08-16,1:00:00 PM,Copa De Sangria,1.0,8.99
7871,2026-08-10,2026-08-16,1:00:00 PM,Copa Vino,1.0,8.99
7872,2026-08-10,2026-08-16,1:00:00 PM,Corona,1.0,5.49
7873,2026-08-10,2026-08-16,1:00:00 PM,Cortadito,7.0,15.75
7874,2026-08-10,2026-08-16,1:00:00 PM,Cortadito Evaporada,12.0,30.0
7875,2026-08-10,2026-08-16,1:00:00 PM,Crema Brocoly,2.0,18.5
7876,2026-08-10,2026-08-16,1:00:00 PM,Crema Calabaza Grande,1.0,9.99
7877,2026-08-10,2026-08-16,1:00:00 PM,Crema Calabaza Median,2.0,13.98
7878,2026-08-10,2026-08-16,1:00:00 PM,Crema Grande Calabaza,1.0,10.19
7879,2026-08-10,2026-08-16,1:00:00 PM,Crema Malanga Mediana,5.0,34.95
7880,2026-08-10,2026-08-16,1:00:00 PM,Crema Malanga.Grande,3.0,31.47
7881,2026-08-10,2026-08-16,1:00:00 PM,Crema Vegetal Grande,1.0,10.49
7882,2026-08-10,2026-08-16,1:00:00 PM,Crema Vegetales Median,6.0,41.94
7883,2026-08-10,2026-08-16,1:00:00 PM,Crema. Malanga Chiquit,3.0,13.5
7884,2026-08-10,2026-08-16,1:00:00 PM,Crema. Vegetalchiquita,2.0,9.0
7885,2026-08-10,2026-08-16,1:00:00 PM,Croqueta Bacalao,3.0,5.97
7886,2026-08-10,2026-08-16,1:00:00 PM,Croqueta Jamon,23.0,40.25
7887,2026-08-10,2026-08-16,1:00:00 PM,Cubano Especial,1.0,12.19
7888,2026-08-10,2026-08-16,1:00:00 PM,Cubano Regular,9.0,91.51
7889,2026-08-10,2026-08-16,1:00:00 PM,Cubierto,2.0,0.0
7890,2026-08-10,2026-08-16,1:00:00 PM,Cuchura,1.0,0.0
7891,2026-08-10,2026-08-16,1:00:00 PM,Deditos .Pescado,4.0,57.96
7892,2026-08-10,2026-08-16,1:00:00 PM,Deditos De Pescado,1.0,16.19
7893,2026-08-10,2026-08-16,1:00:00 PM,Deditos De Pollo,2.0,26.18
7894,2026-08-10,2026-08-16,1:00:00 PM,Deditos De Pollo Kids,1.0,7.99
7895,2026-08-10,2026-08-16,1:00:00 PM,Deditos Queso/Guayaba,2.0,3.98
7896,2026-08-10,2026-08-16,1:00:00 PM,Desallunos,8.0,99.82
7897,2026-08-10,2026-08-16,1:00:00 PM,Diet Coke,3.0,6.75
7898,2026-08-10,2026-08-16,1:00:00 PM,Diet Materva,2.0,5.0
7899,2026-08-10,2026-08-16,1:00:00 PM,Dulce De Leche,3.0,16.47
7900,2026-08-10,2026-08-16,1:00:00 PM,E Pagueti Solo Roja,1.0,8.99
7901,2026-08-10,2026-08-16,1:00:00 PM,Empanada Carne,6.0,17.94
7902,2026-08-10,2026-08-16,1:00:00 PM,Empanada Jamon/Queso,1.0,2.99
7903,2026-08-10,2026-08-16,1:00:00 PM,Empanada Pollo,2.0,5.98
7904,2026-08-10,2026-08-16,1:00:00 PM,Empnda Espinaca/Queso,2.0,5.98
7905,2026-08-10,2026-08-16,1:00:00 PM,Enpanada Colonbiana,4.0,9.96
7906,2026-08-10,2026-08-16,1:00:00 PM,Enpanisado. Res,3.0,48.17
7907,2026-08-10,2026-08-16,1:00:00 PM,Ensala Aguacat Peque,10.0,45.0
7908,2026-08-10,2026-08-16,1:00:00 PM,Ensala Pollo 2 Croquet,2.0,24.98
7909,2026-08-10,2026-08-16,1:00:00 PM,Ensalada Aguacat Grand,1.0,5.5
7910,2026-08-10,2026-08-16,1:00:00 PM,Ensalada Small,1.0,2.75
7911,2026-08-10,2026-08-16,1:00:00 PM,Ensalda De Tuna,2.0,23.98
7912,2026-08-10,2026-08-16,1:00:00 PM,Espaguetti Jamon,1.0,12.99
7913,2026-08-10,2026-08-16,1:00:00 PM,Extra.Coco,1.0,1.99
7914,2026-08-10,2026-08-16,1:00:00 PM,Fabada Mediana,1.0,6.99
7915,2026-08-10,2026-08-16,1:00:00 PM,Filete Ala Francesa,1.0,19.99
7916,2026-08-10,2026-08-16,1:00:00 PM,Filete Pargo Plancha,3.0,63.17
7917,2026-08-10,2026-08-16,1:00:00 PM,Filete Pescado Empani,2.0,35.18
7918,2026-08-10,2026-08-16,1:00:00 PM,Filete Salmon,2.0,36.2
7919,2026-08-10,2026-08-16,1:00:00 PM,Filetillo De Carne,2.0,27.18
7920,2026-08-10,2026-08-16,1:00:00 PM,Filetillo Pollo Planch,8.0,121.12
7921,2026-08-10,2026-08-16,1:00:00 PM,Filetillo Res Plancha,1.0,14.99
7922,2026-08-10,2026-08-16,1:00:00 PM,Filetillo Res Salsa,1.0,14.99
7923,2026-08-10,2026-08-16,1:00:00 PM,Flan,9.0,44.91
7924,2026-08-10,2026-08-16,1:00:00 PM,Flan Especial,5.0,29.95
7925,2026-08-10,2026-08-16,1:00:00 PM,Fricase De Pollo,3.0,35.57
7926,2026-08-10,2026-08-16,1:00:00 PM,Frijol Grande,1.0,7.99
7927,2026-08-10,2026-08-16,1:00:00 PM,Frijol Mediano,2.0,9.98
7928,2026-08-10,2026-08-16,1:00:00 PM,Frijol Pequeno,2.0,5.98
7929,2026-08-10,2026-08-16,1:00:00 PM,Frijol.Colorado Chiqui,4.0,15.96
7930,2026-08-10,2026-08-16,1:00:00 PM,Frita Cubana,1.0,11.69
7931,2026-08-10,2026-08-16,1:00:00 PM,Fritura Vacalao,1.0,6.5
7932,2026-08-10,2026-08-16,1:00:00 PM,Frituras De Malanga,1.0,6.5
7933,2026-08-10,2026-08-16,1:00:00 PM,Galleta Deliciosas,4.0,14.4
7934,2026-08-10,2026-08-16,1:00:00 PM,Garbanzo.Frito,1.0,13.99
7935,2026-08-10,2026-08-16,1:00:00 PM,Garbanzo.Mediano,2.0,13.98
7936,2026-08-10,2026-08-16,1:00:00 PM,Guarapo,3.0,15.75
7937,2026-08-10,2026-08-16,1:00:00 PM,Harina Mediana,1.0,6.45
7938,2026-08-10,2026-08-16,1:00:00 PM,Harina Pequeña,1.0,3.99
7939,2026-08-10,2026-08-16,1:00:00 PM,Heineken,1.0,5.49
7940,2026-08-10,2026-08-16,1:00:00 PM,Higado Italiana,1.0,15.19
7941,2026-08-10,2026-08-16,1:00:00 PM,Horden De 3 Chicharone,1.0,3.25
7942,2026-08-10,2026-08-16,1:00:00 PM,Huevo Frito,6.0,7.5
7943,2026-08-10,2026-08-16,1:00:00 PM,Jugo De Manzana,2.0,6.5
7944,2026-08-10,2026-08-16,1:00:00 PM,Jugo Pina,3.0,13.5
7945,2026-08-10,2026-08-16,1:00:00 PM,Jugo Zanahoria Naraja,2.0,9.98
7946,2026-08-10,2026-08-16,1:00:00 PM,Jugo.Naranja,12.0,63.0
7947,2026-08-10,2026-08-16,1:00:00 PM,Juntas,4.0,0.0
7948,2026-08-10,2026-08-16,1:00:00 PM,Lechon Asado,1.0,13.99
7949,2026-08-10,2026-08-16,1:00:00 PM,Lentejas Grande,1.0,9.49
7950,2026-08-10,2026-08-16,1:00:00 PM,Lentejas Mediana,2.0,13.98
7951,2026-08-10,2026-08-16,1:00:00 PM,Limonada,9.0,40.5
7952,2026-08-10,2026-08-16,1:00:00 PM,Madio.Pollo A La Brasa,2.0,28.38
7953,2026-08-10,2026-08-16,1:00:00 PM,Maduros,10.0,44.9
7954,2026-08-10,2026-08-16,1:00:00 PM,Malboro Reg,1.0,12.0
7955,2026-08-10,2026-08-16,1:00:00 PM,Mariquitas,3.0,17.97
7956,2026-08-10,2026-08-16,1:00:00 PM,Mariquitas..Mixta,2.0,10.98
7957,2026-08-10,2026-08-16,1:00:00 PM,Masas De Puerco,19.0,269.31
7958,2026-08-10,2026-08-16,1:00:00 PM,Materva,4.0,10.0
7959,2026-08-10,2026-08-16,1:00:00 PM,Media Noche,3.0,30.57
7960,2026-08-10,2026-08-16,1:00:00 PM,Medio Pollo A Brasa,2.0,30.38
7961,2026-08-10,2026-08-16,1:00:00 PM,Medio Pollo.Asado,6.0,78.74
7962,2026-08-10,2026-08-16,1:00:00 PM,Melon..Sandia,4.0,18.0
7963,2026-08-10,2026-08-16,1:00:00 PM,Miami Sandwich,1.0,12.19
7964,2026-08-10,2026-08-16,1:00:00 PM,Milanesa De Pollo,2.0,31.98
7965,2026-08-10,2026-08-16,1:00:00 PM,Milanesa Res,1.0,20.19
7966,2026-08-10,2026-08-16,1:00:00 PM,Misc Cocina,1.0,1.0
7967,2026-08-10,2026-08-16,1:00:00 PM,Mofongo Puerco,1.0,16.99
7968,2026-08-10,2026-08-16,1:00:00 PM,Moros,6.0,23.94
7969,2026-08-10,2026-08-16,1:00:00 PM,Natilla Catalana,2.0,12.5
7970,2026-08-10,2026-08-16,1:00:00 PM,Palomilla Baby,1.0,11.0
7971,2026-08-10,2026-08-16,1:00:00 PM,Pan Con Bistec,12.0,133.48
7972,2026-08-10,2026-08-16,1:00:00 PM,Pan Con Lechon,5.0,48.25
7973,2026-08-10,2026-08-16,1:00:00 PM,Pan Con Tortilla,3.0,33.57
7974,2026-08-10,2026-08-16,1:00:00 PM,Papa Rellena,1.0,2.99
7975,2026-08-10,2026-08-16,1:00:00 PM,Papas Fritas,5.0,22.45
7976,2026-08-10,2026-08-16,1:00:00 PM,Pargo Frito,1.0,24.19
7977,2026-08-10,2026-08-16,1:00:00 PM,Pasteles Guayaba,2.0,3.0
7978,2026-08-10,2026-08-16,1:00:00 PM,Pasteles Queso,1.0,1.5
7979,2026-08-10,2026-08-16,1:00:00 PM,Pepsi,1.0,2.5
7980,2026-08-10,2026-08-16,1:00:00 PM,Perico Ripiado,2.0,24.18
7981,2026-08-10,2026-08-16,1:00:00 PM,Picadillo,11.0,151.59
7982,2026-08-10,2026-08-16,1:00:00 PM,Pizza Personal,2.0,21.98
7983,2026-08-10,2026-08-16,1:00:00 PM,Pollo Empanizado,3.0,43.67
7984,2026-08-10,2026-08-16,1:00:00 PM,Potaje Colorados Media,3.0,21.37
7985,2026-08-10,2026-08-16,1:00:00 PM,Presidente,1.0,5.49
7986,2026-08-10,2026-08-16,1:00:00 PM,Pudin De Pan,6.0,32.94
7987,2026-08-10,2026-08-16,1:00:00 PM,Pudin Diplomatico,1.0,5.49
7988,2026-08-10,2026-08-16,1:00:00 PM,Pure Papas,1.0,4.49
7989,2026-08-10,2026-08-16,1:00:00 PM,Rabo Encendido,16.0,387.64
7990,2026-08-10,2026-08-16,1:00:00 PM,Racion De Malanga,3.0,17.97
7991,2026-08-10,2026-08-16,1:00:00 PM,Red Bull,1.0,3.99
7992,2026-08-10,2026-08-16,1:00:00 PM,Rinconcito Apei Masas,1.0,16.99
7993,2026-08-10,2026-08-16,1:00:00 PM,Riñonada,1.0,21.99
7994,2026-08-10,2026-08-16,1:00:00 PM,Ropa Vieja,10.0,158.0
7995,2026-08-10,2026-08-16,1:00:00 PM,Rueda De Serrucho,1.0,15.19
7996,2026-08-10,2026-08-16,1:00:00 PM,Sandweches Pollo,2.0,23.18
7997,2026-08-10,2026-08-16,1:00:00 PM,Sandwich Bacon,2.0,19.98
7998,2026-08-10,2026-08-16,1:00:00 PM,Sdwc Tuna Regular,1.0,12.29
7999,2026-08-10,2026-08-16,1:00:00 PM,Sm Ajiaco,1.0,3.99
8000,2026-08-10,2026-08-16,1:00:00 PM,Sm Crema Calabaza,3.0,11.97
8001,2026-08-10,2026-08-16,1:00:00 PM,Sm Crema Malanga,1.0,3.99
8002,2026-08-10,2026-08-16,1:00:00 PM,Soda Ginjer,3.0,7.5
8003,2026-08-10,2026-08-16,1:00:00 PM,Solo.Tomate,1.0,2.5
8004,2026-08-10,2026-08-16,1:00:00 PM,Sopa De Pollo Grande,9.0,76.41
8005,2026-08-10,2026-08-16,1:00:00 PM,Sopa De Res Grande,12.0,145.28
8006,2026-08-10,2026-08-16,1:00:00 PM,Sopa De Res Mediana,6.0,48.74
8007,2026-08-10,2026-08-16,1:00:00 PM,Sopa Pescado Grande,3.0,32.97
8008,2026-08-10,2026-08-16,1:00:00 PM,Sopa Pescado Mediana,2.0,13.98
8009,2026-08-10,2026-08-16,1:00:00 PM,Sopa Platano Chiquita,1.0,3.99
8010,2026-08-10,2026-08-16,1:00:00 PM,Sopa Platano Grande,3.0,31.47
8011,2026-08-10,2026-08-16,1:00:00 PM,Sopa Platano Mediana,3.0,20.97
8012,2026-08-10,2026-08-16,1:00:00 PM,Sopa Pollo Media,10.0,54.9
8013,2026-08-10,2026-08-16,1:00:00 PM,Spaghetti Camaron Alfr,1.0,21.99
8014,2026-08-10,2026-08-16,1:00:00 PM,Spaghetti Pollo Alfred,1.0,14.99
8015,2026-08-10,2026-08-16,1:00:00 PM,Spriet,3.0,7.5
8016,2026-08-10,2026-08-16,1:00:00 PM,Stella Artois,5.0,27.45
8017,2026-08-10,2026-08-16,1:00:00 PM,Sunkist,1.0,2.5
8019,2026-08-10,2026-08-16,1:00:00 PM,Tamal,4.0,11.96
8020,2026-08-10,2026-08-16,1:00:00 PM,Tamal Cazuela.Mediano,4.0,30.56
8021,2026-08-10,2026-08-16,1:00:00 PM,Tamal.Cazuela Grande,1.0,11.19
8022,2026-08-10,2026-08-16,1:00:00 PM,Te Frio,1.0,2.99
8024,2026-08-10,2026-08-16,1:00:00 PM,Tostada,1.0,1.99
8025,2026-08-10,2026-08-16,1:00:00 PM,Tostones,1.0,4.99
8026,2026-08-10,2026-08-16,1:00:00 PM,Tres Leches,6.0,35.94
8027,2026-08-10,2026-08-16,1:00:00 PM,Vaca Frita,16.0,268.04
8028,2026-08-10,2026-08-16,1:00:00 PM,Vegetal.Hervido,1.0,4.99
8029,2026-08-10,2026-08-16,2:00:00 PM,1 Bola Helado,4.0,11.96
8030,2026-08-10,2026-08-16,2:00:00 PM,1.Libra Ensala Pollo,1.0,8.99
8033,2026-08-10,2026-08-16,2:00:00 PM,Agua Perrier,2.0,6.98
8034,2026-08-10,2026-08-16,2:00:00 PM,Aguacate De 3.00,1.0,3.0
8035,2026-08-10,2026-08-16,2:00:00 PM,Aguacate$4.00,1.0,4.0
8036,2026-08-10,2026-08-16,2:00:00 PM,Ajiaco Mediano,1.0,6.99
8037,2026-08-10,2026-08-16,2:00:00 PM,Ajiaco..Grande,1.0,10.69
8038,2026-08-10,2026-08-16,2:00:00 PM,Albondigas.Res,5.0,72.75
8039,2026-08-10,2026-08-16,2:00:00 PM,Arros Con Mariscos,1.0,41.49
8040,2026-08-10,2026-08-16,2:00:00 PM,Arroz Blanco,3.0,9.75
8041,2026-08-10,2026-08-16,2:00:00 PM,Arroz Chiquito,3.0,8.75
8042,2026-08-10,2026-08-16,2:00:00 PM,Arroz Con Leche,1.0,5.49
8043,2026-08-10,2026-08-16,2:00:00 PM,Arroz Con Pollo,3.0,40.67
8044,2026-08-10,2026-08-16,2:00:00 PM,Arroz Con Puerco,3.0,39.37
8045,2026-08-10,2026-08-16,2:00:00 PM,Arroz Frito,7.0,95.03
8046,2026-08-10,2026-08-16,2:00:00 PM,Arroz Pollo.Desmenuza,2.0,25.38
8047,2026-08-10,2026-08-16,2:00:00 PM,Baby Churrasco,9.0,181.91
8048,2026-08-10,2026-08-16,2:00:00 PM,Bacalao Viscaina,2.0,39.98
8049,2026-08-10,2026-08-16,2:00:00 PM,Bacon,1.0,4.99
8050,2026-08-10,2026-08-16,2:00:00 PM,Banana,1.0,0.5
8051,2026-08-10,2026-08-16,2:00:00 PM,Bananas.3 $ 1.50,1.0,1.5
8052,2026-08-10,2026-08-16,2:00:00 PM,Batido Fruta Bonba,2.0,9.98
8053,2026-08-10,2026-08-16,2:00:00 PM,Batido Mamey,6.0,32.94
8054,2026-08-10,2026-08-16,2:00:00 PM,Best Mango,1.0,2.99
8055,2026-08-10,2026-08-16,2:00:00 PM,Bistec A Caballo,1.0,14.49
8056,2026-08-10,2026-08-16,2:00:00 PM,Bistec De Pollo,22.0,301.68
8057,2026-08-10,2026-08-16,2:00:00 PM,Bistec De Puerco,4.0,61.96
8058,2026-08-10,2026-08-16,2:00:00 PM,Bistec En Cazuela,3.0,43.87
8059,2026-08-10,2026-08-16,2:00:00 PM,Bistec Jamon,1.0,13.49
8060,2026-08-10,2026-08-16,2:00:00 PM,Bistec Palomilla,6.0,108.54
8061,2026-08-10,2026-08-16,2:00:00 PM,Bola Ensalada Pollo,2.0,6.5
8062,2026-08-10,2026-08-16,2:00:00 PM,Boliche,4.0,60.56
8063,2026-08-10,2026-08-16,2:00:00 PM,Boliche Asado,1.0,16.69
8064,2026-08-10,2026-08-16,2:00:00 PM,Boniatillo,1.0,1.5
8065,2026-08-10,2026-08-16,2:00:00 PM,Boniato Frito,3.0,14.97
8066,2026-08-10,2026-08-16,2:00:00 PM,Boniato Hervido,1.0,4.99
8067,2026-08-10,2026-08-16,2:00:00 PM,Boñuelos,2.0,10.98
8068,2026-08-10,2026-08-16,2:00:00 PM,Caf.Lec.Evap.Chico,2.0,6.0
8069,2026-08-10,2026-08-16,2:00:00 PM,Cafe Americano Chiquit,1.0,2.99
8070,2026-08-10,2026-08-16,2:00:00 PM,Cafe Con Leche Pequeno,7.0,17.5
8071,2026-08-10,2026-08-16,2:00:00 PM,Cafe Cubano,27.0,40.5
8072,2026-08-10,2026-08-16,2:00:00 PM,Caldo Gallego.Chiquito,1.0,4.49
8073,2026-08-10,2026-08-16,2:00:00 PM,Caldo Gallego.Mediano,3.0,24.17
8074,2026-08-10,2026-08-16,2:00:00 PM,Caldo.Gallego Grande,2.0,23.38
8075,2026-08-10,2026-08-16,2:00:00 PM,Camarone A La Plancha,1.0,19.99
8080,2026-08-10,2026-08-16,2:00:00 PM,Carne Con Papas,3.0,44.37
8081,2026-08-10,2026-08-16,2:00:00 PM,Cascos Guava Queso,3.0,17.97
8082,2026-08-10,2026-08-16,2:00:00 PM,Chichar Pollo C Hueso,1.0,13.49
8083,2026-08-10,2026-08-16,2:00:00 PM,Chichar Pollo Sin Hues,3.0,42.47
8084,2026-08-10,2026-08-16,2:00:00 PM,Chicharo Chiquito,2.0,7.98
8085,2026-08-10,2026-08-16,2:00:00 PM,Chicharo Grande,2.0,18.18
8086,2026-08-10,2026-08-16,2:00:00 PM,Chichek Wings,3.0,22.5
8087,2026-08-10,2026-08-16,2:00:00 PM,Chilindron D Chivo,2.0,44.38
8088,2026-08-10,2026-08-16,2:00:00 PM,Chuletas De Puerco,3.0,41.87
8089,2026-08-10,2026-08-16,2:00:00 PM,Churrasco,5.0,130.35
8090,2026-08-10,2026-08-16,2:00:00 PM,Churros.Solo.4,1.0,4.99
8091,2026-08-10,2026-08-16,2:00:00 PM,Club Sandwich,2.0,24.38
8092,2026-08-10,2026-08-16,2:00:00 PM,Coke,12.0,30.0
8093,2026-08-10,2026-08-16,2:00:00 PM,Colada,5.0,13.75
8094,2026-08-10,2026-08-16,2:00:00 PM,Colorados Grande,1.0,9.69
8095,2026-08-10,2026-08-16,2:00:00 PM,Copa Vino,3.0,26.97
8096,2026-08-10,2026-08-16,2:00:00 PM,Corona,4.0,21.96
8097,2026-08-10,2026-08-16,2:00:00 PM,Cortadito,4.0,9.0
8098,2026-08-10,2026-08-16,2:00:00 PM,Cortadito Evaporada,13.0,32.5
8099,2026-08-10,2026-08-16,2:00:00 PM,Crema Brocoly,1.0,9.25
8100,2026-08-10,2026-08-16,2:00:00 PM,Crema Calabaza Grande,2.0,19.98
8101,2026-08-10,2026-08-16,2:00:00 PM,Crema Calabazachiquit,1.0,4.5
8102,2026-08-10,2026-08-16,2:00:00 PM,Crema Malanga Mediana,4.0,27.96
8103,2026-08-10,2026-08-16,2:00:00 PM,Crema Malanga.Grande,3.0,31.47
8104,2026-08-10,2026-08-16,2:00:00 PM,Crema Vegetales Median,2.0,13.98
8105,2026-08-10,2026-08-16,2:00:00 PM,Crema. Malanga Chiquit,2.0,9.0
8106,2026-08-10,2026-08-16,2:00:00 PM,Crema. Vegetalchiquita,3.0,13.5
8107,2026-08-10,2026-08-16,2:00:00 PM,Croqueta Jamon,23.0,40.25
8108,2026-08-10,2026-08-16,2:00:00 PM,Croqueta Pollo,2.0,3.5
8109,2026-08-10,2026-08-16,2:00:00 PM,Croqueta Preparada,4.0,48.76
8110,2026-08-10,2026-08-16,2:00:00 PM,Cubano Regular,1.0,10.19
8111,2026-08-10,2026-08-16,2:00:00 PM,Cubierto,1.0,0.0
8112,2026-08-10,2026-08-16,2:00:00 PM,Deditos De Pescado,3.0,48.17
8113,2026-08-10,2026-08-16,2:00:00 PM,Deditos De Pollo,1.0,12.99
8114,2026-08-10,2026-08-16,2:00:00 PM,Deditos De Queso,5.0,9.95
8115,2026-08-10,2026-08-16,2:00:00 PM,Deditos Queso/Guayaba,2.0,3.98
8116,2026-08-10,2026-08-16,2:00:00 PM,Diet Coke,4.0,9.0
8117,2026-08-10,2026-08-16,2:00:00 PM,Diet Materva,1.0,2.5
8118,2026-08-10,2026-08-16,2:00:00 PM,Dulce De Leche,2.0,10.98
8119,2026-08-10,2026-08-16,2:00:00 PM,E Pagueti Solo Roja,3.0,26.97
8120,2026-08-10,2026-08-16,2:00:00 PM,Empanada Carne,5.0,14.95
8121,2026-08-10,2026-08-16,2:00:00 PM,Empanada Jamon/Queso,2.0,5.98
8122,2026-08-10,2026-08-16,2:00:00 PM,Empanada Pollo,6.0,17.94
8123,2026-08-10,2026-08-16,2:00:00 PM,Empnda Espinaca/Queso,8.0,23.92
8124,2026-08-10,2026-08-16,2:00:00 PM,Enpanada Colonbiana,2.0,4.98
8125,2026-08-10,2026-08-16,2:00:00 PM,Enpanisado. Res,2.0,32.38
8126,2026-08-10,2026-08-16,2:00:00 PM,Ensala Aguacat Peque,14.0,63.0
8127,2026-08-10,2026-08-16,2:00:00 PM,Ensala Pollo 2 Croquet,6.0,74.94
8128,2026-08-10,2026-08-16,2:00:00 PM,Ensalada Aguacat Grand,1.0,5.5
8129,2026-08-10,2026-08-16,2:00:00 PM,Ensalada Small,2.0,5.5
8130,2026-08-10,2026-08-16,2:00:00 PM,Ensalda De Tuna,2.0,23.98
8131,2026-08-10,2026-08-16,2:00:00 PM,Espaqueti .Solo Alfred,1.0,8.99
8132,2026-08-10,2026-08-16,2:00:00 PM,Extra.Coco,2.0,3.98
8133,2026-08-10,2026-08-16,2:00:00 PM,Fabada Grande,1.0,10.69
8134,2026-08-10,2026-08-16,2:00:00 PM,Fabada Mediana,3.0,21.17
8135,2026-08-10,2026-08-16,2:00:00 PM,Filete Ala Francesa,1.0,19.99
8136,2026-08-10,2026-08-16,2:00:00 PM,Filete Curvina Plancha,1.0,18.99
8137,2026-08-10,2026-08-16,2:00:00 PM,Filete Pargo En Salsa,1.0,25.0
8138,2026-08-10,2026-08-16,2:00:00 PM,Filete Pescado Planch,5.0,89.35
8139,2026-08-10,2026-08-16,2:00:00 PM,Filetill Pollo Salsa,1.0,15.19
8140,2026-08-10,2026-08-16,2:00:00 PM,Filetillo De Carne,3.0,40.67
8141,2026-08-10,2026-08-16,2:00:00 PM,Filetillo Pollo Planch,3.0,45.37
8142,2026-08-10,2026-08-16,2:00:00 PM,Filetillo Res Plancha,2.0,29.98
8143,2026-08-10,2026-08-16,2:00:00 PM,Flan,2.0,9.98
8144,2026-08-10,2026-08-16,2:00:00 PM,Flan Especial,3.0,17.97
8145,2026-08-10,2026-08-16,2:00:00 PM,Fricase De Pollo,5.0,59.35
8146,2026-08-10,2026-08-16,2:00:00 PM,Fricase Puerco,3.0,41.95
8147,2026-08-10,2026-08-16,2:00:00 PM,Frijol Grande,4.0,31.96
8148,2026-08-10,2026-08-16,2:00:00 PM,Frijol Mediano,2.0,9.98
8149,2026-08-10,2026-08-16,2:00:00 PM,Frijol Pequeno,3.0,8.97
8150,2026-08-10,2026-08-16,2:00:00 PM,Fritura Vacalao,2.0,13.0
8151,2026-08-10,2026-08-16,2:00:00 PM,Galleta Deliciosas,1.0,3.6
8152,2026-08-10,2026-08-16,2:00:00 PM,Garbanzo Grande,3.0,31.47
8153,2026-08-10,2026-08-16,2:00:00 PM,Garbanzo.Mediano,4.0,27.96
8154,2026-08-10,2026-08-16,2:00:00 PM,Guarapo,4.0,21.0
8155,2026-08-10,2026-08-16,2:00:00 PM,Guiso.Maiz Mediano,1.0,6.99
8156,2026-08-10,2026-08-16,2:00:00 PM,Heineken,2.0,10.98
8157,2026-08-10,2026-08-16,2:00:00 PM,Horden De 3 Chicharone,4.0,13.0
8158,2026-08-10,2026-08-16,2:00:00 PM,Huevo Frito,2.0,3.0
8159,2026-08-10,2026-08-16,2:00:00 PM,Imperial.Ovalado,1.0,140.0
8160,2026-08-10,2026-08-16,2:00:00 PM,Jugo Maraculla,3.0,13.5
8161,2026-08-10,2026-08-16,2:00:00 PM,Jugo Pina,2.0,9.0
8162,2026-08-10,2026-08-16,2:00:00 PM,Jugo Zanahoria Naraja,5.0,24.95
8163,2026-08-10,2026-08-16,2:00:00 PM,Jugo.Naranja,7.0,36.75
8164,2026-08-10,2026-08-16,2:00:00 PM,Juntas,1.0,0.0
8165,2026-08-10,2026-08-16,2:00:00 PM,Jupiña,6.0,15.0
8166,2026-08-10,2026-08-16,2:00:00 PM,Leche Malteada,4.0,19.96
8167,2026-08-10,2026-08-16,2:00:00 PM,Lechon Asado,8.0,113.12
8168,2026-08-10,2026-08-16,2:00:00 PM,Lentejas Grande,1.0,9.49
8169,2026-08-10,2026-08-16,2:00:00 PM,Lentejas Mediana,5.0,34.95
8170,2026-08-10,2026-08-16,2:00:00 PM,Limonada,4.0,18.0
8171,2026-08-10,2026-08-16,2:00:00 PM,Limonada Fresa,1.0,5.99
8172,2026-08-10,2026-08-16,2:00:00 PM,Madio.Pollo A La Brasa,4.0,56.96
8173,2026-08-10,2026-08-16,2:00:00 PM,Maduros,7.0,31.43
8174,2026-08-10,2026-08-16,2:00:00 PM,Malboro Light,1.0,12.0
8175,2026-08-10,2026-08-16,2:00:00 PM,Malta,2.0,6.5
8176,2026-08-10,2026-08-16,2:00:00 PM,Mariquitas,1.0,5.99
8177,2026-08-10,2026-08-16,2:00:00 PM,Mariquitas De Malanga,2.0,11.98
8178,2026-08-10,2026-08-16,2:00:00 PM,Mariquitas..Mixta,2.0,10.98
8179,2026-08-10,2026-08-16,2:00:00 PM,Masas De Puerco,7.0,100.22999999999999
8180,2026-08-10,2026-08-16,2:00:00 PM,Materva,1.0,2.5
8181,2026-08-10,2026-08-16,2:00:00 PM,Media Noche,11.0,111.49
8182,2026-08-10,2026-08-16,2:00:00 PM,Medio Pollo A Brasa,1.0,12.99
8183,2026-08-10,2026-08-16,2:00:00 PM,Medio Pollo.Asado,2.0,26.18
8184,2026-08-10,2026-08-16,2:00:00 PM,Melon..Sandia,1.0,4.5
8185,2026-08-10,2026-08-16,2:00:00 PM,Miami Sandwich,2.0,24.18
8186,2026-08-10,2026-08-16,2:00:00 PM,Milanesa De Pollo,3.0,48.17
8187,2026-08-10,2026-08-16,2:00:00 PM,Miller Light,1.0,4.99
8188,2026-08-10,2026-08-16,2:00:00 PM,Modelo,3.0,16.47
8189,2026-08-10,2026-08-16,2:00:00 PM,Mofongo Puerco,2.0,33.98
8190,2026-08-10,2026-08-16,2:00:00 PM,Mofongo Solo,2.0,15.98
8191,2026-08-10,2026-08-16,2:00:00 PM,Mofongo Vaca Frita,1.0,21.2
8192,2026-08-10,2026-08-16,2:00:00 PM,Mojo Chiquito,1.0,3.95
8193,2026-08-10,2026-08-16,2:00:00 PM,Moros,2.0,7.98
8194,2026-08-10,2026-08-16,2:00:00 PM,Pan Con Bistec,8.0,88.72
8195,2026-08-10,2026-08-16,2:00:00 PM,Pan Con Lechon,2.0,19.38
8196,2026-08-10,2026-08-16,2:00:00 PM,Pan De Bono,1.0,1.99
8197,2026-08-10,2026-08-16,2:00:00 PM,Papa Rellena,1.0,2.99
8198,2026-08-10,2026-08-16,2:00:00 PM,Papas Fritas,1.0,4.49
8199,2026-08-10,2026-08-16,2:00:00 PM,Pargo Frito,3.0,72.37
8200,2026-08-10,2026-08-16,2:00:00 PM,Pargo Frito Entero,1.0,26.19
8201,2026-08-10,2026-08-16,2:00:00 PM,Pasteles Guayaba,7.0,10.5
8202,2026-08-10,2026-08-16,2:00:00 PM,Perico Ripiado,2.0,26.68
8203,2026-08-10,2026-08-16,2:00:00 PM,Picadillo,10.0,140.10000000000002
8204,2026-08-10,2026-08-16,2:00:00 PM,Pierna Lasquiada,1.0,189.99
8205,2026-08-10,2026-08-16,2:00:00 PM,Pollo Empanizado,2.0,28.98
8206,2026-08-10,2026-08-16,2:00:00 PM,Presidente,1.0,5.49
8207,2026-08-10,2026-08-16,2:00:00 PM,Pudin De Pan,2.0,10.98
8208,2026-08-10,2026-08-16,2:00:00 PM,Pudin Diplomatico,1.0,5.49
8209,2026-08-10,2026-08-16,2:00:00 PM,Queso Americano,1.0,1.75
8210,2026-08-10,2026-08-16,2:00:00 PM,Rabo Encendido,10.0,241.5
8211,2026-08-10,2026-08-16,2:00:00 PM,Racion De Malanga,1.0,5.99
8212,2026-08-10,2026-08-16,2:00:00 PM,Riñonada.Con.3. Camar,1.0,29.99
8213,2026-08-10,2026-08-16,2:00:00 PM,Ropa Vieja,4.0,65.06
8214,2026-08-10,2026-08-16,2:00:00 PM,Rueda De Serrucho,1.0,15.19
8215,2026-08-10,2026-08-16,2:00:00 PM,Sandweches Pollo,1.0,11.69
8216,2026-08-10,2026-08-16,2:00:00 PM,Sopa De Pollo Grande,10.0,84.9
8217,2026-08-10,2026-08-16,2:00:00 PM,Sopa De Res Grande,7.0,84.53
8218,2026-08-10,2026-08-16,2:00:00 PM,Sopa Pescado Grande,3.0,32.97
8219,2026-08-10,2026-08-16,2:00:00 PM,Sopa Pescado Mediana,1.0,6.99
8220,2026-08-10,2026-08-16,2:00:00 PM,Sopa Platano Grande,1.0,10.49
8221,2026-08-10,2026-08-16,2:00:00 PM,Sopa Platano Mediana,3.0,20.97
8222,2026-08-10,2026-08-16,2:00:00 PM,Sopa Pollo Media,8.0,43.92
8223,2026-08-10,2026-08-16,2:00:00 PM,Sopa. Pollo Chiquita,2.0,7.0
8224,2026-08-10,2026-08-16,2:00:00 PM,Spaghetti Camaron Alfr,1.0,23.49
8225,2026-08-10,2026-08-16,2:00:00 PM,Spriet,6.0,15.0
8227,2026-08-10,2026-08-16,2:00:00 PM,Tamal,3.0,8.97
8228,2026-08-10,2026-08-16,2:00:00 PM,Tamal Cazuela.Mediano,3.0,21.37
8229,2026-08-10,2026-08-16,2:00:00 PM,Tamal.Cazuela Grande,1.0,11.19
8230,2026-08-10,2026-08-16,2:00:00 PM,Te Frio,1.0,2.99
8232,2026-08-10,2026-08-16,2:00:00 PM,Tostones,3.0,14.97
8233,2026-08-10,2026-08-16,2:00:00 PM,Tres Leches,4.0,23.96
8234,2026-08-10,2026-08-16,2:00:00 PM,Vaca Frita,8.0,134.32
8235,2026-08-10,2026-08-16,2:00:00 PM,Yuca,2.0,8.98
8237,2026-08-10,2026-08-16,3:00:00 PM,1 Pieza De Cordero,2.0,36.18
8238,2026-08-10,2026-08-16,3:00:00 PM,305 Morados,1.0,6.25
8241,2026-08-10,2026-08-16,3:00:00 PM,Agua Perrier,1.0,3.49
8242,2026-08-10,2026-08-16,3:00:00 PM,Ajiaco Mediano,5.0,35.55
8243,2026-08-10,2026-08-16,3:00:00 PM,Ajiaco..Grande,5.0,53.45
8244,2026-08-10,2026-08-16,3:00:00 PM,Albondigas.Res,4.0,57.56
8245,2026-08-10,2026-08-16,3:00:00 PM,Arroz Blanco,3.0,9.75
8246,2026-08-10,2026-08-16,3:00:00 PM,Arroz Chiquito,2.0,4.5
8247,2026-08-10,2026-08-16,3:00:00 PM,Arroz Con Calamares,1.0,15.99
8248,2026-08-10,2026-08-16,3:00:00 PM,Arroz Con Leche,4.0,21.96
8249,2026-08-10,2026-08-16,3:00:00 PM,Arroz Con Pollo,4.0,51.559999999999995
8250,2026-08-10,2026-08-16,3:00:00 PM,Arroz Con Puerco,5.0,67.95
8251,2026-08-10,2026-08-16,3:00:00 PM,Arroz Frito,2.0,28.38
8252,2026-08-10,2026-08-16,3:00:00 PM,Arroz Imperial,1.0,13.99
8253,2026-08-10,2026-08-16,3:00:00 PM,Arroz Pollo.Desmenuza,1.0,12.49
8254,2026-08-10,2026-08-16,3:00:00 PM,Baby Churrasco,8.0,159.32
8255,2026-08-10,2026-08-16,3:00:00 PM,Bacalao Viscaina,2.0,40.38
8256,2026-08-10,2026-08-16,3:00:00 PM,Bananas.3 $ 1.50,2.0,3.0
8257,2026-08-10,2026-08-16,3:00:00 PM,Bandeja Rinconcito 87,1.0,32.99
8258,2026-08-10,2026-08-16,3:00:00 PM,Batido .Fresa,1.0,4.99
8259,2026-08-10,2026-08-16,3:00:00 PM,Batido Chocolate,8.0,39.92
8260,2026-08-10,2026-08-16,3:00:00 PM,Batido Fruta Bonba,1.0,4.99
8261,2026-08-10,2026-08-16,3:00:00 PM,Batido Mamey,8.0,43.92
8262,2026-08-10,2026-08-16,3:00:00 PM,Batido Mango,2.0,9.98
8263,2026-08-10,2026-08-16,3:00:00 PM,Batido Trigo,1.0,4.99
8264,2026-08-10,2026-08-16,3:00:00 PM,Bistec A Caballo,1.0,14.49
8265,2026-08-10,2026-08-16,3:00:00 PM,Bistec De Higado,1.0,13.49
8266,2026-08-10,2026-08-16,3:00:00 PM,Bistec De Pollo,27.0,376.63
8267,2026-08-10,2026-08-16,3:00:00 PM,Bistec De Puerco,2.0,31.98
8268,2026-08-10,2026-08-16,3:00:00 PM,Bistec Palomilla,11.0,201.59
8269,2026-08-10,2026-08-16,3:00:00 PM,Boliche,3.0,45.57
8270,2026-08-10,2026-08-16,3:00:00 PM,Boniato Frito,1.0,4.99
8271,2026-08-10,2026-08-16,3:00:00 PM,Boniato Hervido,4.0,19.96
8272,2026-08-10,2026-08-16,3:00:00 PM,Boñuelos,3.0,16.47
8273,2026-08-10,2026-08-16,3:00:00 PM,Caesar /Pollo,1.0,12.99
8274,2026-08-10,2026-08-16,3:00:00 PM,Cafe Con Leche Grande,1.0,4.5
8275,2026-08-10,2026-08-16,3:00:00 PM,Cafe Con Leche Mediano,2.0,7.5
8276,2026-08-10,2026-08-16,3:00:00 PM,Cafe Con Leche Pequeno,1.0,2.5
8277,2026-08-10,2026-08-16,3:00:00 PM,Cafe Cubano,26.0,39.0
8278,2026-08-10,2026-08-16,3:00:00 PM,Caldo Gallego.Mediano,2.0,16.38
8279,2026-08-10,2026-08-16,3:00:00 PM,Caldo.Gallego Grande,1.0,11.69
8280,2026-08-10,2026-08-16,3:00:00 PM,Camarones Al Ajillo,2.0,40.18
8284,2026-08-10,2026-08-16,3:00:00 PM,Carne Con Papas,2.0,28.38
8285,2026-08-10,2026-08-16,3:00:00 PM,Cascos Guava Queso,1.0,5.99
8286,2026-08-10,2026-08-16,3:00:00 PM,Chichar Pollo Sin Hues,1.0,13.69
8287,2026-08-10,2026-08-16,3:00:00 PM,Chicharo Chiquito,2.0,7.98
8288,2026-08-10,2026-08-16,3:00:00 PM,Chicharo Mediano,1.0,6.99
8289,2026-08-10,2026-08-16,3:00:00 PM,Chilindron D Chivo,1.0,22.19
8290,2026-08-10,2026-08-16,3:00:00 PM,Chuletas De Puerco,1.0,13.69
8291,2026-08-10,2026-08-16,3:00:00 PM,Churrasco,7.0,182.53
8292,2026-08-10,2026-08-16,3:00:00 PM,Coke,3.0,7.5
8293,2026-08-10,2026-08-16,3:00:00 PM,Coke Cero,8.0,20.0
8294,2026-08-10,2026-08-16,3:00:00 PM,Colada,7.0,19.25
8295,2026-08-10,2026-08-16,3:00:00 PM,Congri,1.0,3.99
8296,2026-08-10,2026-08-16,3:00:00 PM,Copa Vino,1.0,8.99
8297,2026-08-10,2026-08-16,3:00:00 PM,Corona,4.0,21.96
8298,2026-08-10,2026-08-16,3:00:00 PM,Cortadito,1.0,2.25
8299,2026-08-10,2026-08-16,3:00:00 PM,Cortadito Evaporada,10.0,25.0
8300,2026-08-10,2026-08-16,3:00:00 PM,Crema Brocoly,4.0,37.0
8301,2026-08-10,2026-08-16,3:00:00 PM,Crema Malanga Mediana,6.0,41.94
8302,2026-08-10,2026-08-16,3:00:00 PM,Crema Malanga.Grande,2.0,20.98
8303,2026-08-10,2026-08-16,3:00:00 PM,Crema. Malanga Chiquit,1.0,4.5
8304,2026-08-10,2026-08-16,3:00:00 PM,Crema. Vegetalchiquita,3.0,13.5
8305,2026-08-10,2026-08-16,3:00:00 PM,Croqueta Bacalao,6.0,11.94
8306,2026-08-10,2026-08-16,3:00:00 PM,Croqueta Jamon,5.0,8.75
8307,2026-08-10,2026-08-16,3:00:00 PM,Croqueta Pollo,3.0,5.25
8308,2026-08-10,2026-08-16,3:00:00 PM,Cubano Especial,2.0,24.38
8309,2026-08-10,2026-08-16,3:00:00 PM,Cune.1/2,1.0,16.99
8310,2026-08-10,2026-08-16,3:00:00 PM,Deditos .Pescado,2.0,28.38
8311,2026-08-10,2026-08-16,3:00:00 PM,Deditos De Pollo Kids,1.0,7.99
8312,2026-08-10,2026-08-16,3:00:00 PM,Diet Coke,1.0,2.25
8313,2026-08-10,2026-08-16,3:00:00 PM,Empnda Espinaca/Queso,1.0,2.99
8314,2026-08-10,2026-08-16,3:00:00 PM,Enpanisado. Res,3.0,48.57
8315,2026-08-10,2026-08-16,3:00:00 PM,Ensala Aguacat Peque,14.0,63.0
8316,2026-08-10,2026-08-16,3:00:00 PM,Ensala Pollo 2 Croquet,2.0,24.98
8317,2026-08-10,2026-08-16,3:00:00 PM,Ensalada Mixta,1.0,6.5
8318,2026-08-10,2026-08-16,3:00:00 PM,Ensalada Small,4.0,11.0
8319,2026-08-10,2026-08-16,3:00:00 PM,Extra Aguacate,1.0,1.75
8320,2026-08-10,2026-08-16,3:00:00 PM,Fabada Grande,1.0,10.69
8321,2026-08-10,2026-08-16,3:00:00 PM,Filete De Mahimahi,1.0,16.99
8322,2026-08-10,2026-08-16,3:00:00 PM,Filete Pargo En Salsa,2.0,48.0
8323,2026-08-10,2026-08-16,3:00:00 PM,Filete Pargo Plancha,2.0,41.98
8324,2026-08-10,2026-08-16,3:00:00 PM,Filete Pescado Planch,2.0,35.98
8325,2026-08-10,2026-08-16,3:00:00 PM,Filete Salmon,2.0,36.0
8326,2026-08-10,2026-08-16,3:00:00 PM,Filetillo Pollo Planch,1.0,14.99
8327,2026-08-10,2026-08-16,3:00:00 PM,Filetillo Res Plancha,1.0,15.19
8328,2026-08-10,2026-08-16,3:00:00 PM,Flan,2.0,9.98
8329,2026-08-10,2026-08-16,3:00:00 PM,Flan Especial,8.0,47.92
8330,2026-08-10,2026-08-16,3:00:00 PM,Fricase De Pollo,2.0,21.98
8331,2026-08-10,2026-08-16,3:00:00 PM,Fricase Puerco,1.0,13.45
8332,2026-08-10,2026-08-16,3:00:00 PM,Frijol Mediano,3.0,14.97
8333,2026-08-10,2026-08-16,3:00:00 PM,Frijol Pequeno,4.0,11.96
8334,2026-08-10,2026-08-16,3:00:00 PM,Fritura Vacalao,2.0,13.0
8335,2026-08-10,2026-08-16,3:00:00 PM,Frituras De Malanga,1.0,6.5
8336,2026-08-10,2026-08-16,3:00:00 PM,Fuma-Pita,1.0,1.89
8337,2026-08-10,2026-08-16,3:00:00 PM,Garbanzo.Frito,4.0,56.36
8338,2026-08-10,2026-08-16,3:00:00 PM,Garbanzo.Mediano,2.0,13.98
8339,2026-08-10,2026-08-16,3:00:00 PM,Guarapo,3.0,15.75
8340,2026-08-10,2026-08-16,3:00:00 PM,Guiso.Maiz Mediano,1.0,6.99
8341,2026-08-10,2026-08-16,3:00:00 PM,Helado Cono,3.0,10.5
8342,2026-08-10,2026-08-16,3:00:00 PM,Higado Italiana,2.0,32.18
8343,2026-08-10,2026-08-16,3:00:00 PM,Horde Depan,1.0,1.5
8344,2026-08-10,2026-08-16,3:00:00 PM,Huevo Frito,1.0,1.5
8345,2026-08-10,2026-08-16,3:00:00 PM,Huevo Revuelto,6.0,9.0
8346,2026-08-10,2026-08-16,3:00:00 PM,Iron Beer,1.0,2.5
8347,2026-08-10,2026-08-16,3:00:00 PM,Jugo Maraculla,2.0,9.0
8348,2026-08-10,2026-08-16,3:00:00 PM,Jugo.Naranja,9.0,47.25
8349,2026-08-10,2026-08-16,3:00:00 PM,Jupina Dieta,1.0,2.5
8350,2026-08-10,2026-08-16,3:00:00 PM,Jupiña,1.0,2.5
8351,2026-08-10,2026-08-16,3:00:00 PM,Lechon Asado,1.0,14.19
8352,2026-08-10,2026-08-16,3:00:00 PM,Lentejas Grande,2.0,18.98
8353,2026-08-10,2026-08-16,3:00:00 PM,Lentejas Mediana,2.0,13.98
8354,2026-08-10,2026-08-16,3:00:00 PM,Limanada Coco,1.0,5.99
8355,2026-08-10,2026-08-16,3:00:00 PM,Limonada,5.0,22.5
8356,2026-08-10,2026-08-16,3:00:00 PM,Madio.Pollo A La Brasa,1.0,14.19
8357,2026-08-10,2026-08-16,3:00:00 PM,Mariquitas,3.0,17.97
8358,2026-08-10,2026-08-16,3:00:00 PM,Mariquitas De Malanga,1.0,5.99
8359,2026-08-10,2026-08-16,3:00:00 PM,Masas De Puerco,9.0,129.41
8360,2026-08-10,2026-08-16,3:00:00 PM,Materva,3.0,7.5
8361,2026-08-10,2026-08-16,3:00:00 PM,Media Noche,1.0,10.19
8362,2026-08-10,2026-08-16,3:00:00 PM,Medio Pollo.Asado,1.0,13.19
8363,2026-08-10,2026-08-16,3:00:00 PM,Melon..Sandia,5.0,22.5
8364,2026-08-10,2026-08-16,3:00:00 PM,Milanesa De Pollo,3.0,48.37
8365,2026-08-10,2026-08-16,3:00:00 PM,Milanesa Res,1.0,20.19
8366,2026-08-10,2026-08-16,3:00:00 PM,Misc Cocina,2.0,15.0
8367,2026-08-10,2026-08-16,3:00:00 PM,Modelo,2.0,10.98
8368,2026-08-10,2026-08-16,3:00:00 PM,Mofongo Puerco,1.0,16.99
8369,2026-08-10,2026-08-16,3:00:00 PM,Natilla,1.0,4.99
8370,2026-08-10,2026-08-16,3:00:00 PM,Natilla Catalana,2.0,12.5
8371,2026-08-10,2026-08-16,3:00:00 PM,Pan Con Bistec,2.0,22.38
8372,2026-08-10,2026-08-16,3:00:00 PM,Papas Fritas,4.0,17.96
8373,2026-08-10,2026-08-16,3:00:00 PM,Perico Ripiado,2.0,23.98
8374,2026-08-10,2026-08-16,3:00:00 PM,Picadillo,5.0,69.25
8375,2026-08-10,2026-08-16,3:00:00 PM,Pina Colada,2.0,13.98
8376,2026-08-10,2026-08-16,3:00:00 PM,Pollo Empanizado,2.0,29.18
8377,2026-08-10,2026-08-16,3:00:00 PM,Pudin Diplomatico,4.0,21.96
8378,2026-08-10,2026-08-16,3:00:00 PM,Queso Suizo,1.0,1.99
8379,2026-08-10,2026-08-16,3:00:00 PM,Rabo Encendido,13.0,317.47
8380,2026-08-10,2026-08-16,3:00:00 PM,Racion De Malanga,2.0,11.98
8381,2026-08-10,2026-08-16,3:00:00 PM,Rinconcito Breakfast,1.0,14.19
8382,2026-08-10,2026-08-16,3:00:00 PM,Ropa Vieja,1.0,16.49
8383,2026-08-10,2026-08-16,3:00:00 PM,Rueda De Serrucho,2.0,31.98
8384,2026-08-10,2026-08-16,3:00:00 PM,Salsa Cilandro,1.0,1.25
8385,2026-08-10,2026-08-16,3:00:00 PM,Sm Sopa Pescado,1.0,4.25
8386,2026-08-10,2026-08-16,3:00:00 PM,Sopa De Pollo Grande,7.0,59.43
8387,2026-08-10,2026-08-16,3:00:00 PM,Sopa De Res Grande,4.0,48.76
8388,2026-08-10,2026-08-16,3:00:00 PM,Sopa De Res Mediana,1.0,8.19
8389,2026-08-10,2026-08-16,3:00:00 PM,Sopa Pescado Grande,9.0,98.91
8390,2026-08-10,2026-08-16,3:00:00 PM,Sopa Pescado Mediana,2.0,13.98
8391,2026-08-10,2026-08-16,3:00:00 PM,Sopa Platano Chiquita,1.0,3.99
8392,2026-08-10,2026-08-16,3:00:00 PM,Sopa Pollo Media,9.0,49.41
8393,2026-08-10,2026-08-16,3:00:00 PM,Sopa. Pollo Chiquita,3.0,10.5
8394,2026-08-10,2026-08-16,3:00:00 PM,Spriet,1.0,2.5
8396,2026-08-10,2026-08-16,3:00:00 PM,Tamal,2.0,5.98
8397,2026-08-10,2026-08-16,3:00:00 PM,Tamal Cazuela.Mediano,2.0,13.98
8398,2026-08-10,2026-08-16,3:00:00 PM,Tamal.Cazuela Grande,4.0,44.76
8400,2026-08-10,2026-08-16,3:00:00 PM,Tostones,1.0,4.99
8401,2026-08-10,2026-08-16,3:00:00 PM,Tres Leches,2.0,11.98
8402,2026-08-10,2026-08-16,3:00:00 PM,Vaca Frita,8.0,132.51999999999998
8404,2026-08-10,2026-08-16,4:00:00 PM,1 Bola Helado,1.0,2.99
8405,2026-08-10,2026-08-16,4:00:00 PM,1 Pieza De Cordero,1.0,18.19
8406,2026-08-10,2026-08-16,4:00:00 PM,305 Morados,1.0,6.25
8409,2026-08-10,2026-08-16,4:00:00 PM,Agua Natural,4.0,7.96
8410,2026-08-10,2026-08-16,4:00:00 PM,Aguacate $5.00,1.0,5.0
8411,2026-08-10,2026-08-16,4:00:00 PM,Aguacate De 3.00,1.0,3.0
8412,2026-08-10,2026-08-16,4:00:00 PM,Ajiaco Mediano,1.0,7.19
8413,2026-08-10,2026-08-16,4:00:00 PM,Albondigas.Res,2.0,28.18
8414,2026-08-10,2026-08-16,4:00:00 PM,Arroz Blanco,13.0,42.25
8415,2026-08-10,2026-08-16,4:00:00 PM,Arroz Chiquito,2.0,4.5
8416,2026-08-10,2026-08-16,4:00:00 PM,Arroz Con Leche,2.0,10.98
8417,2026-08-10,2026-08-16,4:00:00 PM,Arroz Con Pollo,9.0,116.81
8418,2026-08-10,2026-08-16,4:00:00 PM,Arroz Con Puerco,3.0,39.57
8419,2026-08-10,2026-08-16,4:00:00 PM,Arroz Frito,5.0,67.85
8420,2026-08-10,2026-08-16,4:00:00 PM,Arroz Imperial,1.0,14.19
8421,2026-08-10,2026-08-16,4:00:00 PM,Arroz Pollo.Desmenuza,1.0,12.49
8422,2026-08-10,2026-08-16,4:00:00 PM,Baby Churrasco,6.0,114.34
8423,2026-08-10,2026-08-16,4:00:00 PM,Bacon,1.0,4.99
8424,2026-08-10,2026-08-16,4:00:00 PM,Bananas.3 $ 1.50,1.0,1.5
8425,2026-08-10,2026-08-16,4:00:00 PM,Batido Chocolate,4.0,19.96
8426,2026-08-10,2026-08-16,4:00:00 PM,Batido Fruta Bonba,3.0,14.97
8427,2026-08-10,2026-08-16,4:00:00 PM,Batido Mamey,5.0,27.45
8428,2026-08-10,2026-08-16,4:00:00 PM,Batido Mango,2.0,9.98
8429,2026-08-10,2026-08-16,4:00:00 PM,Batido Vainilla,1.0,4.99
8430,2026-08-10,2026-08-16,4:00:00 PM,Bistec De Pollo,38.0,535.22
8431,2026-08-10,2026-08-16,4:00:00 PM,Bistec De Puerco,2.0,32.18
8432,2026-08-10,2026-08-16,4:00:00 PM,Bistec En Cazuela,1.0,14.49
8433,2026-08-10,2026-08-16,4:00:00 PM,Bistec Jamon,1.0,13.69
8434,2026-08-10,2026-08-16,4:00:00 PM,Bistec Palomilla,10.0,183.3
8435,2026-08-10,2026-08-16,4:00:00 PM,Boliche,3.0,45.57
8436,2026-08-10,2026-08-16,4:00:00 PM,Boniato Frito,1.0,4.99
8437,2026-08-10,2026-08-16,4:00:00 PM,Boniato Hervido,2.0,9.98
8438,2026-08-10,2026-08-16,4:00:00 PM,Boñuelos,3.0,16.47
8439,2026-08-10,2026-08-16,4:00:00 PM,Caesar /Pollo,1.0,12.99
8440,2026-08-10,2026-08-16,4:00:00 PM,Caf.Lec.Grande.Eva,1.0,5.5
8441,2026-08-10,2026-08-16,4:00:00 PM,Cafe Con Leche Grande,2.0,9.0
8442,2026-08-10,2026-08-16,4:00:00 PM,Cafe Con Leche Mediano,1.0,3.75
8443,2026-08-10,2026-08-16,4:00:00 PM,Cafe Con Leche Pequeno,1.0,2.5
8444,2026-08-10,2026-08-16,4:00:00 PM,Cafe Cubano,29.0,43.5
8445,2026-08-10,2026-08-16,4:00:00 PM,Camarone A La Plancha,2.0,39.98
8446,2026-08-10,2026-08-16,4:00:00 PM,Camarones Al Ajillo,1.0,19.99
8447,2026-08-10,2026-08-16,4:00:00 PM,Camarones Empanizad,1.0,21.19
8451,2026-08-10,2026-08-16,4:00:00 PM,Carne Con Papas,5.0,70.75
8452,2026-08-10,2026-08-16,4:00:00 PM,Cascos Guava Queso,1.0,5.99
8453,2026-08-10,2026-08-16,4:00:00 PM,Chevere,2.0,2.5
8454,2026-08-10,2026-08-16,4:00:00 PM,Chichar Pollo C Hueso,3.0,40.87
8455,2026-08-10,2026-08-16,4:00:00 PM,Chichar Pollo Sin Hues,2.0,27.38
8456,2026-08-10,2026-08-16,4:00:00 PM,Chicharo Grande,4.0,36.76
8457,2026-08-10,2026-08-16,4:00:00 PM,Chicharo Mediano,2.0,13.98
8458,2026-08-10,2026-08-16,4:00:00 PM,Chuletas De Puerco,7.0,100.22999999999999
8459,2026-08-10,2026-08-16,4:00:00 PM,Churrasco,4.0,104.76
8460,2026-08-10,2026-08-16,4:00:00 PM,Churros.Con Dulce,1.0,6.25
8461,2026-08-10,2026-08-16,4:00:00 PM,Coke,4.0,10.0
8462,2026-08-10,2026-08-16,4:00:00 PM,Coke Cero,2.0,5.0
8463,2026-08-10,2026-08-16,4:00:00 PM,Colada,2.0,5.5
8464,2026-08-10,2026-08-16,4:00:00 PM,Colorados Grande,2.0,19.18
8465,2026-08-10,2026-08-16,4:00:00 PM,Congri,1.0,3.99
8466,2026-08-10,2026-08-16,4:00:00 PM,Copa Vino,3.0,26.97
8467,2026-08-10,2026-08-16,4:00:00 PM,Corona,3.0,16.47
8468,2026-08-10,2026-08-16,4:00:00 PM,Cortadito,4.0,8.48
8469,2026-08-10,2026-08-16,4:00:00 PM,Cortadito Evaporada,12.0,30.0
8470,2026-08-10,2026-08-16,4:00:00 PM,Crema Brocoly,3.0,27.75
8471,2026-08-10,2026-08-16,4:00:00 PM,Crema Calabaza Grande,2.0,19.98
8472,2026-08-10,2026-08-16,4:00:00 PM,Crema Calabaza Median,2.0,13.98
8473,2026-08-10,2026-08-16,4:00:00 PM,Crema Malanga Mediana,9.0,62.91
8474,2026-08-10,2026-08-16,4:00:00 PM,Crema Malanga.Grande,6.0,62.94
8475,2026-08-10,2026-08-16,4:00:00 PM,Crema Vegetal Grande,1.0,10.49
8476,2026-08-10,2026-08-16,4:00:00 PM,Crema Vegetal Mediana,1.0,6.99
8477,2026-08-10,2026-08-16,4:00:00 PM,Crema Vegetales Median,3.0,20.97
8478,2026-08-10,2026-08-16,4:00:00 PM,Crema. Malanga Chiquit,1.0,4.5
8479,2026-08-10,2026-08-16,4:00:00 PM,Crema. Vegetalchiquita,2.0,9.0
8480,2026-08-10,2026-08-16,4:00:00 PM,Croqueta Jamon,11.0,19.25
8481,2026-08-10,2026-08-16,4:00:00 PM,Croqueta Preparada,1.0,11.99
8482,2026-08-10,2026-08-16,4:00:00 PM,Cubano Regular,2.0,20.18
8483,2026-08-10,2026-08-16,4:00:00 PM,Cune.1/2,1.0,16.99
8484,2026-08-10,2026-08-16,4:00:00 PM,Deditos De Pescado,1.0,16.19
8485,2026-08-10,2026-08-16,4:00:00 PM,Deditos De Pollo,1.0,12.99
8486,2026-08-10,2026-08-16,4:00:00 PM,Deditos Queso/Guayaba,5.0,9.95
8487,2026-08-10,2026-08-16,4:00:00 PM,Dulce De Leche,1.0,5.49
8488,2026-08-10,2026-08-16,4:00:00 PM,Empanada Carne,5.0,14.95
8489,2026-08-10,2026-08-16,4:00:00 PM,Empanada Pollo,2.0,5.98
8490,2026-08-10,2026-08-16,4:00:00 PM,Enpanisado. Res,2.0,32.18
8491,2026-08-10,2026-08-16,4:00:00 PM,Ensala Aguacat Peque,6.0,27.0
8492,2026-08-10,2026-08-16,4:00:00 PM,Ensala Pollo 2 Croquet,1.0,12.49
8493,2026-08-10,2026-08-16,4:00:00 PM,Ensalada Aguacat Grand,3.0,16.5
8494,2026-08-10,2026-08-16,4:00:00 PM,Ensalada Small,2.0,5.5
8495,2026-08-10,2026-08-16,4:00:00 PM,Ensalda De Tuna,1.0,11.99
8496,2026-08-10,2026-08-16,4:00:00 PM,Filete Ala Vilvaina,2.0,41.98
8497,2026-08-10,2026-08-16,4:00:00 PM,Filete Curvina Salsa,1.0,21.0
8498,2026-08-10,2026-08-16,4:00:00 PM,Filete De Mahimahi,1.0,17.19
8499,2026-08-10,2026-08-16,4:00:00 PM,Filete Pescado Empani,2.0,35.18
8500,2026-08-10,2026-08-16,4:00:00 PM,Filete Pescado Planch,3.0,51.17
8501,2026-08-10,2026-08-16,4:00:00 PM,Filete Salmon,1.0,18.0
8502,2026-08-10,2026-08-16,4:00:00 PM,Filetillo De Carne,5.0,68.05
8503,2026-08-10,2026-08-16,4:00:00 PM,Filetillo Pollo Planch,7.0,105.73
8504,2026-08-10,2026-08-16,4:00:00 PM,Filetillo Res Plancha,3.0,45.37
8505,2026-08-10,2026-08-16,4:00:00 PM,Filetillo Res Salsa,1.0,14.99
8506,2026-08-10,2026-08-16,4:00:00 PM,Flan,4.0,19.96
8507,2026-08-10,2026-08-16,4:00:00 PM,Flan Especial,4.0,23.96
8508,2026-08-10,2026-08-16,4:00:00 PM,Fricase De Pollo,1.0,11.19
8509,2026-08-10,2026-08-16,4:00:00 PM,Fricase Puerco,3.0,41.95
8510,2026-08-10,2026-08-16,4:00:00 PM,Frijol Grande,1.0,7.99
8511,2026-08-10,2026-08-16,4:00:00 PM,Frijol Mediano,1.0,4.99
8512,2026-08-10,2026-08-16,4:00:00 PM,Frijol Pequeno,3.0,8.97
8513,2026-08-10,2026-08-16,4:00:00 PM,Fritura Vacalao,1.0,6.5
8514,2026-08-10,2026-08-16,4:00:00 PM,Galleta Deliciosas,1.0,3.6
8515,2026-08-10,2026-08-16,4:00:00 PM,Garbanzo Grande,2.0,20.98
8516,2026-08-10,2026-08-16,4:00:00 PM,Garbanzo.Mediano,1.0,6.99
8517,2026-08-10,2026-08-16,4:00:00 PM,Guarapo,7.0,36.75
8518,2026-08-10,2026-08-16,4:00:00 PM,Guiso.Maiz Mediano,1.0,6.99
8519,2026-08-10,2026-08-16,4:00:00 PM,Hamburquesa.Con Queso,2.0,22.18
8520,2026-08-10,2026-08-16,4:00:00 PM,Heineken,1.0,5.49
8521,2026-08-10,2026-08-16,4:00:00 PM,Helado Cono,4.0,14.0
8522,2026-08-10,2026-08-16,4:00:00 PM,Higado Italiana,1.0,15.19
8523,2026-08-10,2026-08-16,4:00:00 PM,Horden De 3 Chicharone,2.0,6.5
8524,2026-08-10,2026-08-16,4:00:00 PM,Huevo Revuelto,6.0,9.0
8525,2026-08-10,2026-08-16,4:00:00 PM,Jamon,1.0,3.99
8526,2026-08-10,2026-08-16,4:00:00 PM,Jugo Maraculla,3.0,13.5
8527,2026-08-10,2026-08-16,4:00:00 PM,Jugo Pina,5.0,22.5
8528,2026-08-10,2026-08-16,4:00:00 PM,Jugo Zanahoria Naraja,4.0,19.96
8529,2026-08-10,2026-08-16,4:00:00 PM,Jugo.Naranja,5.0,26.25
8530,2026-08-10,2026-08-16,4:00:00 PM,Juntas,4.0,0.0
8531,2026-08-10,2026-08-16,4:00:00 PM,Jupina Dieta,2.0,5.0
8532,2026-08-10,2026-08-16,4:00:00 PM,Leche Malteada,2.0,9.98
8533,2026-08-10,2026-08-16,4:00:00 PM,Lentejas Grande,3.0,28.47
8534,2026-08-10,2026-08-16,4:00:00 PM,Lentejas Mediana,2.0,13.98
8535,2026-08-10,2026-08-16,4:00:00 PM,Lentejas.Chiquita,1.0,3.99
8536,2026-08-10,2026-08-16,4:00:00 PM,Limanada Coco,1.0,5.99
8537,2026-08-10,2026-08-16,4:00:00 PM,Limonada,5.0,22.5
8538,2026-08-10,2026-08-16,4:00:00 PM,Madio.Pollo A La Brasa,1.0,14.19
8539,2026-08-10,2026-08-16,4:00:00 PM,Maduros,13.0,58.37
8540,2026-08-10,2026-08-16,4:00:00 PM,Malta,1.0,3.25
8541,2026-08-10,2026-08-16,4:00:00 PM,Mariquitas,8.0,47.92
8542,2026-08-10,2026-08-16,4:00:00 PM,Mariquitas De Malanga,1.0,5.99
8543,2026-08-10,2026-08-16,4:00:00 PM,Masas De Puerco,9.0,126.31
8544,2026-08-10,2026-08-16,4:00:00 PM,Media De Toro,1.0,15.99
8545,2026-08-10,2026-08-16,4:00:00 PM,Media Noche,1.0,10.19
8546,2026-08-10,2026-08-16,4:00:00 PM,Medio Pollo A Brasa,3.0,39.37
8547,2026-08-10,2026-08-16,4:00:00 PM,Medio Pollo.Asado,1.0,13.19
8548,2026-08-10,2026-08-16,4:00:00 PM,Melon..Sandia,3.0,13.5
8549,2026-08-10,2026-08-16,4:00:00 PM,Milanesa Res,3.0,60.37
8550,2026-08-10,2026-08-16,4:00:00 PM,Mini Sandwich,2.0,11.98
8551,2026-08-10,2026-08-16,4:00:00 PM,Misc Cocina,4.0,4.0
8552,2026-08-10,2026-08-16,4:00:00 PM,Mofongo Puerco,5.0,84.95
8553,2026-08-10,2026-08-16,4:00:00 PM,Mofongo Solo,1.0,7.99
8554,2026-08-10,2026-08-16,4:00:00 PM,Mofongo.Bistec Poll,1.0,18.5
8555,2026-08-10,2026-08-16,4:00:00 PM,Mojo Chiquito,1.0,3.95
8556,2026-08-10,2026-08-16,4:00:00 PM,Moros,3.0,11.97
8557,2026-08-10,2026-08-16,4:00:00 PM,Natilla Catalana,1.0,6.25
8558,2026-08-10,2026-08-16,4:00:00 PM,Newport,1.0,12.75
8559,2026-08-10,2026-08-16,4:00:00 PM,Palomilla Baby,1.0,11.0
8560,2026-08-10,2026-08-16,4:00:00 PM,Pan Con Bistec,2.0,22.18
8561,2026-08-10,2026-08-16,4:00:00 PM,Papa Rellena,5.0,14.95
8562,2026-08-10,2026-08-16,4:00:00 PM,Pargo Frito Entero,1.0,26.19
8563,2026-08-10,2026-08-16,4:00:00 PM,Pasteles Guayaba,1.0,1.5
8564,2026-08-10,2026-08-16,4:00:00 PM,Pepsi,1.0,2.5
8565,2026-08-10,2026-08-16,4:00:00 PM,Picadillo,2.0,30.380000000000003
8566,2026-08-10,2026-08-16,4:00:00 PM,Potaje Colorados Media,1.0,7.19
8567,2026-08-10,2026-08-16,4:00:00 PM,Pudin De Pan,3.0,16.47
8568,2026-08-10,2026-08-16,4:00:00 PM,Pudin Diplomatico,6.0,32.94
8569,2026-08-10,2026-08-16,4:00:00 PM,Pure Papas,1.0,4.49
8570,2026-08-10,2026-08-16,4:00:00 PM,Queso Suizo,1.0,1.99
8571,2026-08-10,2026-08-16,4:00:00 PM,Rabo Encendido,11.0,266.49
8572,2026-08-10,2026-08-16,4:00:00 PM,Racion De Malanga,3.0,17.97
8573,2026-08-10,2026-08-16,4:00:00 PM,Ropa Vieja,4.0,62.06
8574,2026-08-10,2026-08-16,4:00:00 PM,Rueda De Serrucho,3.0,48.17
8575,2026-08-10,2026-08-16,4:00:00 PM,S.Pellecrino,1.0,3.49
8576,2026-08-10,2026-08-16,4:00:00 PM,Sandweches Pollo,1.0,11.69
8577,2026-08-10,2026-08-16,4:00:00 PM,Sandwiches..Pollo.Empa,1.0,12.69
8578,2026-08-10,2026-08-16,4:00:00 PM,Sdwch De Pavo Regl,1.0,9.99
8579,2026-08-10,2026-08-16,4:00:00 PM,Sm Sopa Pescado,1.0,4.25
8580,2026-08-10,2026-08-16,4:00:00 PM,Solo.Tomate,1.0,2.5
8581,2026-08-10,2026-08-16,4:00:00 PM,Sopa De Pollo Grande,11.0,93.39
8582,2026-08-10,2026-08-16,4:00:00 PM,Sopa De Res Grande,2.0,23.98
8583,2026-08-10,2026-08-16,4:00:00 PM,Sopa Pescado Grande,1.0,10.99
8584,2026-08-10,2026-08-16,4:00:00 PM,Sopa Pescado Mediana,2.0,13.98
8585,2026-08-10,2026-08-16,4:00:00 PM,Sopa Platano Mediana,2.0,13.98
8586,2026-08-10,2026-08-16,4:00:00 PM,Sopa Pollo Media,7.0,38.43
8587,2026-08-10,2026-08-16,4:00:00 PM,Spagheti Carne Salsa R,1.0,16.19
8588,2026-08-10,2026-08-16,4:00:00 PM,Spaghetti Camaron Alfr,1.0,23.49
8589,2026-08-10,2026-08-16,4:00:00 PM,Spaghetti Pollo Alfred,1.0,14.99
8590,2026-08-10,2026-08-16,4:00:00 PM,Spriet,1.0,2.5
8592,2026-08-10,2026-08-16,4:00:00 PM,Tama. Cazuela Chiquito,1.0,4.5
8593,2026-08-10,2026-08-16,4:00:00 PM,Tamal,4.0,11.96
8594,2026-08-10,2026-08-16,4:00:00 PM,Tamal.Cazuela Grande,2.0,22.18
8596,2026-08-10,2026-08-16,4:00:00 PM,Tortilla,2.0,22.18
8597,2026-08-10,2026-08-16,4:00:00 PM,Tostada,1.0,1.99
8598,2026-08-10,2026-08-16,4:00:00 PM,Tostones,4.0,19.96
8599,2026-08-10,2026-08-16,4:00:00 PM,Tres Leches,8.0,47.92
8600,2026-08-10,2026-08-16,4:00:00 PM,Vaca Frita,7.0,119.33000000000001
8601,2026-08-10,2026-08-16,4:00:00 PM,Vaso.Hielo,1.0,0.25
8602,2026-08-10,2026-08-16,4:00:00 PM,Vegetal.Hervido,1.0,4.99
8603,2026-08-10,2026-08-16,4:00:00 PM,Yuca,1.0,4.49
8604,2026-08-10,2026-08-16,4:00:00 PM,Yuca Frita,2.0,10.98
8606,2026-08-10,2026-08-16,5:00:00 PM,1 Bola Helado,3.0,8.97
8607,2026-08-10,2026-08-16,5:00:00 PM,2 Piezas De Cordero,1.0,25.19
8610,2026-08-10,2026-08-16,5:00:00 PM,Agua Natural,1.0,1.99
8611,2026-08-10,2026-08-16,5:00:00 PM,Agua Perrier,3.0,10.47
8612,2026-08-10,2026-08-16,5:00:00 PM,Aguacate De 3.00,1.0,3.0
8613,2026-08-10,2026-08-16,5:00:00 PM,Aguacate$4.00,1.0,4.0
8614,2026-08-10,2026-08-16,5:00:00 PM,Ajiaco Mediano,4.0,28.56
8615,2026-08-10,2026-08-16,5:00:00 PM,Ajiaco..Grande,3.0,31.87
8616,2026-08-10,2026-08-16,5:00:00 PM,Arroz Blanco,9.0,29.25
8617,2026-08-10,2026-08-16,5:00:00 PM,Arroz Chiquito,1.0,2.25
8618,2026-08-10,2026-08-16,5:00:00 PM,Arroz Con Leche,1.0,5.49
8619,2026-08-10,2026-08-16,5:00:00 PM,Arroz Con Pollo,1.0,12.69
8620,2026-08-10,2026-08-16,5:00:00 PM,Arroz Con Puerco,2.0,26.38
8621,2026-08-10,2026-08-16,5:00:00 PM,Arroz Frito,6.0,83.53999999999999
8622,2026-08-10,2026-08-16,5:00:00 PM,Arroz Pollo.Desmenuza,3.0,37.87
8623,2026-08-10,2026-08-16,5:00:00 PM,Baby Churrasco,7.0,134.32999999999998
8624,2026-08-10,2026-08-16,5:00:00 PM,Bacalao Viscaina,2.0,42.38
8625,2026-08-10,2026-08-16,5:00:00 PM,Batido Fruta Bonba,5.0,24.95
8626,2026-08-10,2026-08-16,5:00:00 PM,Batido Mamey,5.0,27.45
8627,2026-08-10,2026-08-16,5:00:00 PM,Batido Vainilla,1.0,4.99
8628,2026-08-10,2026-08-16,5:00:00 PM,Bistec De Pollo,29.0,402.01
8629,2026-08-10,2026-08-16,5:00:00 PM,Bistec De Puerco,2.0,31.18
8630,2026-08-10,2026-08-16,5:00:00 PM,Bistec Jamon,1.0,13.69
8631,2026-08-10,2026-08-16,5:00:00 PM,Bistec Palomilla,11.0,199.49
8632,2026-08-10,2026-08-16,5:00:00 PM,Bola Ensalada Pollo,1.0,3.25
8633,2026-08-10,2026-08-16,5:00:00 PM,Boliche,1.0,16.19
8634,2026-08-10,2026-08-16,5:00:00 PM,Boniato Frito,3.0,14.97
8635,2026-08-10,2026-08-16,5:00:00 PM,Boñuelos,1.0,5.49
8636,2026-08-10,2026-08-16,5:00:00 PM,Cafe Con Leche Grande,1.0,4.5
8637,2026-08-10,2026-08-16,5:00:00 PM,Cafe Con Leche Mediano,1.0,3.75
8638,2026-08-10,2026-08-16,5:00:00 PM,Cafe Con Leche Pequeno,3.0,7.5
8639,2026-08-10,2026-08-16,5:00:00 PM,Cafe Cubano,17.0,25.5
8640,2026-08-10,2026-08-16,5:00:00 PM,Caldo Gallego.Mediano,1.0,8.19
8641,2026-08-10,2026-08-16,5:00:00 PM,Caldo.Gallego Grande,2.0,23.18
8642,2026-08-10,2026-08-16,5:00:00 PM,Caldosos,1.0,0.0
8645,2026-08-10,2026-08-16,5:00:00 PM,Carne Con Papas,7.0,102.93
8646,2026-08-10,2026-08-16,5:00:00 PM,Chichar Pollo C Hueso,1.0,15.49
8647,2026-08-10,2026-08-16,5:00:00 PM,Chichar Pollo Sin Hues,4.0,54.56
8648,2026-08-10,2026-08-16,5:00:00 PM,Chicharo Grande,2.0,18.38
8649,2026-08-10,2026-08-16,5:00:00 PM,Chuletas De Puerco,1.0,13.69
8650,2026-08-10,2026-08-16,5:00:00 PM,Churrasco,4.0,104.36
8651,2026-08-10,2026-08-16,5:00:00 PM,Club Sandwich,1.0,11.99
8652,2026-08-10,2026-08-16,5:00:00 PM,Cocacola.Botella,1.0,3.49
8653,2026-08-10,2026-08-16,5:00:00 PM,Coke,6.0,15.0
8654,2026-08-10,2026-08-16,5:00:00 PM,Coke Cero,1.0,2.5
8655,2026-08-10,2026-08-16,5:00:00 PM,Colada,4.0,11.0
8656,2026-08-10,2026-08-16,5:00:00 PM,Colorados Grande,1.0,9.69
8657,2026-08-10,2026-08-16,5:00:00 PM,Congri,1.0,3.99
8658,2026-08-10,2026-08-16,5:00:00 PM,Copa Vino,2.0,17.98
8659,2026-08-10,2026-08-16,5:00:00 PM,Cortadito,4.0,8.48
8660,2026-08-10,2026-08-16,5:00:00 PM,Cortadito Evaporada,8.0,20.0
8661,2026-08-10,2026-08-16,5:00:00 PM,Crema Brocoly,1.0,9.25
8662,2026-08-10,2026-08-16,5:00:00 PM,Crema Calabaza Grande,1.0,9.99
8663,2026-08-10,2026-08-16,5:00:00 PM,Crema Calabaza Median,5.0,34.95
8664,2026-08-10,2026-08-16,5:00:00 PM,Crema Calabazachiquit,1.0,4.5
8665,2026-08-10,2026-08-16,5:00:00 PM,Crema Malanga Mediana,5.0,34.95
8666,2026-08-10,2026-08-16,5:00:00 PM,Crema Malanga.Grande,4.0,41.96
8667,2026-08-10,2026-08-16,5:00:00 PM,Crema Vegetal Grande,1.0,10.49
8668,2026-08-10,2026-08-16,5:00:00 PM,Crema Vegetales Median,4.0,27.96
8669,2026-08-10,2026-08-16,5:00:00 PM,Crema. Vegetalchiquita,2.0,9.0
8670,2026-08-10,2026-08-16,5:00:00 PM,Cremita,1.0,1.25
8671,2026-08-10,2026-08-16,5:00:00 PM,Croqueta Bacalao,1.0,1.99
8672,2026-08-10,2026-08-16,5:00:00 PM,Croqueta Jamon,27.0,47.25
8673,2026-08-10,2026-08-16,5:00:00 PM,Croqueta Preparada,1.0,12.19
8674,2026-08-10,2026-08-16,5:00:00 PM,Cubano Regular,1.0,10.19
8675,2026-08-10,2026-08-16,5:00:00 PM,Deditos .Pescado,1.0,14.19
8676,2026-08-10,2026-08-16,5:00:00 PM,Deditos De Pescado,3.0,48.57
8677,2026-08-10,2026-08-16,5:00:00 PM,Deditos De Pollo,4.0,53.56
8678,2026-08-10,2026-08-16,5:00:00 PM,Deditos Queso/Guayaba,7.0,13.93
8679,2026-08-10,2026-08-16,5:00:00 PM,Diet Coke,1.0,2.25
8680,2026-08-10,2026-08-16,5:00:00 PM,Dulce De Leche,2.0,10.98
8681,2026-08-10,2026-08-16,5:00:00 PM,Empanada Carne,2.0,5.98
8682,2026-08-10,2026-08-16,5:00:00 PM,Empanada Jamon/Queso,4.0,11.96
8683,2026-08-10,2026-08-16,5:00:00 PM,Empanada Pollo,6.0,17.94
8684,2026-08-10,2026-08-16,5:00:00 PM,Enpanisado. Res,4.0,64.36
8685,2026-08-10,2026-08-16,5:00:00 PM,Ensala Aguacat Peque,8.0,36.0
8686,2026-08-10,2026-08-16,5:00:00 PM,Ensala Pollo 2 Croquet,1.0,12.49
8687,2026-08-10,2026-08-16,5:00:00 PM,Ensalada Aguacat Grand,2.0,11.0
8688,2026-08-10,2026-08-16,5:00:00 PM,Ensalda De Tuna,2.0,23.98
8689,2026-08-10,2026-08-16,5:00:00 PM,Fabada Grande,1.0,10.49
8690,2026-08-10,2026-08-16,5:00:00 PM,Fabada Mediana,2.0,14.18
8691,2026-08-10,2026-08-16,5:00:00 PM,Filete De Mahimahi,1.0,19.19
8692,2026-08-10,2026-08-16,5:00:00 PM,Filete Pargo Plancha,3.0,64.97
8693,2026-08-10,2026-08-16,5:00:00 PM,Filete Pescado Empani,1.0,17.69
8694,2026-08-10,2026-08-16,5:00:00 PM,Filete Pescado Planch,3.0,51.37
8695,2026-08-10,2026-08-16,5:00:00 PM,Filete Salmon,1.0,18.2
8696,2026-08-10,2026-08-16,5:00:00 PM,Filetill Pollo Salsa,1.0,14.99
8697,2026-08-10,2026-08-16,5:00:00 PM,Filetillo De Carne,1.0,13.69
8698,2026-08-10,2026-08-16,5:00:00 PM,Filetillo Pollo Planch,4.0,60.16
8699,2026-08-10,2026-08-16,5:00:00 PM,Filetillo Res Plancha,1.0,14.99
8700,2026-08-10,2026-08-16,5:00:00 PM,Flan,6.0,29.94
8701,2026-08-10,2026-08-16,5:00:00 PM,Flan Especial,7.0,41.93
8702,2026-08-10,2026-08-16,5:00:00 PM,Fricase De Pollo,2.0,22.38
8703,2026-08-10,2026-08-16,5:00:00 PM,Fricase Puerco,3.0,40.15
8704,2026-08-10,2026-08-16,5:00:00 PM,Frijol Grande,5.0,39.95
8705,2026-08-10,2026-08-16,5:00:00 PM,Frijol Mediano,5.0,24.95
8706,2026-08-10,2026-08-16,5:00:00 PM,Fritura Vacalao,1.0,6.5
8707,2026-08-10,2026-08-16,5:00:00 PM,Frituras De Malanga,1.0,6.5
8708,2026-08-10,2026-08-16,5:00:00 PM,Galleta Deliciosas,2.0,7.2
8709,2026-08-10,2026-08-16,5:00:00 PM,Garbanzo Grande,1.0,10.49
8710,2026-08-10,2026-08-16,5:00:00 PM,Garbanzo.Chiquito,1.0,3.99
8711,2026-08-10,2026-08-16,5:00:00 PM,Garbanzo.Mediano,1.0,6.99
8712,2026-08-10,2026-08-16,5:00:00 PM,Gatorade Fruit Punch,1.0,3.99
8713,2026-08-10,2026-08-16,5:00:00 PM,Guarapo,10.0,52.5
8714,2026-08-10,2026-08-16,5:00:00 PM,Heineken,2.0,10.98
8715,2026-08-10,2026-08-16,5:00:00 PM,Helado Cono,1.0,3.5
8716,2026-08-10,2026-08-16,5:00:00 PM,Higado Italiana,2.0,30.38
8717,2026-08-10,2026-08-16,5:00:00 PM,Horden De 3 Chicharone,2.0,6.5
8718,2026-08-10,2026-08-16,5:00:00 PM,Inca Kola,3.0,8.97
8719,2026-08-10,2026-08-16,5:00:00 PM,Iron Beer,1.0,2.5
8720,2026-08-10,2026-08-16,5:00:00 PM,Jugo Pina,3.0,13.5
8721,2026-08-10,2026-08-16,5:00:00 PM,Jugo.Naranja,3.0,15.75
8722,2026-08-10,2026-08-16,5:00:00 PM,Juntas,2.0,0.0
8723,2026-08-10,2026-08-16,5:00:00 PM,Jupina Dieta,1.0,2.5
8724,2026-08-10,2026-08-16,5:00:00 PM,Leche Malteada,1.0,4.99
8725,2026-08-10,2026-08-16,5:00:00 PM,Lechon Asado,2.0,28.18
8726,2026-08-10,2026-08-16,5:00:00 PM,Lentejas Grande,2.0,18.98
8727,2026-08-10,2026-08-16,5:00:00 PM,Lentejas Mediana,2.0,13.98
8728,2026-08-10,2026-08-16,5:00:00 PM,Limonada,4.0,18.0
8729,2026-08-10,2026-08-16,5:00:00 PM,Madio.Pollo A La Brasa,3.0,42.57
8730,2026-08-10,2026-08-16,5:00:00 PM,Maduros,10.0,44.9
8731,2026-08-10,2026-08-16,5:00:00 PM,Mariquitas De Malanga,1.0,5.99
8732,2026-08-10,2026-08-16,5:00:00 PM,Masas De Puerco,9.0,128.91
8733,2026-08-10,2026-08-16,5:00:00 PM,Materva,1.0,2.5
8734,2026-08-10,2026-08-16,5:00:00 PM,Media De Toro,1.0,15.99
8735,2026-08-10,2026-08-16,5:00:00 PM,Media Noche,5.0,50.95
8736,2026-08-10,2026-08-16,5:00:00 PM,Medio Pollo A Brasa,1.0,15.19
8737,2026-08-10,2026-08-16,5:00:00 PM,Melon..Sandia,2.0,9.0
8738,2026-08-10,2026-08-16,5:00:00 PM,Miami Sandwich,2.0,24.38
8739,2026-08-10,2026-08-16,5:00:00 PM,Milanesa De Pollo,2.0,32.18
8740,2026-08-10,2026-08-16,5:00:00 PM,Misc Cocina,3.0,9.0
8741,2026-08-10,2026-08-16,5:00:00 PM,Modelo,3.0,16.47
8742,2026-08-10,2026-08-16,5:00:00 PM,Mofongo Puerco,2.0,33.98
8743,2026-08-10,2026-08-16,5:00:00 PM,Mofongo.Bistec Poll,1.0,18.7
8744,2026-08-10,2026-08-16,5:00:00 PM,Mojo Chiquito,1.0,3.95
8745,2026-08-10,2026-08-16,5:00:00 PM,Moros,1.0,3.99
8746,2026-08-10,2026-08-16,5:00:00 PM,Natilla Catalana,2.0,12.5
8747,2026-08-10,2026-08-16,5:00:00 PM,Paella Valenciana,1.0,41.99
8748,2026-08-10,2026-08-16,5:00:00 PM,Palomilla Baby,2.0,22.2
8749,2026-08-10,2026-08-16,5:00:00 PM,Pan Con Bistec,5.0,55.95
8750,2026-08-10,2026-08-16,5:00:00 PM,Papa Rellena,3.0,8.97
8751,2026-08-10,2026-08-16,5:00:00 PM,Papas Fritas,3.0,13.47
8752,2026-08-10,2026-08-16,5:00:00 PM,Pargo Frito Entero,1.0,25.99
8753,2026-08-10,2026-08-16,5:00:00 PM,Pepsi,1.0,2.5
8754,2026-08-10,2026-08-16,5:00:00 PM,Picadillo,1.0,14.49
8755,2026-08-10,2026-08-16,5:00:00 PM,Pina Colada,1.0,6.99
8756,2026-08-10,2026-08-16,5:00:00 PM,Pollo Empanizado,4.0,58.76
8757,2026-08-10,2026-08-16,5:00:00 PM,Potaje Colorados Media,2.0,14.18
8758,2026-08-10,2026-08-16,5:00:00 PM,Presidente,1.0,5.49
8759,2026-08-10,2026-08-16,5:00:00 PM,Pudin De Pan,1.0,5.49
8760,2026-08-10,2026-08-16,5:00:00 PM,Pudin Diplomatico,2.0,10.98
8761,2026-08-10,2026-08-16,5:00:00 PM,Rabo Encendido,5.0,122.14999999999999
8762,2026-08-10,2026-08-16,5:00:00 PM,Regular De Pierna,1.0,9.19
8763,2026-08-10,2026-08-16,5:00:00 PM,Riñonada,5.0,110.75
8764,2026-08-10,2026-08-16,5:00:00 PM,Ropa Vieja,6.0,96.74000000000001
8765,2026-08-10,2026-08-16,5:00:00 PM,Rueda De Serrucho,3.0,46.97
8766,2026-08-10,2026-08-16,5:00:00 PM,Sandweches Pollo,1.0,11.69
8767,2026-08-10,2026-08-16,5:00:00 PM,Sandwich Ensal Pollo,2.0,20.18
8768,2026-08-10,2026-08-16,5:00:00 PM,Sandwiches..Pollo.Empa,2.0,28.28
8769,2026-08-10,2026-08-16,5:00:00 PM,Soda Ginjer,1.0,2.5
8770,2026-08-10,2026-08-16,5:00:00 PM,Sopa De Pollo Grande,7.0,59.43
8771,2026-08-10,2026-08-16,5:00:00 PM,Sopa De Res Grande,9.0,109.51
8772,2026-08-10,2026-08-16,5:00:00 PM,Sopa De Res Mediana,4.0,32.76
8773,2026-08-10,2026-08-16,5:00:00 PM,Sopa Pescado Mediana,1.0,6.99
8774,2026-08-10,2026-08-16,5:00:00 PM,Sopa Platano Chiquita,1.0,3.99
8775,2026-08-10,2026-08-16,5:00:00 PM,Sopa Platano Grande,3.0,31.47
8776,2026-08-10,2026-08-16,5:00:00 PM,Sopa Pollo Media,13.0,71.37
8777,2026-08-10,2026-08-16,5:00:00 PM,Sopa. Pollo Chiquita,1.0,3.5
8778,2026-08-10,2026-08-16,5:00:00 PM,Sopon Marinero,1.0,25.99
8779,2026-08-10,2026-08-16,5:00:00 PM,Spaghetti Pollo Alfred,2.0,30.38
8780,2026-08-10,2026-08-16,5:00:00 PM,Spriet,1.0,2.5
8781,2026-08-10,2026-08-16,5:00:00 PM,Stella Artois,1.0,5.49
8783,2026-08-10,2026-08-16,5:00:00 PM,Tamal,5.0,14.95
8784,2026-08-10,2026-08-16,5:00:00 PM,Tamal Cazuela.Mediano,3.0,21.17
8786,2026-08-10,2026-08-16,5:00:00 PM,Tortilla,3.0,34.87
8787,2026-08-10,2026-08-16,5:00:00 PM,Tortilla Basca. - Late,1.0,13.69
8788,2026-08-10,2026-08-16,5:00:00 PM,Tostada,2.0,3.98
8789,2026-08-10,2026-08-16,5:00:00 PM,Tostones,3.0,14.97
8790,2026-08-10,2026-08-16,5:00:00 PM,Tres Leches,6.0,35.94
8791,2026-08-10,2026-08-16,5:00:00 PM,Vaca Frita,17.0,286.13
8792,2026-08-10,2026-08-16,5:00:00 PM,Vegetal.Hervido,7.0,34.93
8793,2026-08-10,2026-08-16,5:00:00 PM,Yuca Frita,1.0,5.49
8795,2026-08-10,2026-08-16,6:00:00 AM,1.Solo.Panquey,5.0,11.25
8796,2026-08-10,2026-08-16,6:00:00 AM,Bananas.3 $ 1.50,2.0,3.0
8797,2026-08-10,2026-08-16,6:00:00 AM,Bistec De Pollo,1.0,13.49
8798,2026-08-10,2026-08-16,6:00:00 AM,Cafe Con Leche Pequeno,2.0,5.0
8799,2026-08-10,2026-08-16,6:00:00 AM,Cafe Cubano,4.0,6.0
8801,2026-08-10,2026-08-16,6:00:00 AM,Colada,2.0,5.5
8802,2026-08-10,2026-08-16,6:00:00 AM,Cortadito,1.0,2.25
8803,2026-08-10,2026-08-16,6:00:00 AM,Cortadito Evaporada,1.0,2.5
8804,2026-08-10,2026-08-16,6:00:00 AM,Croqueta Jamon,3.0,5.25
8805,2026-08-10,2026-08-16,6:00:00 AM,Deditos De Queso,1.0,1.99
8806,2026-08-10,2026-08-16,6:00:00 AM,Desallunos,3.0,36.37
8807,2026-08-10,2026-08-16,6:00:00 AM,Empanada Carne,1.0,2.99
8808,2026-08-10,2026-08-16,6:00:00 AM,Empanada Jamon/Queso,1.0,2.99
8809,2026-08-10,2026-08-16,6:00:00 AM,Ensala Pollo 2 Croquet,1.0,12.49
8810,2026-08-10,2026-08-16,6:00:00 AM,Huevo Frito,3.0,4.5
8811,2026-08-10,2026-08-16,6:00:00 AM,Jugo.Naranja,3.0,15.75
8812,2026-08-10,2026-08-16,6:00:00 AM,Pasteles Guayaba,3.0,4.5
8815,2026-08-10,2026-08-16,6:00:00 AM,Tostada,1.0,1.99
8816,2026-08-10,2026-08-16,6:00:00 PM,1 Bola Helado,1.0,2.99
8817,2026-08-10,2026-08-16,6:00:00 PM,1 Pieza De Cordero,1.0,17.99
8818,2026-08-10,2026-08-16,6:00:00 PM,1.Libra Ensala Pollo,1.0,8.99
8819,2026-08-10,2026-08-16,6:00:00 PM,2 Piezas De Cordero,1.0,25.19
8820,2026-08-10,2026-08-16,6:00:00 PM,"3,,Panqueques",1.0,5.99
8821,2026-08-10,2026-08-16,6:00:00 PM,305 Morados,2.0,12.5
8824,2026-08-10,2026-08-16,6:00:00 PM,Agua Natural,1.0,1.99
8825,2026-08-10,2026-08-16,6:00:00 PM,Agua Perrier,1.0,3.49
8826,2026-08-10,2026-08-16,6:00:00 PM,Aguacate $5.00,1.0,5.0
8827,2026-08-10,2026-08-16,6:00:00 PM,Ajiaco Mediano,3.0,21.37
8828,2026-08-10,2026-08-16,6:00:00 PM,Ajiaco..Grande,2.0,21.18
8829,2026-08-10,2026-08-16,6:00:00 PM,Albondigas.Res,1.0,13.99
8830,2026-08-10,2026-08-16,6:00:00 PM,Arros Con Pescado,1.0,17.19
8831,2026-08-10,2026-08-16,6:00:00 PM,Arroz Blanco,5.0,16.25
8832,2026-08-10,2026-08-16,6:00:00 PM,Arroz Chiquito,2.0,4.5
8833,2026-08-10,2026-08-16,6:00:00 PM,Arroz Con Camarones,1.0,22.19
8834,2026-08-10,2026-08-16,6:00:00 PM,Arroz Con Leche,3.0,16.47
8835,2026-08-10,2026-08-16,6:00:00 PM,Arroz Con Pollo,1.0,13.69
8836,2026-08-10,2026-08-16,6:00:00 PM,Arroz Con Puerco,1.0,13.19
8837,2026-08-10,2026-08-16,6:00:00 PM,Arroz Frito,11.0,152.79
8838,2026-08-10,2026-08-16,6:00:00 PM,Arroz Imperial,1.0,14.19
8839,2026-08-10,2026-08-16,6:00:00 PM,Baby Churrasco,10.0,192.5
8840,2026-08-10,2026-08-16,6:00:00 PM,Bananas.3 $ 1.50,1.0,1.5
8841,2026-08-10,2026-08-16,6:00:00 PM,Bandeja Rinconcito 87,1.0,32.99
8842,2026-08-10,2026-08-16,6:00:00 PM,Batido Chocolate,4.0,19.96
8843,2026-08-10,2026-08-16,6:00:00 PM,Batido Fruta Bonba,2.0,9.98
8844,2026-08-10,2026-08-16,6:00:00 PM,Batido Mamey,8.0,43.92
8845,2026-08-10,2026-08-16,6:00:00 PM,Batido Mango,1.0,4.99
8846,2026-08-10,2026-08-16,6:00:00 PM,Bistec A Caballo,1.0,14.49
8847,2026-08-10,2026-08-16,6:00:00 PM,Bistec De Pollo,50.0,684.2
8848,2026-08-10,2026-08-16,6:00:00 PM,Bistec De Puerco,1.0,15.69
8849,2026-08-10,2026-08-16,6:00:00 PM,Bistec En Cazuela,2.0,29.38
8850,2026-08-10,2026-08-16,6:00:00 PM,Bistec Jamon,2.0,29.38
8851,2026-08-10,2026-08-16,6:00:00 PM,Bistec Palomilla,8.0,144.92
8852,2026-08-10,2026-08-16,6:00:00 PM,Bocadito De Tuna,1.0,9.19
8853,2026-08-10,2026-08-16,6:00:00 PM,Boliche,2.0,30.18
8854,2026-08-10,2026-08-16,6:00:00 PM,Boliche Asado,1.0,16.49
8855,2026-08-10,2026-08-16,6:00:00 PM,Boniatillo,1.0,1.5
8856,2026-08-10,2026-08-16,6:00:00 PM,Boniato Frito,1.0,4.99
8857,2026-08-10,2026-08-16,6:00:00 PM,Boñuelos,1.0,5.49
8858,2026-08-10,2026-08-16,6:00:00 PM,Caesar /Pollo,1.0,12.99
8859,2026-08-10,2026-08-16,6:00:00 PM,Cafe Con Leche Grande,1.0,4.5
8860,2026-08-10,2026-08-16,6:00:00 PM,Cafe Con Leche Mediano,1.0,3.75
8861,2026-08-10,2026-08-16,6:00:00 PM,Cafe Cubano,20.0,30.0
8862,2026-08-10,2026-08-16,6:00:00 PM,Caldo Gallego.Mediano,1.0,7.99
8863,2026-08-10,2026-08-16,6:00:00 PM,Caldosos,1.0,0.0
8864,2026-08-10,2026-08-16,6:00:00 PM,Camoron Salsa Alfredo,1.0,19.99
8867,2026-08-10,2026-08-16,6:00:00 PM,Carne Con Papas,5.0,70.95
8868,2026-08-10,2026-08-16,6:00:00 PM,Cascos Guava Queso,1.0,5.99
8869,2026-08-10,2026-08-16,6:00:00 PM,Chichar Pollo Sin Hues,4.0,54.56
8870,2026-08-10,2026-08-16,6:00:00 PM,Chicharo Grande,3.0,27.37
8871,2026-08-10,2026-08-16,6:00:00 PM,Chicharo Mediano,1.0,6.99
8872,2026-08-10,2026-08-16,6:00:00 PM,Chichek Wings,2.0,15.0
8873,2026-08-10,2026-08-16,6:00:00 PM,Chuletas De Puerco,8.0,110.72
8874,2026-08-10,2026-08-16,6:00:00 PM,Churrasco,11.0,287.29
8875,2026-08-10,2026-08-16,6:00:00 PM,Churros.Solo.4,1.0,4.99
8876,2026-08-10,2026-08-16,6:00:00 PM,Club Sandwich,4.0,48.36
8877,2026-08-10,2026-08-16,6:00:00 PM,Coke,5.0,12.5
8878,2026-08-10,2026-08-16,6:00:00 PM,Coke Cero,1.0,2.5
8879,2026-08-10,2026-08-16,6:00:00 PM,Colada,3.0,8.25
8880,2026-08-10,2026-08-16,6:00:00 PM,Colorados Grande,1.0,9.69
8881,2026-08-10,2026-08-16,6:00:00 PM,Congri,1.0,3.99
8882,2026-08-10,2026-08-16,6:00:00 PM,Copa Vino,2.0,17.98
8883,2026-08-10,2026-08-16,6:00:00 PM,Cortadito,5.0,10.47
8884,2026-08-10,2026-08-16,6:00:00 PM,Cortadito Evaporada,9.0,22.5
8885,2026-08-10,2026-08-16,6:00:00 PM,Crema Calabaza Grande,1.0,9.99
8886,2026-08-10,2026-08-16,6:00:00 PM,Crema Calabaza Median,8.0,55.92
8887,2026-08-10,2026-08-16,6:00:00 PM,Crema Malanga Mediana,16.0,111.84
8888,2026-08-10,2026-08-16,6:00:00 PM,Crema Malanga.Grande,8.0,83.92
8889,2026-08-10,2026-08-16,6:00:00 PM,Crema Vegetal Grande,1.0,10.49
8890,2026-08-10,2026-08-16,6:00:00 PM,Crema Vegetales Median,2.0,13.98
8891,2026-08-10,2026-08-16,6:00:00 PM,Crema. Malanga Chiquit,1.0,4.5
8892,2026-08-10,2026-08-16,6:00:00 PM,Crema. Vegetalchiquita,1.0,4.5
8893,2026-08-10,2026-08-16,6:00:00 PM,Croqueta Bacalao,1.0,1.99
8894,2026-08-10,2026-08-16,6:00:00 PM,Croqueta Jamon,32.0,56.0
8895,2026-08-10,2026-08-16,6:00:00 PM,Croqueta Preparada,3.0,36.57
8896,2026-08-10,2026-08-16,6:00:00 PM,Cubano Especial,1.0,11.99
8897,2026-08-10,2026-08-16,6:00:00 PM,Cubano Regular,7.0,71.33
8898,2026-08-10,2026-08-16,6:00:00 PM,Deditos .Pescado,2.0,28.18
8899,2026-08-10,2026-08-16,6:00:00 PM,Deditos De Pescado,5.0,80.75
8900,2026-08-10,2026-08-16,6:00:00 PM,Deditos De Pollo,1.0,15.19
8901,2026-08-10,2026-08-16,6:00:00 PM,Deditos De Pollo Kids,1.0,7.99
8902,2026-08-10,2026-08-16,6:00:00 PM,Diet Coke,6.0,13.5
8903,2026-08-10,2026-08-16,6:00:00 PM,Diet Materva,1.0,2.5
8904,2026-08-10,2026-08-16,6:00:00 PM,Dtc,1.0,6.25
8905,2026-08-10,2026-08-16,6:00:00 PM,Dulce De Leche,1.0,5.49
8906,2026-08-10,2026-08-16,6:00:00 PM,E Pagueti Solo Roja,1.0,8.99
8907,2026-08-10,2026-08-16,6:00:00 PM,Empanada Carne,6.0,17.94
8908,2026-08-10,2026-08-16,6:00:00 PM,Empanada Jamon/Queso,4.0,11.96
8909,2026-08-10,2026-08-16,6:00:00 PM,Empanada Pollo,2.0,5.98
8910,2026-08-10,2026-08-16,6:00:00 PM,Enpanada Colonbiana,1.0,2.49
8911,2026-08-10,2026-08-16,6:00:00 PM,Enpanisado. Res,7.0,114.63
8912,2026-08-10,2026-08-16,6:00:00 PM,"Enpellas,Chicharones",1.0,6.0
8913,2026-08-10,2026-08-16,6:00:00 PM,Ensala Aguacat Peque,7.0,31.5
8914,2026-08-10,2026-08-16,6:00:00 PM,Ensala Pollo 2 Croquet,2.0,24.98
8915,2026-08-10,2026-08-16,6:00:00 PM,Ensalada Aguacat Grand,5.0,27.5
8916,2026-08-10,2026-08-16,6:00:00 PM,Ensalada Small,1.0,2.75
8917,2026-08-10,2026-08-16,6:00:00 PM,Ensalda De Tuna,1.0,11.99
8918,2026-08-10,2026-08-16,6:00:00 PM,Fabada Mediana,1.0,7.19
8919,2026-08-10,2026-08-16,6:00:00 PM,Felitos,5.0,7.45
8920,2026-08-10,2026-08-16,6:00:00 PM,Filete Ala Vilvaina,1.0,19.99
8921,2026-08-10,2026-08-16,6:00:00 PM,Filete De Mahimahi,1.0,16.99
8922,2026-08-10,2026-08-16,6:00:00 PM,Filete Pargo Plancha,3.0,66.37
8923,2026-08-10,2026-08-16,6:00:00 PM,Filete Pescado Empani,2.0,35.18
8924,2026-08-10,2026-08-16,6:00:00 PM,Filete Pescado Planch,4.0,68.56
8925,2026-08-10,2026-08-16,6:00:00 PM,Filete Salmon,1.0,19.2
8926,2026-08-10,2026-08-16,6:00:00 PM,Filetill Pollo Salsa,1.0,15.19
8927,2026-08-10,2026-08-16,6:00:00 PM,Filetillo Pollo Planch,6.0,90.94
8928,2026-08-10,2026-08-16,6:00:00 PM,Filetillo Res Salsa,1.0,15.19
8929,2026-08-10,2026-08-16,6:00:00 PM,Flan,2.0,9.98
8930,2026-08-10,2026-08-16,6:00:00 PM,Flan Especial,7.0,41.93
8931,2026-08-10,2026-08-16,6:00:00 PM,Fricase De Pollo,1.0,11.19
8932,2026-08-10,2026-08-16,6:00:00 PM,Fricase Puerco,6.0,80.3
8933,2026-08-10,2026-08-16,6:00:00 PM,Frijol Grande,4.0,31.96
8934,2026-08-10,2026-08-16,6:00:00 PM,Frijol Pequeno,2.0,5.98
8935,2026-08-10,2026-08-16,6:00:00 PM,Frita Cubana,5.0,50.35
8936,2026-08-10,2026-08-16,6:00:00 PM,Frituras De Malanga,5.0,32.5
8937,2026-08-10,2026-08-16,6:00:00 PM,Garbanzo Grande,4.0,41.96
8938,2026-08-10,2026-08-16,6:00:00 PM,Garbanzo.Chiquito,1.0,3.99
8939,2026-08-10,2026-08-16,6:00:00 PM,Garbanzo.Mediano,2.0,13.98
8940,2026-08-10,2026-08-16,6:00:00 PM,Gatorade Limon,1.0,3.99
8941,2026-08-10,2026-08-16,6:00:00 PM,Guarapo,7.0,36.75
8942,2026-08-10,2026-08-16,6:00:00 PM,Guiso Maiz Grande,1.0,10.49
8943,2026-08-10,2026-08-16,6:00:00 PM,Guiso.Maiz Mediano,1.0,6.99
8944,2026-08-10,2026-08-16,6:00:00 PM,Hamburquesa.Con Queso,1.0,11.19
8945,2026-08-10,2026-08-16,6:00:00 PM,Heineken,1.0,5.49
8946,2026-08-10,2026-08-16,6:00:00 PM,Helado Cono,4.0,14.0
8947,2026-08-10,2026-08-16,6:00:00 PM,Higado Italiana,6.0,90.74
8948,2026-08-10,2026-08-16,6:00:00 PM,Horde Depan,1.0,1.5
8949,2026-08-10,2026-08-16,6:00:00 PM,Horden De 3 Chicharone,1.0,3.25
8950,2026-08-10,2026-08-16,6:00:00 PM,Huevo Frito,3.0,3.75
8951,2026-08-10,2026-08-16,6:00:00 PM,Iron Beer,1.0,2.5
8952,2026-08-10,2026-08-16,6:00:00 PM,Jalea Mixta,1.0,25.99
8953,2026-08-10,2026-08-16,6:00:00 PM,Jarrito Naranja,1.0,3.49
8954,2026-08-10,2026-08-16,6:00:00 PM,Jugo Maraculla,2.0,9.0
8955,2026-08-10,2026-08-16,6:00:00 PM,Jugo Pina,1.0,4.5
8956,2026-08-10,2026-08-16,6:00:00 PM,Jugo Zanahoria Naraja,3.0,14.97
8957,2026-08-10,2026-08-16,6:00:00 PM,Jugo.Naranja,2.0,10.5
8958,2026-08-10,2026-08-16,6:00:00 PM,Juntas,2.0,0.0
8959,2026-08-10,2026-08-16,6:00:00 PM,Leche Malteada,1.0,4.99
8960,2026-08-10,2026-08-16,6:00:00 PM,Lechon Asado,3.0,43.67
8961,2026-08-10,2026-08-16,6:00:00 PM,Lentejas Grande,2.0,18.98
8962,2026-08-10,2026-08-16,6:00:00 PM,Lentejas Mediana,4.0,27.96
8963,2026-08-10,2026-08-16,6:00:00 PM,Limanada Coco,3.0,17.97
8964,2026-08-10,2026-08-16,6:00:00 PM,Limonada,6.0,27.0
8965,2026-08-10,2026-08-16,6:00:00 PM,Madio.Pollo A La Brasa,1.0,14.19
8966,2026-08-10,2026-08-16,6:00:00 PM,Maduros,4.0,17.96
8967,2026-08-10,2026-08-16,6:00:00 PM,Mariquitas,6.0,35.94
8968,2026-08-10,2026-08-16,6:00:00 PM,Mariquitas.Togo,1.0,4.5
8969,2026-08-10,2026-08-16,6:00:00 PM,Masas De Puerco,8.0,115.22
8970,2026-08-10,2026-08-16,6:00:00 PM,Materva,6.0,15.0
8971,2026-08-10,2026-08-16,6:00:00 PM,Media Jarra,1.0,16.0
8972,2026-08-10,2026-08-16,6:00:00 PM,Media Noche,8.0,80.92
8973,2026-08-10,2026-08-16,6:00:00 PM,Medio Pollo Frito,3.0,44.07
8974,2026-08-10,2026-08-16,6:00:00 PM,Medio Pollo.Asado,5.0,69.95
8975,2026-08-10,2026-08-16,6:00:00 PM,Melon..Sandia,10.0,45.0
8976,2026-08-10,2026-08-16,6:00:00 PM,Miami Sandwich,1.0,12.19
8977,2026-08-10,2026-08-16,6:00:00 PM,Milanesa De Pollo,3.0,52.57
8978,2026-08-10,2026-08-16,6:00:00 PM,Milanesa Res,4.0,80.36
8979,2026-08-10,2026-08-16,6:00:00 PM,Misc Cocina,1.0,1.0
8980,2026-08-10,2026-08-16,6:00:00 PM,Modelo,1.0,5.49
8981,2026-08-10,2026-08-16,6:00:00 PM,Mofongo Vaca Frita,1.0,21.2
8982,2026-08-10,2026-08-16,6:00:00 PM,Moros,1.0,3.99
8983,2026-08-10,2026-08-16,6:00:00 PM,Natilla,1.0,4.99
8984,2026-08-10,2026-08-16,6:00:00 PM,Natilla Catalana,1.0,6.25
8985,2026-08-10,2026-08-16,6:00:00 PM,Palomilla Baby,1.0,11.0
8986,2026-08-10,2026-08-16,6:00:00 PM,Pan Con Bistec,6.0,66.74
8987,2026-08-10,2026-08-16,6:00:00 PM,Pan Con Lechon,2.0,19.38
8988,2026-08-10,2026-08-16,6:00:00 PM,Pan Con Tortilla,1.0,11.19
8989,2026-08-10,2026-08-16,6:00:00 PM,Pan Jamaica,1.0,1.6
8990,2026-08-10,2026-08-16,6:00:00 PM,Papas Fritas,1.0,4.49
8991,2026-08-10,2026-08-16,6:00:00 PM,Pargo Frito Entero,4.0,104.36
8992,2026-08-10,2026-08-16,6:00:00 PM,Picadillo,6.0,88.94
8993,2026-08-10,2026-08-16,6:00:00 PM,Pollo Empanizado,2.0,29.18
8994,2026-08-10,2026-08-16,6:00:00 PM,Potaje Colorados Media,1.0,7.19
8995,2026-08-10,2026-08-16,6:00:00 PM,Presidente,1.0,5.49
8996,2026-08-10,2026-08-16,6:00:00 PM,Pudin De Pan,4.0,21.96
8997,2026-08-10,2026-08-16,6:00:00 PM,Pudin Diplomatico,6.0,32.94
8998,2026-08-10,2026-08-16,6:00:00 PM,Pure Papas,1.0,4.49
8999,2026-08-10,2026-08-16,6:00:00 PM,Rabo Encendido,4.0,96.16
9000,2026-08-10,2026-08-16,6:00:00 PM,Racion De Malanga,2.0,11.98
9001,2026-08-10,2026-08-16,6:00:00 PM,Riñonada,5.0,106.35
9002,2026-08-10,2026-08-16,6:00:00 PM,Ropa Vieja,6.0,94.14
9003,2026-08-10,2026-08-16,6:00:00 PM,S.Pellecrino,1.0,3.49
9004,2026-08-10,2026-08-16,6:00:00 PM,Sandweches Pollo,1.0,11.69
9005,2026-08-10,2026-08-16,6:00:00 PM,Sandwiches..Pollo.Empa,1.0,12.69
9006,2026-08-10,2026-08-16,6:00:00 PM,Solo.Tomate,1.0,2.5
9007,2026-08-10,2026-08-16,6:00:00 PM,Sopa De Pollo Grande,15.0,127.35
9008,2026-08-10,2026-08-16,6:00:00 PM,Sopa De Res Grande,4.0,48.56
9009,2026-08-10,2026-08-16,6:00:00 PM,Sopa De Res Mediana,2.0,15.98
9010,2026-08-10,2026-08-16,6:00:00 PM,Sopa Pescado Mediana,5.0,34.95
9011,2026-08-10,2026-08-16,6:00:00 PM,Sopa Platano Chiquita,1.0,3.99
9012,2026-08-10,2026-08-16,6:00:00 PM,Sopa Platano Grande,3.0,31.47
9013,2026-08-10,2026-08-16,6:00:00 PM,Sopa Platano Mediana,2.0,13.98
9014,2026-08-10,2026-08-16,6:00:00 PM,Sopa Pollo Media,17.0,93.33
9015,2026-08-10,2026-08-16,6:00:00 PM,Sopa. Pollo Chiquita,1.0,3.5
9016,2026-08-10,2026-08-16,6:00:00 PM,Spagheti Carne Salsa R,1.0,16.19
9017,2026-08-10,2026-08-16,6:00:00 PM,Spaghetti Pollo.Roja,1.0,15.19
9018,2026-08-10,2026-08-16,6:00:00 PM,Spriet,3.0,7.5
9019,2026-08-10,2026-08-16,6:00:00 PM,Sunkist,1.0,2.5
9021,2026-08-10,2026-08-16,6:00:00 PM,Tama. Cazuela Chiquito,1.0,4.5
9022,2026-08-10,2026-08-16,6:00:00 PM,Tamal,4.0,11.96
9023,2026-08-10,2026-08-16,6:00:00 PM,Tamal.Cazuela Grande,1.0,11.19
9025,2026-08-10,2026-08-16,6:00:00 PM,Toreja Cubana,2.0,11.98
9026,2026-08-10,2026-08-16,6:00:00 PM,Tostada,2.0,3.98
9027,2026-08-10,2026-08-16,6:00:00 PM,Tostones,3.0,14.97
9028,2026-08-10,2026-08-16,6:00:00 PM,Tres Leches,5.0,29.95
9029,2026-08-10,2026-08-16,6:00:00 PM,"Trio,,Helado",1.0,6.5
9030,2026-08-10,2026-08-16,6:00:00 PM,Tronchos Pescado,1.0,16.19
9031,2026-08-10,2026-08-16,6:00:00 PM,Vaca Frita,20.0,338.4
9032,2026-08-10,2026-08-16,6:00:00 PM,Vegetal.Hervido,1.0,4.99
9034,2026-08-10,2026-08-16,7:00:00 AM,1.Solo.Panquey,1.0,2.25
9035,2026-08-10,2026-08-16,7:00:00 AM,Agua Perrier,1.0,3.49
9036,2026-08-10,2026-08-16,7:00:00 AM,Aguacate De 3.00,2.0,6.0
9037,2026-08-10,2026-08-16,7:00:00 AM,Bacon,1.0,4.99
9038,2026-08-10,2026-08-16,7:00:00 AM,Best Mango,2.0,5.98
9039,2026-08-10,2026-08-16,7:00:00 AM,Bistec A Caballo,1.0,14.49
9040,2026-08-10,2026-08-16,7:00:00 AM,Bolsa De Hielo,1.0,3.0
9041,2026-08-10,2026-08-16,7:00:00 AM,Cafe Con Leche Grande,2.0,9.0
9042,2026-08-10,2026-08-16,7:00:00 AM,Cafe Con Leche Mediano,2.0,7.5
9043,2026-08-10,2026-08-16,7:00:00 AM,Cafe Con Leche Pequeno,8.0,20.0
9044,2026-08-10,2026-08-16,7:00:00 AM,Cafe Cubano,22.0,33.0
9045,2026-08-10,2026-08-16,7:00:00 AM,Cafecito,2.0,1.98
9046,2026-08-10,2026-08-16,7:00:00 AM,Cholcolate Chico,1.0,2.89
9047,2026-08-10,2026-08-16,7:00:00 AM,Choriso Regular,1.0,3.99
9048,2026-08-10,2026-08-16,7:00:00 AM,Coke,4.0,10.0
9049,2026-08-10,2026-08-16,7:00:00 AM,Colada,9.0,24.75
9050,2026-08-10,2026-08-16,7:00:00 AM,Cortadito,8.0,16.44
9051,2026-08-10,2026-08-16,7:00:00 AM,Croqueta Bacalao,2.0,3.98
9052,2026-08-10,2026-08-16,7:00:00 AM,Croqueta Jamon,21.0,36.75
9053,2026-08-10,2026-08-16,7:00:00 AM,Croqueta Pollo,2.0,3.5
9054,2026-08-10,2026-08-16,7:00:00 AM,Deditos De Queso,3.0,5.97
9055,2026-08-10,2026-08-16,7:00:00 AM,Desallunos,13.0,159.82
9056,2026-08-10,2026-08-16,7:00:00 AM,Empanada Carne,4.0,11.96
9057,2026-08-10,2026-08-16,7:00:00 AM,Empanada Pollo,2.0,5.98
9058,2026-08-10,2026-08-16,7:00:00 AM,Empnda Espinaca/Queso,1.0,2.99
9059,2026-08-10,2026-08-16,7:00:00 AM,Enpanada Colonbiana,5.0,12.45
9060,2026-08-10,2026-08-16,7:00:00 AM,Ensala Aguacat Peque,2.0,9.0
9061,2026-08-10,2026-08-16,7:00:00 AM,Ensalada Small,1.0,2.75
9062,2026-08-10,2026-08-16,7:00:00 AM,Felitos,19.0,28.31
9063,2026-08-10,2026-08-16,7:00:00 AM,Fosforera,1.0,2.25
9064,2026-08-10,2026-08-16,7:00:00 AM,Harina Mediana,1.0,6.45
9065,2026-08-10,2026-08-16,7:00:00 AM,Huevo Frito,1.0,1.5
9066,2026-08-10,2026-08-16,7:00:00 AM,Huevo Revuelto,6.0,8.0
9067,2026-08-10,2026-08-16,7:00:00 AM,Huevos Al Porch,2.0,25.48
9068,2026-08-10,2026-08-16,7:00:00 AM,Jamon,1.0,3.99
9069,2026-08-10,2026-08-16,7:00:00 AM,Jugo De Manzana,1.0,3.25
9070,2026-08-10,2026-08-16,7:00:00 AM,Jugo De Pera,1.0,2.5
9071,2026-08-10,2026-08-16,7:00:00 AM,Jugo Maraculla,1.0,4.5
9072,2026-08-10,2026-08-16,7:00:00 AM,Jugo Pina,1.0,4.5
9073,2026-08-10,2026-08-16,7:00:00 AM,Jugo.Naranja,4.0,21.0
9074,2026-08-10,2026-08-16,7:00:00 AM,Leche Pequena,1.0,1.5
9075,2026-08-10,2026-08-16,7:00:00 AM,Materva,1.0,2.5
9076,2026-08-10,2026-08-16,7:00:00 AM,Misc Cocina,3.0,8.75
9077,2026-08-10,2026-08-16,7:00:00 AM,Newport,3.0,38.25
9078,2026-08-10,2026-08-16,7:00:00 AM,Pan De Bono,3.0,5.97
9079,2026-08-10,2026-08-16,7:00:00 AM,Pan Jamaica,2.0,3.2
9080,2026-08-10,2026-08-16,7:00:00 AM,Pasteles Guayaba,5.0,7.5
9081,2026-08-10,2026-08-16,7:00:00 AM,Pasteles Queso/Guayaba,8.0,12.0
9082,2026-08-10,2026-08-16,7:00:00 AM,Pepsi,5.0,12.5
9083,2026-08-10,2026-08-16,7:00:00 AM,Perico De Claras,1.0,13.99
9084,2026-08-10,2026-08-16,7:00:00 AM,Perico Ripiado,2.0,23.98
9085,2026-08-10,2026-08-16,7:00:00 AM,Queso Suizo,3.0,5.97
9086,2026-08-10,2026-08-16,7:00:00 AM,Ranchero,1.0,12.5
9088,2026-08-10,2026-08-16,7:00:00 AM,Sand Jamon Queso,1.0,9.19
9089,2026-08-10,2026-08-16,7:00:00 AM,Sdwc Tuna Regular,1.0,10.69
9091,2026-08-10,2026-08-16,7:00:00 AM,Tostada,23.0,46.77
9092,2026-08-10,2026-08-16,7:00:00 AM,Tostada 2 Croquetas,1.0,4.99
9093,2026-08-10,2026-08-16,7:00:00 PM,1 Bola Helado,1.0,2.99
9094,2026-08-10,2026-08-16,7:00:00 PM,1 Pieza De Cordero,2.0,36.38
9095,2026-08-10,2026-08-16,7:00:00 PM,305 Morados,1.0,6.25
9098,2026-08-10,2026-08-16,7:00:00 PM,Agua Natural,4.0,7.96
9099,2026-08-10,2026-08-16,7:00:00 PM,Agua Perrier,4.0,13.96
9100,2026-08-10,2026-08-16,7:00:00 PM,Aguacate $5.00,1.0,5.0
9101,2026-08-10,2026-08-16,7:00:00 PM,Ajiaco Mediano,3.0,21.17
9102,2026-08-10,2026-08-16,7:00:00 PM,Ajiaco..Grande,3.0,32.07
9103,2026-08-10,2026-08-16,7:00:00 PM,Arros Con Mariscos,1.0,40.19
9104,2026-08-10,2026-08-16,7:00:00 PM,Arroz Blanco,5.0,16.25
9105,2026-08-10,2026-08-16,7:00:00 PM,Arroz Chiquito,4.0,10.0
9106,2026-08-10,2026-08-16,7:00:00 PM,Arroz Con Camarones,1.0,22.19
9107,2026-08-10,2026-08-16,7:00:00 PM,Arroz Con Leche,3.0,16.47
9108,2026-08-10,2026-08-16,7:00:00 PM,Arroz Con Pollo,1.0,13.69
9109,2026-08-10,2026-08-16,7:00:00 PM,Arroz Frito,2.0,27.18
9110,2026-08-10,2026-08-16,7:00:00 PM,Baby Churrasco,14.0,269.06
9111,2026-08-10,2026-08-16,7:00:00 PM,Bacon,1.0,4.99
9112,2026-08-10,2026-08-16,7:00:00 PM,Bananas.3 $ 1.50,2.0,3.0
9113,2026-08-10,2026-08-16,7:00:00 PM,Batido Fruta Bonba,1.0,4.99
9114,2026-08-10,2026-08-16,7:00:00 PM,Batido Mamey,1.0,5.49
9115,2026-08-10,2026-08-16,7:00:00 PM,Batido Mango,3.0,14.97
9116,2026-08-10,2026-08-16,7:00:00 PM,Batido Trigo,1.0,4.99
9117,2026-08-10,2026-08-16,7:00:00 PM,Batido Vainilla,1.0,4.99
9118,2026-08-10,2026-08-16,7:00:00 PM,Best Mango,1.0,2.99
9119,2026-08-10,2026-08-16,7:00:00 PM,Bistec De Higado,1.0,13.49
9120,2026-08-10,2026-08-16,7:00:00 PM,Bistec De Pollo,43.0,589.47
9121,2026-08-10,2026-08-16,7:00:00 PM,Bistec De Puerco,4.0,62.36
9122,2026-08-10,2026-08-16,7:00:00 PM,Bistec En Cazuela,3.0,43.67
9123,2026-08-10,2026-08-16,7:00:00 PM,Bistec Palomilla,7.0,129.23
9124,2026-08-10,2026-08-16,7:00:00 PM,Boliche,2.0,30.18
9125,2026-08-10,2026-08-16,7:00:00 PM,Boliche Asado,2.0,35.18
9126,2026-08-10,2026-08-16,7:00:00 PM,Boniato Hervido,1.0,4.99
9127,2026-08-10,2026-08-16,7:00:00 PM,Boñuelos,3.0,16.47
9128,2026-08-10,2026-08-16,7:00:00 PM,Budweiser,1.0,4.99
9129,2026-08-10,2026-08-16,7:00:00 PM,Caesar /Pollo,1.0,12.99
9130,2026-08-10,2026-08-16,7:00:00 PM,Caf.Lec.Evap.Chico,1.0,3.0
9131,2026-08-10,2026-08-16,7:00:00 PM,Caf.Lec.Evap.Media,2.0,9.0
9132,2026-08-10,2026-08-16,7:00:00 PM,Cafe Con Leche Mediano,3.0,11.25
9133,2026-08-10,2026-08-16,7:00:00 PM,Cafe Con Leche Pequeno,2.0,5.0
9134,2026-08-10,2026-08-16,7:00:00 PM,Cafe Cubano,28.0,42.0
9135,2026-08-10,2026-08-16,7:00:00 PM,Cafecito,1.0,0.99
9136,2026-08-10,2026-08-16,7:00:00 PM,Calamares Fritos,1.0,14.99
9137,2026-08-10,2026-08-16,7:00:00 PM,Caldo Gallego.Mediano,1.0,8.19
9138,2026-08-10,2026-08-16,7:00:00 PM,Caldo.Gallego Grande,1.0,11.69
9139,2026-08-10,2026-08-16,7:00:00 PM,Caldosos,1.0,0.0
9141,2026-08-10,2026-08-16,7:00:00 PM,Carne Con Papas,6.0,84.94
9142,2026-08-10,2026-08-16,7:00:00 PM,Cascos Guava Queso,1.0,5.99
9143,2026-08-10,2026-08-16,7:00:00 PM,Chichar Pollo Sin Hues,2.0,27.38
9144,2026-08-10,2026-08-16,7:00:00 PM,Chuletas De Puerco,2.0,29.18
9145,2026-08-10,2026-08-16,7:00:00 PM,Churrasco,10.0,265.3
9146,2026-08-10,2026-08-16,7:00:00 PM,Clamato,1.0,2.99
9147,2026-08-10,2026-08-16,7:00:00 PM,Clamato Juice,1.0,2.99
9148,2026-08-10,2026-08-16,7:00:00 PM,Club Sandwich,1.0,12.19
9149,2026-08-10,2026-08-16,7:00:00 PM,Coctel De Camarones,2.0,34.0
9150,2026-08-10,2026-08-16,7:00:00 PM,Coke,5.0,12.5
9151,2026-08-10,2026-08-16,7:00:00 PM,Coke Cero,2.0,5.0
9152,2026-08-10,2026-08-16,7:00:00 PM,Colada,2.0,5.5
9153,2026-08-10,2026-08-16,7:00:00 PM,Colorados Grande,1.0,9.69
9154,2026-08-10,2026-08-16,7:00:00 PM,Copa Vino,2.0,17.98
9155,2026-08-10,2026-08-16,7:00:00 PM,Corona,1.0,5.49
9156,2026-08-10,2026-08-16,7:00:00 PM,Cortadito,3.0,6.49
9157,2026-08-10,2026-08-16,7:00:00 PM,Cortadito Evaporada,5.0,12.5
9158,2026-08-10,2026-08-16,7:00:00 PM,Crema Brocoly,1.0,9.25
9159,2026-08-10,2026-08-16,7:00:00 PM,Crema Calabaza Grande,3.0,29.97
9160,2026-08-10,2026-08-16,7:00:00 PM,Crema Calabaza Median,3.0,20.97
9161,2026-08-10,2026-08-16,7:00:00 PM,Crema Calabazachiquit,2.0,9.0
9162,2026-08-10,2026-08-16,7:00:00 PM,Crema Malanga Mediana,13.0,90.87
9163,2026-08-10,2026-08-16,7:00:00 PM,Crema Malanga.Grande,8.0,83.92
9164,2026-08-10,2026-08-16,7:00:00 PM,Croqueta Bacalao,8.0,15.92
9165,2026-08-10,2026-08-16,7:00:00 PM,Croqueta Jamon,18.0,31.5
9166,2026-08-10,2026-08-16,7:00:00 PM,Croqueta Pollo,1.0,1.75
9167,2026-08-10,2026-08-16,7:00:00 PM,Deditos .Pescado,1.0,15.99
9168,2026-08-10,2026-08-16,7:00:00 PM,Deditos De Pescado,1.0,17.69
9169,2026-08-10,2026-08-16,7:00:00 PM,Deditos De Pollo,2.0,26.18
9170,2026-08-10,2026-08-16,7:00:00 PM,Deditos De Pollo Kids,4.0,32.36
9171,2026-08-10,2026-08-16,7:00:00 PM,Deditos De Queso,3.0,5.97
9172,2026-08-10,2026-08-16,7:00:00 PM,Deditos Queso/Guayaba,1.0,1.99
9173,2026-08-10,2026-08-16,7:00:00 PM,Diet Coke,1.0,2.25
9174,2026-08-10,2026-08-16,7:00:00 PM,Diet Materva,2.0,5.0
9175,2026-08-10,2026-08-16,7:00:00 PM,Empanada Carne,2.0,5.98
9176,2026-08-10,2026-08-16,7:00:00 PM,Empanada Jamon/Queso,3.0,8.97
9177,2026-08-10,2026-08-16,7:00:00 PM,Empnda Espinaca/Queso,2.0,5.98
9178,2026-08-10,2026-08-16,7:00:00 PM,Enpanada Colonbiana,1.0,2.49
9179,2026-08-10,2026-08-16,7:00:00 PM,Enpanisado. Res,7.0,112.53
9180,2026-08-10,2026-08-16,7:00:00 PM,Ensala Aguacat Peque,7.0,31.5
9181,2026-08-10,2026-08-16,7:00:00 PM,Ensala Pollo 2 Croquet,7.0,87.43
9182,2026-08-10,2026-08-16,7:00:00 PM,Ensalada Aguacat Grand,1.0,5.5
9183,2026-08-10,2026-08-16,7:00:00 PM,Ensalada Small,1.0,2.75
9184,2026-08-10,2026-08-16,7:00:00 PM,Ensalda De Tuna,1.0,11.99
9185,2026-08-10,2026-08-16,7:00:00 PM,Extra.Coco,1.0,1.99
9186,2026-08-10,2026-08-16,7:00:00 PM,Fabada Chiquita,1.0,3.99
9187,2026-08-10,2026-08-16,7:00:00 PM,Fabada Grande,2.0,21.38
9188,2026-08-10,2026-08-16,7:00:00 PM,Felitos,2.0,2.98
9189,2026-08-10,2026-08-16,7:00:00 PM,Filete Ala Francesa,3.0,61.97
9190,2026-08-10,2026-08-16,7:00:00 PM,Filete Ala Vilvaina,1.0,19.99
9191,2026-08-10,2026-08-16,7:00:00 PM,Filete Curvina Plancha,1.0,19.19
9192,2026-08-10,2026-08-16,7:00:00 PM,Filete Pescado Empani,5.0,90.45
9193,2026-08-10,2026-08-16,7:00:00 PM,Filete Pescado Planch,1.0,17.19
9194,2026-08-10,2026-08-16,7:00:00 PM,Filete Salmon,1.0,18.2
9195,2026-08-10,2026-08-16,7:00:00 PM,Filetillo De Carne,3.0,40.87
9196,2026-08-10,2026-08-16,7:00:00 PM,Filetillo Pollo Planch,3.0,47.17
9197,2026-08-10,2026-08-16,7:00:00 PM,Flan,4.0,19.96
9198,2026-08-10,2026-08-16,7:00:00 PM,Flan Especial,3.0,17.97
9199,2026-08-10,2026-08-16,7:00:00 PM,Fricase De Pollo,1.0,11.19
9200,2026-08-10,2026-08-16,7:00:00 PM,Frijol Mediano,5.0,24.95
9201,2026-08-10,2026-08-16,7:00:00 PM,Frijol Pequeno,5.0,14.95
9202,2026-08-10,2026-08-16,7:00:00 PM,Frijol.Colorado Chiqui,2.0,7.98
9203,2026-08-10,2026-08-16,7:00:00 PM,Fritura Vacalao,1.0,6.5
9204,2026-08-10,2026-08-16,7:00:00 PM,Frituras De Malanga,1.0,6.5
9205,2026-08-10,2026-08-16,7:00:00 PM,Galleta Deliciosas,1.0,3.6
9206,2026-08-10,2026-08-16,7:00:00 PM,Garbanzo Grande,2.0,20.98
9207,2026-08-10,2026-08-16,7:00:00 PM,Garbanzo.Chiquito,2.0,7.98
9208,2026-08-10,2026-08-16,7:00:00 PM,Garbanzo.Frito,1.0,13.99
9209,2026-08-10,2026-08-16,7:00:00 PM,Garbanzo.Mediano,3.0,20.97
9210,2026-08-10,2026-08-16,7:00:00 PM,Heineken,3.0,16.47
9211,2026-08-10,2026-08-16,7:00:00 PM,Helado Cono,1.0,3.5
9212,2026-08-10,2026-08-16,7:00:00 PM,Higado Italiana,4.0,61.36
9213,2026-08-10,2026-08-16,7:00:00 PM,Horden De 3 Chicharone,3.0,9.75
9214,2026-08-10,2026-08-16,7:00:00 PM,Horden De Limon,2.0,3.98
9215,2026-08-10,2026-08-16,7:00:00 PM,Inca Kola,4.0,11.96
9216,2026-08-10,2026-08-16,7:00:00 PM,Jarrito Naranja,1.0,3.49
9217,2026-08-10,2026-08-16,7:00:00 PM,Jugo Maraculla,1.0,4.5
9218,2026-08-10,2026-08-16,7:00:00 PM,Jugo Pina,4.0,18.0
9219,2026-08-10,2026-08-16,7:00:00 PM,Jugo Zanahoria Naraja,2.0,9.98
9220,2026-08-10,2026-08-16,7:00:00 PM,Jugo.Naranja,6.0,31.5
9221,2026-08-10,2026-08-16,7:00:00 PM,Juntas,2.0,0.0
9222,2026-08-10,2026-08-16,7:00:00 PM,Jupina Dieta,1.0,2.5
9223,2026-08-10,2026-08-16,7:00:00 PM,Jupiña,1.0,2.5
9224,2026-08-10,2026-08-16,7:00:00 PM,Langosta Enchilada,2.0,80.0
9225,2026-08-10,2026-08-16,7:00:00 PM,Leche Pequena,1.0,1.5
9226,2026-08-10,2026-08-16,7:00:00 PM,Lechon Asado,1.0,14.19
9227,2026-08-10,2026-08-16,7:00:00 PM,Lentejas Grande,1.0,9.49
9228,2026-08-10,2026-08-16,7:00:00 PM,Lentejas Mediana,3.0,20.97
9229,2026-08-10,2026-08-16,7:00:00 PM,Lentejas.Chiquita,2.0,7.98
9230,2026-08-10,2026-08-16,7:00:00 PM,Limonada,7.0,31.5
9231,2026-08-10,2026-08-16,7:00:00 PM,Maduros,7.0,31.43
9232,2026-08-10,2026-08-16,7:00:00 PM,Mariquitas,4.0,23.96
9233,2026-08-10,2026-08-16,7:00:00 PM,Mariquitas De Malanga,2.0,11.98
9234,2026-08-10,2026-08-16,7:00:00 PM,Masas De Puerco,10.0,142.2
9235,2026-08-10,2026-08-16,7:00:00 PM,Materva,3.0,7.5
9236,2026-08-10,2026-08-16,7:00:00 PM,Med Crema -Malanga,2.0,14.38
9237,2026-08-10,2026-08-16,7:00:00 PM,Media Noche,12.0,122.28
9238,2026-08-10,2026-08-16,7:00:00 PM,Medio Pollo A Brasa,1.0,12.99
9239,2026-08-10,2026-08-16,7:00:00 PM,Medio Pollo Frito,2.0,26.98
9240,2026-08-10,2026-08-16,7:00:00 PM,Melon..Sandia,4.0,18.0
9241,2026-08-10,2026-08-16,7:00:00 PM,Miami Sandwich,2.0,24.38
9242,2026-08-10,2026-08-16,7:00:00 PM,Milanesa De Pollo,1.0,15.99
9243,2026-08-10,2026-08-16,7:00:00 PM,Milanesa Res,4.0,81.36
9244,2026-08-10,2026-08-16,7:00:00 PM,Misc Cocina,2.0,19.99
9245,2026-08-10,2026-08-16,7:00:00 PM,Modelo,4.0,21.96
9246,2026-08-10,2026-08-16,7:00:00 PM,Mofong.Chicharon Pollo,1.0,15.99
9247,2026-08-10,2026-08-16,7:00:00 PM,Moros,1.0,3.99
9248,2026-08-10,2026-08-16,7:00:00 PM,Pan Con Bistec,6.0,66.54
9249,2026-08-10,2026-08-16,7:00:00 PM,Pan Jamaica,2.0,3.2
9250,2026-08-10,2026-08-16,7:00:00 PM,Papa Rellena,3.0,8.97
9251,2026-08-10,2026-08-16,7:00:00 PM,Papas Fritas,5.0,22.45
9252,2026-08-10,2026-08-16,7:00:00 PM,Pargo Frito Entero,1.0,25.99
9253,2026-08-10,2026-08-16,7:00:00 PM,Picadillo,8.0,114.32
9254,2026-08-10,2026-08-16,7:00:00 PM,Pollo Empanizado,2.0,29.38
9255,2026-08-10,2026-08-16,7:00:00 PM,Potaje Colorados Media,1.0,7.19
9256,2026-08-10,2026-08-16,7:00:00 PM,Pudin De Pan,2.0,10.98
9257,2026-08-10,2026-08-16,7:00:00 PM,Pudin Diplomatico,1.0,5.49
9258,2026-08-10,2026-08-16,7:00:00 PM,Pure Papas,1.0,4.49
9259,2026-08-10,2026-08-16,7:00:00 PM,Rabo Encendido,2.0,47.98
9260,2026-08-10,2026-08-16,7:00:00 PM,Racion De Malanga,1.0,5.99
9261,2026-08-10,2026-08-16,7:00:00 PM,Riñonada,3.0,62.97
9262,2026-08-10,2026-08-16,7:00:00 PM,Ropa Vieja,6.0,95.44
9263,2026-08-10,2026-08-16,7:00:00 PM,Rueda De Serrucho,3.0,44.97
9264,2026-08-10,2026-08-16,7:00:00 PM,S.Pellecrino,3.0,10.47
9265,2026-08-10,2026-08-16,7:00:00 PM,Salsa Cilandro,2.0,2.5
9266,2026-08-10,2026-08-16,7:00:00 PM,Sandweches Pollo,2.0,23.38
9267,2026-08-10,2026-08-16,7:00:00 PM,Sandwich Bacon,1.0,10.19
9268,2026-08-10,2026-08-16,7:00:00 PM,Sandwich Boliche,1.0,13.19
9269,2026-08-10,2026-08-16,7:00:00 PM,Sandwich Ensal Pollo,1.0,10.19
9270,2026-08-10,2026-08-16,7:00:00 PM,Sopa De Pollo Grande,20.0,169.8
9271,2026-08-10,2026-08-16,7:00:00 PM,Sopa De Res Grande,4.0,48.56
9272,2026-08-10,2026-08-16,7:00:00 PM,Sopa De Res Mediana,5.0,40.75
9273,2026-08-10,2026-08-16,7:00:00 PM,Sopa De Res Pequena,1.0,4.99
9274,2026-08-10,2026-08-16,7:00:00 PM,Sopa Pescado Grande,2.0,21.98
9275,2026-08-10,2026-08-16,7:00:00 PM,Sopa Pescado Mediana,1.0,6.99
9276,2026-08-10,2026-08-16,7:00:00 PM,Sopa Platano Chiquita,2.0,7.98
9277,2026-08-10,2026-08-16,7:00:00 PM,Sopa Platano Mediana,2.0,13.98
9278,2026-08-10,2026-08-16,7:00:00 PM,Sopa Pollo Media,11.0,60.39
9279,2026-08-10,2026-08-16,7:00:00 PM,Sopa. Pollo Chiquita,1.0,3.5
9280,2026-08-10,2026-08-16,7:00:00 PM,Spageti Pollo,1.0,15.19
9281,2026-08-10,2026-08-16,7:00:00 PM,Spaghetti Camaron Alfr,1.0,22.19
9282,2026-08-10,2026-08-16,7:00:00 PM,Spaghetti Pollo Alfred,2.0,30.18
9283,2026-08-10,2026-08-16,7:00:00 PM,Spriet,1.0,2.5
9284,2026-08-10,2026-08-16,7:00:00 PM,Stella Artois,3.0,16.47
9286,2026-08-10,2026-08-16,7:00:00 PM,Tamal,2.0,5.98
9287,2026-08-10,2026-08-16,7:00:00 PM,Tamal Cazuela.Mediano,4.0,28.16
9288,2026-08-10,2026-08-16,7:00:00 PM,Tamal.Cazuela Grande,3.0,33.37
9290,2026-08-10,2026-08-16,7:00:00 PM,Tortilla,1.0,10.99
9291,2026-08-10,2026-08-16,7:00:00 PM,Tostada,4.0,7.96
9292,2026-08-10,2026-08-16,7:00:00 PM,Tostones,3.0,14.97
9293,2026-08-10,2026-08-16,7:00:00 PM,Tres Leches,2.0,11.98
9294,2026-08-10,2026-08-16,7:00:00 PM,Trumpetera 1/2 Malbec,1.0,16.99
9295,2026-08-10,2026-08-16,7:00:00 PM,Vaca Frita,8.0,133.92
9296,2026-08-10,2026-08-16,7:00:00 PM,Western Omlet Reg - Late,1.0,11.99
9297,2026-08-10,2026-08-16,7:00:00 PM,Yuca,1.0,4.49
9298,2026-08-10,2026-08-16,7:00:00 PM,Yuca Frita,1.0,5.49
9300,2026-08-10,2026-08-16,8:00:00 AM,1.Libra Ensala Pollo,1.0,8.99
9301,2026-08-10,2026-08-16,8:00:00 AM,1.Solo.Panquey,1.0,2.25
9302,2026-08-10,2026-08-16,8:00:00 AM,"3,,Panqueques",1.0,5.99
9303,2026-08-10,2026-08-16,8:00:00 AM,305 Morados,1.0,6.25
9305,2026-08-10,2026-08-16,8:00:00 AM,Aguacate$4.00,4.0,16.0
9306,2026-08-10,2026-08-16,8:00:00 AM,Bacon,3.0,14.97
9307,2026-08-10,2026-08-16,8:00:00 AM,Batido Mamey,2.0,10.98
9308,2026-08-10,2026-08-16,8:00:00 AM,Batido Mango,1.0,4.99
9309,2026-08-10,2026-08-16,8:00:00 AM,Batido Vainilla,1.0,4.99
9310,2026-08-10,2026-08-16,8:00:00 AM,Bistec A Caballo,7.0,102.93
9311,2026-08-10,2026-08-16,8:00:00 AM,Bistec De Pollo,1.0,13.69
9312,2026-08-10,2026-08-16,8:00:00 AM,Bistec Palomilla,1.0,17.99
9313,2026-08-10,2026-08-16,8:00:00 AM,Caf.Lec.Evap.Chico,1.0,3.0
9314,2026-08-10,2026-08-16,8:00:00 AM,Caf.Lec.Evap.Media,1.0,4.5
9315,2026-08-10,2026-08-16,8:00:00 AM,Cafe Con Leche Grande,5.0,22.5
9316,2026-08-10,2026-08-16,8:00:00 AM,Cafe Con Leche Mediano,5.0,18.75
9317,2026-08-10,2026-08-16,8:00:00 AM,Cafe Con Leche Pequeno,16.0,40.0
9318,2026-08-10,2026-08-16,8:00:00 AM,Cafe Cubano,24.0,36.0
9319,2026-08-10,2026-08-16,8:00:00 AM,Cafecito,1.0,0.99
9321,2026-08-10,2026-08-16,8:00:00 AM,Cholcolate Chico,1.0,2.89
9322,2026-08-10,2026-08-16,8:00:00 AM,Coke,1.0,2.5
9323,2026-08-10,2026-08-16,8:00:00 AM,Colada,15.0,41.25
9324,2026-08-10,2026-08-16,8:00:00 AM,Con Evaporada,1.0,1.5
9325,2026-08-10,2026-08-16,8:00:00 AM,Cortadito Evaporada,1.0,2.5
9326,2026-08-10,2026-08-16,8:00:00 AM,Croqueta Bacalao,2.0,3.98
9327,2026-08-10,2026-08-16,8:00:00 AM,Croqueta Jamon,31.0,54.25
9328,2026-08-10,2026-08-16,8:00:00 AM,Croqueta Pollo,11.0,19.25
9329,2026-08-10,2026-08-16,8:00:00 AM,Croqueta Preparada,1.0,12.19
9330,2026-08-10,2026-08-16,8:00:00 AM,Deditos De Queso,2.0,3.98
9331,2026-08-10,2026-08-16,8:00:00 AM,Desallunos,39.0,480.06
9332,2026-08-10,2026-08-16,8:00:00 AM,Diet Coke,2.0,4.5
9333,2026-08-10,2026-08-16,8:00:00 AM,Empanada Carne,4.0,11.96
9334,2026-08-10,2026-08-16,8:00:00 AM,Empanada Jamon/Queso,3.0,8.97
9335,2026-08-10,2026-08-16,8:00:00 AM,Empanada Pollo,4.0,11.96
9336,2026-08-10,2026-08-16,8:00:00 AM,Empnda Espinaca/Queso,2.0,5.98
9337,2026-08-10,2026-08-16,8:00:00 AM,Enpanada Colonbiana,2.0,4.98
9338,2026-08-10,2026-08-16,8:00:00 AM,Ensalda De Tuna,1.0,11.99
9339,2026-08-10,2026-08-16,8:00:00 AM,Felitos,11.0,16.39
9340,2026-08-10,2026-08-16,8:00:00 AM,Garbanzo.Mediano,2.0,13.98
9341,2026-08-10,2026-08-16,8:00:00 AM,Guarapo,1.0,5.25
9342,2026-08-10,2026-08-16,8:00:00 AM,Huevo Con Butifara,1.0,11.99
9343,2026-08-10,2026-08-16,8:00:00 AM,Huevo Frito,2.0,3.0
9344,2026-08-10,2026-08-16,8:00:00 AM,Huevos Al Porch,3.0,38.97
9345,2026-08-10,2026-08-16,8:00:00 AM,Jugo De Manzana,1.0,3.25
9346,2026-08-10,2026-08-16,8:00:00 AM,Jugo Zanahoria Naraja,2.0,9.98
9347,2026-08-10,2026-08-16,8:00:00 AM,Jugo.Naranja,6.0,31.5
9348,2026-08-10,2026-08-16,8:00:00 AM,Maduros,1.0,4.49
9349,2026-08-10,2026-08-16,8:00:00 AM,Mariquita.Grande,1.0,45.0
9350,2026-08-10,2026-08-16,8:00:00 AM,Masas De Puerco,1.0,13.99
9351,2026-08-10,2026-08-16,8:00:00 AM,Media Noche,1.0,10.19
9352,2026-08-10,2026-08-16,8:00:00 AM,Misc Cocina,1.0,1.0
9353,2026-08-10,2026-08-16,8:00:00 AM,Newport,1.0,12.75
9354,2026-08-10,2026-08-16,8:00:00 AM,Pan Con Bistec,1.0,11.19
9355,2026-08-10,2026-08-16,8:00:00 AM,Pan Con Tortilla,1.0,10.99
9356,2026-08-10,2026-08-16,8:00:00 AM,Pan De Bono,4.0,7.96
9357,2026-08-10,2026-08-16,8:00:00 AM,Pan Jamaica,2.0,3.2
9358,2026-08-10,2026-08-16,8:00:00 AM,Papa Rellena,1.0,2.99
9359,2026-08-10,2026-08-16,8:00:00 AM,Papas Fritas,1.0,4.49
9360,2026-08-10,2026-08-16,8:00:00 AM,Pasteles Guayaba,3.0,4.5
9361,2026-08-10,2026-08-16,8:00:00 AM,Pasteles Queso,4.0,6.0
9362,2026-08-10,2026-08-16,8:00:00 AM,Pasteles Queso/Guayaba,1.0,1.5
9363,2026-08-10,2026-08-16,8:00:00 AM,Pepsi,2.0,5.0
9364,2026-08-10,2026-08-16,8:00:00 AM,Perico Ripiado,3.0,36.17
9365,2026-08-10,2026-08-16,8:00:00 AM,Picadillo,1.0,14.69
9366,2026-08-10,2026-08-16,8:00:00 AM,Queso Suizo,2.0,3.98
9367,2026-08-10,2026-08-16,8:00:00 AM,Rinconcito Breakfast,6.0,85.64
9368,2026-08-10,2026-08-16,8:00:00 AM,Sandwich Bacon,1.0,9.99
9369,2026-08-10,2026-08-16,8:00:00 AM,Sdwc Tuna Regular,3.0,32.07
9370,2026-08-10,2026-08-16,8:00:00 AM,Sopa De Res Grande,1.0,12.19
9371,2026-08-10,2026-08-16,8:00:00 AM,Sopa De Res Mediana,1.0,7.99
9372,2026-08-10,2026-08-16,8:00:00 AM,Sopa Pollo Media,1.0,5.49
9373,2026-08-10,2026-08-16,8:00:00 AM,Spriet,1.0,2.5
9375,2026-08-10,2026-08-16,8:00:00 AM,Te Caliente,1.0,2.25
9377,2026-08-10,2026-08-16,8:00:00 AM,Tortilla,2.0,21.98
9378,2026-08-10,2026-08-16,8:00:00 AM,Tostada,28.0,55.72
9379,2026-08-10,2026-08-16,8:00:00 AM,Tostada 2 Croquetas,1.0,4.99
9380,2026-08-10,2026-08-16,8:00:00 AM,Western Omlet Reg,5.0,60.55
9381,2026-08-10,2026-08-16,8:00:00 AM,Westren Omlet Clara,1.0,11.99
9382,2026-08-10,2026-08-16,8:00:00 PM,1 Bola Helado,2.0,5.98
9383,2026-08-10,2026-08-16,8:00:00 PM,1 Pieza De Cordero,2.0,35.98
9384,2026-08-10,2026-08-16,8:00:00 PM,305 Morados,3.0,18.75
9387,2026-08-10,2026-08-16,8:00:00 PM,Aguacate $5.00,1.0,5.0
9388,2026-08-10,2026-08-16,8:00:00 PM,Ajiaco Mediano,1.0,7.19
9389,2026-08-10,2026-08-16,8:00:00 PM,Albondigas.Res,3.0,43.37
9390,2026-08-10,2026-08-16,8:00:00 PM,Arros Con Mariscos,1.0,39.99
9391,2026-08-10,2026-08-16,8:00:00 PM,Arroz Blanco,4.0,13.0
9392,2026-08-10,2026-08-16,8:00:00 PM,Arroz Chiquito,4.0,12.0
9393,2026-08-10,2026-08-16,8:00:00 PM,Arroz Con Calamares,1.0,16.19
9394,2026-08-10,2026-08-16,8:00:00 PM,Arroz Con Pollo,1.0,13.69
9395,2026-08-10,2026-08-16,8:00:00 PM,Arroz Frito,4.0,56.36
9396,2026-08-10,2026-08-16,8:00:00 PM,Arroz Imperial,1.0,13.99
9397,2026-08-10,2026-08-16,8:00:00 PM,Baby Churrasco,8.0,156.32
9398,2026-08-10,2026-08-16,8:00:00 PM,Batido .Fresa,1.0,4.99
9399,2026-08-10,2026-08-16,8:00:00 PM,Batido Banana,1.0,4.99
9400,2026-08-10,2026-08-16,8:00:00 PM,Batido Fruta Bonba,1.0,4.99
9401,2026-08-10,2026-08-16,8:00:00 PM,Batido Mamey,2.0,10.98
9402,2026-08-10,2026-08-16,8:00:00 PM,Batido Mango,4.0,19.96
9403,2026-08-10,2026-08-16,8:00:00 PM,Batido Trigo,1.0,4.99
9404,2026-08-10,2026-08-16,8:00:00 PM,Bistec De Pollo,33.0,451.57
9405,2026-08-10,2026-08-16,8:00:00 PM,Bistec De Puerco,3.0,47.07
9406,2026-08-10,2026-08-16,8:00:00 PM,Bistec Palomilla,9.0,163.11
9407,2026-08-10,2026-08-16,8:00:00 PM,Boliche,1.0,14.99
9408,2026-08-10,2026-08-16,8:00:00 PM,Boliche Asado,2.0,33.38
9409,2026-08-10,2026-08-16,8:00:00 PM,Bolita De Tuna,1.0,3.25
9410,2026-08-10,2026-08-16,8:00:00 PM,Boniatillo,1.0,1.5
9411,2026-08-10,2026-08-16,8:00:00 PM,Boniato Frito,2.0,9.98
9412,2026-08-10,2026-08-16,8:00:00 PM,Boniato Hervido,2.0,9.98
9413,2026-08-10,2026-08-16,8:00:00 PM,Boñuelos,2.0,10.98
9414,2026-08-10,2026-08-16,8:00:00 PM,Caesar /Pollo,1.0,12.99
9415,2026-08-10,2026-08-16,8:00:00 PM,Cafe Con Leche Grande,2.0,9.0
9416,2026-08-10,2026-08-16,8:00:00 PM,Cafe Cubano,22.0,33.0
9417,2026-08-10,2026-08-16,8:00:00 PM,Caldo Gallego.Chiquito,1.0,4.49
9418,2026-08-10,2026-08-16,8:00:00 PM,Caldo Gallego.Mediano,1.0,8.19
9419,2026-08-10,2026-08-16,8:00:00 PM,Camarones Al Ajillo,3.0,60.17
9420,2026-08-10,2026-08-16,8:00:00 PM,Camarones Enchilado,1.0,19.99
9424,2026-08-10,2026-08-16,8:00:00 PM,Carne Con Papas,2.0,27.98
9425,2026-08-10,2026-08-16,8:00:00 PM,Chichar Pollo Sin Hues,2.0,29.18
9426,2026-08-10,2026-08-16,8:00:00 PM,Chicharron De Pollo,1.0,11.99
9427,2026-08-10,2026-08-16,8:00:00 PM,Chuletas De Puerco,2.0,28.18
9428,2026-08-10,2026-08-16,8:00:00 PM,Churrasco,13.0,342.47
9429,2026-08-10,2026-08-16,8:00:00 PM,Club Sandwich,2.0,24.38
9430,2026-08-10,2026-08-16,8:00:00 PM,Coctel De Camarones,1.0,17.0
9431,2026-08-10,2026-08-16,8:00:00 PM,Coke,5.0,12.5
9432,2026-08-10,2026-08-16,8:00:00 PM,Colada,7.0,19.25
9433,2026-08-10,2026-08-16,8:00:00 PM,Copa Vino,6.0,53.94
9434,2026-08-10,2026-08-16,8:00:00 PM,Corona,2.0,10.98
9435,2026-08-10,2026-08-16,8:00:00 PM,Cortadito,4.0,7.96
9436,2026-08-10,2026-08-16,8:00:00 PM,Cortadito Evaporada,6.0,15.0
9437,2026-08-10,2026-08-16,8:00:00 PM,Crema Brocoly,1.0,9.25
9438,2026-08-10,2026-08-16,8:00:00 PM,Crema Calabaza Median,3.0,20.97
9439,2026-08-10,2026-08-16,8:00:00 PM,Crema Calabazachiquit,2.0,9.0
9440,2026-08-10,2026-08-16,8:00:00 PM,Crema Malanga Mediana,4.0,27.96
9441,2026-08-10,2026-08-16,8:00:00 PM,Crema Malanga.Grande,7.0,73.43
9442,2026-08-10,2026-08-16,8:00:00 PM,Croqueta Bacalao,1.0,1.99
9443,2026-08-10,2026-08-16,8:00:00 PM,Croqueta Jamon,22.0,38.5
9444,2026-08-10,2026-08-16,8:00:00 PM,Croqueta Pollo,2.0,3.5
9445,2026-08-10,2026-08-16,8:00:00 PM,Cubano Especial,1.0,12.19
9446,2026-08-10,2026-08-16,8:00:00 PM,Deditos De Pescado,3.0,47.97
9447,2026-08-10,2026-08-16,8:00:00 PM,Deditos De Pollo,1.0,13.19
9448,2026-08-10,2026-08-16,8:00:00 PM,Deditos De Pollo Kids,1.0,8.19
9449,2026-08-10,2026-08-16,8:00:00 PM,Deditos De Queso,2.0,3.98
9450,2026-08-10,2026-08-16,8:00:00 PM,Diet Coke,2.0,4.5
9451,2026-08-10,2026-08-16,8:00:00 PM,Diet Materva,2.0,5.0
9452,2026-08-10,2026-08-16,8:00:00 PM,Dos Huevo Aros. Madur,1.0,8.99
9453,2026-08-10,2026-08-16,8:00:00 PM,Dulce De Leche,2.0,10.98
9454,2026-08-10,2026-08-16,8:00:00 PM,Empanada Carne,7.0,20.93
9455,2026-08-10,2026-08-16,8:00:00 PM,Empanada Jamon/Queso,3.0,8.97
9456,2026-08-10,2026-08-16,8:00:00 PM,Empanada Pollo,3.0,8.97
9457,2026-08-10,2026-08-16,8:00:00 PM,"Enpellas,Chicharones",2.0,12.0
9458,2026-08-10,2026-08-16,8:00:00 PM,Ensala Aguacat Peque,6.0,27.0
9459,2026-08-10,2026-08-16,8:00:00 PM,Ensala Pollo 2 Croquet,1.0,12.49
9460,2026-08-10,2026-08-16,8:00:00 PM,Ensalada Aguacat Grand,4.0,22.0
9461,2026-08-10,2026-08-16,8:00:00 PM,Ensalada Small,2.0,5.5
9462,2026-08-10,2026-08-16,8:00:00 PM,Epaguetti Con Jamon.Ro,1.0,12.99
9463,2026-08-10,2026-08-16,8:00:00 PM,Felitos,1.0,1.49
9464,2026-08-10,2026-08-16,8:00:00 PM,Filete Pargo En Salsa,1.0,24.0
9465,2026-08-10,2026-08-16,8:00:00 PM,Filete Pargo Plancha,1.0,22.99
9466,2026-08-10,2026-08-16,8:00:00 PM,Filete Pescado Planch,3.0,50.97
9467,2026-08-10,2026-08-16,8:00:00 PM,Filete Salmon,1.0,18.0
9468,2026-08-10,2026-08-16,8:00:00 PM,Filetillo Pollo Planch,1.0,14.99
9469,2026-08-10,2026-08-16,8:00:00 PM,Flan,4.0,19.96
9470,2026-08-10,2026-08-16,8:00:00 PM,Flan Especial,4.0,23.96
9471,2026-08-10,2026-08-16,8:00:00 PM,Fricase De Pollo,1.0,10.99
9472,2026-08-10,2026-08-16,8:00:00 PM,Fricase Puerco,2.0,28.9
9473,2026-08-10,2026-08-16,8:00:00 PM,Frijol Pequeno,2.0,5.98
9474,2026-08-10,2026-08-16,8:00:00 PM,Frituras De Malanga,2.0,13.0
9475,2026-08-10,2026-08-16,8:00:00 PM,Garbanzo.Mediano,3.0,20.97
9476,2026-08-10,2026-08-16,8:00:00 PM,Guarapo,1.0,5.25
9477,2026-08-10,2026-08-16,8:00:00 PM,Guiso Maiz Grande,3.0,31.47
9478,2026-08-10,2026-08-16,8:00:00 PM,Guiso.Maiz Mediano,4.0,27.96
9479,2026-08-10,2026-08-16,8:00:00 PM,Hamburquesa.Con Queso,2.0,22.38
9480,2026-08-10,2026-08-16,8:00:00 PM,Heineken,7.0,38.43
9481,2026-08-10,2026-08-16,8:00:00 PM,Higado Italiana,1.0,14.99
9482,2026-08-10,2026-08-16,8:00:00 PM,Horde Depan,1.0,1.5
9483,2026-08-10,2026-08-16,8:00:00 PM,Horden De 3 Chicharone,3.0,9.75
9484,2026-08-10,2026-08-16,8:00:00 PM,Huevo Frito,2.0,3.0
9485,2026-08-10,2026-08-16,8:00:00 PM,Jamo.Piern.Chor.Queso,1.0,12.19
9486,2026-08-10,2026-08-16,8:00:00 PM,Jugo De Manzana,1.0,3.25
9487,2026-08-10,2026-08-16,8:00:00 PM,Jugo Maraculla,2.0,9.0
9488,2026-08-10,2026-08-16,8:00:00 PM,Jugo Pina,3.0,13.5
9489,2026-08-10,2026-08-16,8:00:00 PM,Jugo Zanahoria Naraja,2.0,9.98
9490,2026-08-10,2026-08-16,8:00:00 PM,Jugo.Naranja,6.0,31.5
9491,2026-08-10,2026-08-16,8:00:00 PM,Juntas,3.0,0.0
9492,2026-08-10,2026-08-16,8:00:00 PM,Jupina Dieta,4.0,10.0
9493,2026-08-10,2026-08-16,8:00:00 PM,Jupiña,5.0,12.5
9494,2026-08-10,2026-08-16,8:00:00 PM,Lechon Asado,1.0,13.99
9495,2026-08-10,2026-08-16,8:00:00 PM,Lechuga Cebolla Pepino,1.0,4.99
9496,2026-08-10,2026-08-16,8:00:00 PM,Lentejas Mediana,1.0,6.99
9497,2026-08-10,2026-08-16,8:00:00 PM,Limanada Coco,4.0,23.96
9498,2026-08-10,2026-08-16,8:00:00 PM,Limonada,5.0,22.5
9499,2026-08-10,2026-08-16,8:00:00 PM,Madio.Pollo A La Brasa,1.0,14.99
9500,2026-08-10,2026-08-16,8:00:00 PM,Maduros,1.0,4.49
9501,2026-08-10,2026-08-16,8:00:00 PM,Malboro Light,2.0,24.0
9502,2026-08-10,2026-08-16,8:00:00 PM,Malta,1.0,3.25
9503,2026-08-10,2026-08-16,8:00:00 PM,Mariquitas,3.0,17.97
9504,2026-08-10,2026-08-16,8:00:00 PM,Mariquitas..Mixta,1.0,5.49
9505,2026-08-10,2026-08-16,8:00:00 PM,Masas De Puerco,5.0,70.35
9506,2026-08-10,2026-08-16,8:00:00 PM,Materva,3.0,7.5
9507,2026-08-10,2026-08-16,8:00:00 PM,Media Noche,3.0,30.37
9508,2026-08-10,2026-08-16,8:00:00 PM,Medio Pollo A Brasa,1.0,13.19
9509,2026-08-10,2026-08-16,8:00:00 PM,Melon..Sandia,3.0,13.5
9510,2026-08-10,2026-08-16,8:00:00 PM,Milanesa Res,3.0,60.37
9511,2026-08-10,2026-08-16,8:00:00 PM,Miller Light,2.0,9.98
9512,2026-08-10,2026-08-16,8:00:00 PM,Mini Sandwich,1.0,6.19
9513,2026-08-10,2026-08-16,8:00:00 PM,Misc Cocina,3.0,78.0
9514,2026-08-10,2026-08-16,8:00:00 PM,Modelo,1.0,5.49
9515,2026-08-10,2026-08-16,8:00:00 PM,Mofongo Puerco,1.0,16.99
9516,2026-08-10,2026-08-16,8:00:00 PM,Mofongo Solo,1.0,7.99
9517,2026-08-10,2026-08-16,8:00:00 PM,Moros,1.0,3.99
9518,2026-08-10,2026-08-16,8:00:00 PM,Natilla,2.0,9.98
9519,2026-08-10,2026-08-16,8:00:00 PM,Pan Con Bistec,7.0,79.33
9520,2026-08-10,2026-08-16,8:00:00 PM,Pan Con Lechon,2.0,19.38
9521,2026-08-10,2026-08-16,8:00:00 PM,Pan Con Tortilla,1.0,11.19
9522,2026-08-10,2026-08-16,8:00:00 PM,Pan Jamaica,1.0,1.6
9523,2026-08-10,2026-08-16,8:00:00 PM,Papa Rellena,4.0,11.96
9524,2026-08-10,2026-08-16,8:00:00 PM,Papas Fritas,2.0,8.98
9525,2026-08-10,2026-08-16,8:00:00 PM,Pargo Frito Entero,1.0,25.99
9526,2026-08-10,2026-08-16,8:00:00 PM,Picadillo,3.0,42.67
9527,2026-08-10,2026-08-16,8:00:00 PM,Pizza Peperoni,1.0,12.99
9528,2026-08-10,2026-08-16,8:00:00 PM,Pizza Personal,1.0,10.99
9529,2026-08-10,2026-08-16,8:00:00 PM,Pollo Empanizado,1.0,14.69
9530,2026-08-10,2026-08-16,8:00:00 PM,Pudin Diplomatico,1.0,5.49
9531,2026-08-10,2026-08-16,8:00:00 PM,Queso Suizo,1.0,1.99
9532,2026-08-10,2026-08-16,8:00:00 PM,Rabo Encendido,3.0,72.57
9533,2026-08-10,2026-08-16,8:00:00 PM,Racion De Malanga,2.0,11.98
9534,2026-08-10,2026-08-16,8:00:00 PM,Riñonada,2.0,42.18
9535,2026-08-10,2026-08-16,8:00:00 PM,Ropa Vieja,5.0,82.05
9536,2026-08-10,2026-08-16,8:00:00 PM,Rueda De Serrucho,4.0,62.56
9537,2026-08-10,2026-08-16,8:00:00 PM,Sandwiche Queso Regula,1.0,9.19
9538,2026-08-10,2026-08-16,8:00:00 PM,Sm Sopa Pescado,1.0,4.25
9539,2026-08-10,2026-08-16,8:00:00 PM,Sopa De Pollo Grande,6.0,50.94
9540,2026-08-10,2026-08-16,8:00:00 PM,Sopa De Res Grande,4.0,47.96
9541,2026-08-10,2026-08-16,8:00:00 PM,Sopa Pescado Grande,1.0,10.99
9542,2026-08-10,2026-08-16,8:00:00 PM,Sopa Pescado Mediana,2.0,13.98
9543,2026-08-10,2026-08-16,8:00:00 PM,Sopa Platano Grande,1.0,10.49
9544,2026-08-10,2026-08-16,8:00:00 PM,Sopa Pollo Media,14.0,76.86
9545,2026-08-10,2026-08-16,8:00:00 PM,Spaghetti Pollo Alfred,2.0,29.98
9546,2026-08-10,2026-08-16,8:00:00 PM,Spriet,2.0,5.0
9547,2026-08-10,2026-08-16,8:00:00 PM,Stella Artois,1.0,5.49
9549,2026-08-10,2026-08-16,8:00:00 PM,Tamal,2.0,5.98
9550,2026-08-10,2026-08-16,8:00:00 PM,Tamal.Cazuela Grande,2.0,22.18
9552,2026-08-10,2026-08-16,8:00:00 PM,Tortilla,2.0,22.18
9553,2026-08-10,2026-08-16,8:00:00 PM,Tostada,5.0,9.95
9554,2026-08-10,2026-08-16,8:00:00 PM,Tostada 2 Croquetas,1.0,4.99
9555,2026-08-10,2026-08-16,8:00:00 PM,Tostones,2.0,9.98
9556,2026-08-10,2026-08-16,8:00:00 PM,Vaca Frita,20.0,336.4
9557,2026-08-10,2026-08-16,8:00:00 PM,Vegetal.Hervido,1.0,4.99
9559,2026-08-10,2026-08-16,9:00:00 AM,1 Bola Helado,1.0,2.99
9560,2026-08-10,2026-08-16,9:00:00 AM,"3,,Panqueques",1.0,5.99
9562,2026-08-10,2026-08-16,9:00:00 AM,Agua Natural,2.0,3.98
9563,2026-08-10,2026-08-16,9:00:00 AM,Aguacate $5.00,2.0,10.0
9564,2026-08-10,2026-08-16,9:00:00 AM,Albondigas.Res,1.0,14.19
9565,2026-08-10,2026-08-16,9:00:00 AM,Baby Churrasco,1.0,19.99
9566,2026-08-10,2026-08-16,9:00:00 AM,Bacon,1.0,4.99
9567,2026-08-10,2026-08-16,9:00:00 AM,Batido Fruta Bonba,1.0,4.99
9568,2026-08-10,2026-08-16,9:00:00 AM,Batido Mamey,1.0,5.49
9569,2026-08-10,2026-08-16,9:00:00 AM,Batido Trigo,1.0,4.99
9570,2026-08-10,2026-08-16,9:00:00 AM,Bistec A Caballo,7.0,101.43
9571,2026-08-10,2026-08-16,9:00:00 AM,Bistec De Pollo,1.0,15.69
9572,2026-08-10,2026-08-16,9:00:00 AM,Caf.Lec.Evap.Chico,1.0,3.0
9573,2026-08-10,2026-08-16,9:00:00 AM,Cafe Americano Chiquit,1.0,2.99
9574,2026-08-10,2026-08-16,9:00:00 AM,Cafe Con Leche Grande,6.0,27.0
9575,2026-08-10,2026-08-16,9:00:00 AM,Cafe Con Leche Mediano,4.0,15.0
9576,2026-08-10,2026-08-16,9:00:00 AM,Cafe Con Leche Pequeno,21.0,52.5
9577,2026-08-10,2026-08-16,9:00:00 AM,Cafe Cubano,16.0,24.0
9579,2026-08-10,2026-08-16,9:00:00 AM,Chevere,2.0,2.5
9580,2026-08-10,2026-08-16,9:00:00 AM,Chicharo Mediano,1.0,6.99
9581,2026-08-10,2026-08-16,9:00:00 AM,Chicharron De Pollo,2.0,23.98
9582,2026-08-10,2026-08-16,9:00:00 AM,Cholcolate Chico,1.0,2.89
9583,2026-08-10,2026-08-16,9:00:00 AM,Choripan,1.0,9.99
9584,2026-08-10,2026-08-16,9:00:00 AM,Chuletas De Puerco,1.0,13.69
9585,2026-08-10,2026-08-16,9:00:00 AM,Club Sandwich,1.0,12.19
9586,2026-08-10,2026-08-16,9:00:00 AM,Coke,2.0,5.0
9587,2026-08-10,2026-08-16,9:00:00 AM,Coke Cero,2.0,5.0
9588,2026-08-10,2026-08-16,9:00:00 AM,Colada,4.0,11.0
9589,2026-08-10,2026-08-16,9:00:00 AM,Con Evaporada,3.0,4.5
9590,2026-08-10,2026-08-16,9:00:00 AM,Cortadito,8.0,16.44
9591,2026-08-10,2026-08-16,9:00:00 AM,Cortadito Evaporada,1.0,2.5
9592,2026-08-10,2026-08-16,9:00:00 AM,Crema Malanga Mediana,1.0,6.99
9593,2026-08-10,2026-08-16,9:00:00 AM,Crema Malanga.Grande,2.0,20.98
9594,2026-08-10,2026-08-16,9:00:00 AM,Croqueta Bacalao,12.0,23.88
9595,2026-08-10,2026-08-16,9:00:00 AM,Croqueta Jamon,29.0,50.75
9596,2026-08-10,2026-08-16,9:00:00 AM,Croqueta Pollo,4.0,7.0
9597,2026-08-10,2026-08-16,9:00:00 AM,Croqueta Preparada,1.0,11.99
9598,2026-08-10,2026-08-16,9:00:00 AM,Cubano Especial,1.0,11.99
9599,2026-08-10,2026-08-16,9:00:00 AM,Cubano Regular,4.0,40.56
9600,2026-08-10,2026-08-16,9:00:00 AM,Deditos De Queso,7.0,13.93
9601,2026-08-10,2026-08-16,9:00:00 AM,Desallunos,64.0,795.01
9602,2026-08-10,2026-08-16,9:00:00 AM,Diet Coke,2.0,4.5
9603,2026-08-10,2026-08-16,9:00:00 AM,Diet Materva,1.0,2.5
9604,2026-08-10,2026-08-16,9:00:00 AM,Dos Huevo Aros. Madur,1.0,8.99
9605,2026-08-10,2026-08-16,9:00:00 AM,Empanada Carne,7.0,20.93
9606,2026-08-10,2026-08-16,9:00:00 AM,Empanada Jamon/Queso,6.0,17.94
9607,2026-08-10,2026-08-16,9:00:00 AM,Empanada Pollo,7.0,20.93
9608,2026-08-10,2026-08-16,9:00:00 AM,Empnda Espinaca/Queso,2.0,5.98
9609,2026-08-10,2026-08-16,9:00:00 AM,Enpanada Colonbiana,2.0,4.98
9610,2026-08-10,2026-08-16,9:00:00 AM,Ensalda De Tuna,1.0,11.99
9611,2026-08-10,2026-08-16,9:00:00 AM,Fabada Mediana,1.0,7.19
9612,2026-08-10,2026-08-16,9:00:00 AM,Felitos,7.0,10.43
9613,2026-08-10,2026-08-16,9:00:00 AM,Filetillo De Carne,1.0,15.69
9614,2026-08-10,2026-08-16,9:00:00 AM,Frijol Grande,2.0,15.98
9615,2026-08-10,2026-08-16,9:00:00 AM,Frita Cubana,1.0,10.19
9616,2026-08-10,2026-08-16,9:00:00 AM,Galleta Deliciosas,2.0,7.2
9617,2026-08-10,2026-08-16,9:00:00 AM,Garbanzo.Mediano,2.0,13.98
9618,2026-08-10,2026-08-16,9:00:00 AM,Guarapo,1.0,5.25
9619,2026-08-10,2026-08-16,9:00:00 AM,Harina Grande,1.0,10.19
9620,2026-08-10,2026-08-16,9:00:00 AM,Harina Mediana,1.0,6.25
9621,2026-08-10,2026-08-16,9:00:00 AM,Harina Pequeña,1.0,3.99
9622,2026-08-10,2026-08-16,9:00:00 AM,Horden De 3 Chicharone,2.0,6.5
9623,2026-08-10,2026-08-16,9:00:00 AM,Huevo Con Butifara,1.0,11.99
9624,2026-08-10,2026-08-16,9:00:00 AM,Huevo Frito,10.0,15.0
9625,2026-08-10,2026-08-16,9:00:00 AM,Huevos Al Porch,2.0,23.98
9626,2026-08-10,2026-08-16,9:00:00 AM,Jugo Pina,3.0,13.5
9627,2026-08-10,2026-08-16,9:00:00 AM,Jugo Zanahoria Naraja,2.0,9.98
9628,2026-08-10,2026-08-16,9:00:00 AM,Jugo.Naranja,20.0,105.0
9629,2026-08-10,2026-08-16,9:00:00 AM,Lentejas Mediana,1.0,6.99
9630,2026-08-10,2026-08-16,9:00:00 AM,Maduros,3.0,13.47
9631,2026-08-10,2026-08-16,9:00:00 AM,Malta,2.0,6.5
9632,2026-08-10,2026-08-16,9:00:00 AM,Mariquitas,1.0,5.99
9633,2026-08-10,2026-08-16,9:00:00 AM,Masas De Puerco,1.0,13.69
9634,2026-08-10,2026-08-16,9:00:00 AM,Media Noche,6.0,61.14
9635,2026-08-10,2026-08-16,9:00:00 AM,Medio Pollo Frito,1.0,13.69
9636,2026-08-10,2026-08-16,9:00:00 AM,Medio Pollo.Asado,1.0,13.19
9637,2026-08-10,2026-08-16,9:00:00 AM,Melon..Sandia,3.0,13.5
9638,2026-08-10,2026-08-16,9:00:00 AM,Miami Sandwich,3.0,36.57
9639,2026-08-10,2026-08-16,9:00:00 AM,Misc Cocina,1.0,10.0
9640,2026-08-10,2026-08-16,9:00:00 AM,Mixto Pavo Espinaca,1.0,12.49
9641,2026-08-10,2026-08-16,9:00:00 AM,Mofongo Solo,1.0,7.99
9642,2026-08-10,2026-08-16,9:00:00 AM,Moros,1.0,3.99
9643,2026-08-10,2026-08-16,9:00:00 AM,Pan Con Bistec,1.0,11.19
9644,2026-08-10,2026-08-16,9:00:00 AM,Pan Con Lechon,1.0,9.69
9645,2026-08-10,2026-08-16,9:00:00 AM,Pan Con Tortilla,4.0,44.36
9646,2026-08-10,2026-08-16,9:00:00 AM,Pan De Bono,4.0,7.96
9647,2026-08-10,2026-08-16,9:00:00 AM,Papa Casa,2.0,7.98
9648,2026-08-10,2026-08-16,9:00:00 AM,Papas Fritas,2.0,8.98
9649,2026-08-10,2026-08-16,9:00:00 AM,Pasteles Guayaba,13.0,19.5
9650,2026-08-10,2026-08-16,9:00:00 AM,Pasteles Queso/Guayaba,1.0,1.5
9651,2026-08-10,2026-08-16,9:00:00 AM,Perico De Claras,1.0,13.99
9652,2026-08-10,2026-08-16,9:00:00 AM,Perico Ripiado,10.0,122.05
9653,2026-08-10,2026-08-16,9:00:00 AM,Rinconcito Breakfast,6.0,84.94
9654,2026-08-10,2026-08-16,9:00:00 AM,Sand Jamon Queso,1.0,8.99
9655,2026-08-10,2026-08-16,9:00:00 AM,Sandwich Bacon,2.0,22.98
9656,2026-08-10,2026-08-16,9:00:00 AM,Sdwc Tuna Regular,2.0,21.38
9657,2026-08-10,2026-08-16,9:00:00 AM,Sopa De Pollo Grande,1.0,8.49
9658,2026-08-10,2026-08-16,9:00:00 AM,Sopa De Res Grande,1.0,12.19
9659,2026-08-10,2026-08-16,9:00:00 AM,Sopa De Res Mediana,2.0,15.98
9660,2026-08-10,2026-08-16,9:00:00 AM,Sopa Pollo Media,1.0,5.49
9661,2026-08-10,2026-08-16,9:00:00 AM,Spriet,1.0,2.5
9663,2026-08-10,2026-08-16,9:00:00 AM,Tama. Cazuela Chiquito,1.0,4.5
9665,2026-08-10,2026-08-16,9:00:00 AM,Tortilla,7.0,82.03
9666,2026-08-10,2026-08-16,9:00:00 AM,Tostada,21.0,41.79
9667,2026-08-10,2026-08-16,9:00:00 AM,Tostada 2 Croquetas,1.0,4.99
9668,2026-08-10,2026-08-16,9:00:00 AM,Vaca Frita,1.0,15.99
9669,2026-08-10,2026-08-16,9:00:00 AM,Western Omlet Reg,2.0,22.18
9671,2026-08-10,2026-08-16,9:00:00 PM,1 Bola Helado,2.0,5.98
9672,2026-08-10,2026-08-16,9:00:00 PM,2 Piezas De Cordero,1.0,25.19
9675,2026-08-10,2026-08-16,9:00:00 PM,Ajiaco Mediano,3.0,21.17
9676,2026-08-10,2026-08-16,9:00:00 PM,Albondigas.Res,1.0,14.19
9677,2026-08-10,2026-08-16,9:00:00 PM,Arros.Grande,1.0,55.0
9678,2026-08-10,2026-08-16,9:00:00 PM,Arros.Mediano.Avalado,1.0,40.0
9679,2026-08-10,2026-08-16,9:00:00 PM,Arroz Blanco,4.0,13.0
9680,2026-08-10,2026-08-16,9:00:00 PM,Arroz Chiquito,2.0,6.5
9681,2026-08-10,2026-08-16,9:00:00 PM,Arroz Frito,5.0,67.85
9682,2026-08-10,2026-08-16,9:00:00 PM,Arroz Pollo.Desmenuza,1.0,12.49
9683,2026-08-10,2026-08-16,9:00:00 PM,Baby Churrasco,4.0,78.16
9684,2026-08-10,2026-08-16,9:00:00 PM,Batido Chocolate,1.0,4.99
9685,2026-08-10,2026-08-16,9:00:00 PM,Batido Mamey,5.0,27.45
9686,2026-08-10,2026-08-16,9:00:00 PM,Batido Vainilla,1.0,4.99
9687,2026-08-10,2026-08-16,9:00:00 PM,Bistec De Pollo,11.0,151.99
9688,2026-08-10,2026-08-16,9:00:00 PM,Bistec De Puerco,2.0,32.88
9689,2026-08-10,2026-08-16,9:00:00 PM,Bistec Palomilla,4.0,72.36
9690,2026-08-10,2026-08-16,9:00:00 PM,Caf.Lec.Evap.Media,1.0,4.5
9691,2026-08-10,2026-08-16,9:00:00 PM,Cafe Con Leche Grande,1.0,4.5
9692,2026-08-10,2026-08-16,9:00:00 PM,Cafe Cubano,4.0,6.0
9693,2026-08-10,2026-08-16,9:00:00 PM,Caldosos,1.0,0.0
9694,2026-08-10,2026-08-16,9:00:00 PM,Camarones Enchilado,1.0,19.99
9696,2026-08-10,2026-08-16,9:00:00 PM,Chuletas De Puerco,1.0,14.49
9697,2026-08-10,2026-08-16,9:00:00 PM,Churrasco,3.0,78.17
9698,2026-08-10,2026-08-16,9:00:00 PM,Churros.Solo.4,1.0,4.99
9699,2026-08-10,2026-08-16,9:00:00 PM,Coke,2.0,5.0
9700,2026-08-10,2026-08-16,9:00:00 PM,Coke Cero,1.0,2.5
9701,2026-08-10,2026-08-16,9:00:00 PM,Colada,4.0,11.0
9702,2026-08-10,2026-08-16,9:00:00 PM,Copa Vino,1.0,8.99
9703,2026-08-10,2026-08-16,9:00:00 PM,Corona,3.0,16.47
9704,2026-08-10,2026-08-16,9:00:00 PM,Cortadito Evaporada,2.0,5.0
9705,2026-08-10,2026-08-16,9:00:00 PM,Crema Malanga Mediana,5.0,34.95
9706,2026-08-10,2026-08-16,9:00:00 PM,Crema Malanga.Grande,2.0,20.98
9707,2026-08-10,2026-08-16,9:00:00 PM,Croqueta Jamon,6.0,10.5
9708,2026-08-10,2026-08-16,9:00:00 PM,Cubano Especial,1.0,11.99
9709,2026-08-10,2026-08-16,9:00:00 PM,Cubano Regular,3.0,30.17
9710,2026-08-10,2026-08-16,9:00:00 PM,Deditos De Pollo,2.0,26.18
9711,2026-08-10,2026-08-16,9:00:00 PM,Deditos De Pollo Kids,1.0,8.19
9712,2026-08-10,2026-08-16,9:00:00 PM,Desallunos,1.0,11.99
9713,2026-08-10,2026-08-16,9:00:00 PM,Diet Coke,1.0,2.25
9714,2026-08-10,2026-08-16,9:00:00 PM,Empanada Carne,4.0,11.96
9715,2026-08-10,2026-08-16,9:00:00 PM,Empanada Jamon/Queso,2.0,5.98
9716,2026-08-10,2026-08-16,9:00:00 PM,Empanada Pollo,2.0,5.98
9717,2026-08-10,2026-08-16,9:00:00 PM,Empnda Espinaca/Queso,1.0,2.99
9718,2026-08-10,2026-08-16,9:00:00 PM,Enpanisado. Res,2.0,32.38
9719,2026-08-10,2026-08-16,9:00:00 PM,Ensala Aguacat Peque,3.0,13.5
9720,2026-08-10,2026-08-16,9:00:00 PM,Ensala Pollo 2 Croquet,1.0,12.49
9721,2026-08-10,2026-08-16,9:00:00 PM,Ensalada Small,1.0,2.75
9722,2026-08-10,2026-08-16,9:00:00 PM,Fabada Mediana,1.0,7.19
9723,2026-08-10,2026-08-16,9:00:00 PM,Filete Pescado Planch,2.0,34.18
9724,2026-08-10,2026-08-16,9:00:00 PM,Filete Salmon,1.0,20.0
9725,2026-08-10,2026-08-16,9:00:00 PM,Filetillo Pollo Planch,1.0,14.99
9726,2026-08-10,2026-08-16,9:00:00 PM,Filetillo Res Plancha,1.0,14.99
9727,2026-08-10,2026-08-16,9:00:00 PM,Filetillo Res Salsa,1.0,15.19
9728,2026-08-10,2026-08-16,9:00:00 PM,Flan,1.0,4.99
9729,2026-08-10,2026-08-16,9:00:00 PM,Flan Especial,1.0,5.99
9730,2026-08-10,2026-08-16,9:00:00 PM,Frijol Pequeno,1.0,2.99
9731,2026-08-10,2026-08-16,9:00:00 PM,Garbanzo Grande,2.0,20.98
9732,2026-08-10,2026-08-16,9:00:00 PM,Garbanzo.Frito,1.0,14.19
9733,2026-08-10,2026-08-16,9:00:00 PM,Imperial,1.0,13.49
9734,2026-08-10,2026-08-16,9:00:00 PM,Jarrito Naranja,1.0,3.49
9735,2026-08-10,2026-08-16,9:00:00 PM,Jugo De Manzana,1.0,3.25
9736,2026-08-10,2026-08-16,9:00:00 PM,Jugo Maraculla,2.0,9.0
9737,2026-08-10,2026-08-16,9:00:00 PM,Jugo Pina,1.0,4.5
9738,2026-08-10,2026-08-16,9:00:00 PM,Jugo Zanahoria Naraja,1.0,4.99
9739,2026-08-10,2026-08-16,9:00:00 PM,Jugo.Naranja,1.0,5.25
9740,2026-08-10,2026-08-16,9:00:00 PM,Limanada Coco,1.0,5.99
9741,2026-08-10,2026-08-16,9:00:00 PM,Limonada,2.0,9.0
9742,2026-08-10,2026-08-16,9:00:00 PM,Limonada Fresa,1.0,5.99
9743,2026-08-10,2026-08-16,9:00:00 PM,Maduros,1.0,4.49
9744,2026-08-10,2026-08-16,9:00:00 PM,Mariquitas,1.0,5.99
9745,2026-08-10,2026-08-16,9:00:00 PM,Mariquitas.Togo,1.0,4.5
9746,2026-08-10,2026-08-16,9:00:00 PM,Masas De Puerco,4.0,56.36
9747,2026-08-10,2026-08-16,9:00:00 PM,Media Noche,1.0,10.19
9748,2026-08-10,2026-08-16,9:00:00 PM,Melon..Sandia,4.0,18.0
9749,2026-08-10,2026-08-16,9:00:00 PM,Milanesa De Pollo,2.0,31.98
9750,2026-08-10,2026-08-16,9:00:00 PM,Modelo,2.0,10.98
9751,2026-08-10,2026-08-16,9:00:00 PM,Natilla Catalana,1.0,6.25
9752,2026-08-10,2026-08-16,9:00:00 PM,Pan Con Bistec,4.0,44.16
9753,2026-08-10,2026-08-16,9:00:00 PM,Pargo Frito Entero,2.0,51.98
9754,2026-08-10,2026-08-16,9:00:00 PM,Pepsi,1.0,2.5
9755,2026-08-10,2026-08-16,9:00:00 PM,Picadillo,1.0,13.69
9756,2026-08-10,2026-08-16,9:00:00 PM,Pina Colada,2.0,13.98
9757,2026-08-10,2026-08-16,9:00:00 PM,Pizza De Queso,1.0,10.99
9758,2026-08-10,2026-08-16,9:00:00 PM,Potaje Colorados Media,1.0,7.19
9759,2026-08-10,2026-08-16,9:00:00 PM,Riñonada,1.0,20.99
9760,2026-08-10,2026-08-16,9:00:00 PM,Ropa Vieja,1.0,16.69
9761,2026-08-10,2026-08-16,9:00:00 PM,Rueda De Serrucho,1.0,15.99
9762,2026-08-10,2026-08-16,9:00:00 PM,Sopa De Pollo Grande,6.0,50.94
9763,2026-08-10,2026-08-16,9:00:00 PM,Sopa De Res Grande,2.0,23.98
9764,2026-08-10,2026-08-16,9:00:00 PM,Sopa Platano Mediana,1.0,6.99
9765,2026-08-10,2026-08-16,9:00:00 PM,Sopa Pollo Media,5.0,27.45
9766,2026-08-10,2026-08-16,9:00:00 PM,Sopa. Pollo Chiquita,1.0,3.5
9767,2026-08-10,2026-08-16,9:00:00 PM,Spriet,3.0,7.5
9769,2026-08-10,2026-08-16,9:00:00 PM,Tamal Cazuela.Mediano,1.0,6.99
9771,2026-08-10,2026-08-16,9:00:00 PM,Tostada,2.0,3.98
9772,2026-08-10,2026-08-16,9:00:00 PM,Tostones,2.0,9.98
9773,2026-08-10,2026-08-16,9:00:00 PM,Tres Leches,2.0,11.98
9774,2026-08-10,2026-08-16,9:00:00 PM,Vaca Frita,5.0,83.75
9775,2026-08-10,2026-08-16,9:00:00 PM,Yuca Frita,1.0,5.49
9777,2026-08-17,2026-08-21,10:00:00 AM,"1,,Wafle",1.0,2.5
9778,2026-08-17,2026-08-21,10:00:00 AM,1.Solo.Panquey,1.0,2.25
9779,2026-08-17,2026-08-21,10:00:00 AM,"3,,Panqueques",1.0,5.99
9780,2026-08-17,2026-08-21,10:00:00 AM,305 Morados,1.0,6.25
9783,2026-08-17,2026-08-21,10:00:00 AM,Agua Natural,1.0,1.99
9784,2026-08-17,2026-08-21,10:00:00 AM,Aguacate $5.00,2.0,10.0
9785,2026-08-17,2026-08-21,10:00:00 AM,Aguacate De 3.00,1.0,3.0
9786,2026-08-17,2026-08-21,10:00:00 AM,Aguacate$4.00,3.0,12.0
9787,2026-08-17,2026-08-21,10:00:00 AM,Ajiaco..Grande,5.0,53.25
9788,2026-08-17,2026-08-21,10:00:00 AM,Arros Con Mariscos,3.0,120.57
9789,2026-08-17,2026-08-21,10:00:00 AM,Arroz Blanco,1.0,3.25
9790,2026-08-17,2026-08-21,10:00:00 AM,Arroz Imperial,1.0,14.19
9791,2026-08-17,2026-08-21,10:00:00 AM,Baby Churrasco,3.0,54.17
9792,2026-08-17,2026-08-21,10:00:00 AM,Bacon,2.0,9.98
9793,2026-08-17,2026-08-21,10:00:00 AM,Banana,1.0,0.5
9794,2026-08-17,2026-08-21,10:00:00 AM,Bananas.3 $ 1.50,1.0,1.5
9795,2026-08-17,2026-08-21,10:00:00 AM,Batido Fruta Bonba,5.0,24.95
9796,2026-08-17,2026-08-21,10:00:00 AM,Batido Mamey,5.0,27.45
9797,2026-08-17,2026-08-21,10:00:00 AM,Batido Mango,1.0,4.99
9798,2026-08-17,2026-08-21,10:00:00 AM,Bistec A Caballo,2.0,28.98
9799,2026-08-17,2026-08-21,10:00:00 AM,Bistec De Pollo,9.0,123.21000000000001
9800,2026-08-17,2026-08-21,10:00:00 AM,Bistec Palomilla,1.0,18.19
9801,2026-08-17,2026-08-21,10:00:00 AM,Cafe Americano Chiquit,1.0,2.99
9802,2026-08-17,2026-08-21,10:00:00 AM,Cafe Con Leche Grande,4.0,18.0
9803,2026-08-17,2026-08-21,10:00:00 AM,Cafe Con Leche Pequeno,8.0,20.0
9804,2026-08-17,2026-08-21,10:00:00 AM,Cafe Cubano,22.0,33.0
9805,2026-08-17,2026-08-21,10:00:00 AM,Cafecito,5.0,4.95
9807,2026-08-17,2026-08-21,10:00:00 AM,Carne Con Papas,1.0,14.19
9808,2026-08-17,2026-08-21,10:00:00 AM,Chevere,2.0,2.5
9809,2026-08-17,2026-08-21,10:00:00 AM,Chicharo Mediano,1.0,6.99
9810,2026-08-17,2026-08-21,10:00:00 AM,Chimichurri,1.0,1.25
9811,2026-08-17,2026-08-21,10:00:00 AM,Chocolate Med,1.0,2.99
9812,2026-08-17,2026-08-21,10:00:00 AM,Club Sandwich,1.0,11.99
9813,2026-08-17,2026-08-21,10:00:00 AM,Colada,9.0,24.75
9814,2026-08-17,2026-08-21,10:00:00 AM,Colorados Grande,1.0,9.69
9815,2026-08-17,2026-08-21,10:00:00 AM,Con Evaporada,2.0,3.0
9816,2026-08-17,2026-08-21,10:00:00 AM,Cortadito,1.0,1.99
9817,2026-08-17,2026-08-21,10:00:00 AM,Cortadito Evaporada,2.0,5.0
9818,2026-08-17,2026-08-21,10:00:00 AM,Crema Calabaza Median,1.0,6.99
9819,2026-08-17,2026-08-21,10:00:00 AM,Crema Malanga Mediana,5.0,34.95
9820,2026-08-17,2026-08-21,10:00:00 AM,Crema Malanga.Grande,2.0,20.98
9821,2026-08-17,2026-08-21,10:00:00 AM,Crema Vegetales Median,1.0,6.99
9822,2026-08-17,2026-08-21,10:00:00 AM,Croqueta Bacalao,4.0,7.96
9823,2026-08-17,2026-08-21,10:00:00 AM,Croqueta Jamon,20.0,35.0
9824,2026-08-17,2026-08-21,10:00:00 AM,Croqueta Preparada,1.0,12.19
9825,2026-08-17,2026-08-21,10:00:00 AM,Cubano Regular,2.0,20.38
9826,2026-08-17,2026-08-21,10:00:00 AM,Deditos De Pescado,1.0,15.99
9827,2026-08-17,2026-08-21,10:00:00 AM,Desallunos,24.0,295.56
9828,2026-08-17,2026-08-21,10:00:00 AM,Desayuno Baby,1.0,8.99
9829,2026-08-17,2026-08-21,10:00:00 AM,Diet Coke,1.0,2.25
9830,2026-08-17,2026-08-21,10:00:00 AM,Empanada Carne,5.0,14.95
9831,2026-08-17,2026-08-21,10:00:00 AM,Empanada Jamon/Queso,3.0,8.97
9832,2026-08-17,2026-08-21,10:00:00 AM,Empanada Pollo,3.0,8.97
9833,2026-08-17,2026-08-21,10:00:00 AM,Empnda Espinaca/Queso,1.0,2.99
9834,2026-08-17,2026-08-21,10:00:00 AM,Ensala Aguacat Peque,4.0,18.0
9835,2026-08-17,2026-08-21,10:00:00 AM,Ensalada Small,1.0,2.75
9836,2026-08-17,2026-08-21,10:00:00 AM,Fabada Grande,1.0,10.69
9837,2026-08-17,2026-08-21,10:00:00 AM,Filete Pescado Planch,4.0,70.76
9838,2026-08-17,2026-08-21,10:00:00 AM,Filetillo Res Plancha,1.0,15.19
9839,2026-08-17,2026-08-21,10:00:00 AM,Fricase Puerco,2.0,26.9
9840,2026-08-17,2026-08-21,10:00:00 AM,Frijol Grande,2.0,15.98
9841,2026-08-17,2026-08-21,10:00:00 AM,Frita Cubana,1.0,10.19
9842,2026-08-17,2026-08-21,10:00:00 AM,Frituras De Malanga,1.0,6.5
9843,2026-08-17,2026-08-21,10:00:00 AM,Garbanzo Grande,1.0,10.49
9844,2026-08-17,2026-08-21,10:00:00 AM,Garbanzo.Mediano,1.0,6.99
9845,2026-08-17,2026-08-21,10:00:00 AM,Guarapo,3.0,15.75
9846,2026-08-17,2026-08-21,10:00:00 AM,Harina Pequeña,1.0,3.99
9847,2026-08-17,2026-08-21,10:00:00 AM,Huevo Frito,4.0,5.0
9848,2026-08-17,2026-08-21,10:00:00 AM,Huevo Hervido,4.0,7.0
9849,2026-08-17,2026-08-21,10:00:00 AM,Jugo Zanahoria Naraja,3.0,14.97
9850,2026-08-17,2026-08-21,10:00:00 AM,Jugo.Naranja,8.0,42.0
9851,2026-08-17,2026-08-21,10:00:00 AM,Juntas,2.0,0.0
9852,2026-08-17,2026-08-21,10:00:00 AM,Lentejas Grande,1.0,9.49
9853,2026-08-17,2026-08-21,10:00:00 AM,Limonada,1.0,4.5
9854,2026-08-17,2026-08-21,10:00:00 AM,Maduros,1.0,4.49
9855,2026-08-17,2026-08-21,10:00:00 AM,Media Noche,2.0,20.38
9856,2026-08-17,2026-08-21,10:00:00 AM,Medio Pollo Frito,1.0,13.49
9857,2026-08-17,2026-08-21,10:00:00 AM,Medio Pollo.Asado,1.0,14.69
9858,2026-08-17,2026-08-21,10:00:00 AM,Miami Sandwich,1.0,11.99
9859,2026-08-17,2026-08-21,10:00:00 AM,Milanesa De Pollo,2.0,32.38
9860,2026-08-17,2026-08-21,10:00:00 AM,Misc Cocina,2.0,42.5
9861,2026-08-17,2026-08-21,10:00:00 AM,Mixto Pavo Espinaca,1.0,15.74
9862,2026-08-17,2026-08-21,10:00:00 AM,Palomilla Baby,4.0,44.0
9863,2026-08-17,2026-08-21,10:00:00 AM,Pan Con Lechon,1.0,9.69
9864,2026-08-17,2026-08-21,10:00:00 AM,Pan Con Tortilla,4.0,45.36
9865,2026-08-17,2026-08-21,10:00:00 AM,Pan De Bono,1.0,1.99
9866,2026-08-17,2026-08-21,10:00:00 AM,Papa Rellena,6.0,17.94
9867,2026-08-17,2026-08-21,10:00:00 AM,Papas Fritas,1.0,4.49
9868,2026-08-17,2026-08-21,10:00:00 AM,Pargo Frito Entero,2.0,51.98
9869,2026-08-17,2026-08-21,10:00:00 AM,Pasteles Queso,2.0,3.0
9870,2026-08-17,2026-08-21,10:00:00 AM,Pasteles Queso/Guayaba,1.0,1.5
9871,2026-08-17,2026-08-21,10:00:00 AM,Perico De Claras,1.0,12.99
9872,2026-08-17,2026-08-21,10:00:00 AM,Perico Ripiado,5.0,64.35
9873,2026-08-17,2026-08-21,10:00:00 AM,Picadillo,1.0,14.69
9874,2026-08-17,2026-08-21,10:00:00 AM,Potaje Colorados Media,1.0,7.19
9875,2026-08-17,2026-08-21,10:00:00 AM,Rinconcito Breakfast,2.0,27.98
9876,2026-08-17,2026-08-21,10:00:00 AM,Sdwc Tuna Regular,1.0,10.69
9877,2026-08-17,2026-08-21,10:00:00 AM,Solo.Tomate,1.0,2.5
9878,2026-08-17,2026-08-21,10:00:00 AM,Sopa De Pollo Grande,3.0,25.47
9879,2026-08-17,2026-08-21,10:00:00 AM,Sopa Pescado Grande,1.0,10.99
9880,2026-08-17,2026-08-21,10:00:00 AM,Sopa Pollo Media,3.0,16.47
9882,2026-08-17,2026-08-21,10:00:00 AM,Tama. Cazuela Chiquito,1.0,4.5
9883,2026-08-17,2026-08-21,10:00:00 AM,Tamal.Cazuela Grande,1.0,11.19
9885,2026-08-17,2026-08-21,10:00:00 AM,Tortilla,6.0,72.69
9886,2026-08-17,2026-08-21,10:00:00 AM,Tortilla Basca,1.0,12.49
9887,2026-08-17,2026-08-21,10:00:00 AM,Tostada,5.0,9.95
9888,2026-08-17,2026-08-21,10:00:00 AM,Tostones,1.0,4.99
9889,2026-08-17,2026-08-21,10:00:00 AM,Western Omlet Reg,1.0,11.19
9890,2026-08-17,2026-08-21,10:00:00 PM,Jugo.Naranja,1.0,5.25
9891,2026-08-17,2026-08-21,10:00:00 PM,Lechon Asado,1.0,13.99
9893,2026-08-17,2026-08-21,11:00:00 AM,"1,,Wafle",1.0,2.5
9896,2026-08-17,2026-08-21,11:00:00 AM,Agua Natural,3.0,5.97
9897,2026-08-17,2026-08-21,11:00:00 AM,Agua Perrier,3.0,10.47
9898,2026-08-17,2026-08-21,11:00:00 AM,Aguacate $5.00,1.0,5.0
9899,2026-08-17,2026-08-21,11:00:00 AM,Aguacate$4.00,2.0,8.0
9900,2026-08-17,2026-08-21,11:00:00 AM,Ajiaco..Grande,2.0,21.18
9901,2026-08-17,2026-08-21,11:00:00 AM,Arros Con Pollo Pequen,1.0,50.0
9902,2026-08-17,2026-08-21,11:00:00 AM,Arroz Blanco,6.0,19.5
9903,2026-08-17,2026-08-21,11:00:00 AM,Arroz Con Leche,2.0,10.98
9904,2026-08-17,2026-08-21,11:00:00 AM,Arroz Frito,2.0,27.38
9905,2026-08-17,2026-08-21,11:00:00 AM,Arroz Imperial,4.0,56.76
9906,2026-08-17,2026-08-21,11:00:00 AM,Bacalao Viscaina,3.0,60.37
9907,2026-08-17,2026-08-21,11:00:00 AM,Batido Chocolate,1.0,4.99
9908,2026-08-17,2026-08-21,11:00:00 AM,Batido Mamey,4.0,21.96
9909,2026-08-17,2026-08-21,11:00:00 AM,Batido Mango,1.0,4.99
9910,2026-08-17,2026-08-21,11:00:00 AM,Batido Trigo,1.0,4.99
9911,2026-08-17,2026-08-21,11:00:00 AM,Best Mango,1.0,2.99
9912,2026-08-17,2026-08-21,11:00:00 AM,Bistec A Caballo,5.0,73.45
9913,2026-08-17,2026-08-21,11:00:00 AM,Bistec De Pollo,10.0,138.5
9914,2026-08-17,2026-08-21,11:00:00 AM,Bistec De Puerco,2.0,33.18
9915,2026-08-17,2026-08-21,11:00:00 AM,Bistec En Cazuela,1.0,14.49
9916,2026-08-17,2026-08-21,11:00:00 AM,Bistec Palomilla,1.0,18.19
9917,2026-08-17,2026-08-21,11:00:00 AM,Boliche,2.0,33.68
9918,2026-08-17,2026-08-21,11:00:00 AM,Caf.Lec.Evap.Chico,2.0,6.0
9919,2026-08-17,2026-08-21,11:00:00 AM,Cafe Con Leche Grande,4.0,18.0
9920,2026-08-17,2026-08-21,11:00:00 AM,Cafe Con Leche Mediano,1.0,3.75
9921,2026-08-17,2026-08-21,11:00:00 AM,Cafe Con Leche Pequeno,12.0,30.0
9922,2026-08-17,2026-08-21,11:00:00 AM,Cafe Cubano,14.0,21.0
9923,2026-08-17,2026-08-21,11:00:00 AM,Cafecito,1.0,0.99
9926,2026-08-17,2026-08-21,11:00:00 AM,Carne Con Papas,4.0,58.26
9927,2026-08-17,2026-08-21,11:00:00 AM,Chichar Pollo C Hueso,1.0,15.69
9928,2026-08-17,2026-08-21,11:00:00 AM,Chichar Pollo Sin Hues,1.0,13.69
9929,2026-08-17,2026-08-21,11:00:00 AM,Chicharo Mediano,1.0,6.99
9930,2026-08-17,2026-08-21,11:00:00 AM,Chilindron D Chivo,2.0,43.98
9931,2026-08-17,2026-08-21,11:00:00 AM,Chuletas De Puerco,2.0,28.38
9932,2026-08-17,2026-08-21,11:00:00 AM,Coke,4.0,10.0
9933,2026-08-17,2026-08-21,11:00:00 AM,Colada,4.0,11.0
9934,2026-08-17,2026-08-21,11:00:00 AM,Copa ..Helado,1.0,4.99
9935,2026-08-17,2026-08-21,11:00:00 AM,Cortadito,8.0,16.44
9936,2026-08-17,2026-08-21,11:00:00 AM,Cortadito Evaporada,2.0,5.0
9937,2026-08-17,2026-08-21,11:00:00 AM,Crema Brocoly,1.0,9.25
9938,2026-08-17,2026-08-21,11:00:00 AM,Crema Calabaza Grande,2.0,19.98
9939,2026-08-17,2026-08-21,11:00:00 AM,Crema Calabaza Median,3.0,20.97
9940,2026-08-17,2026-08-21,11:00:00 AM,Crema Calabazachiquit,2.0,9.0
9941,2026-08-17,2026-08-21,11:00:00 AM,Crema Malanga Mediana,6.0,41.94
9942,2026-08-17,2026-08-21,11:00:00 AM,Crema Malanga.Grande,2.0,20.98
9943,2026-08-17,2026-08-21,11:00:00 AM,Crema Vegetal Grande,1.0,10.49
9944,2026-08-17,2026-08-21,11:00:00 AM,Croqueta Bacalao,4.0,7.96
9945,2026-08-17,2026-08-21,11:00:00 AM,Croqueta Jamon,8.0,14.0
9946,2026-08-17,2026-08-21,11:00:00 AM,Croqueta Preparada,1.0,11.99
9947,2026-08-17,2026-08-21,11:00:00 AM,Cubano Especial,1.0,12.19
9948,2026-08-17,2026-08-21,11:00:00 AM,Deditos .Pescado,2.0,28.38
9949,2026-08-17,2026-08-21,11:00:00 AM,Deditos De Pescado,2.0,32.18
9950,2026-08-17,2026-08-21,11:00:00 AM,Deditos De Queso,2.0,3.98
9951,2026-08-17,2026-08-21,11:00:00 AM,Desallunos,13.0,158.22
9952,2026-08-17,2026-08-21,11:00:00 AM,Empanada Carne,3.0,8.97
9953,2026-08-17,2026-08-21,11:00:00 AM,Empanada Pollo,1.0,2.99
9954,2026-08-17,2026-08-21,11:00:00 AM,Enpanisado. Res,1.0,18.19
9955,2026-08-17,2026-08-21,11:00:00 AM,Ensala Aguacat Peque,6.0,27.0
9956,2026-08-17,2026-08-21,11:00:00 AM,Ensala Pollo 2 Croquet,2.0,24.98
9957,2026-08-17,2026-08-21,11:00:00 AM,Ensalada Aguacat Grand,1.0,5.5
9958,2026-08-17,2026-08-21,11:00:00 AM,Ensalada Small,1.0,2.75
9959,2026-08-17,2026-08-21,11:00:00 AM,Ensalda De Tuna,1.0,11.99
9960,2026-08-17,2026-08-21,11:00:00 AM,Fabada Grande,4.0,42.76
9961,2026-08-17,2026-08-21,11:00:00 AM,Fabada Mediana,1.0,7.19
9962,2026-08-17,2026-08-21,11:00:00 AM,Filete Salmon,2.0,36.2
9963,2026-08-17,2026-08-21,11:00:00 AM,Filetillo De Carne,1.0,13.69
9964,2026-08-17,2026-08-21,11:00:00 AM,Filetillo Pollo Planch,1.0,15.19
9965,2026-08-17,2026-08-21,11:00:00 AM,Flan,3.0,14.97
9966,2026-08-17,2026-08-21,11:00:00 AM,Frijol Grande,2.0,15.98
9967,2026-08-17,2026-08-21,11:00:00 AM,Garbanzo Grande,3.0,31.47
9968,2026-08-17,2026-08-21,11:00:00 AM,Garbanzo.Mediano,1.0,6.99
9969,2026-08-17,2026-08-21,11:00:00 AM,Guarapo,2.0,10.5
9970,2026-08-17,2026-08-21,11:00:00 AM,Guiso Maiz Grande,1.0,10.49
9971,2026-08-17,2026-08-21,11:00:00 AM,Guiso.Maiz Mediano,1.0,6.99
9972,2026-08-17,2026-08-21,11:00:00 AM,Harina Mediana,1.0,6.45
9973,2026-08-17,2026-08-21,11:00:00 AM,Horde Depan,1.0,1.5
9974,2026-08-17,2026-08-21,11:00:00 AM,Huevo Con Butifara,1.0,11.99
9975,2026-08-17,2026-08-21,11:00:00 AM,Huevo Frito,6.0,8.25
9976,2026-08-17,2026-08-21,11:00:00 AM,Imperial Grande.30.Per,1.0,160.0
9977,2026-08-17,2026-08-21,11:00:00 AM,Jugo Maraculla,3.0,13.5
9978,2026-08-17,2026-08-21,11:00:00 AM,Jugo Zanahoria Naraja,2.0,9.98
9979,2026-08-17,2026-08-21,11:00:00 AM,Jugo.Naranja,12.0,63.0
9980,2026-08-17,2026-08-21,11:00:00 AM,Leche Malteada,1.0,4.99
9981,2026-08-17,2026-08-21,11:00:00 AM,Lechon Asado,2.0,28.18
9982,2026-08-17,2026-08-21,11:00:00 AM,Lentejas Grande,1.0,9.49
9983,2026-08-17,2026-08-21,11:00:00 AM,Lentejas Mediana,3.0,20.97
9984,2026-08-17,2026-08-21,11:00:00 AM,Madio.Pollo A La Brasa,1.0,14.19
9985,2026-08-17,2026-08-21,11:00:00 AM,Mariquitas,2.0,11.98
9986,2026-08-17,2026-08-21,11:00:00 AM,Mariquitas De Malanga,1.0,5.99
9987,2026-08-17,2026-08-21,11:00:00 AM,Masas De Puerco,8.0,113.52000000000001
9988,2026-08-17,2026-08-21,11:00:00 AM,Media Noche,4.0,40.36
9989,2026-08-17,2026-08-21,11:00:00 AM,Medio Pollo A Brasa,1.0,13.19
9990,2026-08-17,2026-08-21,11:00:00 AM,Medio Pollo.Asado,2.0,26.38
9991,2026-08-17,2026-08-21,11:00:00 AM,Melon..Sandia,1.0,4.5
9992,2026-08-17,2026-08-21,11:00:00 AM,Mixto Pavo Espinaca,1.0,12.49
9993,2026-08-17,2026-08-21,11:00:00 AM,Pan Con Bistec,8.0,90.72
9994,2026-08-17,2026-08-21,11:00:00 AM,Pan Con Tortilla,3.0,34.17
9995,2026-08-17,2026-08-21,11:00:00 AM,Papa Rellena,2.0,5.98
9996,2026-08-17,2026-08-21,11:00:00 AM,Papas Fritas,3.0,13.47
9997,2026-08-17,2026-08-21,11:00:00 AM,Pasteles Guayaba,3.0,4.5
9998,2026-08-17,2026-08-21,11:00:00 AM,Pasteles Queso,2.0,3.0
9999,2026-08-17,2026-08-21,11:00:00 AM,Pasteles Queso/Guayaba,1.0,1.5
10000,2026-08-17,2026-08-21,11:00:00 AM,Perico Ripiado,3.0,35.97
10001,2026-08-17,2026-08-21,11:00:00 AM,Picadillo,1.0,14.69
10002,2026-08-17,2026-08-21,11:00:00 AM,Pierna Lasquiada,1.0,190.19
10003,2026-08-17,2026-08-21,11:00:00 AM,Potaje Colorados Media,1.0,7.19
10004,2026-08-17,2026-08-21,11:00:00 AM,Pudin Diplomatico,4.0,21.96
10005,2026-08-17,2026-08-21,11:00:00 AM,Ropa Vieja,2.0,30.38
10006,2026-08-17,2026-08-21,11:00:00 AM,Rueda De Serrucho,2.0,30.18
10007,2026-08-17,2026-08-21,11:00:00 AM,Sandweches Pollo,1.0,11.49
10008,2026-08-17,2026-08-21,11:00:00 AM,Sopa De Pollo Grande,11.0,93.39
10009,2026-08-17,2026-08-21,11:00:00 AM,Sopa Pescado Grande,3.0,32.97
10010,2026-08-17,2026-08-21,11:00:00 AM,Sopa Pescado Mediana,2.0,13.98
10011,2026-08-17,2026-08-21,11:00:00 AM,Sopa Platano Grande,1.0,10.49
10012,2026-08-17,2026-08-21,11:00:00 AM,Sopa Platano Mediana,2.0,13.98
10013,2026-08-17,2026-08-21,11:00:00 AM,Sopa Pollo Media,1.0,5.49
10014,2026-08-17,2026-08-21,11:00:00 AM,Sopa. Pollo Chiquita,1.0,3.5
10015,2026-08-17,2026-08-21,11:00:00 AM,Spriet,1.0,2.5
10017,2026-08-17,2026-08-21,11:00:00 AM,Tamal,1.0,2.99
10018,2026-08-17,2026-08-21,11:00:00 AM,Tamal Cazuela.Mediano,1.0,6.99
10019,2026-08-17,2026-08-21,11:00:00 AM,Tamal.Cazuela Grande,3.0,33.57
10020,2026-08-17,2026-08-21,11:00:00 AM,Te Frio,1.0,2.99
10022,2026-08-17,2026-08-21,11:00:00 AM,Tortilla,3.0,33.17
10023,2026-08-17,2026-08-21,11:00:00 AM,Tostada,11.0,21.89
10024,2026-08-17,2026-08-21,11:00:00 AM,Tostones,3.0,14.97
10025,2026-08-17,2026-08-21,11:00:00 AM,Vaca Frita,1.0,17.19
10026,2026-08-17,2026-08-21,11:00:00 AM,Vaca Frita Party,80.0,880.0
10027,2026-08-17,2026-08-21,11:00:00 AM,Western Omlet Reg - Late,1.0,11.99
10028,2026-08-17,2026-08-21,12:00:00 PM,305 Morados,1.0,6.25
10031,2026-08-17,2026-08-21,12:00:00 PM,Agua Natural,3.0,5.97
10032,2026-08-17,2026-08-21,12:00:00 PM,Agua Perrier,3.0,10.47
10033,2026-08-17,2026-08-21,12:00:00 PM,Aguacate $5.00,1.0,5.0
10034,2026-08-17,2026-08-21,12:00:00 PM,Aguacate De 3.00,1.0,3.0
10035,2026-08-17,2026-08-21,12:00:00 PM,Aguacate$4.00,1.0,4.0
10036,2026-08-17,2026-08-21,12:00:00 PM,Ajiaco Mediano,3.0,21.37
10037,2026-08-17,2026-08-21,12:00:00 PM,Ajiaco..Grande,2.0,21.38
10038,2026-08-17,2026-08-21,12:00:00 PM,Arroz Blanco,8.0,26.0
10039,2026-08-17,2026-08-21,12:00:00 PM,Arroz Chiquito,2.0,4.5
10040,2026-08-17,2026-08-21,12:00:00 PM,Arroz Con Leche,7.0,38.43
10041,2026-08-17,2026-08-21,12:00:00 PM,Arroz Frito,4.0,54.36
10042,2026-08-17,2026-08-21,12:00:00 PM,Arroz Imperial,1.0,14.19
10043,2026-08-17,2026-08-21,12:00:00 PM,Baby Churrasco,11.0,213.49
10044,2026-08-17,2026-08-21,12:00:00 PM,Bacalao Viscaina,2.0,40.38
10045,2026-08-17,2026-08-21,12:00:00 PM,Bandeja Rinconcito 87,1.0,32.99
10046,2026-08-17,2026-08-21,12:00:00 PM,Batido Fruta Bonba,1.0,4.99
10047,2026-08-17,2026-08-21,12:00:00 PM,Batido Mamey,2.0,10.98
10048,2026-08-17,2026-08-21,12:00:00 PM,Batido Mango,1.0,4.99
10049,2026-08-17,2026-08-21,12:00:00 PM,Bistec A Caballo,4.0,64.16
10050,2026-08-17,2026-08-21,12:00:00 PM,Bistec De Pollo,38.0,520.22
10051,2026-08-17,2026-08-21,12:00:00 PM,Bistec De Puerco,6.0,95.14
10052,2026-08-17,2026-08-21,12:00:00 PM,Bistec En Cazuela,3.0,44.07
10053,2026-08-17,2026-08-21,12:00:00 PM,Bistec Palomilla,8.0,147.32
10054,2026-08-17,2026-08-21,12:00:00 PM,Boliche,4.0,60.36
10055,2026-08-17,2026-08-21,12:00:00 PM,Boniato Frito,2.0,9.98
10056,2026-08-17,2026-08-21,12:00:00 PM,Bud Light,1.0,4.99
10057,2026-08-17,2026-08-21,12:00:00 PM,Budweiser,1.0,4.99
10058,2026-08-17,2026-08-21,12:00:00 PM,Caesar /Pollo,1.0,12.99
10059,2026-08-17,2026-08-21,12:00:00 PM,Cafe Con Leche Grande,5.0,22.5
10060,2026-08-17,2026-08-21,12:00:00 PM,Cafe Con Leche Pequeno,3.0,7.5
10061,2026-08-17,2026-08-21,12:00:00 PM,Cafe Cubano,29.0,43.5
10062,2026-08-17,2026-08-21,12:00:00 PM,Carne Con Papas,10.0,144.9
10063,2026-08-17,2026-08-21,12:00:00 PM,Chichar Pollo Sin Hues,1.0,13.49
10064,2026-08-17,2026-08-21,12:00:00 PM,Chicharo Grande,1.0,9.19
10065,2026-08-17,2026-08-21,12:00:00 PM,Chicharo Mediano,3.0,20.97
10066,2026-08-17,2026-08-21,12:00:00 PM,Chichek Wings,1.0,7.5
10067,2026-08-17,2026-08-21,12:00:00 PM,Chilindron D Chivo,1.0,21.99
10068,2026-08-17,2026-08-21,12:00:00 PM,Chuletas De Puerco,1.0,13.49
10069,2026-08-17,2026-08-21,12:00:00 PM,Churrasco,3.0,82.47
10070,2026-08-17,2026-08-21,12:00:00 PM,Coke,10.0,25.0
10071,2026-08-17,2026-08-21,12:00:00 PM,Coke Cero,2.0,5.0
10072,2026-08-17,2026-08-21,12:00:00 PM,Colada,7.0,19.25
10073,2026-08-17,2026-08-21,12:00:00 PM,Colorados Grande,2.0,19.38
10074,2026-08-17,2026-08-21,12:00:00 PM,Copa Vino,2.0,17.98
10075,2026-08-17,2026-08-21,12:00:00 PM,Corona,2.0,10.98
10076,2026-08-17,2026-08-21,12:00:00 PM,Cortadito,10.0,22.5
10077,2026-08-17,2026-08-21,12:00:00 PM,Cortadito Evaporada,5.0,12.5
10078,2026-08-17,2026-08-21,12:00:00 PM,Crema Calabaza Grande,2.0,19.98
10079,2026-08-17,2026-08-21,12:00:00 PM,Crema Calabaza Median,5.0,34.95
10080,2026-08-17,2026-08-21,12:00:00 PM,Crema Calabazachiquit,1.0,4.5
10081,2026-08-17,2026-08-21,12:00:00 PM,Crema Grande Calabaza,1.0,10.19
10082,2026-08-17,2026-08-21,12:00:00 PM,Crema Malanga Mediana,10.0,69.9
10083,2026-08-17,2026-08-21,12:00:00 PM,Crema Malanga.Grande,6.0,62.94
10084,2026-08-17,2026-08-21,12:00:00 PM,Crema Vegetales Median,2.0,13.98
10085,2026-08-17,2026-08-21,12:00:00 PM,Crema. Malanga Chiquit,4.0,18.0
10086,2026-08-17,2026-08-21,12:00:00 PM,Croqueta Bacalao,1.0,1.99
10087,2026-08-17,2026-08-21,12:00:00 PM,Croqueta Jamon,41.0,71.75
10088,2026-08-17,2026-08-21,12:00:00 PM,Croqueta Pollo,10.0,17.5
10089,2026-08-17,2026-08-21,12:00:00 PM,Croqueta Preparada,3.0,36.57
10090,2026-08-17,2026-08-21,12:00:00 PM,Cubano Regular,1.0,9.99
10091,2026-08-17,2026-08-21,12:00:00 PM,Cubierto,2.0,0.0
10092,2026-08-17,2026-08-21,12:00:00 PM,Cuchura,1.0,0.0
10093,2026-08-17,2026-08-21,12:00:00 PM,Deditos .Pescado,4.0,56.96
10094,2026-08-17,2026-08-21,12:00:00 PM,Deditos De Pescado,3.0,48.37
10095,2026-08-17,2026-08-21,12:00:00 PM,Desallunos,7.0,87.38
10096,2026-08-17,2026-08-21,12:00:00 PM,Diet Coke,3.0,6.75
10097,2026-08-17,2026-08-21,12:00:00 PM,Dos Huevo Aros Papitas,1.0,8.99
10098,2026-08-17,2026-08-21,12:00:00 PM,Elena Ruz,2.0,20.18
10099,2026-08-17,2026-08-21,12:00:00 PM,Empanada Carne,6.0,17.94
10100,2026-08-17,2026-08-21,12:00:00 PM,Enpanisado. Res,5.0,80.35
10101,2026-08-17,2026-08-21,12:00:00 PM,"Enpellas,Chicharones",1.0,6.0
10102,2026-08-17,2026-08-21,12:00:00 PM,Ensala Aguacat Peque,12.0,54.0
10103,2026-08-17,2026-08-21,12:00:00 PM,Ensala Pollo 2 Croquet,2.0,24.98
10104,2026-08-17,2026-08-21,12:00:00 PM,Ensalada Aguacat Grand,2.0,11.0
10105,2026-08-17,2026-08-21,12:00:00 PM,Ensalada Small,1.0,2.75
10106,2026-08-17,2026-08-21,12:00:00 PM,Extra Aguacate,1.0,1.75
10107,2026-08-17,2026-08-21,12:00:00 PM,Extra.Coco,1.0,1.99
10108,2026-08-17,2026-08-21,12:00:00 PM,Fabada Grande,1.0,10.69
10109,2026-08-17,2026-08-21,12:00:00 PM,Fabada Mediana,5.0,35.15
10110,2026-08-17,2026-08-21,12:00:00 PM,Filete Curvina Salsa,1.0,21.0
10111,2026-08-17,2026-08-21,12:00:00 PM,Filete Pargo Plancha,1.0,21.19
10112,2026-08-17,2026-08-21,12:00:00 PM,Filete Pescado Empani,3.0,52.87
10113,2026-08-17,2026-08-21,12:00:00 PM,Filete Pescado Planch,1.0,18.19
10114,2026-08-17,2026-08-21,12:00:00 PM,Filete Salmon,1.0,18.2
10115,2026-08-17,2026-08-21,12:00:00 PM,Filetillo De Carne,2.0,27.98
10116,2026-08-17,2026-08-21,12:00:00 PM,Filetillo Pollo Planch,3.0,45.57
10117,2026-08-17,2026-08-21,12:00:00 PM,Filetillo Res Plancha,2.0,30.98
10118,2026-08-17,2026-08-21,12:00:00 PM,Filetillo Res Salsa,1.0,15.19
10119,2026-08-17,2026-08-21,12:00:00 PM,Flan,4.0,19.96
10120,2026-08-17,2026-08-21,12:00:00 PM,Flan Especial,5.0,29.95
10121,2026-08-17,2026-08-21,12:00:00 PM,Fricase De Pollo,4.0,46.56
10122,2026-08-17,2026-08-21,12:00:00 PM,Fricase Puerco,1.0,13.25
10123,2026-08-17,2026-08-21,12:00:00 PM,Frijol Mediano,1.0,4.99
10124,2026-08-17,2026-08-21,12:00:00 PM,Frijol Pequeno,2.0,5.98
10125,2026-08-17,2026-08-21,12:00:00 PM,Frita Cubana,1.0,9.99
10126,2026-08-17,2026-08-21,12:00:00 PM,Fritura Vacalao,1.0,6.5
10127,2026-08-17,2026-08-21,12:00:00 PM,Frituras De Malanga,2.0,13.0
10128,2026-08-17,2026-08-21,12:00:00 PM,Garbanzo Grande,3.0,31.47
10129,2026-08-17,2026-08-21,12:00:00 PM,Garbanzo.Frito,1.0,14.99
10130,2026-08-17,2026-08-21,12:00:00 PM,Garbanzo.Mediano,4.0,27.96
10131,2026-08-17,2026-08-21,12:00:00 PM,Guarapo,1.0,5.25
10132,2026-08-17,2026-08-21,12:00:00 PM,Guiso Maiz Grande,2.0,20.98
10133,2026-08-17,2026-08-21,12:00:00 PM,Guiso.Maiz Mediano,1.0,6.99
10134,2026-08-17,2026-08-21,12:00:00 PM,Harina Pequeña,2.0,8.18
10135,2026-08-17,2026-08-21,12:00:00 PM,Helado Cono,2.0,7.0
10136,2026-08-17,2026-08-21,12:00:00 PM,Iron Beer,4.0,10.0
10137,2026-08-17,2026-08-21,12:00:00 PM,Jugo Pina,2.0,9.0
10138,2026-08-17,2026-08-21,12:00:00 PM,Jugo Zanahoria Naraja,2.0,9.98
10139,2026-08-17,2026-08-21,12:00:00 PM,Jugo.Naranja,6.0,31.5
10140,2026-08-17,2026-08-21,12:00:00 PM,Juntas,1.0,0.0
10141,2026-08-17,2026-08-21,12:00:00 PM,Jupiña,6.0,15.0
10142,2026-08-17,2026-08-21,12:00:00 PM,Lechon Asado,2.0,28.18
10143,2026-08-17,2026-08-21,12:00:00 PM,Lentejas Grande,1.0,9.49
10144,2026-08-17,2026-08-21,12:00:00 PM,Lentejas Mediana,5.0,34.95
10145,2026-08-17,2026-08-21,12:00:00 PM,Limanada Coco,1.0,5.99
10146,2026-08-17,2026-08-21,12:00:00 PM,Limonada,9.0,40.5
10147,2026-08-17,2026-08-21,12:00:00 PM,Madio.Pollo A La Brasa,1.0,13.99
10148,2026-08-17,2026-08-21,12:00:00 PM,Maduros,2.0,8.98
10149,2026-08-17,2026-08-21,12:00:00 PM,Malta,1.0,3.25
10150,2026-08-17,2026-08-21,12:00:00 PM,Mariquitas,7.0,41.93
10151,2026-08-17,2026-08-21,12:00:00 PM,Mariquitas De Malanga,1.0,5.99
10152,2026-08-17,2026-08-21,12:00:00 PM,Mariquitas..Mixta,1.0,5.49
10153,2026-08-17,2026-08-21,12:00:00 PM,Masas De Puerco,12.0,171.08
10154,2026-08-17,2026-08-21,12:00:00 PM,Materva,1.0,2.5
10155,2026-08-17,2026-08-21,12:00:00 PM,Media Noche,2.0,20.18
10156,2026-08-17,2026-08-21,12:00:00 PM,Medio Pollo A Brasa,4.0,52.56
10157,2026-08-17,2026-08-21,12:00:00 PM,Medio Pollo.Asado,2.0,27.18
10158,2026-08-17,2026-08-21,12:00:00 PM,Melon..Sandia,1.0,4.5
10159,2026-08-17,2026-08-21,12:00:00 PM,Milanesa De Pollo,2.0,32.18
10160,2026-08-17,2026-08-21,12:00:00 PM,Milanesa Res,1.0,20.19
10161,2026-08-17,2026-08-21,12:00:00 PM,Misc Cocina,1.0,1.5
10162,2026-08-17,2026-08-21,12:00:00 PM,Mofongo Puerco,1.0,16.99
10163,2026-08-17,2026-08-21,12:00:00 PM,Moros,1.0,3.99
10164,2026-08-17,2026-08-21,12:00:00 PM,Natilla,1.0,4.99
10165,2026-08-17,2026-08-21,12:00:00 PM,Natilla Catalana,2.0,12.5
10166,2026-08-17,2026-08-21,12:00:00 PM,Pan Con Bistec,5.0,57.35
10167,2026-08-17,2026-08-21,12:00:00 PM,Pan Con Lechon,2.0,19.18
10168,2026-08-17,2026-08-21,12:00:00 PM,Papa Rellena,3.0,8.97
10169,2026-08-17,2026-08-21,12:00:00 PM,Papas Fritas,2.0,8.98
10170,2026-08-17,2026-08-21,12:00:00 PM,Pasteles Guayaba,1.0,1.5
10171,2026-08-17,2026-08-21,12:00:00 PM,Pasteles Queso/Guayaba,1.0,1.5
10172,2026-08-17,2026-08-21,12:00:00 PM,Perico Ripiado,2.0,24.38
10173,2026-08-17,2026-08-21,12:00:00 PM,Picadillo,2.0,28.18
10174,2026-08-17,2026-08-21,12:00:00 PM,Pizza Personal,1.0,10.99
10175,2026-08-17,2026-08-21,12:00:00 PM,Pollo Empanizado,2.0,30.88
10176,2026-08-17,2026-08-21,12:00:00 PM,Potaje Colorados Media,1.0,6.99
10177,2026-08-17,2026-08-21,12:00:00 PM,Presidente,1.0,5.49
10178,2026-08-17,2026-08-21,12:00:00 PM,Pudin De Pan,1.0,5.49
10179,2026-08-17,2026-08-21,12:00:00 PM,Pudin Diplomatico,1.0,5.49
10180,2026-08-17,2026-08-21,12:00:00 PM,Pure Papas,1.0,4.49
10181,2026-08-17,2026-08-21,12:00:00 PM,Rabo Encendido,3.0,72.37
10182,2026-08-17,2026-08-21,12:00:00 PM,Rinconcito Apei Masas,2.0,33.98
10183,2026-08-17,2026-08-21,12:00:00 PM,Riñonada,1.0,23.19
10184,2026-08-17,2026-08-21,12:00:00 PM,Ropa Vieja,2.0,31.68
10185,2026-08-17,2026-08-21,12:00:00 PM,Rueda De Serrucho,2.0,31.18
10186,2026-08-17,2026-08-21,12:00:00 PM,S.Pellecrino,1.0,3.49
10187,2026-08-17,2026-08-21,12:00:00 PM,Sandweches Pollo,2.0,22.98
10188,2026-08-17,2026-08-21,12:00:00 PM,Sm Sopa Pescado,1.0,4.25
10189,2026-08-17,2026-08-21,12:00:00 PM,Solo.Tomate,1.0,2.5
10190,2026-08-17,2026-08-21,12:00:00 PM,Sopa De Pollo Grande,12.0,101.88
10191,2026-08-17,2026-08-21,12:00:00 PM,Sopa Pescado Grande,1.0,10.99
10192,2026-08-17,2026-08-21,12:00:00 PM,Sopa Pescado Mediana,5.0,34.95
10193,2026-08-17,2026-08-21,12:00:00 PM,Sopa Platano Chiquita,1.0,3.99
10194,2026-08-17,2026-08-21,12:00:00 PM,Sopa Platano Grande,3.0,31.47
10195,2026-08-17,2026-08-21,12:00:00 PM,Sopa Platano Mediana,3.0,20.97
10196,2026-08-17,2026-08-21,12:00:00 PM,Sopa Pollo Media,6.0,32.94
10197,2026-08-17,2026-08-21,12:00:00 PM,Sopa. Pollo Chiquita,2.0,7.0
10198,2026-08-17,2026-08-21,12:00:00 PM,Spriet,3.0,7.5
10199,2026-08-17,2026-08-21,12:00:00 PM,Stella Artois,1.0,5.49
10201,2026-08-17,2026-08-21,12:00:00 PM,Tamal,4.0,11.96
10202,2026-08-17,2026-08-21,12:00:00 PM,Tamal Cazuela.Mediano,4.0,28.56
10203,2026-08-17,2026-08-21,12:00:00 PM,Tamal.Cazuela Grande,3.0,33.57
10205,2026-08-17,2026-08-21,12:00:00 PM,Tortilla,4.0,44.16
10206,2026-08-17,2026-08-21,12:00:00 PM,Tostada,2.0,3.98
10207,2026-08-17,2026-08-21,12:00:00 PM,Tostada 2 Croquetas,1.0,4.99
10208,2026-08-17,2026-08-21,12:00:00 PM,Tostones,4.0,19.96
10209,2026-08-17,2026-08-21,12:00:00 PM,Tres Leches,2.0,11.98
10210,2026-08-17,2026-08-21,12:00:00 PM,Vaca Frita,4.0,72.56
10211,2026-08-17,2026-08-21,12:00:00 PM,Vaso.Hielo,2.0,0.5
10212,2026-08-17,2026-08-21,12:00:00 PM,Vegetal.Salteado,1.0,5.49
10214,2026-08-17,2026-08-21,1:00:00 PM,3 Tostones Con Camaron,1.0,15.99
10215,2026-08-17,2026-08-21,1:00:00 PM,305 Morados,1.0,6.25
10218,2026-08-17,2026-08-21,1:00:00 PM,Agua Natural,3.0,5.97
10219,2026-08-17,2026-08-21,1:00:00 PM,Agua Perrier,1.0,3.49
10220,2026-08-17,2026-08-21,1:00:00 PM,Aguacate$4.00,2.0,8.0
10221,2026-08-17,2026-08-21,1:00:00 PM,Ajiaco Mediano,4.0,28.16
10222,2026-08-17,2026-08-21,1:00:00 PM,Ajiaco..Grande,8.0,85.52
10223,2026-08-17,2026-08-21,1:00:00 PM,Arroz Blanco,4.0,13.0
10224,2026-08-17,2026-08-21,1:00:00 PM,Arroz Chiquito,3.0,9.75
10225,2026-08-17,2026-08-21,1:00:00 PM,Arroz Con Pollo,1.0,12.49
10226,2026-08-17,2026-08-21,1:00:00 PM,Baby Churrasco,8.0,158.32
10227,2026-08-17,2026-08-21,1:00:00 PM,Bacalao Viscaina,1.0,20.19
10228,2026-08-17,2026-08-21,1:00:00 PM,Bandeja Rinconcito 87,1.0,32.99
10229,2026-08-17,2026-08-21,1:00:00 PM,Batido Mamey,5.0,27.45
10230,2026-08-17,2026-08-21,1:00:00 PM,Batido Mango,2.0,9.98
10231,2026-08-17,2026-08-21,1:00:00 PM,Batido Trigo,1.0,4.99
10232,2026-08-17,2026-08-21,1:00:00 PM,Bistec De Pollo,22.0,300.18
10233,2026-08-17,2026-08-21,1:00:00 PM,Bistec De Puerco,2.0,32.98
10234,2026-08-17,2026-08-21,1:00:00 PM,Bistec En Cazuela,2.0,28.98
10235,2026-08-17,2026-08-21,1:00:00 PM,Bistec Jamon,1.0,13.49
10236,2026-08-17,2026-08-21,1:00:00 PM,Bistec Palomilla,3.0,54.97
10237,2026-08-17,2026-08-21,1:00:00 PM,Boliche,1.0,14.99
10238,2026-08-17,2026-08-21,1:00:00 PM,Boliche Asado,1.0,16.69
10239,2026-08-17,2026-08-21,1:00:00 PM,Bolita De Tuna,4.0,13.0
10240,2026-08-17,2026-08-21,1:00:00 PM,Boniato Frito,1.0,4.99
10241,2026-08-17,2026-08-21,1:00:00 PM,Boñuelos,1.0,5.49
10242,2026-08-17,2026-08-21,1:00:00 PM,Bud Light,2.0,9.98
10243,2026-08-17,2026-08-21,1:00:00 PM,Cafe Con Leche Grande,4.0,18.0
10244,2026-08-17,2026-08-21,1:00:00 PM,Cafe Con Leche Pequeno,4.0,10.0
10245,2026-08-17,2026-08-21,1:00:00 PM,Cafe Cubano,32.0,48.0
10246,2026-08-17,2026-08-21,1:00:00 PM,Cafecito,1.0,0.99
10248,2026-08-17,2026-08-21,1:00:00 PM,Carne Con Papas,7.0,100.93
10249,2026-08-17,2026-08-21,1:00:00 PM,Ceviche Mixto,1.0,22.99
10250,2026-08-17,2026-08-21,1:00:00 PM,Chicharo Chiquito,2.0,7.98
10251,2026-08-17,2026-08-21,1:00:00 PM,Chicharo Mediano,2.0,13.98
10252,2026-08-17,2026-08-21,1:00:00 PM,Chuletas De Puerco,3.0,42.87
10253,2026-08-17,2026-08-21,1:00:00 PM,Club Sandwich,1.0,12.19
10254,2026-08-17,2026-08-21,1:00:00 PM,Coke,4.0,10.0
10255,2026-08-17,2026-08-21,1:00:00 PM,Colada,7.0,19.25
10256,2026-08-17,2026-08-21,1:00:00 PM,Colorados Grande,3.0,29.07
10257,2026-08-17,2026-08-21,1:00:00 PM,Copa De Sangria,1.0,8.99
10258,2026-08-17,2026-08-21,1:00:00 PM,Corona,2.0,10.98
10259,2026-08-17,2026-08-21,1:00:00 PM,Cortadito,2.0,4.5
10260,2026-08-17,2026-08-21,1:00:00 PM,Cortadito Evaporada,3.0,7.5
10261,2026-08-17,2026-08-21,1:00:00 PM,Crema Calabaza Grande,2.0,19.98
10262,2026-08-17,2026-08-21,1:00:00 PM,Crema Calabazachiquit,3.0,13.5
10263,2026-08-17,2026-08-21,1:00:00 PM,Crema Malanga Mediana,4.0,27.96
10264,2026-08-17,2026-08-21,1:00:00 PM,Crema Malanga.Grande,1.0,10.49
10265,2026-08-17,2026-08-21,1:00:00 PM,Crema Vegetales Median,3.0,20.97
10266,2026-08-17,2026-08-21,1:00:00 PM,Crema. Vegetalchiquita,1.0,4.5
10267,2026-08-17,2026-08-21,1:00:00 PM,Cremita,1.0,1.25
10268,2026-08-17,2026-08-21,1:00:00 PM,Croqueta Bacalao,2.0,3.98
10269,2026-08-17,2026-08-21,1:00:00 PM,Croqueta Jamon,27.0,47.25
10270,2026-08-17,2026-08-21,1:00:00 PM,Croqueta Preparada,1.0,11.99
10271,2026-08-17,2026-08-21,1:00:00 PM,Cubano Regular,2.0,20.18
10272,2026-08-17,2026-08-21,1:00:00 PM,Deditos .Pescado,5.0,70.75
10273,2026-08-17,2026-08-21,1:00:00 PM,Deditos De Pescado,1.0,16.19
10274,2026-08-17,2026-08-21,1:00:00 PM,Deditos De Queso,1.0,1.99
10275,2026-08-17,2026-08-21,1:00:00 PM,Deditos Queso/Guayaba,1.0,1.99
10276,2026-08-17,2026-08-21,1:00:00 PM,Desallunos,6.0,76.84
10277,2026-08-17,2026-08-21,1:00:00 PM,Diet Coke,3.0,6.75
10278,2026-08-17,2026-08-21,1:00:00 PM,Diet Materva,2.0,5.0
10279,2026-08-17,2026-08-21,1:00:00 PM,Elena Ruz,1.0,10.19
10280,2026-08-17,2026-08-21,1:00:00 PM,Empanada Carne,4.0,11.96
10281,2026-08-17,2026-08-21,1:00:00 PM,Empanada Jamon/Queso,2.0,5.98
10282,2026-08-17,2026-08-21,1:00:00 PM,Empanada Pollo,1.0,2.99
10283,2026-08-17,2026-08-21,1:00:00 PM,Ensala Aguacat Peque,16.0,72.0
10284,2026-08-17,2026-08-21,1:00:00 PM,Ensala Pollo 2 Croquet,1.0,12.49
10285,2026-08-17,2026-08-21,1:00:00 PM,Ensalada Mixta,1.0,6.5
10286,2026-08-17,2026-08-21,1:00:00 PM,Ensalada Small,1.0,2.75
10287,2026-08-17,2026-08-21,1:00:00 PM,Espaguetti Jamon,1.0,12.99
10288,2026-08-17,2026-08-21,1:00:00 PM,Fabada Mediana,1.0,7.19
10289,2026-08-17,2026-08-21,1:00:00 PM,Filete Pargo Plancha,1.0,20.99
10290,2026-08-17,2026-08-21,1:00:00 PM,Filete Pescado Empani,3.0,52.47
10291,2026-08-17,2026-08-21,1:00:00 PM,Filete Pescado Planch,4.0,68.36
10292,2026-08-17,2026-08-21,1:00:00 PM,Filetill Pollo Salsa,1.0,14.99
10293,2026-08-17,2026-08-21,1:00:00 PM,Filetillo Pollo Planch,4.0,60.56
10294,2026-08-17,2026-08-21,1:00:00 PM,Filetillo Res Plancha,2.0,30.18
10295,2026-08-17,2026-08-21,1:00:00 PM,Filetillo Res Salsa,2.0,30.38
10296,2026-08-17,2026-08-21,1:00:00 PM,Flan,1.0,4.99
10297,2026-08-17,2026-08-21,1:00:00 PM,Flan Especial,2.0,11.98
10298,2026-08-17,2026-08-21,1:00:00 PM,Fricase De Pollo,4.0,44.16
10299,2026-08-17,2026-08-21,1:00:00 PM,Fricase Puerco,4.0,57.2
10300,2026-08-17,2026-08-21,1:00:00 PM,Frijol Grande,1.0,7.99
10301,2026-08-17,2026-08-21,1:00:00 PM,Frijol Mediano,1.0,4.99
10302,2026-08-17,2026-08-21,1:00:00 PM,Frita Cubana,1.0,9.99
10303,2026-08-17,2026-08-21,1:00:00 PM,Frituras De Malanga,1.0,6.5
10304,2026-08-17,2026-08-21,1:00:00 PM,Galleta Deliciosas,3.0,10.8
10305,2026-08-17,2026-08-21,1:00:00 PM,Garbanzo Grande,1.0,10.49
10306,2026-08-17,2026-08-21,1:00:00 PM,Garbanzo.Frito,3.0,42.57
10307,2026-08-17,2026-08-21,1:00:00 PM,Garbanzo.Mediano,2.0,13.98
10308,2026-08-17,2026-08-21,1:00:00 PM,Guarapo,1.0,5.25
10309,2026-08-17,2026-08-21,1:00:00 PM,Hamburquesa.Con Queso,1.0,10.99
10310,2026-08-17,2026-08-21,1:00:00 PM,Helado Cono,1.0,3.5
10311,2026-08-17,2026-08-21,1:00:00 PM,Iron Beer,1.0,2.5
10312,2026-08-17,2026-08-21,1:00:00 PM,Jugo De Pera,2.0,5.0
10313,2026-08-17,2026-08-21,1:00:00 PM,Jugo Maraculla,2.0,9.0
10314,2026-08-17,2026-08-21,1:00:00 PM,Jugo Pina,1.0,4.5
10315,2026-08-17,2026-08-21,1:00:00 PM,Jugo Zanahoria Naraja,1.0,4.99
10316,2026-08-17,2026-08-21,1:00:00 PM,Jugo.Naranja,13.0,68.25
10317,2026-08-17,2026-08-21,1:00:00 PM,Jupina Dieta,2.0,5.0
10318,2026-08-17,2026-08-21,1:00:00 PM,Lentejas Grande,1.0,9.49
10319,2026-08-17,2026-08-21,1:00:00 PM,Lentejas Mediana,9.0,62.91
10320,2026-08-17,2026-08-21,1:00:00 PM,Limonada,6.0,27.0
10321,2026-08-17,2026-08-21,1:00:00 PM,Madio.Pollo A La Brasa,1.0,13.99
10322,2026-08-17,2026-08-21,1:00:00 PM,Maduros,5.0,22.45
10323,2026-08-17,2026-08-21,1:00:00 PM,Mariquitas De Malanga,2.0,11.98
10324,2026-08-17,2026-08-21,1:00:00 PM,Masas De Puerco,4.0,55.86
10325,2026-08-17,2026-08-21,1:00:00 PM,Materva,1.0,2.5
10326,2026-08-17,2026-08-21,1:00:00 PM,Media Noche,1.0,10.19
10327,2026-08-17,2026-08-21,1:00:00 PM,Medio Pollo A Brasa,1.0,12.99
10328,2026-08-17,2026-08-21,1:00:00 PM,Medio Pollo.Asado,3.0,39.57
10329,2026-08-17,2026-08-21,1:00:00 PM,Melon..Sandia,3.0,13.5
10330,2026-08-17,2026-08-21,1:00:00 PM,Milanesa De Pollo,1.0,15.99
10331,2026-08-17,2026-08-21,1:00:00 PM,Miller Light,3.0,14.97
10332,2026-08-17,2026-08-21,1:00:00 PM,Mofongo Puerco,2.0,33.98
10333,2026-08-17,2026-08-21,1:00:00 PM,Mofongo Solo,1.0,7.99
10334,2026-08-17,2026-08-21,1:00:00 PM,Moros,3.0,11.97
10335,2026-08-17,2026-08-21,1:00:00 PM,Natilla Catalana,1.0,6.25
10336,2026-08-17,2026-08-21,1:00:00 PM,Pan Con Bistec,7.0,79.73
10337,2026-08-17,2026-08-21,1:00:00 PM,Pan Con Lechon,2.0,19.18
10338,2026-08-17,2026-08-21,1:00:00 PM,Pan Con Tortilla,1.0,11.19
10339,2026-08-17,2026-08-21,1:00:00 PM,Papa Rellena,2.0,5.98
10340,2026-08-17,2026-08-21,1:00:00 PM,Papas Fritas,2.0,8.98
10341,2026-08-17,2026-08-21,1:00:00 PM,Pasteles Guayaba,2.0,3.0
10342,2026-08-17,2026-08-21,1:00:00 PM,Perico Ripiado,1.0,11.99
10343,2026-08-17,2026-08-21,1:00:00 PM,Picadillo,3.0,41.07
10344,2026-08-17,2026-08-21,1:00:00 PM,Pizza Peperoni,1.0,12.99
10345,2026-08-17,2026-08-21,1:00:00 PM,Pizza Personal,1.0,10.99
10346,2026-08-17,2026-08-21,1:00:00 PM,Potaje Colorados Media,1.0,7.19
10347,2026-08-17,2026-08-21,1:00:00 PM,Pudin De Pan,1.0,5.49
10348,2026-08-17,2026-08-21,1:00:00 PM,Pudin Diplomatico,1.0,5.49
10349,2026-08-17,2026-08-21,1:00:00 PM,Rabo Encendido,7.0,168.53
10350,2026-08-17,2026-08-21,1:00:00 PM,Racion De Malanga,1.0,5.99
10351,2026-08-17,2026-08-21,1:00:00 PM,Riñonada.Con.3. Camar,1.0,29.99
10352,2026-08-17,2026-08-21,1:00:00 PM,Ropa Vieja,4.0,64.86
10353,2026-08-17,2026-08-21,1:00:00 PM,Sandweches Pollo,3.0,34.87
10354,2026-08-17,2026-08-21,1:00:00 PM,Sandwiches..Pollo.Empa,1.0,12.69
10355,2026-08-17,2026-08-21,1:00:00 PM,Sdwch De Pavo Regl,1.0,11.79
10356,2026-08-17,2026-08-21,1:00:00 PM,Sm Ajiaco,3.0,11.97
10357,2026-08-17,2026-08-21,1:00:00 PM,Sopa De Pollo Grande,4.0,33.96
10358,2026-08-17,2026-08-21,1:00:00 PM,Sopa Pescado Grande,1.0,10.99
10359,2026-08-17,2026-08-21,1:00:00 PM,Sopa Pescado Mediana,1.0,6.99
10360,2026-08-17,2026-08-21,1:00:00 PM,Sopa Platano Chiquita,1.0,3.99
10361,2026-08-17,2026-08-21,1:00:00 PM,Sopa Platano Grande,1.0,10.49
10362,2026-08-17,2026-08-21,1:00:00 PM,Sopa Platano Mediana,6.0,41.94
10363,2026-08-17,2026-08-21,1:00:00 PM,Sopa Pollo Media,5.0,27.45
10364,2026-08-17,2026-08-21,1:00:00 PM,Sopa. Pollo Chiquita,2.0,7.0
10365,2026-08-17,2026-08-21,1:00:00 PM,Spriet,3.0,7.5
10367,2026-08-17,2026-08-21,1:00:00 PM,Tamal,2.0,5.98
10368,2026-08-17,2026-08-21,1:00:00 PM,Tamal Cazuela.Mediano,2.0,14.18
10369,2026-08-17,2026-08-21,1:00:00 PM,Tamal.Cazuela Grande,1.0,11.19
10371,2026-08-17,2026-08-21,1:00:00 PM,Tortilla Basca. - Late,1.0,13.69
10372,2026-08-17,2026-08-21,1:00:00 PM,Tostones,1.0,4.99
10373,2026-08-17,2026-08-21,1:00:00 PM,Tres Leches,2.0,11.98
10374,2026-08-17,2026-08-21,1:00:00 PM,Vaca Frita,3.0,51.57
10375,2026-08-17,2026-08-21,1:00:00 PM,Yuca Frita,1.0,5.49
10376,2026-08-17,2026-08-21,2:00:00 PM,1 Bola Helado,1.0,2.99
10379,2026-08-17,2026-08-21,2:00:00 PM,Agua Perrier,1.0,3.49
10380,2026-08-17,2026-08-21,2:00:00 PM,Aguacate$4.00,1.0,4.0
10381,2026-08-17,2026-08-21,2:00:00 PM,Ajiaco Mediano,4.0,28.76
10382,2026-08-17,2026-08-21,2:00:00 PM,Ajiaco..Grande,4.0,42.76
10383,2026-08-17,2026-08-21,2:00:00 PM,Albondigas.Res,1.0,13.99
10384,2026-08-17,2026-08-21,2:00:00 PM,Arroz Blanco,1.0,3.25
10385,2026-08-17,2026-08-21,2:00:00 PM,Arroz Chiquito,1.0,2.25
10386,2026-08-17,2026-08-21,2:00:00 PM,Arroz Con Leche,1.0,5.49
10387,2026-08-17,2026-08-21,2:00:00 PM,Arroz Frito,3.0,40.87
10388,2026-08-17,2026-08-21,2:00:00 PM,Baby Churrasco,6.0,112.34
10389,2026-08-17,2026-08-21,2:00:00 PM,Bacalao Viscaina,1.0,20.19
10390,2026-08-17,2026-08-21,2:00:00 PM,Bananas.3 $ 1.50,4.0,6.0
10391,2026-08-17,2026-08-21,2:00:00 PM,Batido Mamey,5.0,27.45
10392,2026-08-17,2026-08-21,2:00:00 PM,Batido Trigo,1.0,4.99
10393,2026-08-17,2026-08-21,2:00:00 PM,Bistec De Pollo,21.0,287.89
10394,2026-08-17,2026-08-21,2:00:00 PM,Bistec De Puerco,1.0,15.49
10395,2026-08-17,2026-08-21,2:00:00 PM,Bistec En Cazuela,2.0,28.98
10396,2026-08-17,2026-08-21,2:00:00 PM,Bistec Palomilla,6.0,108.34
10397,2026-08-17,2026-08-21,2:00:00 PM,Bola Ensalada Pollo,2.0,6.5
10398,2026-08-17,2026-08-21,2:00:00 PM,Boliche,1.0,14.99
10399,2026-08-17,2026-08-21,2:00:00 PM,Boliche Asado,1.0,16.69
10400,2026-08-17,2026-08-21,2:00:00 PM,Bolita De Tuna,2.0,6.5
10401,2026-08-17,2026-08-21,2:00:00 PM,Boniato Frito,2.0,9.98
10402,2026-08-17,2026-08-21,2:00:00 PM,Boñuelos,4.0,21.96
10403,2026-08-17,2026-08-21,2:00:00 PM,Cafe Con Leche Grande,4.0,18.0
10404,2026-08-17,2026-08-21,2:00:00 PM,Cafe Con Leche Pequeno,1.0,2.5
10405,2026-08-17,2026-08-21,2:00:00 PM,Cafe Cubano,24.0,36.0
10406,2026-08-17,2026-08-21,2:00:00 PM,Calabaza Hervida,1.0,4.99
10407,2026-08-17,2026-08-21,2:00:00 PM,Calamares Fritos,1.0,14.99
10409,2026-08-17,2026-08-21,2:00:00 PM,Carne Con Papas,3.0,42.37
10410,2026-08-17,2026-08-21,2:00:00 PM,Cascos Guava Queso,1.0,5.99
10411,2026-08-17,2026-08-21,2:00:00 PM,Ceviche Mixto,1.0,22.99
10412,2026-08-17,2026-08-21,2:00:00 PM,Chichar Pollo C Hueso,1.0,13.49
10413,2026-08-17,2026-08-21,2:00:00 PM,Chichar Pollo Sin Hues,1.0,13.69
10414,2026-08-17,2026-08-21,2:00:00 PM,Chicharo Grande,2.0,18.38
10415,2026-08-17,2026-08-21,2:00:00 PM,Chicharo Mediano,2.0,13.98
10416,2026-08-17,2026-08-21,2:00:00 PM,Chilindron D Chivo,3.0,65.97
10417,2026-08-17,2026-08-21,2:00:00 PM,Chuletas De Puerco,2.0,27.98
10418,2026-08-17,2026-08-21,2:00:00 PM,Churrasco,7.0,186.73
10419,2026-08-17,2026-08-21,2:00:00 PM,Clamato,1.0,2.99
10420,2026-08-17,2026-08-21,2:00:00 PM,Club Sandwich,1.0,12.19
10421,2026-08-17,2026-08-21,2:00:00 PM,Cocacola.Botella,2.0,6.98
10422,2026-08-17,2026-08-21,2:00:00 PM,Coke,9.0,22.5
10423,2026-08-17,2026-08-21,2:00:00 PM,Colada,5.0,13.75
10424,2026-08-17,2026-08-21,2:00:00 PM,Colorados Grande,2.0,19.38
10425,2026-08-17,2026-08-21,2:00:00 PM,Copa Vino,1.0,8.99
10426,2026-08-17,2026-08-21,2:00:00 PM,Corona,5.0,27.45
10427,2026-08-17,2026-08-21,2:00:00 PM,Cortadito,8.0,17.22
10428,2026-08-17,2026-08-21,2:00:00 PM,Cortadito Evaporada,5.0,12.5
10429,2026-08-17,2026-08-21,2:00:00 PM,Crema Brocoly,2.0,18.5
10430,2026-08-17,2026-08-21,2:00:00 PM,Crema Calabaza Grande,1.0,9.99
10431,2026-08-17,2026-08-21,2:00:00 PM,Crema Calabaza Median,3.0,20.97
10432,2026-08-17,2026-08-21,2:00:00 PM,Crema Malanga Mediana,4.0,27.96
10433,2026-08-17,2026-08-21,2:00:00 PM,Crema Malanga.Grande,4.0,42.16
10434,2026-08-17,2026-08-21,2:00:00 PM,Crema Vegetales Median,1.0,6.99
10435,2026-08-17,2026-08-21,2:00:00 PM,Crema. Vegetalchiquita,1.0,4.5
10436,2026-08-17,2026-08-21,2:00:00 PM,Croqueta Bacalao,10.0,19.9
10437,2026-08-17,2026-08-21,2:00:00 PM,Croqueta Jamon,19.0,33.25
10438,2026-08-17,2026-08-21,2:00:00 PM,Croqueta Preparada,3.0,36.37
10439,2026-08-17,2026-08-21,2:00:00 PM,Cubano Regular,2.0,20.38
10440,2026-08-17,2026-08-21,2:00:00 PM,Deditos .Pescado,1.0,14.19
10441,2026-08-17,2026-08-21,2:00:00 PM,Deditos De Pollo,3.0,39.57
10442,2026-08-17,2026-08-21,2:00:00 PM,Deditos De Queso,4.0,7.96
10443,2026-08-17,2026-08-21,2:00:00 PM,Diet Coke,1.0,2.25
10444,2026-08-17,2026-08-21,2:00:00 PM,Diet Materva,1.0,2.5
10445,2026-08-17,2026-08-21,2:00:00 PM,Dos Huevo Aros. Madur,1.0,8.99
10446,2026-08-17,2026-08-21,2:00:00 PM,Empanada Carne,7.0,20.93
10447,2026-08-17,2026-08-21,2:00:00 PM,Empanada Pollo,2.0,5.98
10448,2026-08-17,2026-08-21,2:00:00 PM,Empnda Espinaca/Queso,3.0,8.97
10449,2026-08-17,2026-08-21,2:00:00 PM,Enpanisado. Res,2.0,32.18
10450,2026-08-17,2026-08-21,2:00:00 PM,Ensala Aguacat Peque,10.0,45.0
10451,2026-08-17,2026-08-21,2:00:00 PM,Ensalada Aguacat Grand,3.0,16.5
10452,2026-08-17,2026-08-21,2:00:00 PM,Ensalda De Tuna,2.0,23.98
10453,2026-08-17,2026-08-21,2:00:00 PM,Espaqueti .Solo Alfred,1.0,8.99
10454,2026-08-17,2026-08-21,2:00:00 PM,Fabada Grande,1.0,10.69
10455,2026-08-17,2026-08-21,2:00:00 PM,Filete De Mahimahi,4.0,68.36
10456,2026-08-17,2026-08-21,2:00:00 PM,Filete Pargo Plancha,2.0,42.18
10457,2026-08-17,2026-08-21,2:00:00 PM,Filete Pescado Empani,1.0,17.69
10458,2026-08-17,2026-08-21,2:00:00 PM,Filete Pescado Planch,4.0,67.96
10459,2026-08-17,2026-08-21,2:00:00 PM,Filete Salmon,1.0,20.2
10460,2026-08-17,2026-08-21,2:00:00 PM,Filetillo Pollo Planch,2.0,30.18
10461,2026-08-17,2026-08-21,2:00:00 PM,Flan,2.0,9.98
10462,2026-08-17,2026-08-21,2:00:00 PM,Flan Especial,1.0,5.99
10463,2026-08-17,2026-08-21,2:00:00 PM,Fricase De Pollo,3.0,33.37
10464,2026-08-17,2026-08-21,2:00:00 PM,Fricase Puerco,1.0,13.45
10465,2026-08-17,2026-08-21,2:00:00 PM,Frijol Grande,1.0,7.99
10466,2026-08-17,2026-08-21,2:00:00 PM,Frijol Mediano,1.0,4.99
10467,2026-08-17,2026-08-21,2:00:00 PM,Frijol Pequeno,2.0,5.98
10468,2026-08-17,2026-08-21,2:00:00 PM,Frijol.Colorado Chiqui,1.0,3.99
10469,2026-08-17,2026-08-21,2:00:00 PM,Frituras De Malanga,1.0,6.5
10470,2026-08-17,2026-08-21,2:00:00 PM,Garbanzo Grande,1.0,10.49
10471,2026-08-17,2026-08-21,2:00:00 PM,Garbanzo.Mediano,1.0,6.99
10472,2026-08-17,2026-08-21,2:00:00 PM,Guarapo,4.0,21.0
10473,2026-08-17,2026-08-21,2:00:00 PM,Guiso Maiz Chiquito,2.0,7.98
10474,2026-08-17,2026-08-21,2:00:00 PM,Heineken,2.0,10.98
10475,2026-08-17,2026-08-21,2:00:00 PM,Helado Cono,1.0,3.5
10476,2026-08-17,2026-08-21,2:00:00 PM,Higado Italiana,2.0,30.18
10477,2026-08-17,2026-08-21,2:00:00 PM,Horde Depan,1.0,1.5
10478,2026-08-17,2026-08-21,2:00:00 PM,Horden De 3 Chicharone,1.0,3.25
10479,2026-08-17,2026-08-21,2:00:00 PM,Huevo Frito,2.0,3.0
10480,2026-08-17,2026-08-21,2:00:00 PM,Imperial,1.0,12.19
10481,2026-08-17,2026-08-21,2:00:00 PM,Jugo Pina,3.0,13.5
10482,2026-08-17,2026-08-21,2:00:00 PM,Jugo Zanahoria Naraja,2.0,9.98
10483,2026-08-17,2026-08-21,2:00:00 PM,Jugo.Naranja,5.0,26.25
10484,2026-08-17,2026-08-21,2:00:00 PM,Jupiña,1.0,2.5
10485,2026-08-17,2026-08-21,2:00:00 PM,Killer Drop Red Wine,1.0,34.99
10486,2026-08-17,2026-08-21,2:00:00 PM,Lentejas Grande,2.0,18.98
10487,2026-08-17,2026-08-21,2:00:00 PM,Lentejas Mediana,3.0,20.97
10488,2026-08-17,2026-08-21,2:00:00 PM,Limonada,7.0,31.5
10489,2026-08-17,2026-08-21,2:00:00 PM,Madio.Pollo A La Brasa,1.0,14.99
10490,2026-08-17,2026-08-21,2:00:00 PM,Maduros,2.0,8.98
10491,2026-08-17,2026-08-21,2:00:00 PM,Malta,1.0,3.25
10492,2026-08-17,2026-08-21,2:00:00 PM,Mariquitas De Malanga,2.0,11.98
10493,2026-08-17,2026-08-21,2:00:00 PM,Mariquitas..Mixta,1.0,5.49
10494,2026-08-17,2026-08-21,2:00:00 PM,Mariquitas.Togo,1.0,4.5
10495,2026-08-17,2026-08-21,2:00:00 PM,Masas De Puerco,2.0,27.68
10496,2026-08-17,2026-08-21,2:00:00 PM,Materva,2.0,5.0
10497,2026-08-17,2026-08-21,2:00:00 PM,Media Noche,3.0,30.57
10498,2026-08-17,2026-08-21,2:00:00 PM,Medio Pollo A Brasa,2.0,27.98
10499,2026-08-17,2026-08-21,2:00:00 PM,Medio Pollo.Asado,1.0,12.99
10500,2026-08-17,2026-08-21,2:00:00 PM,Melon..Sandia,2.0,9.0
10501,2026-08-17,2026-08-21,2:00:00 PM,Milanesa De Pollo,1.0,15.99
10502,2026-08-17,2026-08-21,2:00:00 PM,Misc Cocina,2.0,5.5
10503,2026-08-17,2026-08-21,2:00:00 PM,Mofongo Puerco,1.0,16.99
10504,2026-08-17,2026-08-21,2:00:00 PM,Moros,1.0,3.99
10505,2026-08-17,2026-08-21,2:00:00 PM,Natilla,1.0,4.99
10506,2026-08-17,2026-08-21,2:00:00 PM,Pan Con Bistec,13.0,144.87
10507,2026-08-17,2026-08-21,2:00:00 PM,Pan Jamaica,1.0,1.6
10508,2026-08-17,2026-08-21,2:00:00 PM,Papa Rellena,3.0,8.97
10509,2026-08-17,2026-08-21,2:00:00 PM,Pargo Frito Entero,1.0,25.99
10510,2026-08-17,2026-08-21,2:00:00 PM,Pasteles Guayaba,4.0,6.0
10511,2026-08-17,2026-08-21,2:00:00 PM,Pasteles Queso/Guayaba,2.0,3.0
10512,2026-08-17,2026-08-21,2:00:00 PM,Picadillo,3.0,42.87
10513,2026-08-17,2026-08-21,2:00:00 PM,Pollo Empanizado,1.0,15.49
10514,2026-08-17,2026-08-21,2:00:00 PM,Potaje Colorados Media,2.0,14.38
10515,2026-08-17,2026-08-21,2:00:00 PM,Pudin De Pan,2.0,10.98
10516,2026-08-17,2026-08-21,2:00:00 PM,Pudin Diplomatico,3.0,16.47
10517,2026-08-17,2026-08-21,2:00:00 PM,Rabo Encendido,2.0,48.18
10518,2026-08-17,2026-08-21,2:00:00 PM,Riñonada,1.0,20.99
10519,2026-08-17,2026-08-21,2:00:00 PM,Ropa Vieja,13.0,205.17000000000002
10520,2026-08-17,2026-08-21,2:00:00 PM,Rueda De Serrucho,1.0,15.19
10521,2026-08-17,2026-08-21,2:00:00 PM,Sand Jamon Queso,1.0,9.19
10522,2026-08-17,2026-08-21,2:00:00 PM,Sandwich Ensal Pollo,1.0,10.19
10523,2026-08-17,2026-08-21,2:00:00 PM,Sandwiches..Pollo.Empa,1.0,12.49
10524,2026-08-17,2026-08-21,2:00:00 PM,Sdwc Tuna Regular,1.0,10.69
10525,2026-08-17,2026-08-21,2:00:00 PM,Sdwch De Pavo Regl,1.0,9.99
10526,2026-08-17,2026-08-21,2:00:00 PM,Sm Ajiaco,1.0,3.99
10527,2026-08-17,2026-08-21,2:00:00 PM,Sopa De Pollo Grande,6.0,50.94
10528,2026-08-17,2026-08-21,2:00:00 PM,Sopa Pescado Grande,8.0,87.92
10529,2026-08-17,2026-08-21,2:00:00 PM,Sopa Pescado Mediana,3.0,20.97
10530,2026-08-17,2026-08-21,2:00:00 PM,Sopa Platano Grande,1.0,10.49
10531,2026-08-17,2026-08-21,2:00:00 PM,Sopa Platano Mediana,4.0,27.96
10532,2026-08-17,2026-08-21,2:00:00 PM,Sopa Pollo Media,4.0,21.96
10533,2026-08-17,2026-08-21,2:00:00 PM,Spagheti Carne Salsa R,1.0,16.19
10534,2026-08-17,2026-08-21,2:00:00 PM,Spriet,1.0,2.5
10536,2026-08-17,2026-08-21,2:00:00 PM,Tamal,2.0,5.98
10537,2026-08-17,2026-08-21,2:00:00 PM,Tamal Cazuela.Mediano,6.0,42.54
10538,2026-08-17,2026-08-21,2:00:00 PM,Tamal.Cazuela Grande,4.0,44.56
10540,2026-08-17,2026-08-21,2:00:00 PM,Tostada,3.0,5.97
10541,2026-08-17,2026-08-21,2:00:00 PM,Tostones,3.0,14.97
10542,2026-08-17,2026-08-21,2:00:00 PM,Tres Leches,1.0,5.99
10543,2026-08-17,2026-08-21,2:00:00 PM,Vaca Frita,5.0,85.35
10544,2026-08-17,2026-08-21,2:00:00 PM,Varadero Fuma,2.0,4.5
10545,2026-08-17,2026-08-21,2:00:00 PM,Yuca,1.0,4.49
10546,2026-08-17,2026-08-21,3:00:00 PM,1 Bola Helado,1.0,2.99
10549,2026-08-17,2026-08-21,3:00:00 PM,Agua Natural,1.0,1.99
10550,2026-08-17,2026-08-21,3:00:00 PM,Agua Perrier,2.0,6.98
10551,2026-08-17,2026-08-21,3:00:00 PM,Aguacate$4.00,2.0,8.0
10552,2026-08-17,2026-08-21,3:00:00 PM,Ajiaco..Grande,5.0,53.25
10553,2026-08-17,2026-08-21,3:00:00 PM,Albondigas.Res,1.0,14.19
10554,2026-08-17,2026-08-21,3:00:00 PM,Arroz Blanco,3.0,9.75
10555,2026-08-17,2026-08-21,3:00:00 PM,Arroz Chiquito,3.0,7.75
10556,2026-08-17,2026-08-21,3:00:00 PM,Arroz Con Leche,1.0,5.49
10557,2026-08-17,2026-08-21,3:00:00 PM,Arroz Con Pollo,2.0,26.98
10558,2026-08-17,2026-08-21,3:00:00 PM,Arroz Frito,4.0,56.76
10559,2026-08-17,2026-08-21,3:00:00 PM,Arroz Imperial,2.0,28.18
10560,2026-08-17,2026-08-21,3:00:00 PM,Baby Churrasco,8.0,158.52
10561,2026-08-17,2026-08-21,3:00:00 PM,Bacalao Viscaina,2.0,40.18
10562,2026-08-17,2026-08-21,3:00:00 PM,Batido Chocolate,6.0,29.94
10563,2026-08-17,2026-08-21,3:00:00 PM,Batido Fruta Bonba,2.0,9.98
10564,2026-08-17,2026-08-21,3:00:00 PM,Batido Mamey,4.0,21.96
10565,2026-08-17,2026-08-21,3:00:00 PM,Bistec De Pollo,21.0,289.49
10566,2026-08-17,2026-08-21,3:00:00 PM,Bistec De Puerco,1.0,15.49
10567,2026-08-17,2026-08-21,3:00:00 PM,Bistec En Cazuela,1.0,16.69
10568,2026-08-17,2026-08-21,3:00:00 PM,Bistec Palomilla,1.0,18.19
10569,2026-08-17,2026-08-21,3:00:00 PM,Boliche,2.0,30.38
10570,2026-08-17,2026-08-21,3:00:00 PM,Bolita De Tuna,1.0,3.25
10571,2026-08-17,2026-08-21,3:00:00 PM,Boniatillo,1.0,1.5
10572,2026-08-17,2026-08-21,3:00:00 PM,Cafe Con Leche Mediano,1.0,3.75
10573,2026-08-17,2026-08-21,3:00:00 PM,Cafe Con Leche Pequeno,1.0,2.5
10574,2026-08-17,2026-08-21,3:00:00 PM,Cafe Cubano,12.0,18.0
10576,2026-08-17,2026-08-21,3:00:00 PM,Carne Con Papas,2.0,28.38
10577,2026-08-17,2026-08-21,3:00:00 PM,Cascos Guava Queso,3.0,17.97
10578,2026-08-17,2026-08-21,3:00:00 PM,Chichar Pollo Sin Hues,1.0,13.49
10579,2026-08-17,2026-08-21,3:00:00 PM,Chicharo Grande,1.0,9.19
10580,2026-08-17,2026-08-21,3:00:00 PM,Chichek Wings,1.0,7.5
10581,2026-08-17,2026-08-21,3:00:00 PM,Chilindron D Chivo,1.0,21.99
10582,2026-08-17,2026-08-21,3:00:00 PM,Chuletas De Puerco,1.0,14.49
10583,2026-08-17,2026-08-21,3:00:00 PM,Churrasco,2.0,51.98
10584,2026-08-17,2026-08-21,3:00:00 PM,Coke,2.0,5.0
10585,2026-08-17,2026-08-21,3:00:00 PM,Colada,4.0,11.0
10586,2026-08-17,2026-08-21,3:00:00 PM,Copa Vino,2.0,17.98
10587,2026-08-17,2026-08-21,3:00:00 PM,Corona,1.0,5.49
10588,2026-08-17,2026-08-21,3:00:00 PM,Cortadito,3.0,6.75
10589,2026-08-17,2026-08-21,3:00:00 PM,Cortadito Evaporada,9.0,22.5
10590,2026-08-17,2026-08-21,3:00:00 PM,Crema Brocoly,5.0,46.25
10591,2026-08-17,2026-08-21,3:00:00 PM,Crema Malanga.Grande,2.0,20.98
10592,2026-08-17,2026-08-21,3:00:00 PM,Crema Vegetales Median,3.0,20.97
10593,2026-08-17,2026-08-21,3:00:00 PM,Croqueta Bacalao,3.0,5.97
10594,2026-08-17,2026-08-21,3:00:00 PM,Croqueta Jamon,16.0,28.0
10595,2026-08-17,2026-08-21,3:00:00 PM,Croqueta Pollo,2.0,3.5
10596,2026-08-17,2026-08-21,3:00:00 PM,Cubano Especial,2.0,24.18
10597,2026-08-17,2026-08-21,3:00:00 PM,Deditos .Pescado,2.0,28.18
10598,2026-08-17,2026-08-21,3:00:00 PM,Deditos De Pescado,3.0,48.57
10599,2026-08-17,2026-08-21,3:00:00 PM,Deditos De Pollo,1.0,12.99
10600,2026-08-17,2026-08-21,3:00:00 PM,Deditos Queso/Guayaba,1.0,1.99
10601,2026-08-17,2026-08-21,3:00:00 PM,Diet Coke,1.0,2.25
10602,2026-08-17,2026-08-21,3:00:00 PM,Empanada Carne,2.0,5.98
10603,2026-08-17,2026-08-21,3:00:00 PM,Empanada Jamon/Queso,1.0,2.99
10604,2026-08-17,2026-08-21,3:00:00 PM,Ensala Aguacat Peque,9.0,40.5
10605,2026-08-17,2026-08-21,3:00:00 PM,Ensala Pollo 2 Croquet,1.0,12.49
10606,2026-08-17,2026-08-21,3:00:00 PM,Ensalada Aguacat Grand,2.0,11.0
10607,2026-08-17,2026-08-21,3:00:00 PM,Epaguetti Con Jamon.Ro,1.0,13.19
10608,2026-08-17,2026-08-21,3:00:00 PM,Extra Aguacate,2.0,3.5
10609,2026-08-17,2026-08-21,3:00:00 PM,Fabada Grande,2.0,21.38
10610,2026-08-17,2026-08-21,3:00:00 PM,Filete Pargo Plancha,1.0,20.99
10611,2026-08-17,2026-08-21,3:00:00 PM,Filete Pescado Planch,1.0,17.99
10612,2026-08-17,2026-08-21,3:00:00 PM,Filete Salmon,4.0,74.6
10613,2026-08-17,2026-08-21,3:00:00 PM,Filetillo De Carne,2.0,27.38
10614,2026-08-17,2026-08-21,3:00:00 PM,Filetillo Pollo Planch,2.0,30.38
10615,2026-08-17,2026-08-21,3:00:00 PM,Fricase De Pollo,1.0,11.19
10616,2026-08-17,2026-08-21,3:00:00 PM,Fricase Puerco,1.0,13.25
10617,2026-08-17,2026-08-21,3:00:00 PM,Frijol Mediano,2.0,9.98
10618,2026-08-17,2026-08-21,3:00:00 PM,Frijol.Colorado Chiqui,1.0,3.99
10619,2026-08-17,2026-08-21,3:00:00 PM,Frituras De Malanga,2.0,13.0
10620,2026-08-17,2026-08-21,3:00:00 PM,Garbanzo.Mediano,3.0,20.97
10621,2026-08-17,2026-08-21,3:00:00 PM,Guarapo,4.0,21.0
10622,2026-08-17,2026-08-21,3:00:00 PM,Guiso.Maiz Mediano,4.0,27.96
10623,2026-08-17,2026-08-21,3:00:00 PM,Helado Cono,1.0,3.5
10624,2026-08-17,2026-08-21,3:00:00 PM,Higado Italiana,1.0,16.49
10625,2026-08-17,2026-08-21,3:00:00 PM,Horden De 3 Chicharone,1.0,3.25
10626,2026-08-17,2026-08-21,3:00:00 PM,Inca Kola,5.0,14.95
10627,2026-08-17,2026-08-21,3:00:00 PM,Iron Beer,2.0,5.0
10628,2026-08-17,2026-08-21,3:00:00 PM,Jugo De Manzana,1.0,3.25
10629,2026-08-17,2026-08-21,3:00:00 PM,Jugo.Naranja,4.0,21.0
10630,2026-08-17,2026-08-21,3:00:00 PM,Juntas,3.0,0.0
10631,2026-08-17,2026-08-21,3:00:00 PM,Jupina Dieta,1.0,2.5
10632,2026-08-17,2026-08-21,3:00:00 PM,Jupiña,3.0,7.5
10633,2026-08-17,2026-08-21,3:00:00 PM,Lechon Asado,1.0,13.99
10634,2026-08-17,2026-08-21,3:00:00 PM,Lentejas Grande,1.0,9.49
10635,2026-08-17,2026-08-21,3:00:00 PM,Lentejas Mediana,5.0,34.95
10636,2026-08-17,2026-08-21,3:00:00 PM,Lentejas.Chiquita,2.0,7.98
10637,2026-08-17,2026-08-21,3:00:00 PM,Madio.Pollo A La Brasa,1.0,13.99
10638,2026-08-17,2026-08-21,3:00:00 PM,Maduros,1.0,4.49
10639,2026-08-17,2026-08-21,3:00:00 PM,Mariquitas,4.0,23.96
10640,2026-08-17,2026-08-21,3:00:00 PM,Masas De Puerco,3.0,42.37
10641,2026-08-17,2026-08-21,3:00:00 PM,Materva,6.0,15.0
10642,2026-08-17,2026-08-21,3:00:00 PM,Media Noche,1.0,10.19
10643,2026-08-17,2026-08-21,3:00:00 PM,Medio Pollo A Brasa,3.0,39.57
10644,2026-08-17,2026-08-21,3:00:00 PM,Medio Pollo.Asado,1.0,13.19
10645,2026-08-17,2026-08-21,3:00:00 PM,Melon..Sandia,5.0,22.5
10646,2026-08-17,2026-08-21,3:00:00 PM,Merenquito,1.0,1.5
10647,2026-08-17,2026-08-21,3:00:00 PM,Miami Sandwich,1.0,11.99
10648,2026-08-17,2026-08-21,3:00:00 PM,Milanesa De Pollo,3.0,48.37
10649,2026-08-17,2026-08-21,3:00:00 PM,Misc Cocina,1.0,4.0
10650,2026-08-17,2026-08-21,3:00:00 PM,Mofongo Puerco,1.0,16.99
10651,2026-08-17,2026-08-21,3:00:00 PM,Natilla Catalana,1.0,6.25
10652,2026-08-17,2026-08-21,3:00:00 PM,Pan Con Bistec,2.0,22.38
10653,2026-08-17,2026-08-21,3:00:00 PM,Pan Jamaica,2.0,3.2
10654,2026-08-17,2026-08-21,3:00:00 PM,Pasteles Guayaba,1.0,1.5
10655,2026-08-17,2026-08-21,3:00:00 PM,Picadillo,2.0,27.38
10656,2026-08-17,2026-08-21,3:00:00 PM,Pollo Empanizado,3.0,44.07
10657,2026-08-17,2026-08-21,3:00:00 PM,Potaje Colorados Media,1.0,6.99
10658,2026-08-17,2026-08-21,3:00:00 PM,Pudin De Pan,1.0,5.49
10659,2026-08-17,2026-08-21,3:00:00 PM,Pudin Diplomatico,1.0,5.49
10660,2026-08-17,2026-08-21,3:00:00 PM,Rabo Encendido,3.0,72.17
10661,2026-08-17,2026-08-21,3:00:00 PM,Racion De Malanga,1.0,5.99
10662,2026-08-17,2026-08-21,3:00:00 PM,Riñonada,1.0,20.99
10663,2026-08-17,2026-08-21,3:00:00 PM,Riñonada.Con.3. Camar,1.0,29.99
10664,2026-08-17,2026-08-21,3:00:00 PM,Ropa Vieja,6.0,92.44
10665,2026-08-17,2026-08-21,3:00:00 PM,Salsa Cilandro,3.0,3.75
10666,2026-08-17,2026-08-21,3:00:00 PM,Sm Sopa Pescado,1.0,4.25
10667,2026-08-17,2026-08-21,3:00:00 PM,Sopa De Pollo Grande,7.0,59.43
10668,2026-08-17,2026-08-21,3:00:00 PM,Sopa Pescado Grande,1.0,10.99
10669,2026-08-17,2026-08-21,3:00:00 PM,Sopa Pescado Mediana,6.0,41.94
10670,2026-08-17,2026-08-21,3:00:00 PM,Sopa Pollo Media,7.0,38.43
10671,2026-08-17,2026-08-21,3:00:00 PM,Sopa. Pollo Chiquita,2.0,7.0
10672,2026-08-17,2026-08-21,3:00:00 PM,Spriet,1.0,2.5
10674,2026-08-17,2026-08-21,3:00:00 PM,Tamal,1.0,2.99
10675,2026-08-17,2026-08-21,3:00:00 PM,Tamal Cazuela.Mediano,2.0,14.18
10677,2026-08-17,2026-08-21,3:00:00 PM,Tostones,5.0,24.95
10678,2026-08-17,2026-08-21,3:00:00 PM,Tres Leches,4.0,23.96
10679,2026-08-17,2026-08-21,3:00:00 PM,Vaca Frita,2.0,33.98
10680,2026-08-17,2026-08-21,3:00:00 PM,Yuca Frita,1.0,5.49
10682,2026-08-17,2026-08-21,4:00:00 PM,1 Bola Helado,3.0,8.97
10683,2026-08-17,2026-08-21,4:00:00 PM,1.Libra Ensala Pollo,1.0,8.99
10684,2026-08-17,2026-08-21,4:00:00 PM,305 Verdes,1.0,6.25
10687,2026-08-17,2026-08-21,4:00:00 PM,Agua Perrier,1.0,3.49
10688,2026-08-17,2026-08-21,4:00:00 PM,Aguacate$4.00,1.0,4.0
10689,2026-08-17,2026-08-21,4:00:00 PM,Ajiaco Mediano,1.0,6.99
10690,2026-08-17,2026-08-21,4:00:00 PM,Ajiaco..Grande,2.0,21.38
10691,2026-08-17,2026-08-21,4:00:00 PM,Albondigas.Res,3.0,44.57
10692,2026-08-17,2026-08-21,4:00:00 PM,Arroz Blanco,2.0,6.5
10693,2026-08-17,2026-08-21,4:00:00 PM,Arroz Chiquito,1.0,2.25
10694,2026-08-17,2026-08-21,4:00:00 PM,Arroz Frito,3.0,42.87
10695,2026-08-17,2026-08-21,4:00:00 PM,Baby Churrasco,1.0,19.99
10696,2026-08-17,2026-08-21,4:00:00 PM,Bacalao Viscaina,1.0,19.99
10697,2026-08-17,2026-08-21,4:00:00 PM,Bananas.3 $ 1.50,1.0,1.5
10698,2026-08-17,2026-08-21,4:00:00 PM,Batido Fruta Bonba,2.0,9.98
10699,2026-08-17,2026-08-21,4:00:00 PM,Batido Mango,2.0,9.98
10700,2026-08-17,2026-08-21,4:00:00 PM,Batido Trigo,1.0,4.99
10701,2026-08-17,2026-08-21,4:00:00 PM,Bistec A Caballo,1.0,14.69
10702,2026-08-17,2026-08-21,4:00:00 PM,Bistec De Higado,1.0,13.49
10703,2026-08-17,2026-08-21,4:00:00 PM,Bistec De Pollo,14.0,193.06
10704,2026-08-17,2026-08-21,4:00:00 PM,Bistec De Puerco,1.0,15.69
10705,2026-08-17,2026-08-21,4:00:00 PM,Bistec En Cazuela,1.0,14.49
10706,2026-08-17,2026-08-21,4:00:00 PM,Bistec Palomilla,2.0,36.18
10707,2026-08-17,2026-08-21,4:00:00 PM,Boliche,1.0,15.19
10708,2026-08-17,2026-08-21,4:00:00 PM,Boniato Frito,1.0,4.99
10709,2026-08-17,2026-08-21,4:00:00 PM,Boñuelos,2.0,10.98
10710,2026-08-17,2026-08-21,4:00:00 PM,Bud Light,1.0,4.99
10711,2026-08-17,2026-08-21,4:00:00 PM,Cafe Con Leche Grande,2.0,9.0
10712,2026-08-17,2026-08-21,4:00:00 PM,Cafe Con Leche Mediano,1.0,3.75
10713,2026-08-17,2026-08-21,4:00:00 PM,Cafe Con Leche Pequeno,2.0,5.0
10714,2026-08-17,2026-08-21,4:00:00 PM,Cafe Cubano,18.0,27.0
10717,2026-08-17,2026-08-21,4:00:00 PM,Carne Con Papas,1.0,14.19
10718,2026-08-17,2026-08-21,4:00:00 PM,Chichar Pollo C Hueso,1.0,13.69
10719,2026-08-17,2026-08-21,4:00:00 PM,Chicharo Grande,3.0,27.57
10720,2026-08-17,2026-08-21,4:00:00 PM,Chicharo Mediano,2.0,13.98
10721,2026-08-17,2026-08-21,4:00:00 PM,Chuletas De Puerco,4.0,56.76
10722,2026-08-17,2026-08-21,4:00:00 PM,Churrasco,2.0,51.98
10723,2026-08-17,2026-08-21,4:00:00 PM,Coke,2.0,5.0
10724,2026-08-17,2026-08-21,4:00:00 PM,Colada,5.0,13.75
10725,2026-08-17,2026-08-21,4:00:00 PM,Congri,2.0,7.98
10726,2026-08-17,2026-08-21,4:00:00 PM,Copa De Sangria,1.0,8.99
10727,2026-08-17,2026-08-21,4:00:00 PM,Copa Vino,1.0,8.99
10728,2026-08-17,2026-08-21,4:00:00 PM,Cortadito Evaporada,3.0,7.5
10729,2026-08-17,2026-08-21,4:00:00 PM,Crema Calabaza Grande,4.0,39.96
10730,2026-08-17,2026-08-21,4:00:00 PM,Crema Grande Calabaza,1.0,10.19
10731,2026-08-17,2026-08-21,4:00:00 PM,Crema Malanga Mediana,5.0,34.95
10732,2026-08-17,2026-08-21,4:00:00 PM,Crema Malanga.Grande,1.0,10.49
10733,2026-08-17,2026-08-21,4:00:00 PM,Crema Vegetales Median,1.0,6.99
10734,2026-08-17,2026-08-21,4:00:00 PM,Croqueta Jamon,8.0,14.0
10735,2026-08-17,2026-08-21,4:00:00 PM,Cubano Especial,5.0,60.75
10736,2026-08-17,2026-08-21,4:00:00 PM,Cubano Regular,1.0,9.99
10737,2026-08-17,2026-08-21,4:00:00 PM,Deditos De Pescado,2.0,32.38
10738,2026-08-17,2026-08-21,4:00:00 PM,Deditos De Pollo Kids,1.0,7.99
10739,2026-08-17,2026-08-21,4:00:00 PM,Diet Coke,1.0,2.25
10740,2026-08-17,2026-08-21,4:00:00 PM,Diet Materva,1.0,2.5
10741,2026-08-17,2026-08-21,4:00:00 PM,Dulce De Leche,1.0,5.49
10742,2026-08-17,2026-08-21,4:00:00 PM,Empanada Carne,6.0,17.94
10743,2026-08-17,2026-08-21,4:00:00 PM,Empanada Jamon/Queso,1.0,2.99
10744,2026-08-17,2026-08-21,4:00:00 PM,Empanada Pollo,2.0,5.98
10745,2026-08-17,2026-08-21,4:00:00 PM,Enpanisado. Res,3.0,50.17
10746,2026-08-17,2026-08-21,4:00:00 PM,"Enpellas,Chicharones",1.0,6.0
10747,2026-08-17,2026-08-21,4:00:00 PM,Ensala Aguacat Peque,3.0,13.5
10748,2026-08-17,2026-08-21,4:00:00 PM,Ensala Pollo 2 Croquet,1.0,12.49
10749,2026-08-17,2026-08-21,4:00:00 PM,Ensalada Aguacat Grand,4.0,22.0
10750,2026-08-17,2026-08-21,4:00:00 PM,Ensalada Small,1.0,2.75
10751,2026-08-17,2026-08-21,4:00:00 PM,Extra Aguacate,1.0,1.75
10752,2026-08-17,2026-08-21,4:00:00 PM,Fabada Mediana,2.0,14.38
10753,2026-08-17,2026-08-21,4:00:00 PM,Filete Pescado Planch,1.0,17.19
10754,2026-08-17,2026-08-21,4:00:00 PM,Filetillo Pollo Planch,3.0,44.97
10755,2026-08-17,2026-08-21,4:00:00 PM,Filetillo Res Plancha,2.0,30.18
10756,2026-08-17,2026-08-21,4:00:00 PM,Filetillo Res Salsa,1.0,15.19
10757,2026-08-17,2026-08-21,4:00:00 PM,Flan,1.0,4.99
10758,2026-08-17,2026-08-21,4:00:00 PM,Flan Especial,2.0,11.98
10759,2026-08-17,2026-08-21,4:00:00 PM,Fricase De Pollo,4.0,44.16
10760,2026-08-17,2026-08-21,4:00:00 PM,Frijol Mediano,2.0,9.98
10761,2026-08-17,2026-08-21,4:00:00 PM,Frijol.Colorado Chiqui,1.0,3.99
10762,2026-08-17,2026-08-21,4:00:00 PM,Frita Cubana,1.0,11.49
10763,2026-08-17,2026-08-21,4:00:00 PM,Frituras De Malanga,2.0,13.0
10764,2026-08-17,2026-08-21,4:00:00 PM,Garbanzo.Frito,1.0,13.99
10765,2026-08-17,2026-08-21,4:00:00 PM,Garbanzo.Mediano,4.0,27.96
10766,2026-08-17,2026-08-21,4:00:00 PM,Gatorade Fruit Punch,1.0,3.99
10767,2026-08-17,2026-08-21,4:00:00 PM,Guarapo,4.0,21.0
10768,2026-08-17,2026-08-21,4:00:00 PM,Guiso Maiz Chiquito,2.0,7.98
10769,2026-08-17,2026-08-21,4:00:00 PM,Guiso Maiz Grande,1.0,10.49
10770,2026-08-17,2026-08-21,4:00:00 PM,Helado Cono,2.0,7.0
10771,2026-08-17,2026-08-21,4:00:00 PM,Higado Italiana,2.0,30.18
10772,2026-08-17,2026-08-21,4:00:00 PM,Horden De 3 Chicharone,2.0,6.5
10773,2026-08-17,2026-08-21,4:00:00 PM,Imperial,1.0,12.19
10774,2026-08-17,2026-08-21,4:00:00 PM,Iron Beer,1.0,2.5
10775,2026-08-17,2026-08-21,4:00:00 PM,Jugo De Manzana,1.0,3.25
10776,2026-08-17,2026-08-21,4:00:00 PM,Jugo Maraculla,1.0,4.5
10777,2026-08-17,2026-08-21,4:00:00 PM,Jugo.Naranja,5.0,26.25
10778,2026-08-17,2026-08-21,4:00:00 PM,Juntas,1.0,0.0
10779,2026-08-17,2026-08-21,4:00:00 PM,Jupina Dieta,1.0,2.5
10780,2026-08-17,2026-08-21,4:00:00 PM,Lechon Asado,1.0,14.19
10781,2026-08-17,2026-08-21,4:00:00 PM,Lentejas Grande,2.0,18.98
10782,2026-08-17,2026-08-21,4:00:00 PM,Lentejas Mediana,1.0,6.99
10783,2026-08-17,2026-08-21,4:00:00 PM,Lentejas.Chiquita,2.0,7.98
10784,2026-08-17,2026-08-21,4:00:00 PM,Limanada Coco,1.0,5.99
10785,2026-08-17,2026-08-21,4:00:00 PM,Limonada,1.0,4.5
10786,2026-08-17,2026-08-21,4:00:00 PM,Macarron Con Queso,1.0,7.99
10787,2026-08-17,2026-08-21,4:00:00 PM,Madio.Pollo A La Brasa,1.0,13.99
10788,2026-08-17,2026-08-21,4:00:00 PM,Maduros,2.0,8.98
10789,2026-08-17,2026-08-21,4:00:00 PM,Mariquitas,4.0,23.96
10790,2026-08-17,2026-08-21,4:00:00 PM,Mariquitas De Malanga,1.0,5.99
10791,2026-08-17,2026-08-21,4:00:00 PM,Mariquitas..Mixta,1.0,5.49
10792,2026-08-17,2026-08-21,4:00:00 PM,Masas De Puerco,2.0,28.18
10793,2026-08-17,2026-08-21,4:00:00 PM,Materva,1.0,2.5
10794,2026-08-17,2026-08-21,4:00:00 PM,Media Noche,3.0,30.37
10795,2026-08-17,2026-08-21,4:00:00 PM,Medio Pollo A Brasa,1.0,13.19
10796,2026-08-17,2026-08-21,4:00:00 PM,Medio Pollo.Asado,5.0,65.55
10797,2026-08-17,2026-08-21,4:00:00 PM,Melon..Sandia,1.0,4.5
10798,2026-08-17,2026-08-21,4:00:00 PM,Milanesa Res,2.0,40.18
10799,2026-08-17,2026-08-21,4:00:00 PM,Modelo,5.0,27.45
10800,2026-08-17,2026-08-21,4:00:00 PM,Mofongo Solo,1.0,7.99
10801,2026-08-17,2026-08-21,4:00:00 PM,Mofongo.Bistec Poll,2.0,37.0
10802,2026-08-17,2026-08-21,4:00:00 PM,Natilla Catalana,2.0,12.5
10803,2026-08-17,2026-08-21,4:00:00 PM,Palomilla Baby,2.0,22.2
10804,2026-08-17,2026-08-21,4:00:00 PM,Pan Con Bistec,1.0,11.19
10805,2026-08-17,2026-08-21,4:00:00 PM,Pan Con Lechon,2.0,19.18
10806,2026-08-17,2026-08-21,4:00:00 PM,Papas Fritas,1.0,4.49
10807,2026-08-17,2026-08-21,4:00:00 PM,Pasteles Guayaba,1.0,1.5
10808,2026-08-17,2026-08-21,4:00:00 PM,Platano Hervido,1.0,4.99
10809,2026-08-17,2026-08-21,4:00:00 PM,Potaje Colorados Media,3.0,21.57
10810,2026-08-17,2026-08-21,4:00:00 PM,Pudin De Pan,1.0,5.49
10811,2026-08-17,2026-08-21,4:00:00 PM,Pudin Diplomatico,1.0,5.49
10812,2026-08-17,2026-08-21,4:00:00 PM,Pure Papas,1.0,4.49
10813,2026-08-17,2026-08-21,4:00:00 PM,Rabo Encendido,4.0,96.36
10814,2026-08-17,2026-08-21,4:00:00 PM,Riñonada,2.0,42.18
10815,2026-08-17,2026-08-21,4:00:00 PM,Ropa Vieja,7.0,108.32999999999998
10816,2026-08-17,2026-08-21,4:00:00 PM,Rueda De Serrucho,1.0,14.99
10817,2026-08-17,2026-08-21,4:00:00 PM,Sdwc Tuna Regular,1.0,10.49
10818,2026-08-17,2026-08-21,4:00:00 PM,Sopa De Pollo Grande,6.0,50.94
10819,2026-08-17,2026-08-21,4:00:00 PM,Sopa Pescado Mediana,1.0,6.99
10820,2026-08-17,2026-08-21,4:00:00 PM,Sopa Platano Grande,2.0,20.98
10821,2026-08-17,2026-08-21,4:00:00 PM,Sopa Platano Mediana,2.0,13.98
10822,2026-08-17,2026-08-21,4:00:00 PM,Sopa Pollo Media,3.0,16.47
10823,2026-08-17,2026-08-21,4:00:00 PM,Spriet,1.0,2.5
10825,2026-08-17,2026-08-21,4:00:00 PM,Tama. Cazuela Chiquito,1.0,4.5
10826,2026-08-17,2026-08-21,4:00:00 PM,Tamal,2.0,5.98
10827,2026-08-17,2026-08-21,4:00:00 PM,Tamal Cazuela.Mediano,5.0,35.15
10828,2026-08-17,2026-08-21,4:00:00 PM,Tamal.Cazuela Grande,2.0,22.18
10830,2026-08-17,2026-08-21,4:00:00 PM,Tostones,4.0,19.96
10831,2026-08-17,2026-08-21,4:00:00 PM,Tres Leches,4.0,23.96
10832,2026-08-17,2026-08-21,4:00:00 PM,Vaca Frita,5.0,85.55
10833,2026-08-17,2026-08-21,4:00:00 PM,Vegetal.Hervido,2.0,9.98
10834,2026-08-17,2026-08-21,4:00:00 PM,Yuca,2.0,8.98
10836,2026-08-17,2026-08-21,5:00:00 PM,1 Bola Helado,2.0,5.98
10839,2026-08-17,2026-08-21,5:00:00 PM,Agua Coco,1.0,3.25
10840,2026-08-17,2026-08-21,5:00:00 PM,Agua Natural,1.0,1.99
10841,2026-08-17,2026-08-21,5:00:00 PM,Aguacate$4.00,1.0,4.0
10842,2026-08-17,2026-08-21,5:00:00 PM,Ajiaco Mediano,3.0,21.57
10843,2026-08-17,2026-08-21,5:00:00 PM,Ajiaco..Grande,4.0,42.76
10844,2026-08-17,2026-08-21,5:00:00 PM,Albondigas.Res,3.0,42.57
10845,2026-08-17,2026-08-21,5:00:00 PM,Arroz Blanco,1.0,3.25
10846,2026-08-17,2026-08-21,5:00:00 PM,Arroz Con Leche,2.0,10.98
10847,2026-08-17,2026-08-21,5:00:00 PM,Arroz Con Pollo,3.0,41.07
10848,2026-08-17,2026-08-21,5:00:00 PM,Arroz Con Puerco,1.0,13.19
10849,2026-08-17,2026-08-21,5:00:00 PM,Arroz Frito,3.0,40.87
10850,2026-08-17,2026-08-21,5:00:00 PM,Baby Churrasco,8.0,154.51999999999998
10851,2026-08-17,2026-08-21,5:00:00 PM,Bacalao Viscaina,1.0,19.99
10852,2026-08-17,2026-08-21,5:00:00 PM,Batido Fruta Bonba,1.0,4.99
10853,2026-08-17,2026-08-21,5:00:00 PM,Batido Mamey,2.0,10.98
10854,2026-08-17,2026-08-21,5:00:00 PM,Bistec De Higado,2.0,27.38
10855,2026-08-17,2026-08-21,5:00:00 PM,Bistec De Pollo,23.0,316.07
10856,2026-08-17,2026-08-21,5:00:00 PM,Bistec De Puerco,1.0,15.49
10857,2026-08-17,2026-08-21,5:00:00 PM,Bistec En Cazuela,3.0,48.07
10858,2026-08-17,2026-08-21,5:00:00 PM,Bistec Jamon,1.0,13.49
10859,2026-08-17,2026-08-21,5:00:00 PM,Bistec Palomilla,5.0,90.75
10860,2026-08-17,2026-08-21,5:00:00 PM,Boliche,3.0,45.37
10861,2026-08-17,2026-08-21,5:00:00 PM,Boliche Asado,2.0,33.38
10862,2026-08-17,2026-08-21,5:00:00 PM,Boniatillo,4.0,6.0
10863,2026-08-17,2026-08-21,5:00:00 PM,Cafe Con Leche Pequeno,1.0,2.5
10864,2026-08-17,2026-08-21,5:00:00 PM,Cafe Cubano,8.0,12.0
10867,2026-08-17,2026-08-21,5:00:00 PM,Carne Con Papas,4.0,56.76
10868,2026-08-17,2026-08-21,5:00:00 PM,Chichar Pollo Sin Hues,1.0,13.69
10869,2026-08-17,2026-08-21,5:00:00 PM,Chicharo Grande,4.0,36.76
10870,2026-08-17,2026-08-21,5:00:00 PM,Chicharo Mediano,1.0,6.99
10871,2026-08-17,2026-08-21,5:00:00 PM,Chuletas De Puerco,5.0,68.25
10872,2026-08-17,2026-08-21,5:00:00 PM,Churrasco,3.0,78.37
10873,2026-08-17,2026-08-21,5:00:00 PM,Coke,1.0,2.5
10874,2026-08-17,2026-08-21,5:00:00 PM,Colada,2.0,5.5
10875,2026-08-17,2026-08-21,5:00:00 PM,Colorados Grande,2.0,19.18
10876,2026-08-17,2026-08-21,5:00:00 PM,Congri,1.0,3.99
10877,2026-08-17,2026-08-21,5:00:00 PM,Copa Vino,1.0,8.99
10878,2026-08-17,2026-08-21,5:00:00 PM,Corona,1.0,5.49
10879,2026-08-17,2026-08-21,5:00:00 PM,Cortadito,5.0,10.47
10880,2026-08-17,2026-08-21,5:00:00 PM,Cortadito Evaporada,5.0,12.5
10881,2026-08-17,2026-08-21,5:00:00 PM,Crema Brocoly,1.0,9.25
10882,2026-08-17,2026-08-21,5:00:00 PM,Crema Calabaza Median,2.0,13.98
10883,2026-08-17,2026-08-21,5:00:00 PM,Crema Malanga Mediana,2.0,13.98
10884,2026-08-17,2026-08-21,5:00:00 PM,Crema Malanga.Grande,4.0,41.96
10885,2026-08-17,2026-08-21,5:00:00 PM,Cremita,1.0,1.25
10886,2026-08-17,2026-08-21,5:00:00 PM,Croqueta Bacalao,3.0,5.97
10887,2026-08-17,2026-08-21,5:00:00 PM,Croqueta Jamon,24.0,42.0
10888,2026-08-17,2026-08-21,5:00:00 PM,Croqueta Preparada,1.0,12.19
10889,2026-08-17,2026-08-21,5:00:00 PM,Cune.1/2,1.0,16.99
10890,2026-08-17,2026-08-21,5:00:00 PM,Deditos .Pescado,1.0,16.19
10891,2026-08-17,2026-08-21,5:00:00 PM,Deditos De Pescado,1.0,16.19
10892,2026-08-17,2026-08-21,5:00:00 PM,Deditos De Pollo,1.0,13.19
10893,2026-08-17,2026-08-21,5:00:00 PM,Deditos De Pollo Kids,1.0,7.99
10894,2026-08-17,2026-08-21,5:00:00 PM,Diet Coke,3.0,6.75
10895,2026-08-17,2026-08-21,5:00:00 PM,Diet Materva,2.0,5.0
10896,2026-08-17,2026-08-21,5:00:00 PM,Dulce De Leche,2.0,10.98
10897,2026-08-17,2026-08-21,5:00:00 PM,Empanada Carne,2.0,5.98
10898,2026-08-17,2026-08-21,5:00:00 PM,Empanada Jamon/Queso,3.0,8.97
10899,2026-08-17,2026-08-21,5:00:00 PM,Empanada Pollo,1.0,2.99
10900,2026-08-17,2026-08-21,5:00:00 PM,Enpanisado. Res,3.0,49.37
10901,2026-08-17,2026-08-21,5:00:00 PM,Ensala Aguacat Peque,13.0,58.5
10902,2026-08-17,2026-08-21,5:00:00 PM,Ensalada Aguacat Grand,3.0,16.5
10903,2026-08-17,2026-08-21,5:00:00 PM,Ensalada Small,1.0,2.75
10904,2026-08-17,2026-08-21,5:00:00 PM,Filete Ala Francesa,1.0,20.19
10905,2026-08-17,2026-08-21,5:00:00 PM,Filete Ala Vilvaina,2.0,39.98
10906,2026-08-17,2026-08-21,5:00:00 PM,Filete Pargo En Salsa,1.0,24.0
10907,2026-08-17,2026-08-21,5:00:00 PM,Filete Pargo Plancha,3.0,64.97
10908,2026-08-17,2026-08-21,5:00:00 PM,Filete Pescado Planch,2.0,34.18
10909,2026-08-17,2026-08-21,5:00:00 PM,Filete Salmon,3.0,54.4
10910,2026-08-17,2026-08-21,5:00:00 PM,Filetill Pollo Salsa,1.0,14.99
10911,2026-08-17,2026-08-21,5:00:00 PM,Filetillo De Carne,2.0,29.18
10912,2026-08-17,2026-08-21,5:00:00 PM,Filetillo Pollo Planch,2.0,31.38
10913,2026-08-17,2026-08-21,5:00:00 PM,Flan,3.0,14.97
10914,2026-08-17,2026-08-21,5:00:00 PM,Flan Especial,2.0,11.98
10915,2026-08-17,2026-08-21,5:00:00 PM,Fricase De Pollo,1.0,11.19
10916,2026-08-17,2026-08-21,5:00:00 PM,Fricase Puerco,1.0,13.45
10917,2026-08-17,2026-08-21,5:00:00 PM,Frijol Grande,3.0,23.97
10918,2026-08-17,2026-08-21,5:00:00 PM,Frijol Mediano,2.0,9.98
10919,2026-08-17,2026-08-21,5:00:00 PM,Fritura Vacalao,1.0,6.5
10920,2026-08-17,2026-08-21,5:00:00 PM,Garbanzo Grande,2.0,20.98
10921,2026-08-17,2026-08-21,5:00:00 PM,Garbanzo.Frito,1.0,14.19
10922,2026-08-17,2026-08-21,5:00:00 PM,Garbanzo.Mediano,5.0,34.95
10923,2026-08-17,2026-08-21,5:00:00 PM,Gatorade Limon,1.0,3.99
10924,2026-08-17,2026-08-21,5:00:00 PM,Guarapo,4.0,21.0
10925,2026-08-17,2026-08-21,5:00:00 PM,Guiso.Maiz Mediano,1.0,6.99
10926,2026-08-17,2026-08-21,5:00:00 PM,Helado Cono,1.0,3.5
10927,2026-08-17,2026-08-21,5:00:00 PM,Higado Italiana,1.0,14.99
10928,2026-08-17,2026-08-21,5:00:00 PM,Huevo Revuelto,6.0,9.0
10929,2026-08-17,2026-08-21,5:00:00 PM,Jamon,1.0,3.99
10930,2026-08-17,2026-08-21,5:00:00 PM,Jugo De Manzana,2.0,6.5
10931,2026-08-17,2026-08-21,5:00:00 PM,Jugo Pina,3.0,13.5
10932,2026-08-17,2026-08-21,5:00:00 PM,Jugo.Naranja,2.0,10.5
10933,2026-08-17,2026-08-21,5:00:00 PM,Juntas,3.0,0.0
10934,2026-08-17,2026-08-21,5:00:00 PM,Jupiña,1.0,2.5
10935,2026-08-17,2026-08-21,5:00:00 PM,Lentejas Grande,2.0,18.98
10936,2026-08-17,2026-08-21,5:00:00 PM,Limonada,2.0,9.0
10937,2026-08-17,2026-08-21,5:00:00 PM,Limonada Fresa,1.0,5.99
10938,2026-08-17,2026-08-21,5:00:00 PM,Maduros,2.0,8.98
10939,2026-08-17,2026-08-21,5:00:00 PM,Mariquitas,2.0,11.98
10940,2026-08-17,2026-08-21,5:00:00 PM,Mariquitas De Malanga,1.0,5.99
10941,2026-08-17,2026-08-21,5:00:00 PM,Masas De Puerco,7.0,99.53
10942,2026-08-17,2026-08-21,5:00:00 PM,Materva,1.0,2.5
10943,2026-08-17,2026-08-21,5:00:00 PM,Med Crema -Malanga,1.0,7.19
10944,2026-08-17,2026-08-21,5:00:00 PM,Media De Toro,1.0,15.99
10945,2026-08-17,2026-08-21,5:00:00 PM,Media Noche,2.0,20.38
10946,2026-08-17,2026-08-21,5:00:00 PM,Medio Pollo A Brasa,2.0,26.38
10947,2026-08-17,2026-08-21,5:00:00 PM,Medio Pollo.Asado,4.0,52.56
10948,2026-08-17,2026-08-21,5:00:00 PM,Melon..Sandia,3.0,13.5
10949,2026-08-17,2026-08-21,5:00:00 PM,Merenquito,1.0,1.5
10950,2026-08-17,2026-08-21,5:00:00 PM,Milanesa De Pollo,1.0,16.19
10951,2026-08-17,2026-08-21,5:00:00 PM,Milanesa Res,1.0,20.19
10952,2026-08-17,2026-08-21,5:00:00 PM,Miller Light,1.0,4.99
10953,2026-08-17,2026-08-21,5:00:00 PM,Misc Cocina,1.0,2.0
10954,2026-08-17,2026-08-21,5:00:00 PM,Mofongo Puerco,1.0,16.99
10955,2026-08-17,2026-08-21,5:00:00 PM,Moros,4.0,15.96
10956,2026-08-17,2026-08-21,5:00:00 PM,Natilla,1.0,4.99
10957,2026-08-17,2026-08-21,5:00:00 PM,Pan Con Bistec,1.0,11.19
10958,2026-08-17,2026-08-21,5:00:00 PM,Papas Fritas,1.0,4.49
10959,2026-08-17,2026-08-21,5:00:00 PM,Pasteles Guayaba,1.0,1.5
10960,2026-08-17,2026-08-21,5:00:00 PM,Pasteles Queso/Guayaba,2.0,3.0
10961,2026-08-17,2026-08-21,5:00:00 PM,Picadillo,3.0,41.07
10962,2026-08-17,2026-08-21,5:00:00 PM,Pollo Empanizado,1.0,14.69
10963,2026-08-17,2026-08-21,5:00:00 PM,Potaje Colorados Media,3.0,21.57
10964,2026-08-17,2026-08-21,5:00:00 PM,Pudin De Pan,1.0,5.49
10965,2026-08-17,2026-08-21,5:00:00 PM,Pudin Diplomatico,2.0,10.98
10966,2026-08-17,2026-08-21,5:00:00 PM,Rabo Encendido,3.0,72.57
10967,2026-08-17,2026-08-21,5:00:00 PM,Racion De Malanga,2.0,11.98
10968,2026-08-17,2026-08-21,5:00:00 PM,Rueda De Serrucho,1.0,15.99
10969,2026-08-17,2026-08-21,5:00:00 PM,Sand Jamon Queso,1.0,9.19
10970,2026-08-17,2026-08-21,5:00:00 PM,Sandweches Pollo,1.0,11.69
10971,2026-08-17,2026-08-21,5:00:00 PM,Sm Ajiaco,1.0,3.99
10972,2026-08-17,2026-08-21,5:00:00 PM,Sopa De Pollo Grande,10.0,84.9
10973,2026-08-17,2026-08-21,5:00:00 PM,Sopa Pescado Grande,4.0,43.96
10974,2026-08-17,2026-08-21,5:00:00 PM,Sopa Pescado Mediana,5.0,34.95
10975,2026-08-17,2026-08-21,5:00:00 PM,Sopa Platano Grande,1.0,10.49
10976,2026-08-17,2026-08-21,5:00:00 PM,Sopa Platano Mediana,3.0,20.97
10977,2026-08-17,2026-08-21,5:00:00 PM,Sopa Pollo Media,6.0,32.94
10978,2026-08-17,2026-08-21,5:00:00 PM,Sopa. Pollo Chiquita,4.0,14.0
10979,2026-08-17,2026-08-21,5:00:00 PM,Spaghetti Camaron Alfr,1.0,21.99
10980,2026-08-17,2026-08-21,5:00:00 PM,Spaghetti Pollo Alfred,1.0,14.99
10981,2026-08-17,2026-08-21,5:00:00 PM,Spriet,2.0,5.0
10983,2026-08-17,2026-08-21,5:00:00 PM,Tamal,10.0,29.9
10984,2026-08-17,2026-08-21,5:00:00 PM,Te Frio,2.0,5.98
10986,2026-08-17,2026-08-21,5:00:00 PM,Tortilla,1.0,12.74
10987,2026-08-17,2026-08-21,5:00:00 PM,Tostones,1.0,4.99
10988,2026-08-17,2026-08-21,5:00:00 PM,Tres Leches,1.0,5.99
10989,2026-08-17,2026-08-21,5:00:00 PM,Vaca Frita,6.0,102.94
10990,2026-08-17,2026-08-21,5:00:00 PM,Vegetal.Hervido,6.0,29.94
10992,2026-08-17,2026-08-21,6:00:00 AM,1.Solo.Panquey,3.0,6.75
10993,2026-08-17,2026-08-21,6:00:00 AM,Bananas.3 $ 1.50,1.0,1.5
10994,2026-08-17,2026-08-21,6:00:00 AM,Bistec A Caballo,1.0,14.69
10995,2026-08-17,2026-08-21,6:00:00 AM,Caf.Lec.Evap.Chico,1.0,3.0
10996,2026-08-17,2026-08-21,6:00:00 AM,Cafe Con Leche Pequeno,7.0,17.5
10997,2026-08-17,2026-08-21,6:00:00 AM,Cafe Cubano,5.0,7.5
10998,2026-08-17,2026-08-21,6:00:00 AM,Colada,4.0,11.0
10999,2026-08-17,2026-08-21,6:00:00 AM,Cortadito,1.0,2.25
11000,2026-08-17,2026-08-21,6:00:00 AM,Cortadito Evaporada,4.0,10.0
11001,2026-08-17,2026-08-21,6:00:00 AM,Croqueta Jamon,7.0,12.25
11002,2026-08-17,2026-08-21,6:00:00 AM,Cubano Regular,1.0,10.19
11003,2026-08-17,2026-08-21,6:00:00 AM,Deditos De Queso,2.0,3.98
11004,2026-08-17,2026-08-21,6:00:00 AM,Deditos Queso/Guayaba,1.0,1.99
11005,2026-08-17,2026-08-21,6:00:00 AM,Desallunos,1.0,11.99
11006,2026-08-17,2026-08-21,6:00:00 AM,Empanada Pollo,1.0,2.99
11007,2026-08-17,2026-08-21,6:00:00 AM,Ensala Pollo 2 Croquet,1.0,12.49
11008,2026-08-17,2026-08-21,6:00:00 AM,Huevo Frito,5.0,7.0
11009,2026-08-17,2026-08-21,6:00:00 AM,Jugo Pina,1.0,4.5
11010,2026-08-17,2026-08-21,6:00:00 AM,Limonada,1.0,4.5
11011,2026-08-17,2026-08-21,6:00:00 AM,Melon..Sandia,1.0,4.5
11012,2026-08-17,2026-08-21,6:00:00 AM,Pan De Bono,2.0,3.98
11013,2026-08-17,2026-08-21,6:00:00 AM,Pan Jamaica,2.0,3.2
11014,2026-08-17,2026-08-21,6:00:00 AM,Pasteles Guayaba,1.0,1.5
11015,2026-08-17,2026-08-21,6:00:00 AM,Pepsi,1.0,2.5
11018,2026-08-17,2026-08-21,6:00:00 AM,Tortilla,3.0,35.87
11019,2026-08-17,2026-08-21,6:00:00 AM,Tostada,5.0,9.95
11022,2026-08-17,2026-08-21,6:00:00 PM,Agua Natural,1.0,1.99
11023,2026-08-17,2026-08-21,6:00:00 PM,Aguacate$4.00,2.0,8.0
11024,2026-08-17,2026-08-21,6:00:00 PM,Ajiaco Mediano,3.0,21.57
11025,2026-08-17,2026-08-21,6:00:00 PM,Ajiaco..Grande,6.0,64.14
11026,2026-08-17,2026-08-21,6:00:00 PM,Arroz Blanco,1.0,3.25
11027,2026-08-17,2026-08-21,6:00:00 PM,Arroz Chiquito,4.0,10.0
11028,2026-08-17,2026-08-21,6:00:00 PM,Arroz Con Leche,3.0,14.97
11029,2026-08-17,2026-08-21,6:00:00 PM,Arroz Frito,5.0,69.45
11030,2026-08-17,2026-08-21,6:00:00 PM,Baby Churrasco,9.0,171.31
11031,2026-08-17,2026-08-21,6:00:00 PM,Bacalao Viscaina,2.0,40.38
11032,2026-08-17,2026-08-21,6:00:00 PM,Batido Banana,1.0,4.99
11033,2026-08-17,2026-08-21,6:00:00 PM,Batido Mango,1.0,4.99
11034,2026-08-17,2026-08-21,6:00:00 PM,Batido Trigo,1.0,4.99
11035,2026-08-17,2026-08-21,6:00:00 PM,Bistec A Caballo,1.0,14.49
11036,2026-08-17,2026-08-21,6:00:00 PM,Bistec De Pollo,32.0,443.48
11037,2026-08-17,2026-08-21,6:00:00 PM,Bistec De Puerco,3.0,46.87
11038,2026-08-17,2026-08-21,6:00:00 PM,Bistec En Cazuela,6.0,87.94
11039,2026-08-17,2026-08-21,6:00:00 PM,Bistec Palomilla,6.0,108.74
11040,2026-08-17,2026-08-21,6:00:00 PM,Boliche,1.0,14.99
11041,2026-08-17,2026-08-21,6:00:00 PM,Boliche Asado,2.0,33.38
11042,2026-08-17,2026-08-21,6:00:00 PM,Bolita De Tuna,2.0,6.5
11043,2026-08-17,2026-08-21,6:00:00 PM,Boniato Hervido,1.0,4.99
11044,2026-08-17,2026-08-21,6:00:00 PM,Cafe Con Leche Mediano,1.0,3.75
11045,2026-08-17,2026-08-21,6:00:00 PM,Cafe Cubano,13.0,19.5
11046,2026-08-17,2026-08-21,6:00:00 PM,Camarones Enchilado,1.0,19.99
11049,2026-08-17,2026-08-21,6:00:00 PM,Carne Con Papas,1.0,14.19
11050,2026-08-17,2026-08-21,6:00:00 PM,Cascos Guava Queso,1.0,5.99
11051,2026-08-17,2026-08-21,6:00:00 PM,Chicharo Grande,2.0,18.38
11052,2026-08-17,2026-08-21,6:00:00 PM,Chicharo Mediano,2.0,13.98
11053,2026-08-17,2026-08-21,6:00:00 PM,Chuletas De Puerco,3.0,41.07
11054,2026-08-17,2026-08-21,6:00:00 PM,Churrasco,4.0,104.56
11055,2026-08-17,2026-08-21,6:00:00 PM,Club Sandwich,2.0,24.18
11056,2026-08-17,2026-08-21,6:00:00 PM,Coke,3.0,7.5
11057,2026-08-17,2026-08-21,6:00:00 PM,Colada,7.0,19.25
11058,2026-08-17,2026-08-21,6:00:00 PM,Colorados Grande,4.0,38.76
11059,2026-08-17,2026-08-21,6:00:00 PM,Copa Vino,1.0,8.99
11060,2026-08-17,2026-08-21,6:00:00 PM,Corona,7.0,38.43
11061,2026-08-17,2026-08-21,6:00:00 PM,Cortadito,3.0,6.23
11062,2026-08-17,2026-08-21,6:00:00 PM,Cortadito Evaporada,3.0,7.5
11063,2026-08-17,2026-08-21,6:00:00 PM,Crema Brocoly,2.0,18.5
11064,2026-08-17,2026-08-21,6:00:00 PM,Crema Calabaza Grande,1.0,9.99
11065,2026-08-17,2026-08-21,6:00:00 PM,Crema Calabaza Median,3.0,20.97
11066,2026-08-17,2026-08-21,6:00:00 PM,Crema Malanga Mediana,4.0,27.96
11067,2026-08-17,2026-08-21,6:00:00 PM,Crema Malanga.Grande,3.0,31.47
11068,2026-08-17,2026-08-21,6:00:00 PM,Crema Vegetal Grande,1.0,10.49
11069,2026-08-17,2026-08-21,6:00:00 PM,Crema Vegetales Median,1.0,6.99
11070,2026-08-17,2026-08-21,6:00:00 PM,Croqueta Bacalao,6.0,11.94
11071,2026-08-17,2026-08-21,6:00:00 PM,Croqueta Jamon,29.0,50.75
11072,2026-08-17,2026-08-21,6:00:00 PM,Croqueta Pollo,2.0,3.5
11073,2026-08-17,2026-08-21,6:00:00 PM,Croqueta Preparada,2.0,24.38
11074,2026-08-17,2026-08-21,6:00:00 PM,Cubano Especial,1.0,12.19
11075,2026-08-17,2026-08-21,6:00:00 PM,Cubano Regular,1.0,10.19
11076,2026-08-17,2026-08-21,6:00:00 PM,Deditos .Pescado,3.0,42.57
11077,2026-08-17,2026-08-21,6:00:00 PM,Deditos De Pescado,2.0,36.18
11078,2026-08-17,2026-08-21,6:00:00 PM,Deditos De Pollo,1.0,13.19
11079,2026-08-17,2026-08-21,6:00:00 PM,Deditos Queso/Guayaba,2.0,3.98
11080,2026-08-17,2026-08-21,6:00:00 PM,Desallunos,1.0,13.49
11081,2026-08-17,2026-08-21,6:00:00 PM,Diet Materva,2.0,5.0
11082,2026-08-17,2026-08-21,6:00:00 PM,E Pagueti Solo Roja,1.0,8.99
11083,2026-08-17,2026-08-21,6:00:00 PM,Empanada Jamon/Queso,5.0,14.95
11084,2026-08-17,2026-08-21,6:00:00 PM,Empanada Pollo,2.0,5.98
11085,2026-08-17,2026-08-21,6:00:00 PM,Enpanisado. Res,4.0,64.56
11086,2026-08-17,2026-08-21,6:00:00 PM,Ensala Aguacat Peque,8.0,36.0
11087,2026-08-17,2026-08-21,6:00:00 PM,Ensalada Aguacat Grand,4.0,22.0
11088,2026-08-17,2026-08-21,6:00:00 PM,Extra Aguacate,1.0,1.75
11089,2026-08-17,2026-08-21,6:00:00 PM,Fabada Grande,1.0,10.69
11090,2026-08-17,2026-08-21,6:00:00 PM,Fabada Mediana,3.0,20.97
11091,2026-08-17,2026-08-21,6:00:00 PM,Filete Pargo Plancha,2.0,43.98
11092,2026-08-17,2026-08-21,6:00:00 PM,Filete Pescado Empani,2.0,34.98
11093,2026-08-17,2026-08-21,6:00:00 PM,Filete Pescado Planch,3.0,52.57
11094,2026-08-17,2026-08-21,6:00:00 PM,Filetillo De Carne,1.0,13.49
11095,2026-08-17,2026-08-21,6:00:00 PM,Filetillo Pollo Planch,5.0,78.55
11096,2026-08-17,2026-08-21,6:00:00 PM,Flan,7.0,34.93
11097,2026-08-17,2026-08-21,6:00:00 PM,Flan Especial,7.0,41.93
11098,2026-08-17,2026-08-21,6:00:00 PM,Fricase De Pollo,6.0,66.54
11099,2026-08-17,2026-08-21,6:00:00 PM,Fricase Puerco,2.0,28.9
11100,2026-08-17,2026-08-21,6:00:00 PM,Frijol Grande,2.0,15.98
11101,2026-08-17,2026-08-21,6:00:00 PM,Frijol Mediano,3.0,14.97
11102,2026-08-17,2026-08-21,6:00:00 PM,Frijol Pequeno,3.0,8.97
11103,2026-08-17,2026-08-21,6:00:00 PM,Galleta Deliciosas,2.0,7.2
11104,2026-08-17,2026-08-21,6:00:00 PM,Garbanzo Grande,1.0,10.49
11105,2026-08-17,2026-08-21,6:00:00 PM,Garbanzo.Mediano,3.0,20.97
11106,2026-08-17,2026-08-21,6:00:00 PM,Guarapo,2.0,10.5
11107,2026-08-17,2026-08-21,6:00:00 PM,Guiso Maiz Chiquito,1.0,3.99
11108,2026-08-17,2026-08-21,6:00:00 PM,Guiso Maiz Grande,1.0,10.49
11109,2026-08-17,2026-08-21,6:00:00 PM,Guiso.Maiz Mediano,4.0,27.96
11110,2026-08-17,2026-08-21,6:00:00 PM,Higado Italiana,1.0,14.99
11111,2026-08-17,2026-08-21,6:00:00 PM,Horden De 3 Chicharone,5.0,16.25
11112,2026-08-17,2026-08-21,6:00:00 PM,Jalea Mixta,1.0,25.99
11113,2026-08-17,2026-08-21,6:00:00 PM,Jugo Pina,1.0,4.5
11114,2026-08-17,2026-08-21,6:00:00 PM,Jugo Zanahoria Naraja,6.0,29.94
11115,2026-08-17,2026-08-21,6:00:00 PM,Jugo.Naranja,5.0,26.25
11116,2026-08-17,2026-08-21,6:00:00 PM,Juntas,1.0,0.0
11117,2026-08-17,2026-08-21,6:00:00 PM,Jupiña,1.0,2.5
11118,2026-08-17,2026-08-21,6:00:00 PM,Lechon Asado,1.0,13.99
11119,2026-08-17,2026-08-21,6:00:00 PM,Lentejas Grande,6.0,56.94
11120,2026-08-17,2026-08-21,6:00:00 PM,Lentejas Mediana,4.0,27.96
11121,2026-08-17,2026-08-21,6:00:00 PM,Limonada,7.0,31.5
11122,2026-08-17,2026-08-21,6:00:00 PM,Maduros,3.0,13.47
11123,2026-08-17,2026-08-21,6:00:00 PM,Malboro Light,1.0,12.0
11124,2026-08-17,2026-08-21,6:00:00 PM,Malta,1.0,3.25
11125,2026-08-17,2026-08-21,6:00:00 PM,Mariquitas,2.0,11.98
11126,2026-08-17,2026-08-21,6:00:00 PM,Masas De Puerco,10.0,137.9
11127,2026-08-17,2026-08-21,6:00:00 PM,Materva,3.0,7.5
11128,2026-08-17,2026-08-21,6:00:00 PM,Med Crema -Malanga,1.0,7.19
11129,2026-08-17,2026-08-21,6:00:00 PM,Media Noche,4.0,40.56
11130,2026-08-17,2026-08-21,6:00:00 PM,Medio Pollo A Brasa,1.0,15.19
11131,2026-08-17,2026-08-21,6:00:00 PM,Medio Pollo Frito,2.0,26.98
11132,2026-08-17,2026-08-21,6:00:00 PM,Medio Pollo.Asado,1.0,13.19
11133,2026-08-17,2026-08-21,6:00:00 PM,Melon..Sandia,2.0,9.0
11134,2026-08-17,2026-08-21,6:00:00 PM,Merenquito,1.0,1.5
11135,2026-08-17,2026-08-21,6:00:00 PM,Miami Sandwich,1.0,12.19
11136,2026-08-17,2026-08-21,6:00:00 PM,Milanesa De Pollo,3.0,48.17
11137,2026-08-17,2026-08-21,6:00:00 PM,Misc Cocina,2.0,5.0
11138,2026-08-17,2026-08-21,6:00:00 PM,Modelo,2.0,10.98
11139,2026-08-17,2026-08-21,6:00:00 PM,Mofongo Puerco,1.0,16.99
11140,2026-08-17,2026-08-21,6:00:00 PM,Mojito,3.0,3.75
11141,2026-08-17,2026-08-21,6:00:00 PM,Natilla,2.0,9.98
11142,2026-08-17,2026-08-21,6:00:00 PM,Pan Con Bistec,1.0,11.19
11143,2026-08-17,2026-08-21,6:00:00 PM,Papa Rellena,3.0,8.97
11144,2026-08-17,2026-08-21,6:00:00 PM,Papas Fritas,2.0,8.98
11145,2026-08-17,2026-08-21,6:00:00 PM,Pargo Frito Entero,1.0,26.19
11146,2026-08-17,2026-08-21,6:00:00 PM,Picadillo,3.0,41.07
11147,2026-08-17,2026-08-21,6:00:00 PM,Pollo Empanizado,2.0,31.38
11148,2026-08-17,2026-08-21,6:00:00 PM,Potaje Colorados Media,1.0,7.19
11149,2026-08-17,2026-08-21,6:00:00 PM,Presidente,2.0,10.98
11150,2026-08-17,2026-08-21,6:00:00 PM,Pudin Diplomatico,1.0,5.49
11151,2026-08-17,2026-08-21,6:00:00 PM,Pure Papas,2.0,8.98
11152,2026-08-17,2026-08-21,6:00:00 PM,Queso Americano,1.0,1.75
11153,2026-08-17,2026-08-21,6:00:00 PM,Rabo Encendido,2.0,50.18
11154,2026-08-17,2026-08-21,6:00:00 PM,Racion De Malanga,2.0,11.98
11155,2026-08-17,2026-08-21,6:00:00 PM,Riñonada,1.0,21.19
11156,2026-08-17,2026-08-21,6:00:00 PM,Ropa Vieja,2.0,33.38
11157,2026-08-17,2026-08-21,6:00:00 PM,Rueda De Serrucho,3.0,45.17
11158,2026-08-17,2026-08-21,6:00:00 PM,Sandweches Pollo,3.0,37.87
11159,2026-08-17,2026-08-21,6:00:00 PM,Sandwich Ensal Pollo,1.0,10.19
11160,2026-08-17,2026-08-21,6:00:00 PM,Solo.Tomate,1.0,2.5
11161,2026-08-17,2026-08-21,6:00:00 PM,Sopa De Pollo Grande,11.0,93.59
11162,2026-08-17,2026-08-21,6:00:00 PM,Sopa Pescado Grande,2.0,21.98
11163,2026-08-17,2026-08-21,6:00:00 PM,Sopa Pescado Mediana,2.0,13.98
11164,2026-08-17,2026-08-21,6:00:00 PM,Sopa Platano Grande,1.0,10.49
11165,2026-08-17,2026-08-21,6:00:00 PM,Sopa Platano Mediana,2.0,13.98
11166,2026-08-17,2026-08-21,6:00:00 PM,Sopa Pollo Media,5.0,27.45
11167,2026-08-17,2026-08-21,6:00:00 PM,Sopa. Pollo Chiquita,1.0,3.5
11168,2026-08-17,2026-08-21,6:00:00 PM,Sopon Marinero,1.0,25.99
11169,2026-08-17,2026-08-21,6:00:00 PM,Spageti Carne,1.0,16.19
11170,2026-08-17,2026-08-21,6:00:00 PM,Spaghetti Pollo Alfred,2.0,30.38
11171,2026-08-17,2026-08-21,6:00:00 PM,Spriet,3.0,7.5
11173,2026-08-17,2026-08-21,6:00:00 PM,Tamal,2.0,5.98
11174,2026-08-17,2026-08-21,6:00:00 PM,Tamal Cazuela.Mediano,5.0,35.95
11175,2026-08-17,2026-08-21,6:00:00 PM,Tamal.Cazuela Grande,4.0,44.76
11177,2026-08-17,2026-08-21,6:00:00 PM,Tostada,3.0,5.97
11178,2026-08-17,2026-08-21,6:00:00 PM,Tres Leches,4.0,23.96
11179,2026-08-17,2026-08-21,6:00:00 PM,Tronchos Pescado,1.0,16.19
11180,2026-08-17,2026-08-21,6:00:00 PM,Vaca Frita,9.0,154.71
11181,2026-08-17,2026-08-21,6:00:00 PM,Yuca Frita,1.0,5.49
11183,2026-08-17,2026-08-21,7:00:00 AM,"1,,Wafle",1.0,2.5
11184,2026-08-17,2026-08-21,7:00:00 AM,1.Solo.Panquey,1.0,2.25
11185,2026-08-17,2026-08-21,7:00:00 AM,Batido Mango,1.0,4.99
11186,2026-08-17,2026-08-21,7:00:00 AM,Best Mango,1.0,2.99
11187,2026-08-17,2026-08-21,7:00:00 AM,Bistec A Caballo,1.0,15.99
11188,2026-08-17,2026-08-21,7:00:00 AM,Bolsa De Hielo,1.0,3.0
11189,2026-08-17,2026-08-21,7:00:00 AM,Cafe Con Leche Grande,2.0,9.0
11190,2026-08-17,2026-08-21,7:00:00 AM,Cafe Con Leche Mediano,2.0,7.5
11191,2026-08-17,2026-08-21,7:00:00 AM,Cafe Con Leche Pequeno,10.0,25.0
11192,2026-08-17,2026-08-21,7:00:00 AM,Cafe Cubano,21.0,31.5
11193,2026-08-17,2026-08-21,7:00:00 AM,Coke,2.0,5.0
11194,2026-08-17,2026-08-21,7:00:00 AM,Colada,4.0,11.0
11195,2026-08-17,2026-08-21,7:00:00 AM,Cortadito,3.0,6.49
11196,2026-08-17,2026-08-21,7:00:00 AM,Croqueta Bacalao,11.0,21.89
11197,2026-08-17,2026-08-21,7:00:00 AM,Croqueta Jamon,13.0,22.75
11198,2026-08-17,2026-08-21,7:00:00 AM,Deditos De Queso,1.0,1.99
11199,2026-08-17,2026-08-21,7:00:00 AM,Desallunos,6.0,74.84
11200,2026-08-17,2026-08-21,7:00:00 AM,Empanada Carne,2.0,5.98
11201,2026-08-17,2026-08-21,7:00:00 AM,Empanada Jamon/Queso,1.0,2.99
11202,2026-08-17,2026-08-21,7:00:00 AM,Ensalada Small,1.0,2.75
11203,2026-08-17,2026-08-21,7:00:00 AM,Felitos,34.0,50.66
11204,2026-08-17,2026-08-21,7:00:00 AM,Guarapo,1.0,5.25
11205,2026-08-17,2026-08-21,7:00:00 AM,Harina Mediana,1.0,6.25
11206,2026-08-17,2026-08-21,7:00:00 AM,Huevo Frito,1.0,1.5
11207,2026-08-17,2026-08-21,7:00:00 AM,Jugo Pina,1.0,4.5
11208,2026-08-17,2026-08-21,7:00:00 AM,Jugo.Naranja,2.0,10.5
11209,2026-08-17,2026-08-21,7:00:00 AM,Malboro Light,1.0,12.0
11210,2026-08-17,2026-08-21,7:00:00 AM,Newport,2.0,25.5
11211,2026-08-17,2026-08-21,7:00:00 AM,Pan De Bono,5.0,9.95
11212,2026-08-17,2026-08-21,7:00:00 AM,Pasteles Guayaba,9.0,13.5
11213,2026-08-17,2026-08-21,7:00:00 AM,Pasteles Queso,2.0,3.0
11214,2026-08-17,2026-08-21,7:00:00 AM,Pepsi,1.0,2.5
11215,2026-08-17,2026-08-21,7:00:00 AM,Perico Ripiado,3.0,35.97
11216,2026-08-17,2026-08-21,7:00:00 AM,Queso Suizo,2.0,3.98
11218,2026-08-17,2026-08-21,7:00:00 AM,Tamal.Cazuela Grande,1.0,11.19
11220,2026-08-17,2026-08-21,7:00:00 AM,Tortilla,2.0,22.18
11221,2026-08-17,2026-08-21,7:00:00 AM,Tostada,15.0,29.85
11222,2026-08-17,2026-08-21,7:00:00 AM,Tostada 2 Croquetas,1.0,5.19
11223,2026-08-17,2026-08-21,7:00:00 PM,1 Bola Helado,2.0,5.98
11224,2026-08-17,2026-08-21,7:00:00 PM,305 Morados,1.0,6.25
11227,2026-08-17,2026-08-21,7:00:00 PM,Agua Perrier,1.0,3.49
11228,2026-08-17,2026-08-21,7:00:00 PM,Aguacate De 3.00,1.0,3.0
11229,2026-08-17,2026-08-21,7:00:00 PM,Ajiaco Mediano,1.0,6.99
11230,2026-08-17,2026-08-21,7:00:00 PM,Ajiaco..Grande,6.0,63.74
11231,2026-08-17,2026-08-21,7:00:00 PM,Arroz Blanco,3.0,9.75
11232,2026-08-17,2026-08-21,7:00:00 PM,Arroz Chiquito,3.0,6.75
11233,2026-08-17,2026-08-21,7:00:00 PM,Arroz Con Pollo,1.0,13.49
11234,2026-08-17,2026-08-21,7:00:00 PM,Arroz Frito,4.0,56.16
11235,2026-08-17,2026-08-21,7:00:00 PM,Arroz Imperial,1.0,14.19
11236,2026-08-17,2026-08-21,7:00:00 PM,Baby Churrasco,9.0,172.70999999999998
11237,2026-08-17,2026-08-21,7:00:00 PM,Batido Fruta Bonba,4.0,19.96
11238,2026-08-17,2026-08-21,7:00:00 PM,Batido Mamey,1.0,5.49
11239,2026-08-17,2026-08-21,7:00:00 PM,Batido Trigo,7.0,34.93
11240,2026-08-17,2026-08-21,7:00:00 PM,Best Mango,1.0,2.99
11241,2026-08-17,2026-08-21,7:00:00 PM,Bistec A Caballo,1.0,14.49
11242,2026-08-17,2026-08-21,7:00:00 PM,Bistec De Pollo,30.0,418.9
11243,2026-08-17,2026-08-21,7:00:00 PM,Bistec De Puerco,1.0,15.69
11244,2026-08-17,2026-08-21,7:00:00 PM,Bistec Palomilla,4.0,72.36
11245,2026-08-17,2026-08-21,7:00:00 PM,Bocadito De Tuna,2.0,18.38
11246,2026-08-17,2026-08-21,7:00:00 PM,Boliche,2.0,30.18
11247,2026-08-17,2026-08-21,7:00:00 PM,Boliche Asado,4.0,66.56
11248,2026-08-17,2026-08-21,7:00:00 PM,Boniato Hervido,1.0,4.99
11249,2026-08-17,2026-08-21,7:00:00 PM,Caf.Lec.Evap.Chico,1.0,3.0
11250,2026-08-17,2026-08-21,7:00:00 PM,Cafe Cubano,18.0,27.0
11251,2026-08-17,2026-08-21,7:00:00 PM,Cafecito,1.0,0.99
11253,2026-08-17,2026-08-21,7:00:00 PM,Chichar Pollo C Hueso,1.0,13.49
11254,2026-08-17,2026-08-21,7:00:00 PM,Chicharo Mediano,1.0,6.99
11255,2026-08-17,2026-08-21,7:00:00 PM,Chuletas De Puerco,5.0,75.25
11256,2026-08-17,2026-08-21,7:00:00 PM,Churrasco,5.0,130.15
11257,2026-08-17,2026-08-21,7:00:00 PM,Coctel De Camarones,1.0,17.0
11258,2026-08-17,2026-08-21,7:00:00 PM,Coke,6.0,15.0
11259,2026-08-17,2026-08-21,7:00:00 PM,Coke Cero,1.0,2.5
11260,2026-08-17,2026-08-21,7:00:00 PM,Colada,4.0,11.0
11261,2026-08-17,2026-08-21,7:00:00 PM,Copa Vino,5.0,44.95
11262,2026-08-17,2026-08-21,7:00:00 PM,Corona,2.0,10.98
11263,2026-08-17,2026-08-21,7:00:00 PM,Cortadito Evaporada,4.0,10.0
11264,2026-08-17,2026-08-21,7:00:00 PM,Crema Calabaza Grande,3.0,29.97
11265,2026-08-17,2026-08-21,7:00:00 PM,Crema Calabaza Median,2.0,13.98
11266,2026-08-17,2026-08-21,7:00:00 PM,Crema Malanga Mediana,4.0,27.96
11267,2026-08-17,2026-08-21,7:00:00 PM,Crema Malanga.Grande,6.0,62.94
11268,2026-08-17,2026-08-21,7:00:00 PM,Crema Vegetal Grande,1.0,10.49
11269,2026-08-17,2026-08-21,7:00:00 PM,Crema. Malanga Chiquit,1.0,4.5
11270,2026-08-17,2026-08-21,7:00:00 PM,Croqueta Bacalao,2.0,3.98
11271,2026-08-17,2026-08-21,7:00:00 PM,Croqueta Jamon,10.0,17.5
11272,2026-08-17,2026-08-21,7:00:00 PM,Croqueta Pollo,2.0,3.5
11273,2026-08-17,2026-08-21,7:00:00 PM,Cubano Regular,2.0,20.38
11274,2026-08-17,2026-08-21,7:00:00 PM,Deditos .Pescado,4.0,58.56
11275,2026-08-17,2026-08-21,7:00:00 PM,Deditos De Pescado,1.0,17.19
11276,2026-08-17,2026-08-21,7:00:00 PM,Deditos De Pollo Kids,2.0,16.38
11277,2026-08-17,2026-08-21,7:00:00 PM,Diet Coke,1.0,2.25
11278,2026-08-17,2026-08-21,7:00:00 PM,Elena Ruz,1.0,10.19
11279,2026-08-17,2026-08-21,7:00:00 PM,Empanada Carne,2.0,5.98
11280,2026-08-17,2026-08-21,7:00:00 PM,Empanada Pollo,2.0,5.98
11281,2026-08-17,2026-08-21,7:00:00 PM,Enpanisado. Res,3.0,48.57
11282,2026-08-17,2026-08-21,7:00:00 PM,"Enpellas,Chicharones",2.0,12.0
11283,2026-08-17,2026-08-21,7:00:00 PM,Ensala Aguacat Peque,9.0,40.5
11284,2026-08-17,2026-08-21,7:00:00 PM,Ensalada Aguacat Grand,3.0,16.5
11285,2026-08-17,2026-08-21,7:00:00 PM,Ensalada Small,1.0,2.75
11286,2026-08-17,2026-08-21,7:00:00 PM,Extra Aguacate,1.0,1.75
11287,2026-08-17,2026-08-21,7:00:00 PM,Fabada Grande,2.0,21.38
11288,2026-08-17,2026-08-21,7:00:00 PM,Filete Ala Vilvaina,1.0,21.99
11289,2026-08-17,2026-08-21,7:00:00 PM,Filete Pargo Plancha,5.0,105.35
11290,2026-08-17,2026-08-21,7:00:00 PM,Filete Pescado Planch,2.0,34.18
11291,2026-08-17,2026-08-21,7:00:00 PM,Filetill Pollo Salsa,1.0,15.19
11292,2026-08-17,2026-08-21,7:00:00 PM,Filetillo De Carne,3.0,40.87
11293,2026-08-17,2026-08-21,7:00:00 PM,Filetillo Pollo Planch,1.0,15.19
11294,2026-08-17,2026-08-21,7:00:00 PM,Flan,4.0,19.96
11295,2026-08-17,2026-08-21,7:00:00 PM,Flan Especial,3.0,17.97
11296,2026-08-17,2026-08-21,7:00:00 PM,Fricase De Pollo,3.0,33.37
11297,2026-08-17,2026-08-21,7:00:00 PM,Fricase Puerco,2.0,28.9
11298,2026-08-17,2026-08-21,7:00:00 PM,Frijol Grande,1.0,7.99
11299,2026-08-17,2026-08-21,7:00:00 PM,Frijol Mediano,2.0,9.98
11300,2026-08-17,2026-08-21,7:00:00 PM,Fritura Vacalao,1.0,6.5
11301,2026-08-17,2026-08-21,7:00:00 PM,Frituras De Malanga,2.0,13.0
11302,2026-08-17,2026-08-21,7:00:00 PM,Garbanzo Grande,1.0,10.49
11303,2026-08-17,2026-08-21,7:00:00 PM,Garbanzo.Mediano,1.0,6.99
11304,2026-08-17,2026-08-21,7:00:00 PM,Guarapo,1.0,5.25
11305,2026-08-17,2026-08-21,7:00:00 PM,Guiso Maiz Grande,2.0,20.98
11306,2026-08-17,2026-08-21,7:00:00 PM,Hamburquesa.Con Queso,1.0,11.19
11307,2026-08-17,2026-08-21,7:00:00 PM,Heineken,1.0,5.49
11308,2026-08-17,2026-08-21,7:00:00 PM,Horden De 3 Chicharone,2.0,6.5
11309,2026-08-17,2026-08-21,7:00:00 PM,Horden De Limon,1.0,1.99
11310,2026-08-17,2026-08-21,7:00:00 PM,Huevo Frito,1.0,1.5
11311,2026-08-17,2026-08-21,7:00:00 PM,Jugo Pina,1.0,4.5
11312,2026-08-17,2026-08-21,7:00:00 PM,Jugo Zanahoria Naraja,1.0,4.99
11313,2026-08-17,2026-08-21,7:00:00 PM,Jugo.Naranja,1.0,5.25
11314,2026-08-17,2026-08-21,7:00:00 PM,Leche Malteada,1.0,4.99
11315,2026-08-17,2026-08-21,7:00:00 PM,Lechon Asado,1.0,13.99
11316,2026-08-17,2026-08-21,7:00:00 PM,Lentejas Grande,2.0,18.98
11317,2026-08-17,2026-08-21,7:00:00 PM,Lentejas Mediana,5.0,34.95
11318,2026-08-17,2026-08-21,7:00:00 PM,Limonada,6.0,27.0
11319,2026-08-17,2026-08-21,7:00:00 PM,Maduros,3.0,13.47
11320,2026-08-17,2026-08-21,7:00:00 PM,Mariquitas,3.0,17.97
11321,2026-08-17,2026-08-21,7:00:00 PM,Mariquitas.Togo,1.0,4.5
11322,2026-08-17,2026-08-21,7:00:00 PM,Masas De Puerco,3.0,42.57
11323,2026-08-17,2026-08-21,7:00:00 PM,Materva,2.0,5.0
11324,2026-08-17,2026-08-21,7:00:00 PM,Media Noche,1.0,9.99
11325,2026-08-17,2026-08-21,7:00:00 PM,Medio Pollo A Brasa,1.0,12.99
11326,2026-08-17,2026-08-21,7:00:00 PM,Medio Pollo.Asado,1.0,13.19
11327,2026-08-17,2026-08-21,7:00:00 PM,Melon..Sandia,1.0,4.5
11328,2026-08-17,2026-08-21,7:00:00 PM,Miami Sandwich,1.0,12.19
11329,2026-08-17,2026-08-21,7:00:00 PM,Mini Sandwich,1.0,5.99
11330,2026-08-17,2026-08-21,7:00:00 PM,Mofongo Puerco,2.0,33.98
11331,2026-08-17,2026-08-21,7:00:00 PM,Moros,2.0,7.98
11332,2026-08-17,2026-08-21,7:00:00 PM,Natilla,1.0,4.99
11333,2026-08-17,2026-08-21,7:00:00 PM,Natilla Catalana,1.0,6.25
11334,2026-08-17,2026-08-21,7:00:00 PM,Pan Con Bistec,4.0,44.76
11335,2026-08-17,2026-08-21,7:00:00 PM,Pan Con Tortilla,1.0,11.19
11336,2026-08-17,2026-08-21,7:00:00 PM,Papas Fritas,1.0,4.49
11337,2026-08-17,2026-08-21,7:00:00 PM,Pasteles Queso/Guayaba,1.0,1.5
11338,2026-08-17,2026-08-21,7:00:00 PM,Pepsi,1.0,2.5
11339,2026-08-17,2026-08-21,7:00:00 PM,Picadillo,1.0,13.69
11340,2026-08-17,2026-08-21,7:00:00 PM,Pollo Empanizado,1.0,14.69
11341,2026-08-17,2026-08-21,7:00:00 PM,Potaje Colorados Media,2.0,14.18
11342,2026-08-17,2026-08-21,7:00:00 PM,Presidente,1.0,5.49
11343,2026-08-17,2026-08-21,7:00:00 PM,Pudin De Pan,2.0,10.98
11344,2026-08-17,2026-08-21,7:00:00 PM,Ropa Vieja,7.0,113.42999999999999
11345,2026-08-17,2026-08-21,7:00:00 PM,Sm Sopa Pescado,1.0,4.25
11346,2026-08-17,2026-08-21,7:00:00 PM,Sopa De Pollo Grande,7.0,59.43
11347,2026-08-17,2026-08-21,7:00:00 PM,Sopa Pescado Grande,1.0,10.99
11348,2026-08-17,2026-08-21,7:00:00 PM,Sopa Pescado Mediana,2.0,13.98
11349,2026-08-17,2026-08-21,7:00:00 PM,Sopa Platano Grande,1.0,10.49
11350,2026-08-17,2026-08-21,7:00:00 PM,Sopa Platano Mediana,3.0,20.97
11351,2026-08-17,2026-08-21,7:00:00 PM,Sopa Pollo Media,2.0,10.98
11353,2026-08-17,2026-08-21,7:00:00 PM,Tama. Cazuela Chiquito,1.0,4.5
11354,2026-08-17,2026-08-21,7:00:00 PM,Tamal,3.0,8.97
11355,2026-08-17,2026-08-21,7:00:00 PM,Tamal Cazuela.Mediano,3.0,21.57
11356,2026-08-17,2026-08-21,7:00:00 PM,Tamal.Cazuela Grande,1.0,11.19
11357,2026-08-17,2026-08-21,7:00:00 PM,Te Frio,3.0,8.97
11359,2026-08-17,2026-08-21,7:00:00 PM,Tortilla,1.0,11.19
11360,2026-08-17,2026-08-21,7:00:00 PM,Tortilla Basca. - Late,1.0,13.89
11361,2026-08-17,2026-08-21,7:00:00 PM,Tostones,2.0,9.98
11362,2026-08-17,2026-08-21,7:00:00 PM,Tres Leches,3.0,17.97
11363,2026-08-17,2026-08-21,7:00:00 PM,Tronchos Pescado,1.0,17.99
11364,2026-08-17,2026-08-21,7:00:00 PM,Vaca Frita,3.0,51.57
11366,2026-08-17,2026-08-21,8:00:00 AM,1.Solo.Panquey,1.0,2.25
11368,2026-08-17,2026-08-21,8:00:00 AM,Ajiaco..Grande,2.0,21.38
11369,2026-08-17,2026-08-21,8:00:00 AM,Batido Mamey,1.0,5.49
11370,2026-08-17,2026-08-21,8:00:00 AM,Bistec A Caballo,5.0,72.45
11371,2026-08-17,2026-08-21,8:00:00 AM,Bistec De Pollo,1.0,13.49
11372,2026-08-17,2026-08-21,8:00:00 AM,Cafe Con Leche Grande,1.0,4.5
11373,2026-08-17,2026-08-21,8:00:00 AM,Cafe Con Leche Mediano,3.0,11.25
11374,2026-08-17,2026-08-21,8:00:00 AM,Cafe Con Leche Pequeno,11.0,27.5
11375,2026-08-17,2026-08-21,8:00:00 AM,Cafe Cubano,13.0,19.5
11377,2026-08-17,2026-08-21,8:00:00 AM,Cholcolate Chico,1.0,2.89
11378,2026-08-17,2026-08-21,8:00:00 AM,Coke,1.0,2.5
11379,2026-08-17,2026-08-21,8:00:00 AM,Colada,8.0,22.0
11380,2026-08-17,2026-08-21,8:00:00 AM,Cortadito,3.0,6.23
11381,2026-08-17,2026-08-21,8:00:00 AM,Cortadito Evaporada,1.0,2.5
11382,2026-08-17,2026-08-21,8:00:00 AM,Crema Malanga Mediana,2.0,13.98
11383,2026-08-17,2026-08-21,8:00:00 AM,Croqueta Bacalao,4.0,7.96
11384,2026-08-17,2026-08-21,8:00:00 AM,Croqueta Jamon,16.0,28.0
11385,2026-08-17,2026-08-21,8:00:00 AM,Deditos De Queso,2.0,3.98
11386,2026-08-17,2026-08-21,8:00:00 AM,Desallunos,31.0,380.09
11387,2026-08-17,2026-08-21,8:00:00 AM,Desayuno Baby,1.0,8.99
11388,2026-08-17,2026-08-21,8:00:00 AM,Dulce De Leche,1.0,5.49
11389,2026-08-17,2026-08-21,8:00:00 AM,Empanada Jamon/Queso,2.0,5.98
11390,2026-08-17,2026-08-21,8:00:00 AM,Empnda Espinaca/Queso,1.0,2.99
11391,2026-08-17,2026-08-21,8:00:00 AM,Enpanada Colonbiana,2.0,4.98
11392,2026-08-17,2026-08-21,8:00:00 AM,Garbanzo.Mediano,1.0,6.99
11393,2026-08-17,2026-08-21,8:00:00 AM,Guiso.Maiz Mediano,1.0,6.99
11394,2026-08-17,2026-08-21,8:00:00 AM,Harina Mediana,2.0,12.9
11395,2026-08-17,2026-08-21,8:00:00 AM,Huevo Con Butifara,1.0,11.99
11396,2026-08-17,2026-08-21,8:00:00 AM,Huevo Frito,1.0,1.5
11397,2026-08-17,2026-08-21,8:00:00 AM,Huevos Al Porch,5.0,65.95
11398,2026-08-17,2026-08-21,8:00:00 AM,Jugo.Naranja,6.0,31.5
11399,2026-08-17,2026-08-21,8:00:00 AM,Media Noche,1.0,10.19
11400,2026-08-17,2026-08-21,8:00:00 AM,Melon..Sandia,1.0,4.5
11401,2026-08-17,2026-08-21,8:00:00 AM,Milanesa Res,1.0,21.19
11402,2026-08-17,2026-08-21,8:00:00 AM,Pan De Bono,2.0,3.98
11403,2026-08-17,2026-08-21,8:00:00 AM,Papa Rellena,3.0,8.97
11404,2026-08-17,2026-08-21,8:00:00 AM,Pasteles Guayaba,3.0,4.5
11405,2026-08-17,2026-08-21,8:00:00 AM,Perico Ripiado,5.0,60.35
11406,2026-08-17,2026-08-21,8:00:00 AM,Queso Suizo,1.0,1.99
11407,2026-08-17,2026-08-21,8:00:00 AM,Rinconcito Breakfast,1.0,13.99
11408,2026-08-17,2026-08-21,8:00:00 AM,Sopa Pollo Media,1.0,5.49
11411,2026-08-17,2026-08-21,8:00:00 AM,Tortilla,2.0,22.18
11412,2026-08-17,2026-08-21,8:00:00 AM,Tostada,22.0,43.78
11415,2026-08-17,2026-08-21,8:00:00 PM,Agua Perrier,1.0,3.49
11416,2026-08-17,2026-08-21,8:00:00 PM,Ajiaco Mediano,2.0,14.38
11417,2026-08-17,2026-08-21,8:00:00 PM,Ajiaco..Grande,2.0,21.18
11418,2026-08-17,2026-08-21,8:00:00 PM,Albondigas.Res,1.0,14.19
11419,2026-08-17,2026-08-21,8:00:00 PM,Arroz Chiquito,1.0,2.25
11420,2026-08-17,2026-08-21,8:00:00 PM,Arroz Frito,2.0,26.98
11421,2026-08-17,2026-08-21,8:00:00 PM,Arroz Imperial,1.0,14.19
11422,2026-08-17,2026-08-21,8:00:00 PM,Baby Churrasco,4.0,82.36
11423,2026-08-17,2026-08-21,8:00:00 PM,Batido Mamey,1.0,5.49
11424,2026-08-17,2026-08-21,8:00:00 PM,Batido Trigo,1.0,4.99
11425,2026-08-17,2026-08-21,8:00:00 PM,Bistec De Pollo,9.0,126.81
11426,2026-08-17,2026-08-21,8:00:00 PM,Bistec De Puerco,2.0,32.38
11427,2026-08-17,2026-08-21,8:00:00 PM,Bistec Palomilla,4.0,72.16
11428,2026-08-17,2026-08-21,8:00:00 PM,Boliche Asado,2.0,33.38
11429,2026-08-17,2026-08-21,8:00:00 PM,Boniato Hervido,1.0,4.99
11430,2026-08-17,2026-08-21,8:00:00 PM,Cafe Con Leche Grande,2.0,9.0
11431,2026-08-17,2026-08-21,8:00:00 PM,Cafe Cubano,7.0,10.5
11432,2026-08-17,2026-08-21,8:00:00 PM,Cascos Guava Queso,2.0,11.98
11433,2026-08-17,2026-08-21,8:00:00 PM,Chichar Pollo Sin Hues,2.0,27.18
11434,2026-08-17,2026-08-21,8:00:00 PM,Chuletas De Puerco,3.0,43.47
11435,2026-08-17,2026-08-21,8:00:00 PM,Churrasco,7.0,184.73
11436,2026-08-17,2026-08-21,8:00:00 PM,Club Sandwich,3.0,36.57
11437,2026-08-17,2026-08-21,8:00:00 PM,Coke,5.0,12.5
11438,2026-08-17,2026-08-21,8:00:00 PM,Colada,2.0,5.5
11439,2026-08-17,2026-08-21,8:00:00 PM,Colorados Grande,1.0,9.69
11440,2026-08-17,2026-08-21,8:00:00 PM,Copa Vino,1.0,8.99
11441,2026-08-17,2026-08-21,8:00:00 PM,Cortadito,1.0,1.99
11442,2026-08-17,2026-08-21,8:00:00 PM,Cortadito Evaporada,2.0,5.0
11443,2026-08-17,2026-08-21,8:00:00 PM,Crema Brocoly,1.0,9.25
11444,2026-08-17,2026-08-21,8:00:00 PM,Crema Calabaza Median,3.0,20.97
11445,2026-08-17,2026-08-21,8:00:00 PM,Crema Calabazachiquit,1.0,4.5
11446,2026-08-17,2026-08-21,8:00:00 PM,Crema Malanga Mediana,2.0,13.98
11447,2026-08-17,2026-08-21,8:00:00 PM,Crema Malanga.Grande,4.0,41.96
11448,2026-08-17,2026-08-21,8:00:00 PM,Crema Vegetal Grande,1.0,10.49
11449,2026-08-17,2026-08-21,8:00:00 PM,Crema Vegetales Median,1.0,6.99
11450,2026-08-17,2026-08-21,8:00:00 PM,Croqueta Jamon,10.0,17.5
11451,2026-08-17,2026-08-21,8:00:00 PM,Cubano Especial,2.0,24.38
11452,2026-08-17,2026-08-21,8:00:00 PM,Cubano Regular,1.0,9.99
11453,2026-08-17,2026-08-21,8:00:00 PM,Deditos .Pescado,1.0,14.19
11454,2026-08-17,2026-08-21,8:00:00 PM,Elena Ruz,1.0,9.99
11455,2026-08-17,2026-08-21,8:00:00 PM,Enpanisado. Res,2.0,32.38
11456,2026-08-17,2026-08-21,8:00:00 PM,Ensala Aguacat Peque,8.0,36.0
11457,2026-08-17,2026-08-21,8:00:00 PM,Ensalada Aguacat Grand,1.0,5.5
11458,2026-08-17,2026-08-21,8:00:00 PM,Ensalada Small,1.0,2.75
11459,2026-08-17,2026-08-21,8:00:00 PM,Extra Aguacate,1.0,1.75
11460,2026-08-17,2026-08-21,8:00:00 PM,Fabada Mediana,2.0,14.38
11461,2026-08-17,2026-08-21,8:00:00 PM,Filete Ala Francesa,1.0,19.99
11462,2026-08-17,2026-08-21,8:00:00 PM,Filetill Pollo Salsa,1.0,16.69
11463,2026-08-17,2026-08-21,8:00:00 PM,Filetillo De Carne,1.0,15.69
11464,2026-08-17,2026-08-21,8:00:00 PM,Filetillo Pollo Planch,1.0,14.99
11465,2026-08-17,2026-08-21,8:00:00 PM,Flan Especial,2.0,11.98
11466,2026-08-17,2026-08-21,8:00:00 PM,Fricase De Pollo,1.0,11.19
11467,2026-08-17,2026-08-21,8:00:00 PM,Fricase Puerco,1.0,15.45
11468,2026-08-17,2026-08-21,8:00:00 PM,Frijol Mediano,1.0,4.99
11469,2026-08-17,2026-08-21,8:00:00 PM,Frijol Pequeno,4.0,11.96
11470,2026-08-17,2026-08-21,8:00:00 PM,Frijol.Colorado Chiqui,1.0,3.99
11471,2026-08-17,2026-08-21,8:00:00 PM,Frituras De Malanga,2.0,13.0
11472,2026-08-17,2026-08-21,8:00:00 PM,Guarapo,4.0,21.0
11473,2026-08-17,2026-08-21,8:00:00 PM,Guiso Maiz Grande,3.0,31.47
11474,2026-08-17,2026-08-21,8:00:00 PM,Guiso.Maiz Mediano,1.0,6.99
11475,2026-08-17,2026-08-21,8:00:00 PM,Hamburquesa.Con Queso,1.0,11.19
11476,2026-08-17,2026-08-21,8:00:00 PM,Iron Beer,1.0,2.5
11477,2026-08-17,2026-08-21,8:00:00 PM,Jugo Maraculla,2.0,9.0
11478,2026-08-17,2026-08-21,8:00:00 PM,Jugo.Naranja,2.0,10.5
11479,2026-08-17,2026-08-21,8:00:00 PM,Jupina Dieta,1.0,2.5
11480,2026-08-17,2026-08-21,8:00:00 PM,Lechon Asado,1.0,13.99
11481,2026-08-17,2026-08-21,8:00:00 PM,Limonada,4.0,18.0
11482,2026-08-17,2026-08-21,8:00:00 PM,Limonada Fresa,1.0,5.99
11483,2026-08-17,2026-08-21,8:00:00 PM,Maduros,1.0,4.49
11484,2026-08-17,2026-08-21,8:00:00 PM,Mariquitas,3.0,17.97
11485,2026-08-17,2026-08-21,8:00:00 PM,Mariquitas..Mixta,1.0,5.49
11486,2026-08-17,2026-08-21,8:00:00 PM,Masas De Puerco,1.0,13.69
11487,2026-08-17,2026-08-21,8:00:00 PM,Materva,1.0,2.5
11488,2026-08-17,2026-08-21,8:00:00 PM,Media Noche,3.0,30.37
11489,2026-08-17,2026-08-21,8:00:00 PM,Medio Pollo A Brasa,3.0,39.37
11490,2026-08-17,2026-08-21,8:00:00 PM,Melon..Sandia,1.0,4.5
11491,2026-08-17,2026-08-21,8:00:00 PM,Merenquito,1.0,1.5
11492,2026-08-17,2026-08-21,8:00:00 PM,Miami Sandwich,1.0,12.19
11493,2026-08-17,2026-08-21,8:00:00 PM,Miller Light,1.0,4.99
11494,2026-08-17,2026-08-21,8:00:00 PM,Mini Sandwich,1.0,6.19
11495,2026-08-17,2026-08-21,8:00:00 PM,Misc Cocina,2.0,5.0
11496,2026-08-17,2026-08-21,8:00:00 PM,Mofongo Puerco,1.0,16.99
11497,2026-08-17,2026-08-21,8:00:00 PM,Pan Con Bistec,5.0,57.25
11498,2026-08-17,2026-08-21,8:00:00 PM,Pan Con Lechon,1.0,9.69
11499,2026-08-17,2026-08-21,8:00:00 PM,Papa Rellena,2.0,5.98
11500,2026-08-17,2026-08-21,8:00:00 PM,Papas Fritas,1.0,4.49
11501,2026-08-17,2026-08-21,8:00:00 PM,Picadillo,3.0,43.07
11502,2026-08-17,2026-08-21,8:00:00 PM,Pollo Empanizado,1.0,14.69
11503,2026-08-17,2026-08-21,8:00:00 PM,Pudin De Pan,1.0,5.49
11504,2026-08-17,2026-08-21,8:00:00 PM,Pudin Diplomatico,1.0,5.49
11505,2026-08-17,2026-08-21,8:00:00 PM,Rabo Encendido,1.0,24.19
11506,2026-08-17,2026-08-21,8:00:00 PM,Riñonada,1.0,20.99
11507,2026-08-17,2026-08-21,8:00:00 PM,Ropa Vieja,2.0,30.18
11508,2026-08-17,2026-08-21,8:00:00 PM,Rueda De Serrucho,2.0,32.38
11509,2026-08-17,2026-08-21,8:00:00 PM,Sopa De Pollo Grande,10.0,84.9
11510,2026-08-17,2026-08-21,8:00:00 PM,Sopa Platano Grande,1.0,10.49
11511,2026-08-17,2026-08-21,8:00:00 PM,Sopa Pollo Media,4.0,21.96
11512,2026-08-17,2026-08-21,8:00:00 PM,Sopon Marinero,1.0,25.99
11513,2026-08-17,2026-08-21,8:00:00 PM,Spageti Carne,1.0,16.19
11515,2026-08-17,2026-08-21,8:00:00 PM,Te Frio,1.0,2.99
11517,2026-08-17,2026-08-21,8:00:00 PM,Tostada,1.0,1.99
11518,2026-08-17,2026-08-21,8:00:00 PM,Tres Leches,1.0,5.99
11519,2026-08-17,2026-08-21,8:00:00 PM,Vaca Frita,9.0,156.61
11523,2026-08-17,2026-08-21,9:00:00 AM,Agua Natural,1.0,1.99
11524,2026-08-17,2026-08-21,9:00:00 AM,Aguacate De 3.00,2.0,6.0
11525,2026-08-17,2026-08-21,9:00:00 AM,Aguacate$4.00,1.0,4.0
11526,2026-08-17,2026-08-21,9:00:00 AM,Ajiaco Mediano,1.0,7.19
11527,2026-08-17,2026-08-21,9:00:00 AM,Arroz Blanco,1.0,3.25
11528,2026-08-17,2026-08-21,9:00:00 AM,Baby Churrasco,1.0,18.19
11529,2026-08-17,2026-08-21,9:00:00 AM,Bacalao Viscaina,1.0,20.19
11530,2026-08-17,2026-08-21,9:00:00 AM,Batido Fruta Bonba,2.0,9.98
11531,2026-08-17,2026-08-21,9:00:00 AM,Batido Mamey,2.0,10.98
11532,2026-08-17,2026-08-21,9:00:00 AM,Bistec A Caballo,2.0,28.98
11533,2026-08-17,2026-08-21,9:00:00 AM,Bistec De Pollo,1.0,13.69
11534,2026-08-17,2026-08-21,9:00:00 AM,Bistec De Puerco,1.0,15.69
11535,2026-08-17,2026-08-21,9:00:00 AM,Bistec Palomilla,1.0,18.19
11536,2026-08-17,2026-08-21,9:00:00 AM,Bocadito De Pavo,1.0,9.19
11537,2026-08-17,2026-08-21,9:00:00 AM,Bola Ensalada Pollo,1.0,3.25
11538,2026-08-17,2026-08-21,9:00:00 AM,Caf.Lec.Evap.Media,3.0,13.5
11539,2026-08-17,2026-08-21,9:00:00 AM,Cafe American Grande,1.0,3.25
11540,2026-08-17,2026-08-21,9:00:00 AM,Cafe American Mediano,1.0,3.0
11541,2026-08-17,2026-08-21,9:00:00 AM,Cafe Con Leche Grande,1.0,4.5
11542,2026-08-17,2026-08-21,9:00:00 AM,Cafe Con Leche Mediano,3.0,11.25
11543,2026-08-17,2026-08-21,9:00:00 AM,Cafe Con Leche Pequeno,5.0,12.5
11544,2026-08-17,2026-08-21,9:00:00 AM,Cafe Cubano,6.0,9.0
11545,2026-08-17,2026-08-21,9:00:00 AM,Carne Con Papas,1.0,16.19
11546,2026-08-17,2026-08-21,9:00:00 AM,Coke,3.0,7.5
11547,2026-08-17,2026-08-21,9:00:00 AM,Colada,4.0,11.0
11548,2026-08-17,2026-08-21,9:00:00 AM,Colorados Grande,1.0,9.69
11549,2026-08-17,2026-08-21,9:00:00 AM,Con Evaporada,1.0,1.5
11550,2026-08-17,2026-08-21,9:00:00 AM,Cortadito,7.0,13.93
11551,2026-08-17,2026-08-21,9:00:00 AM,Cortadito Evaporada,2.0,5.0
11552,2026-08-17,2026-08-21,9:00:00 AM,Crema Calabaza Median,2.0,13.98
11553,2026-08-17,2026-08-21,9:00:00 AM,Crema Malanga.Grande,3.0,31.47
11554,2026-08-17,2026-08-21,9:00:00 AM,Croqueta Jamon,19.0,33.25
11555,2026-08-17,2026-08-21,9:00:00 AM,Cubano Regular,1.0,9.99
11556,2026-08-17,2026-08-21,9:00:00 AM,Deditos De Queso,2.0,3.98
11557,2026-08-17,2026-08-21,9:00:00 AM,Desallunos,18.0,220.27
11558,2026-08-17,2026-08-21,9:00:00 AM,Diet Coke,1.0,2.25
11559,2026-08-17,2026-08-21,9:00:00 AM,Empanada Carne,2.0,5.98
11560,2026-08-17,2026-08-21,9:00:00 AM,Empanada Jamon/Queso,5.0,14.95
11561,2026-08-17,2026-08-21,9:00:00 AM,Empanada Pollo,3.0,8.97
11562,2026-08-17,2026-08-21,9:00:00 AM,Enpanada Colonbiana,3.0,7.47
11563,2026-08-17,2026-08-21,9:00:00 AM,Extra Aguacate,1.0,1.75
11564,2026-08-17,2026-08-21,9:00:00 AM,Filete Pescado Empani,3.0,53.07
11565,2026-08-17,2026-08-21,9:00:00 AM,Flan,3.0,14.97
11566,2026-08-17,2026-08-21,9:00:00 AM,Frijol Mediano,1.0,4.99
11567,2026-08-17,2026-08-21,9:00:00 AM,Gatorade Fruit Punch,1.0,3.99
11568,2026-08-17,2026-08-21,9:00:00 AM,Guarapo,2.0,10.5
11569,2026-08-17,2026-08-21,9:00:00 AM,Harina Grande,2.0,20.38
11570,2026-08-17,2026-08-21,9:00:00 AM,Harina Mediana,1.0,6.25
11571,2026-08-17,2026-08-21,9:00:00 AM,Huevo Frito,2.0,2.5
11572,2026-08-17,2026-08-21,9:00:00 AM,Jugo Maraculla,1.0,4.5
11573,2026-08-17,2026-08-21,9:00:00 AM,Jugo.Naranja,4.0,21.0
11574,2026-08-17,2026-08-21,9:00:00 AM,Maduros,2.0,8.98
11575,2026-08-17,2026-08-21,9:00:00 AM,Masas De Puerco,1.0,14.19
11576,2026-08-17,2026-08-21,9:00:00 AM,Media Noche,3.0,30.37
11577,2026-08-17,2026-08-21,9:00:00 AM,Pan Con Bistec,1.0,11.74
11578,2026-08-17,2026-08-21,9:00:00 AM,Pan Con Tortilla,1.0,10.99
11579,2026-08-17,2026-08-21,9:00:00 AM,Pan De Bono,1.0,1.99
11580,2026-08-17,2026-08-21,9:00:00 AM,Papa Casa,2.0,7.98
11581,2026-08-17,2026-08-21,9:00:00 AM,Pasteles Guayaba,3.0,4.5
11582,2026-08-17,2026-08-21,9:00:00 AM,Perico De Claras,1.0,15.49
11583,2026-08-17,2026-08-21,9:00:00 AM,Perico Ripiado,3.0,35.97
11584,2026-08-17,2026-08-21,9:00:00 AM,Pudin De Pan,3.0,16.47
11585,2026-08-17,2026-08-21,9:00:00 AM,Rinconcito Breakfast,2.0,28.38
11586,2026-08-17,2026-08-21,9:00:00 AM,Sandweches Pollo,1.0,11.69
11589,2026-08-17,2026-08-21,9:00:00 AM,Tortilla,6.0,70.29
11590,2026-08-17,2026-08-21,9:00:00 AM,Tostada,8.0,15.92
11591,2026-08-17,2026-08-21,9:00:00 AM,Tres Leches,2.0,11.98
11593,2026-08-17,2026-08-21,9:00:00 PM,Aguacate$4.00,1.0,4.0
11594,2026-08-17,2026-08-21,9:00:00 PM,Ajiaco Mediano,2.0,14.38
11595,2026-08-17,2026-08-21,9:00:00 PM,Arroz Blanco,1.0,3.25
11596,2026-08-17,2026-08-21,9:00:00 PM,Baby Churrasco,5.0,94.15
11597,2026-08-17,2026-08-21,9:00:00 PM,Batido Mamey,1.0,5.49
11598,2026-08-17,2026-08-21,9:00:00 PM,Bistec De Pollo,7.0,97.13
11599,2026-08-17,2026-08-21,9:00:00 PM,Bistec Palomilla,2.0,35.98
11600,2026-08-17,2026-08-21,9:00:00 PM,Cafe Con Leche Grande,1.0,4.5
11601,2026-08-17,2026-08-21,9:00:00 PM,Cafe Con Leche Pequeno,1.0,2.5
11602,2026-08-17,2026-08-21,9:00:00 PM,Cafe Cubano,1.0,1.5
11603,2026-08-17,2026-08-21,9:00:00 PM,Caldosos,1.0,0.0
11605,2026-08-17,2026-08-21,9:00:00 PM,Chuletas De Puerco,1.0,14.69
11606,2026-08-17,2026-08-21,9:00:00 PM,Churrasco,1.0,25.99
11607,2026-08-17,2026-08-21,9:00:00 PM,Coke,1.0,2.5
11608,2026-08-17,2026-08-21,9:00:00 PM,Colada,1.0,2.75
11609,2026-08-17,2026-08-21,9:00:00 PM,Cortadito,3.0,5.97
11610,2026-08-17,2026-08-21,9:00:00 PM,Crema Malanga Mediana,1.0,6.99
11611,2026-08-17,2026-08-21,9:00:00 PM,Croqueta Preparada,1.0,12.19
11612,2026-08-17,2026-08-21,9:00:00 PM,Diet Coke,2.0,4.5
11613,2026-08-17,2026-08-21,9:00:00 PM,Empanada Carne,6.0,17.94
11614,2026-08-17,2026-08-21,9:00:00 PM,Enpanisado. Res,3.0,48.37
11615,2026-08-17,2026-08-21,9:00:00 PM,Ensala Aguacat Peque,3.0,13.5
11616,2026-08-17,2026-08-21,9:00:00 PM,Ensala Pollo 2 Croquet,2.0,24.98
11617,2026-08-17,2026-08-21,9:00:00 PM,Ensalda De Tuna,1.0,11.99
11618,2026-08-17,2026-08-21,9:00:00 PM,Filete Pescado Planch,1.0,17.19
11619,2026-08-17,2026-08-21,9:00:00 PM,Frituras De Malanga,1.0,6.5
11620,2026-08-17,2026-08-21,9:00:00 PM,Galleta Deliciosas,6.0,21.6
11621,2026-08-17,2026-08-21,9:00:00 PM,Jugo Zanahoria Naraja,1.0,4.99
11622,2026-08-17,2026-08-21,9:00:00 PM,Jugo.Naranja,1.0,5.25
11623,2026-08-17,2026-08-21,9:00:00 PM,Lechon Asado,1.0,13.99
11624,2026-08-17,2026-08-21,9:00:00 PM,Limonada,2.0,9.0
11625,2026-08-17,2026-08-21,9:00:00 PM,Madio.Pollo A La Brasa,1.0,14.19
11626,2026-08-17,2026-08-21,9:00:00 PM,Masas De Puerco,2.0,27.18
11627,2026-08-17,2026-08-21,9:00:00 PM,Media Noche Pierna,1.0,9.19
11628,2026-08-17,2026-08-21,9:00:00 PM,Media Valle Herm,1.0,16.5
11629,2026-08-17,2026-08-21,9:00:00 PM,Melon..Sandia,1.0,4.5
11630,2026-08-17,2026-08-21,9:00:00 PM,Miami Sandwich,3.0,36.37
11631,2026-08-17,2026-08-21,9:00:00 PM,Milanesa Res,1.0,19.99
11632,2026-08-17,2026-08-21,9:00:00 PM,Pan Con Tortilla,1.0,11.19
11633,2026-08-17,2026-08-21,9:00:00 PM,Pan Jamaica,2.0,3.2
11634,2026-08-17,2026-08-21,9:00:00 PM,Potaje Colorados Media,1.0,7.19
11635,2026-08-17,2026-08-21,9:00:00 PM,Pudin De Pan,1.0,5.49
11636,2026-08-17,2026-08-21,9:00:00 PM,Pudin Diplomatico,1.0,5.49
11638,2026-08-17,2026-08-21,9:00:00 PM,Rueda De Serrucho,1.0,14.99
11639,2026-08-17,2026-08-21,9:00:00 PM,Sopa Platano Grande,1.0,10.49
11640,2026-08-17,2026-08-21,9:00:00 PM,Sopa Pollo Media,4.0,21.96
11643,2026-08-17,2026-08-21,9:00:00 PM,Tostada,1.0,1.99
11644,2026-08-17,2026-08-21,9:00:00 PM,Vaca Frita,1.0,17.19
